record_id,lead,beat_id,disease_class,crop_start,qrs_pattern_pred,order_ok_pred,p_head_prob,seg_emits_p,qrs_anchor,anchor_in_qrs,window_end,read_end,p_onset_pred,p_onset_true,p_onset_err_ms,p_peak_pred,p_peak_true,p_peak_err_ms,p_offset_pred,p_offset_true,p_offset_err_ms,qrs_onset_pred,qrs_onset_true,qrs_onset_err_ms,q_peak_pred,q_peak_true,q_peak_err_ms,r_peak_pred,r_peak_true,r_peak_err_ms,s_peak_pred,s_peak_true,s_peak_err_ms,qrs_offset_pred,qrs_offset_true,qrs_offset_err_ms,t_onset_pred,t_onset_true,t_onset_err_ms,t_peak_pred,t_peak_true,t_peak_err_ms,t_offset_pred,t_offset_true,t_offset_err_ms,qrs_duration_err_ms,qt_interval_err_ms,t_duration_err_ms,t_peak_to_end_err_ms
AnteriorInfarction_003,V3,1,AnteriorInfarction,-606,qRs,1,0.0001,0,628,1,249,500,,,,,,,,,,0,4,-8.0,8,9,-2.0,31,31,0.0,62,,,67,44,46.0,69,49,40.0,162,162,0.0,248,248,0.0,54.0,8.0,-40.0,0.0
AnteriorInfarction_003,I,1,AnteriorInfarction,-606,R,1,0.0002,0,628,1,249,500,,,,,,,,,,0,4,-8.0,,,,7,25,-36.0,,,,67,44,46.0,69,68,2.0,141,141,0.0,249,251,-4.0,54.0,4.0,-6.0,-4.0
AnteriorInfarction_003,II,1,AnteriorInfarction,-606,R,1,0.0001,0,628,1,249,500,,,,,,,,,,0,4,-8.0,,,,10,24,-28.0,,,,66,44,44.0,68,68,0.0,142,143,-2.0,251,252,-2.0,52.0,6.0,-2.0,0.0
AnteriorInfarction_003,III,1,AnteriorInfarction,-606,RS,1,0.0001,0,628,1,249,500,,,,,,,,,,0,4,-8.0,,,,10,17,-14.0,31,31,0.0,64,44,40.0,65,49,32.0,143,143,0.0,252,250,4.0,48.0,12.0,-28.0,4.0
AnteriorInfarction_003,aVR,1,AnteriorInfarction,-606,QS,1,0.0001,0,628,1,249,500,,,,,,,,,,0,4,-8.0,24,24,0.0,,,,,,,64,44,40.0,70,49,42.0,142,142,0.0,249,180,138.0,48.0,146.0,96.0,138.0
AnteriorInfarction_003,V1,1,AnteriorInfarction,-606,rS,1,0.0001,0,628,1,249,500,,,,,,,,,,0,4,-8.0,,20,,6,36,-60.0,20,48,-56.0,65,44,42.0,70,68,4.0,169,148,42.0,250,271,-42.0,50.0,-34.0,-46.0,-84.0
AnteriorInfarction_003,V2,1,AnteriorInfarction,-606,rS,1,0.0001,0,628,1,249,500,,,,,,,,,,0,4,-8.0,,14,,2,31,-58.0,13,50,-74.0,67,44,46.0,68,87,-38.0,162,163,-2.0,250,257,-14.0,54.0,-6.0,24.0,-12.0
AnteriorInfarction_003,V4,1,AnteriorInfarction,-606,qR,1,0.0001,0,628,1,249,500,,,,,,,,,,0,4,-8.0,8,8,0.0,28,28,0.0,,,,65,44,42.0,70,49,42.0,140,140,0.0,249,220,58.0,50.0,66.0,16.0,58.0
AnteriorInfarction_003,V5,1,AnteriorInfarction,-606,qR,1,0.0001,0,628,1,249,500,,,,,,,,,,0,4,-8.0,6,6,0.0,24,24,0.0,,,,68,44,48.0,70,100,-60.0,154,154,0.0,250,278,-56.0,56.0,-48.0,4.0,-56.0
AnteriorInfarction_003,V6,1,AnteriorInfarction,-606,qRs,1,0.0001,0,628,1,249,500,,,,,,,,,,0,4,-8.0,6,6,0.0,24,24,0.0,32,32,0.0,65,44,42.0,70,79,-18.0,149,149,0.0,249,227,44.0,50.0,52.0,62.0,44.0
AnteriorInfarction_003,aVL,1,AnteriorInfarction,-606,qRs,1,0.0001,0,628,1,249,500,,,,,,,,,,0,4,-8.0,14,14,0.0,30,30,0.0,63,,,63,44,38.0,65,49,32.0,144,144,0.0,251,250,2.0,46.0,10.0,-30.0,2.0
AnteriorInfarction_003,aVF,1,AnteriorInfarction,-606,Rs,1,0.0001,0,628,1,249,500,,,,,,,,,,0,4,-8.0,,,,10,24,-28.0,31,31,0.0,66,44,44.0,68,49,38.0,143,143,0.0,251,249,4.0,52.0,12.0,-34.0,4.0
AnteriorInfarction_004,V1,1,AnteriorInfarction,-604,rS,1,0.0006,0,637,1,251,500,,,,,,,,,,0,2,-4.0,,,,5,6,-2.0,21,21,0.0,51,46,10.0,65,46,38.0,151,152,-2.0,264,270,-12.0,14.0,-8.0,-50.0,-10.0
AnteriorInfarction_004,I,1,AnteriorInfarction,-604,R,1,0.0009,0,637,1,251,500,,,,,,,,,,0,2,-4.0,,,,8,30,-44.0,,51,,51,46,10.0,60,97,-74.0,139,169,-60.0,268,252,32.0,14.0,36.0,106.0,92.0
AnteriorInfarction_004,II,1,AnteriorInfarction,-604,R,1,0.0003,0,637,1,251,500,,,,,,,,,,0,2,-4.0,,,,20,20,0.0,,,,51,46,10.0,63,68,-10.0,142,143,-2.0,263,173,180.0,14.0,184.0,190.0,182.0
AnteriorInfarction_004,III,1,AnteriorInfarction,-604,rS,1,0.001,0,637,1,251,500,,,,,,,,,,0,2,-4.0,,,,5,18,-26.0,34,33,2.0,51,46,10.0,64,51,26.0,147,147,0.0,263,269,-12.0,14.0,-8.0,-38.0,-12.0
AnteriorInfarction_004,aVR,1,AnteriorInfarction,-604,QS,1,0.0003,0,637,1,251,500,,,,,,,,,,0,2,-4.0,29,30,-2.0,,,,,,,51,46,10.0,63,75,-24.0,141,141,0.0,265,251,28.0,14.0,32.0,52.0,28.0
AnteriorInfarction_004,aVL,1,AnteriorInfarction,-604,QRS,1,0.001,0,637,1,251,500,,,,,,,,,,0,2,-4.0,5,5,0.0,8,30,-44.0,51,51,0.0,51,46,10.0,63,100,-74.0,154,154,0.0,265,265,0.0,14.0,4.0,74.0,0.0
AnteriorInfarction_004,aVF,1,AnteriorInfarction,-604,RS,1,0.0004,0,637,1,251,500,,,,,,,,,,0,2,-4.0,,,,6,19,-26.0,35,36,-2.0,51,46,10.0,65,74,-18.0,144,144,0.0,261,250,22.0,14.0,26.0,40.0,22.0
AnteriorInfarction_004,V2,1,AnteriorInfarction,-604,rS,1,0.0006,0,637,1,251,500,,,,,,,,,,0,2,-4.0,,,,4,12,-16.0,26,26,0.0,50,46,8.0,64,53,22.0,154,155,-2.0,262,262,0.0,12.0,4.0,-22.0,2.0
AnteriorInfarction_004,V3,1,AnteriorInfarction,-604,QR,1,0.0003,0,637,1,251,500,,,,,,,,,,0,2,-4.0,9,10,-2.0,20,32,-24.0,,,,50,46,8.0,63,87,-48.0,143,175,-64.0,259,255,8.0,12.0,12.0,56.0,72.0
AnteriorInfarction_004,V4,1,AnteriorInfarction,-604,R,1,0.0003,0,637,1,251,500,,,,,,,,,,0,2,-4.0,,7,,31,31,0.0,,,,50,46,8.0,64,59,10.0,176,170,12.0,261,251,20.0,12.0,24.0,10.0,8.0
AnteriorInfarction_004,V5,1,AnteriorInfarction,-604,R,1,0.0003,0,637,1,251,500,,,,,,,,,,0,2,-4.0,,7,,26,26,0.0,,,,51,46,10.0,64,94,-60.0,148,148,0.0,264,251,26.0,14.0,30.0,86.0,26.0
AnteriorInfarction_004,V6,1,AnteriorInfarction,-604,Rs,1,0.0003,0,637,1,251,500,,,,,,,,,,0,2,-4.0,,4,,20,20,0.0,30,31,-2.0,51,46,10.0,64,62,4.0,144,144,0.0,265,251,28.0,14.0,32.0,24.0,28.0
AnteriorInfarction_005,V3,1,AnteriorInfarction,-605,QRs,1,0.0,0,638,1,250,500,,,,,,,,,,0,5,-10.0,8,8,0.0,17,31,-28.0,58,,,58,48,20.0,59,89,-60.0,146,146,0.0,246,266,-40.0,30.0,-30.0,20.0,-40.0
AnteriorInfarction_005,I,1,AnteriorInfarction,-605,R,1,0.0,0,638,1,250,500,,,,,,,,,,0,5,-10.0,,,,10,26,-32.0,,,,55,48,14.0,56,72,-32.0,137,137,0.0,245,250,-10.0,24.0,0.0,22.0,-10.0
AnteriorInfarction_005,II,1,AnteriorInfarction,-605,R,1,0.0,0,638,1,250,500,,,,,,,,,,0,5,-10.0,,,,16,24,-16.0,,44,,55,48,14.0,57,50,14.0,142,142,0.0,247,267,-40.0,24.0,-30.0,-54.0,-40.0
AnteriorInfarction_005,III,1,AnteriorInfarction,-605,RS,1,0.0,0,638,1,250,500,,,,,,,,,,0,5,-10.0,,,,6,17,-22.0,31,31,0.0,54,48,12.0,56,70,-28.0,147,148,-2.0,249,234,30.0,22.0,40.0,58.0,32.0
AnteriorInfarction_005,aVR,1,AnteriorInfarction,-605,QS,1,0.0,0,638,1,250,500,,,,,,,,,,0,5,-10.0,24,24,0.0,,,,,,,55,48,14.0,57,66,-18.0,140,140,0.0,246,255,-18.0,24.0,-8.0,0.0,-18.0
AnteriorInfarction_005,aVL,1,AnteriorInfarction,-605,qrS,1,0.0,0,638,1,250,500,,,,,,,,,,0,5,-10.0,5,18,-26.0,8,31,-46.0,17,,,52,48,8.0,57,50,14.0,153,153,0.0,247,263,-32.0,18.0,-22.0,-46.0,-32.0
AnteriorInfarction_005,aVF,1,AnteriorInfarction,-605,R,1,0.0,0,638,1,250,500,,,,,,,,,,0,5,-10.0,,,,16,24,-16.0,,38,,54,48,12.0,59,52,14.0,144,144,0.0,247,262,-30.0,22.0,-20.0,-44.0,-30.0
AnteriorInfarction_005,V1,1,AnteriorInfarction,-605,rS,1,0.0,0,638,1,250,500,,,,,,,,,,0,5,-10.0,,23,,5,33,-56.0,23,48,-50.0,53,48,10.0,59,100,-82.0,137,137,0.0,247,269,-44.0,20.0,-34.0,38.0,-44.0
AnteriorInfarction_005,V2,1,AnteriorInfarction,-605,rS,1,0.0,0,638,1,250,500,,,,,,,,,,0,5,-10.0,,22,,3,31,-56.0,22,53,-62.0,55,48,14.0,57,87,-60.0,142,142,0.0,248,274,-52.0,24.0,-42.0,8.0,-52.0
AnteriorInfarction_005,V4,1,AnteriorInfarction,-605,qR,1,0.0,0,638,1,250,500,,,,,,,,,,1,5,-8.0,8,8,0.0,29,29,0.0,,,,57,48,18.0,58,58,0.0,144,145,-2.0,248,263,-30.0,26.0,-22.0,-30.0,-28.0
AnteriorInfarction_005,V5,1,AnteriorInfarction,-605,qR,1,0.0,0,638,1,250,500,,,,,,,,,,0,5,-10.0,6,7,-2.0,24,25,-2.0,,,,55,48,14.0,56,101,-90.0,172,172,0.0,247,254,-14.0,24.0,-4.0,76.0,-14.0
AnteriorInfarction_005,V6,1,AnteriorInfarction,-605,R,1,0.0,0,638,1,250,500,,,,,,,,,,0,5,-10.0,,,,21,22,-2.0,,,,56,48,16.0,57,52,10.0,143,143,0.0,248,263,-30.0,26.0,-20.0,-40.0,-30.0
AnteriorInfarction_006,V5,1,AnteriorInfarction,-611,R,1,0.0,0,627,1,244,500,,,,,,,,,,0,2,-4.0,,,,26,26,0.0,,,,46,43,6.0,56,98,-84.0,169,169,0.0,258,259,-2.0,10.0,2.0,82.0,-2.0
AnteriorInfarction_006,I,1,AnteriorInfarction,-611,R,1,0.0001,0,627,1,244,500,,,,,,,,,,0,2,-4.0,,,,8,29,-42.0,,48,,46,43,6.0,54,102,-96.0,168,168,0.0,256,255,2.0,10.0,6.0,98.0,2.0
AnteriorInfarction_006,II,1,AnteriorInfarction,-611,R,1,0.0,0,627,1,244,500,,,,,,,,,,0,2,-4.0,,,,10,25,-30.0,,,,46,43,6.0,54,69,-30.0,140,141,-2.0,257,259,-4.0,10.0,0.0,26.0,-2.0
AnteriorInfarction_006,III,1,AnteriorInfarction,-611,RS,1,0.0001,0,627,1,244,500,,,,,,,,,,0,2,-4.0,,,,10,10,0.0,29,29,0.0,46,43,6.0,55,50,10.0,142,142,0.0,256,248,16.0,10.0,20.0,6.0,16.0
AnteriorInfarction_006,aVR,1,AnteriorInfarction,-611,QS,1,0.0,0,627,1,244,500,,,,,,,,,,0,2,-4.0,25,25,0.0,,,,,,,45,43,4.0,56,62,-12.0,140,140,0.0,257,253,8.0,8.0,12.0,20.0,8.0
AnteriorInfarction_006,aVL,1,AnteriorInfarction,-611,qRs,1,0.0,0,627,1,244,500,,,,,,,,,,0,2,-4.0,10,10,0.0,23,29,-12.0,46,,,46,43,6.0,54,91,-74.0,146,146,0.0,256,254,4.0,10.0,8.0,78.0,4.0
AnteriorInfarction_006,aVF,1,AnteriorInfarction,-611,Rs,1,0.0,0,627,1,244,500,,,,,,,,,,0,2,-4.0,,,,10,10,0.0,29,29,0.0,46,43,6.0,56,50,12.0,141,141,0.0,256,252,8.0,10.0,12.0,-4.0,8.0
AnteriorInfarction_006,V1,1,AnteriorInfarction,-611,rS,1,0.0,0,627,1,244,500,,,,,,,,,,0,2,-4.0,,,,9,9,0.0,23,24,-2.0,46,43,6.0,56,54,4.0,148,148,0.0,257,266,-18.0,10.0,-14.0,-22.0,-18.0
AnteriorInfarction_006,V2,1,AnteriorInfarction,-611,RS,1,0.0,0,627,1,244,500,,,,,,,,,,0,2,-4.0,,,,10,11,-2.0,21,21,0.0,46,43,6.0,56,48,16.0,143,143,0.0,257,267,-20.0,10.0,-16.0,-36.0,-20.0
AnteriorInfarction_006,V3,1,AnteriorInfarction,-611,RS,1,0.0,0,627,1,244,500,,,,,,,,,,0,2,-4.0,,,,11,11,0.0,20,21,-2.0,46,43,6.0,55,70,-30.0,158,158,0.0,255,243,24.0,10.0,28.0,54.0,24.0
AnteriorInfarction_006,V4,1,AnteriorInfarction,-611,RS,1,0.0,0,627,1,244,500,,,,,,,,,,0,2,-4.0,,19,,11,27,-32.0,19,,,46,43,6.0,55,93,-76.0,154,154,0.0,256,248,16.0,10.0,20.0,92.0,16.0
AnteriorInfarction_006,V6,1,AnteriorInfarction,-611,R,1,0.0,0,627,1,244,500,,,,,,,,,,0,2,-4.0,,5,,22,22,0.0,,,,46,43,6.0,55,72,-34.0,147,147,0.0,256,247,18.0,10.0,22.0,52.0,18.0
AnteriorInfarction_007,V3,1,AnteriorInfarction,-608,qRs,1,0.0001,0,637,1,247,500,,,,,,,,,,0,3,-6.0,9,9,0.0,27,27,0.0,58,,,58,43,30.0,59,50,18.0,141,142,-2.0,241,262,-42.0,36.0,-36.0,-60.0,-40.0
AnteriorInfarction_007,I,1,AnteriorInfarction,-608,qR,1,0.0001,0,637,1,247,500,,,,,,,,,,0,3,-6.0,11,11,0.0,23,23,0.0,,,,57,43,28.0,58,48,20.0,165,165,0.0,241,250,-18.0,34.0,-12.0,-38.0,-18.0
AnteriorInfarction_007,II,1,AnteriorInfarction,-608,R,1,0.0,0,637,1,247,500,,,,,,,,,,0,3,-6.0,,,,18,22,-8.0,,,,56,43,26.0,57,70,-26.0,141,141,0.0,241,170,142.0,32.0,148.0,168.0,142.0
AnteriorInfarction_007,III,1,AnteriorInfarction,-608,Rs,1,0.0001,0,637,1,247,500,,,,,,,,,,0,3,-6.0,,,,14,14,0.0,29,29,0.0,57,43,28.0,58,50,16.0,141,141,0.0,243,251,-16.0,34.0,-10.0,-32.0,-16.0
AnteriorInfarction_007,aVR,1,AnteriorInfarction,-608,QS,1,0.0001,0,637,1,247,500,,,,,,,,,,0,3,-6.0,23,23,0.0,,,,,,,57,43,28.0,58,70,-24.0,141,141,0.0,241,250,-18.0,34.0,-12.0,6.0,-18.0
AnteriorInfarction_007,aVL,1,AnteriorInfarction,-608,QRs,1,0.0001,0,637,1,247,500,,,,,,,,,,0,3,-6.0,11,11,0.0,23,28,-10.0,48,,,55,43,24.0,57,94,-74.0,141,142,-2.0,241,250,-18.0,30.0,-12.0,56.0,-16.0
AnteriorInfarction_007,aVF,1,AnteriorInfarction,-608,R,1,0.0001,0,637,1,247,500,,,,,,,,,,0,3,-6.0,,,,17,17,0.0,,31,,58,43,30.0,59,70,-22.0,141,141,0.0,241,262,-42.0,36.0,-36.0,-20.0,-42.0
AnteriorInfarction_007,V1,1,AnteriorInfarction,-608,rS,1,0.0001,0,637,1,247,500,,,,,,,,,,0,3,-6.0,,22,,4,33,-58.0,21,,,57,43,28.0,59,48,22.0,149,149,0.0,242,269,-54.0,34.0,-48.0,-76.0,-54.0
AnteriorInfarction_007,V2,1,AnteriorInfarction,-608,qRs,1,0.0001,0,637,1,247,500,,,,,,,,,,0,3,-6.0,10,10,0.0,28,29,-2.0,58,,,58,43,30.0,59,87,-56.0,142,143,-2.0,242,269,-54.0,36.0,-48.0,2.0,-52.0
AnteriorInfarction_007,V5,1,AnteriorInfarction,-608,qR,1,0.0,0,637,1,247,500,,,,,,,,,,0,3,-6.0,7,7,0.0,21,21,0.0,,,,57,43,28.0,58,78,-40.0,145,145,0.0,242,168,148.0,34.0,154.0,188.0,148.0
AnteriorInfarction_007,V6,1,AnteriorInfarction,-608,qR,1,0.0,0,637,1,247,500,,,,,,,,,,0,3,-6.0,6,7,-2.0,21,21,0.0,,,,57,43,28.0,58,50,16.0,145,145,0.0,244,257,-26.0,34.0,-20.0,-42.0,-26.0
AnteriorInfarction_007,V4,1,AnteriorInfarction,-608,qR,1,0.0001,0,637,1,247,500,,,,,,,,,,0,3,-6.0,9,9,0.0,25,25,0.0,,,,59,43,32.0,60,50,20.0,140,140,0.0,244,265,-42.0,38.0,-36.0,-62.0,-42.0
AnteriorInfarction_008,V2,1,AnteriorInfarction,-610,rS,1,0.0002,0,637,1,245,500,,,,,,,,,,0,2,-4.0,,,,6,7,-2.0,23,24,-2.0,57,46,22.0,62,52,20.0,144,144,0.0,250,254,-8.0,26.0,-4.0,-28.0,-8.0
AnteriorInfarction_008,I,1,AnteriorInfarction,-610,R,1,0.0003,0,637,1,245,500,,,,,,,,,,0,2,-4.0,,,,28,28,0.0,,,,57,46,22.0,58,100,-84.0,166,167,-2.0,252,252,0.0,26.0,4.0,84.0,2.0
AnteriorInfarction_008,II,1,AnteriorInfarction,-610,R,1,0.0001,0,637,1,245,500,,,,,,,,,,0,2,-4.0,,,,24,25,-2.0,,,,59,46,26.0,60,68,-16.0,143,143,0.0,243,246,-6.0,30.0,-2.0,10.0,-6.0
AnteriorInfarction_008,III,1,AnteriorInfarction,-610,rS,1,0.0003,0,637,1,245,500,,,,,,,,,,0,2,-4.0,,,,10,18,-16.0,30,30,0.0,58,46,24.0,60,52,16.0,147,147,0.0,245,250,-10.0,28.0,-6.0,-26.0,-10.0
AnteriorInfarction_008,aVR,1,AnteriorInfarction,-610,QS,1,0.0001,0,637,1,245,500,,,,,,,,,,0,2,-4.0,25,25,0.0,,,,,,,59,46,26.0,61,62,-2.0,141,141,0.0,259,263,-8.0,30.0,-4.0,-6.0,-8.0
AnteriorInfarction_008,aVF,1,AnteriorInfarction,-610,RS,1,0.0002,0,637,1,245,500,,,,,,,,,,0,2,-4.0,,,,10,19,-18.0,30,31,-2.0,59,46,26.0,61,52,18.0,144,145,-2.0,245,252,-14.0,30.0,-10.0,-32.0,-12.0
AnteriorInfarction_008,V3,1,AnteriorInfarction,-610,rS,1,0.0002,0,637,1,245,500,,,,,,,,,,0,2,-4.0,,12,,4,27,-46.0,12,,,59,46,26.0,60,52,16.0,157,157,0.0,255,267,-24.0,30.0,-20.0,-40.0,-24.0
AnteriorInfarction_008,V4,1,AnteriorInfarction,-610,qR,1,0.0001,0,637,1,245,500,,,,,,,,,,0,2,-4.0,10,10,0.0,26,26,0.0,,,,59,46,26.0,61,100,-78.0,157,157,0.0,241,246,-10.0,30.0,-6.0,68.0,-10.0
AnteriorInfarction_008,V5,1,AnteriorInfarction,-610,qR,1,0.0001,0,637,1,245,500,,,,,,,,,,0,2,-4.0,8,8,0.0,25,25,0.0,,,,59,46,26.0,61,100,-78.0,168,168,0.0,246,251,-10.0,30.0,-6.0,68.0,-10.0
AnteriorInfarction_008,V6,1,AnteriorInfarction,-610,qR,1,0.0001,0,637,1,245,500,,,,,,,,,,0,2,-4.0,7,7,0.0,23,23,0.0,,,,59,46,26.0,60,75,-30.0,146,146,0.0,244,246,-4.0,30.0,0.0,26.0,-4.0
AnteriorInfarction_008,aVL,1,AnteriorInfarction,-610,qRs,1,0.0005,0,637,1,245,500,,,,,,,,,,0,2,-4.0,16,17,-2.0,29,29,0.0,55,,,56,46,20.0,57,52,10.0,152,153,-2.0,250,261,-22.0,24.0,-18.0,-32.0,-20.0
AnteriorInfarction_008,V1,1,AnteriorInfarction,-610,rS,1,0.0003,0,637,1,245,500,,,,,,,,,,0,2,-4.0,,,,7,8,-2.0,24,24,0.0,55,46,18.0,62,52,20.0,146,146,0.0,258,262,-8.0,22.0,-4.0,-28.0,-8.0
AnteriorInfarction_009,V1,1,AnteriorInfarction,-612,rS,1,0.0001,0,640,1,243,500,,,,,,,,,,0,2,-4.0,,,,5,9,-8.0,24,24,0.0,46,49,-6.0,55,54,2.0,160,160,0.0,242,250,-16.0,-2.0,-12.0,-18.0,-16.0
AnteriorInfarction_009,I,1,AnteriorInfarction,-612,R,1,0.0001,0,640,1,243,500,,,,,,,,,,0,2,-4.0,,,,27,27,0.0,,,,47,49,-4.0,54,99,-90.0,168,168,0.0,243,251,-16.0,0.0,-12.0,74.0,-16.0
AnteriorInfarction_009,II,1,AnteriorInfarction,-612,R,1,0.0001,0,640,1,243,500,,,,,,,,,,0,2,-4.0,,,,10,25,-30.0,,35,,47,49,-4.0,54,71,-34.0,142,142,0.0,242,248,-12.0,0.0,-8.0,22.0,-12.0
AnteriorInfarction_009,III,1,AnteriorInfarction,-612,rS,1,0.0001,0,640,1,243,500,,,,,,,,,,0,2,-4.0,,,,5,6,-2.0,29,30,-2.0,49,49,0.0,54,92,-76.0,143,143,0.0,243,252,-18.0,4.0,-14.0,58.0,-18.0
AnteriorInfarction_009,aVR,1,AnteriorInfarction,-612,QS,1,0.0001,0,640,1,243,500,,,,,,,,,,0,2,-4.0,26,26,0.0,,,,,,,46,49,-6.0,55,64,-18.0,142,142,0.0,243,251,-16.0,-2.0,-12.0,2.0,-16.0
AnteriorInfarction_009,aVL,1,AnteriorInfarction,-612,R,1,0.0001,0,640,1,243,500,,,,,,,,,,0,2,-4.0,,,,29,29,0.0,,,,47,49,-4.0,53,96,-86.0,167,167,0.0,242,248,-12.0,0.0,-8.0,74.0,-12.0
AnteriorInfarction_009,aVF,1,AnteriorInfarction,-612,rS,1,0.0001,0,640,1,243,500,,,,,,,,,,0,2,-4.0,,,,9,17,-16.0,30,30,0.0,49,49,0.0,54,87,-66.0,143,143,0.0,241,243,-4.0,4.0,0.0,62.0,-4.0
AnteriorInfarction_009,V2,1,AnteriorInfarction,-612,rS,1,0.0001,0,640,1,243,500,,,,,,,,,,0,2,-4.0,,,,5,8,-6.0,22,22,0.0,47,49,-4.0,54,54,0.0,140,140,0.0,242,250,-16.0,0.0,-12.0,-16.0,-16.0
AnteriorInfarction_009,V3,1,AnteriorInfarction,-612,rS,1,0.0001,0,640,1,243,500,,,,,,,,,,0,2,-4.0,,,,8,8,0.0,21,22,-2.0,46,49,-6.0,55,56,-2.0,138,138,0.0,241,222,38.0,-2.0,42.0,40.0,38.0
AnteriorInfarction_009,V4,1,AnteriorInfarction,-612,RS,1,0.0001,0,640,1,243,500,,,,,,,,,,0,2,-4.0,,21,,8,28,-40.0,21,,,46,49,-6.0,56,64,-16.0,138,138,0.0,242,246,-8.0,-2.0,-4.0,8.0,-8.0
AnteriorInfarction_009,V5,1,AnteriorInfarction,-612,R,1,0.0001,0,640,1,243,500,,,,,,,,,,0,2,-4.0,,,,26,26,0.0,,,,47,49,-4.0,54,81,-54.0,144,145,-2.0,242,170,144.0,0.0,148.0,198.0,146.0
AnteriorInfarction_009,V6,1,AnteriorInfarction,-612,Rs,1,0.0001,0,640,1,243,500,,,,,,,,,,0,2,-4.0,,,,22,22,0.0,34,34,0.0,47,49,-4.0,54,70,-32.0,145,146,-2.0,242,237,10.0,0.0,14.0,42.0,12.0
AnteriorInfarction_010,V2,1,AnteriorInfarction,-607,rS,1,0.0002,0,636,1,248,500,,,,,,,,,,0,2,-4.0,,,,4,4,0.0,22,23,-2.0,56,46,20.0,58,48,20.0,153,153,0.0,261,292,-62.0,24.0,-58.0,-82.0,-62.0
AnteriorInfarction_010,I,1,AnteriorInfarction,-607,Rs,1,0.0001,0,636,1,248,500,,,,,,,,,,0,2,-4.0,,,,10,30,-40.0,56,,,56,46,20.0,57,93,-72.0,165,165,0.0,256,252,8.0,24.0,12.0,80.0,8.0
AnteriorInfarction_010,II,1,AnteriorInfarction,-607,R,1,0.0001,0,636,1,248,500,,,,,,,,,,0,2,-4.0,,,,8,21,-26.0,,,,56,46,20.0,57,76,-38.0,143,143,0.0,256,271,-30.0,24.0,-26.0,8.0,-30.0
AnteriorInfarction_010,III,1,AnteriorInfarction,-607,rS,1,0.0001,0,636,1,248,500,,,,,,,,,,0,2,-4.0,,,,6,19,-26.0,32,32,0.0,53,46,14.0,60,83,-46.0,148,148,0.0,250,251,-2.0,18.0,2.0,44.0,-2.0
AnteriorInfarction_010,aVR,1,AnteriorInfarction,-607,QS,1,0.0,0,636,1,248,500,,,,,,,,,,0,2,-4.0,28,29,-2.0,,,,,,,54,46,16.0,59,70,-22.0,141,141,0.0,251,253,-4.0,20.0,0.0,18.0,-4.0
AnteriorInfarction_010,aVL,1,AnteriorInfarction,-607,QRS,1,0.0001,0,636,1,248,500,,,,,,,,,,0,2,-4.0,5,6,-2.0,10,32,-44.0,52,,,52,46,12.0,58,98,-80.0,154,155,-2.0,249,252,-6.0,16.0,-2.0,74.0,-4.0
AnteriorInfarction_010,aVF,1,AnteriorInfarction,-607,RS,1,0.0,0,636,1,248,500,,,,,,,,,,0,2,-4.0,,,,7,20,-26.0,33,33,0.0,54,46,16.0,61,72,-22.0,145,145,0.0,249,251,-4.0,20.0,0.0,18.0,-4.0
AnteriorInfarction_010,V3,1,AnteriorInfarction,-607,QR,1,0.0001,0,636,1,248,500,,,,,,,,,,0,2,-4.0,20,21,-2.0,31,32,-2.0,,,,56,46,20.0,58,96,-76.0,141,141,0.0,257,277,-40.0,24.0,-36.0,36.0,-40.0
AnteriorInfarction_010,V4,1,AnteriorInfarction,-607,qR,1,0.0001,0,636,1,248,500,,,,,,,,,,0,2,-4.0,11,11,0.0,28,29,-2.0,,,,54,46,16.0,61,53,16.0,142,142,0.0,252,262,-20.0,20.0,-16.0,-36.0,-20.0
AnteriorInfarction_010,V6,1,AnteriorInfarction,-607,Rs,1,0.0001,0,636,1,248,500,,,,,,,,,,0,2,-4.0,,,,20,20,0.0,27,28,-2.0,57,46,22.0,58,74,-32.0,144,144,0.0,259,273,-28.0,26.0,-24.0,4.0,-28.0
AnteriorInfarction_010,V1,1,AnteriorInfarction,-607,rS,1,0.0001,0,636,1,248,500,,,,,,,,,,0,2,-4.0,,,,4,4,0.0,21,22,-2.0,53,46,14.0,62,47,30.0,151,151,0.0,256,269,-26.0,18.0,-22.0,-56.0,-26.0
AnteriorInfarction_010,V5,1,AnteriorInfarction,-607,qR,1,0.0,0,636,1,248,500,,,,,,,,,,0,2,-4.0,7,7,0.0,24,24,0.0,,,,54,46,16.0,60,98,-76.0,148,148,0.0,251,251,0.0,20.0,4.0,76.0,0.0
AnteriorInfarction_011,V4,1,AnteriorInfarction,-601,qRs,1,0.0,0,639,1,254,500,,,,,,,,,,0,2,-4.0,11,11,0.0,34,35,-2.0,59,,,59,53,12.0,60,98,-76.0,146,146,0.0,261,279,-36.0,16.0,-32.0,40.0,-36.0
AnteriorInfarction_011,I,1,AnteriorInfarction,-601,qRs,1,0.0,0,639,1,254,500,,,,,,,,,,0,2,-4.0,11,12,-2.0,34,35,-2.0,59,58,2.0,59,53,12.0,60,137,-154.0,161,161,0.0,260,277,-34.0,16.0,-30.0,120.0,-34.0
AnteriorInfarction_011,II,1,AnteriorInfarction,-601,R,1,0.0,0,639,1,254,500,,,,,,,,,,0,2,-4.0,,,,18,19,-2.0,,,,58,53,10.0,59,72,-26.0,143,143,0.0,256,273,-34.0,14.0,-30.0,-8.0,-34.0
AnteriorInfarction_011,III,1,AnteriorInfarction,-601,Rs,1,0.0,0,639,1,254,500,,,,,,,,,,0,2,-4.0,,,,18,18,0.0,36,37,-2.0,58,53,10.0,59,76,-34.0,144,145,-2.0,256,260,-8.0,14.0,-4.0,26.0,-6.0
AnteriorInfarction_011,aVR,1,AnteriorInfarction,-601,QS,1,0.0,0,639,1,254,500,,,,,,,,,,0,2,-4.0,31,31,0.0,,,,,,,59,53,12.0,60,72,-24.0,142,142,0.0,257,263,-12.0,16.0,-8.0,12.0,-12.0
AnteriorInfarction_011,aVL,1,AnteriorInfarction,-601,QRs,1,0.0,0,639,1,254,500,,,,,,,,,,0,2,-4.0,18,18,0.0,36,36,0.0,54,55,-2.0,58,53,10.0,59,83,-48.0,147,147,0.0,255,281,-52.0,14.0,-48.0,-4.0,-52.0
AnteriorInfarction_011,aVF,1,AnteriorInfarction,-601,Rs,1,0.0,0,639,1,254,500,,,,,,,,,,0,2,-4.0,,,,18,19,-2.0,37,37,0.0,59,53,12.0,60,54,12.0,143,144,-2.0,255,271,-32.0,16.0,-28.0,-44.0,-30.0
AnteriorInfarction_011,V1,1,AnteriorInfarction,-601,RS,1,0.0,0,639,1,254,500,,,,,,,,,,0,2,-4.0,,,,10,11,-2.0,30,30,0.0,59,53,12.0,60,93,-66.0,156,157,-2.0,256,281,-50.0,16.0,-46.0,16.0,-48.0
AnteriorInfarction_011,V2,1,AnteriorInfarction,-601,RS,1,0.0,0,639,1,254,500,,,,,,,,,,0,2,-4.0,,,,5,5,0.0,22,30,-16.0,59,53,12.0,60,70,-20.0,156,143,26.0,256,277,-42.0,16.0,-38.0,-22.0,-68.0
AnteriorInfarction_011,V3,1,AnteriorInfarction,-601,rS,1,0.0,0,639,1,254,500,,,,,,,,,,0,2,-4.0,,17,,4,36,-64.0,17,59,-84.0,60,53,14.0,61,93,-64.0,144,144,0.0,256,278,-44.0,18.0,-40.0,20.0,-44.0
AnteriorInfarction_011,V5,1,AnteriorInfarction,-601,qR,1,0.0,0,639,1,254,500,,,,,,,,,,0,2,-4.0,9,10,-2.0,26,26,0.0,,,,59,53,12.0,60,119,-118.0,172,173,-2.0,257,252,10.0,16.0,14.0,128.0,12.0
AnteriorInfarction_011,V6,1,AnteriorInfarction,-601,RS,1,0.0,0,639,1,254,500,,,,,,,,,,0,2,-4.0,,,,16,17,-2.0,27,27,0.0,59,53,12.0,60,55,10.0,143,143,0.0,262,277,-30.0,16.0,-26.0,-40.0,-30.0
AnteriorInfarction_012,V2,1,AnteriorInfarction,-606,rS,1,0.0004,0,640,1,249,500,,,,,,,,,,0,2,-4.0,,,,9,9,0.0,28,27,2.0,58,51,14.0,72,53,38.0,151,151,0.0,272,276,-8.0,18.0,-4.0,-46.0,-8.0
AnteriorInfarction_012,I,1,AnteriorInfarction,-606,Rs,1,0.0006,0,640,1,249,500,,,,,,,,,,0,2,-4.0,,,,33,33,0.0,59,70,-22.0,59,51,16.0,70,120,-100.0,170,171,-2.0,278,280,-4.0,20.0,0.0,96.0,-2.0
AnteriorInfarction_012,II,1,AnteriorInfarction,-606,R,1,0.0002,0,640,1,249,500,,,,,,,,,,0,2,-4.0,,,,11,30,-38.0,,,,59,51,16.0,72,70,4.0,143,143,0.0,274,273,2.0,20.0,6.0,-2.0,2.0
AnteriorInfarction_012,III,1,AnteriorInfarction,-606,rS,1,0.0003,0,640,1,249,500,,,,,,,,,,0,2,-4.0,,,,11,11,0.0,35,35,0.0,58,51,14.0,73,90,-34.0,145,145,0.0,271,271,0.0,18.0,4.0,34.0,0.0
AnteriorInfarction_012,aVR,1,AnteriorInfarction,-606,QS,1,0.0002,0,640,1,249,500,,,,,,,,,,0,2,-4.0,31,32,-2.0,,,,,,,58,51,14.0,72,86,-28.0,141,142,-2.0,276,255,42.0,18.0,46.0,70.0,44.0
AnteriorInfarction_012,aVL,1,AnteriorInfarction,-606,qRs,1,0.0004,0,640,1,249,500,,,,,,,,,,0,2,-4.0,7,8,-2.0,34,34,0.0,58,,,58,51,14.0,72,94,-44.0,160,160,0.0,276,276,0.0,18.0,4.0,44.0,0.0
AnteriorInfarction_012,aVF,1,AnteriorInfarction,-606,RS,1,0.0002,0,640,1,249,500,,,,,,,,,,0,2,-4.0,,,,11,11,0.0,36,36,0.0,59,51,16.0,73,75,-4.0,144,144,0.0,273,275,-4.0,20.0,0.0,0.0,-4.0
AnteriorInfarction_012,V1,1,AnteriorInfarction,-606,rS,1,0.0003,0,640,1,249,500,,,,,,,,,,0,2,-4.0,,,,6,6,0.0,29,29,0.0,58,51,14.0,73,59,28.0,151,151,0.0,274,266,16.0,18.0,20.0,-12.0,16.0
AnteriorInfarction_012,V3,1,AnteriorInfarction,-606,QS,1,0.0002,0,640,1,249,500,,,,,,,,,,0,2,-4.0,28,29,-2.0,,,,,,,58,51,14.0,72,54,36.0,166,166,0.0,271,277,-12.0,18.0,-8.0,-48.0,-12.0
AnteriorInfarction_012,V4,1,AnteriorInfarction,-606,qR,1,0.0003,0,640,1,249,500,,,,,,,,,,0,2,-4.0,23,23,0.0,33,34,-2.0,,,,58,51,14.0,74,94,-40.0,181,152,58.0,271,269,4.0,18.0,8.0,44.0,-54.0
AnteriorInfarction_012,V5,1,AnteriorInfarction,-606,qR,1,0.0001,0,640,1,249,500,,,,,,,,,,0,2,-4.0,8,8,0.0,31,31,0.0,,,,58,51,14.0,72,60,24.0,143,143,0.0,272,252,40.0,18.0,44.0,16.0,40.0
AnteriorInfarction_012,V6,1,AnteriorInfarction,-606,R,1,0.0002,0,640,1,249,500,,,,,,,,,,0,2,-4.0,,6,,23,23,0.0,,,,59,51,16.0,71,80,-18.0,150,150,0.0,274,267,14.0,20.0,18.0,32.0,14.0
AnteriorInfarction_013,V3,1,AnteriorInfarction,-605,qRs,1,0.0001,0,631,1,250,500,,,,,,,,,,0,2,-4.0,8,8,0.0,30,31,-2.0,59,,,59,48,22.0,60,89,-58.0,147,147,0.0,253,245,16.0,26.0,20.0,74.0,16.0
AnteriorInfarction_013,I,1,AnteriorInfarction,-605,qR,1,0.0001,0,631,1,250,500,,,,,,,,,,0,2,-4.0,10,10,0.0,27,27,0.0,,,,57,48,18.0,63,83,-40.0,141,141,0.0,253,250,6.0,22.0,10.0,46.0,6.0
AnteriorInfarction_013,II,1,AnteriorInfarction,-605,R,1,0.0001,0,631,1,250,500,,,,,,,,,,0,2,-4.0,,,,10,25,-30.0,,,,57,48,18.0,63,72,-18.0,143,143,0.0,253,250,6.0,22.0,10.0,24.0,6.0
AnteriorInfarction_013,III,1,AnteriorInfarction,-605,RS,1,0.0001,0,631,1,250,500,,,,,,,,,,0,2,-4.0,,,,10,17,-14.0,31,31,0.0,54,48,12.0,62,78,-32.0,145,146,-2.0,255,250,10.0,16.0,14.0,42.0,12.0
AnteriorInfarction_013,aVR,1,AnteriorInfarction,-605,QS,1,0.0001,0,631,1,250,500,,,,,,,,,,0,2,-4.0,26,26,0.0,,,,,,,56,48,16.0,63,74,-22.0,142,143,-2.0,253,175,156.0,20.0,160.0,178.0,158.0
AnteriorInfarction_013,aVL,1,AnteriorInfarction,-605,qRs,1,0.0001,0,631,1,250,500,,,,,,,,,,0,2,-4.0,15,15,0.0,31,31,0.0,50,,,52,48,8.0,61,94,-66.0,153,153,0.0,254,251,6.0,12.0,10.0,72.0,6.0
AnteriorInfarction_013,aVF,1,AnteriorInfarction,-605,RS,1,0.0,0,631,1,250,500,,,,,,,,,,0,2,-4.0,,,,10,18,-16.0,32,32,0.0,58,48,20.0,64,72,-16.0,144,144,0.0,254,250,8.0,24.0,12.0,24.0,8.0
AnteriorInfarction_013,V1,1,AnteriorInfarction,-605,rS,1,0.0001,0,631,1,250,500,,,,,,,,,,0,2,-4.0,,,,5,11,-12.0,25,25,0.0,52,48,8.0,60,98,-76.0,172,172,0.0,254,250,8.0,12.0,12.0,84.0,8.0
AnteriorInfarction_013,V2,1,AnteriorInfarction,-605,RS,1,0.0001,0,631,1,250,500,,,,,,,,,,0,2,-4.0,,24,,4,32,-56.0,21,53,-64.0,54,48,12.0,59,92,-66.0,146,146,0.0,254,250,8.0,16.0,12.0,74.0,8.0
AnteriorInfarction_013,V4,1,AnteriorInfarction,-605,qR,1,0.0001,0,631,1,250,500,,,,,,,,,,0,2,-4.0,8,8,0.0,29,28,2.0,,,,55,48,14.0,63,97,-68.0,143,143,0.0,254,248,12.0,18.0,16.0,80.0,12.0
AnteriorInfarction_013,V5,1,AnteriorInfarction,-605,qR,1,0.0001,0,631,1,250,500,,,,,,,,,,0,2,-4.0,8,8,0.0,25,25,0.0,,,,57,48,18.0,64,101,-74.0,152,152,0.0,254,250,8.0,22.0,12.0,82.0,8.0
AnteriorInfarction_013,V6,1,AnteriorInfarction,-605,qRs,1,0.0,0,631,1,250,500,,,,,,,,,,0,2,-4.0,7,8,-2.0,24,24,0.0,30,32,-4.0,58,48,20.0,64,80,-32.0,148,148,0.0,253,251,4.0,24.0,8.0,36.0,4.0
AnteriorInfarction_014,V4,1,AnteriorInfarction,-605,qR,1,0.0,0,632,1,250,500,,,,,,,,,,0,5,-10.0,8,7,2.0,29,29,0.0,,,,54,51,6.0,59,96,-74.0,145,145,0.0,249,250,-2.0,16.0,8.0,72.0,-2.0
AnteriorInfarction_014,I,1,AnteriorInfarction,-605,QR,1,0.0,0,632,1,250,500,,,,,,,,,,0,5,-10.0,5,,,9,29,-40.0,,,,55,51,8.0,56,85,-58.0,141,141,0.0,249,253,-8.0,18.0,2.0,50.0,-8.0
AnteriorInfarction_014,II,1,AnteriorInfarction,-605,R,1,0.0,0,632,1,250,500,,,,,,,,,,0,5,-10.0,,,,25,26,-2.0,,,,56,51,10.0,57,72,-30.0,144,144,0.0,250,268,-36.0,20.0,-26.0,-6.0,-36.0
AnteriorInfarction_014,III,1,AnteriorInfarction,-605,RS,1,0.0,0,632,1,250,500,,,,,,,,,,0,5,-10.0,,,,7,18,-22.0,33,33,0.0,55,51,8.0,57,76,-38.0,144,145,-2.0,251,251,0.0,18.0,10.0,38.0,2.0
AnteriorInfarction_014,aVR,1,AnteriorInfarction,-605,QS,1,0.0,0,632,1,250,500,,,,,,,,,,0,5,-10.0,25,26,-2.0,,,,,,,55,51,8.0,57,72,-30.0,143,143,0.0,249,251,-4.0,18.0,6.0,26.0,-4.0
AnteriorInfarction_014,aVL,1,AnteriorInfarction,-605,QRs,1,0.0,0,632,1,250,500,,,,,,,,,,0,5,-10.0,15,16,-2.0,25,32,-14.0,51,,,55,51,8.0,56,83,-54.0,146,146,0.0,250,263,-26.0,18.0,-16.0,28.0,-26.0
AnteriorInfarction_014,aVF,1,AnteriorInfarction,-605,Rs,1,0.0,0,632,1,250,500,,,,,,,,,,0,5,-10.0,,,,19,19,0.0,34,34,0.0,55,51,8.0,57,76,-38.0,144,144,0.0,249,252,-6.0,18.0,4.0,32.0,-6.0
AnteriorInfarction_014,V1,1,AnteriorInfarction,-605,rS,1,0.0,0,632,1,250,500,,,,,,,,,,0,5,-10.0,,7,,5,12,-14.0,25,25,0.0,54,51,6.0,59,90,-62.0,142,142,0.0,249,268,-38.0,16.0,-28.0,24.0,-38.0
AnteriorInfarction_014,V2,1,AnteriorInfarction,-605,qRs,1,0.0,0,632,1,250,500,,,,,,,,,,0,5,-10.0,7,7,0.0,18,32,-28.0,55,51,8.0,55,51,8.0,57,92,-70.0,146,146,0.0,250,263,-26.0,18.0,-16.0,44.0,-26.0
AnteriorInfarction_014,V3,1,AnteriorInfarction,-605,qRs,1,0.0,0,632,1,250,500,,,,,,,,,,1,5,-8.0,8,7,2.0,30,30,0.0,54,,,54,51,6.0,60,96,-72.0,148,148,0.0,249,253,-8.0,14.0,0.0,64.0,-8.0
AnteriorInfarction_014,V5,1,AnteriorInfarction,-605,qR,1,0.0,0,632,1,250,500,,,,,,,,,,0,5,-10.0,7,7,0.0,23,24,-2.0,,,,56,51,10.0,57,100,-86.0,148,148,0.0,249,250,-2.0,20.0,8.0,84.0,-2.0
AnteriorInfarction_014,V6,1,AnteriorInfarction,-605,qR,1,0.0,0,632,1,250,500,,,,,,,,,,0,5,-10.0,7,7,0.0,23,23,0.0,,,,56,51,10.0,57,79,-44.0,147,147,0.0,249,243,12.0,20.0,22.0,56.0,12.0
AnteriorInfarction_015,V1,1,AnteriorInfarction,-604,rS,1,0.0014,0,637,1,251,500,,,,,,,,,,0,3,-6.0,,,,5,6,-2.0,24,24,0.0,60,37,46.0,65,54,22.0,151,151,0.0,249,263,-28.0,52.0,-22.0,-50.0,-28.0
AnteriorInfarction_015,I,1,AnteriorInfarction,-604,R,1,0.0015,0,637,1,251,500,,,,,,,,,,0,3,-6.0,,15,,8,29,-42.0,,,,62,37,50.0,63,100,-74.0,164,164,0.0,250,250,0.0,56.0,6.0,74.0,0.0
AnteriorInfarction_015,II,1,AnteriorInfarction,-604,R,1,0.0006,0,637,1,251,500,,,,,,,,,,0,3,-6.0,,,,24,25,-2.0,,,,61,37,48.0,63,75,-24.0,144,144,0.0,248,267,-38.0,54.0,-32.0,-14.0,-38.0
AnteriorInfarction_015,III,1,AnteriorInfarction,-604,RS,1,0.0022,0,637,1,251,500,,,,,,,,,,0,3,-6.0,,,,17,17,0.0,30,30,0.0,62,37,50.0,63,87,-48.0,146,146,0.0,250,269,-38.0,56.0,-32.0,10.0,-38.0
AnteriorInfarction_015,aVR,1,AnteriorInfarction,-604,QS,1,0.0005,0,637,1,251,500,,,,,,,,,,0,3,-6.0,28,27,2.0,,,,,,,60,37,46.0,66,72,-12.0,142,143,-2.0,249,249,0.0,52.0,6.0,12.0,2.0
AnteriorInfarction_015,aVL,1,AnteriorInfarction,-604,qRs,1,0.0026,0,637,1,251,500,,,,,,,,,,0,3,-6.0,16,16,0.0,30,30,0.0,51,,,61,37,48.0,62,91,-58.0,149,149,0.0,249,257,-16.0,54.0,-10.0,42.0,-16.0
AnteriorInfarction_015,aVF,1,AnteriorInfarction,-604,Rs,1,0.0008,0,637,1,251,500,,,,,,,,,,0,3,-6.0,,,,18,17,2.0,30,31,-2.0,61,37,48.0,66,78,-24.0,145,145,0.0,249,267,-36.0,54.0,-30.0,-12.0,-36.0
AnteriorInfarction_015,V2,1,AnteriorInfarction,-604,rS,1,0.0014,0,637,1,251,500,,,,,,,,,,0,3,-6.0,,22,,4,35,-62.0,21,,,61,37,48.0,67,64,6.0,144,99,90.0,249,275,-52.0,54.0,-46.0,-58.0,-142.0
AnteriorInfarction_015,V3,1,AnteriorInfarction,-604,qR,1,0.0007,0,637,1,251,500,,,,,,,,,,0,3,-6.0,9,9,0.0,31,31,0.0,,,,61,37,48.0,69,100,-62.0,143,143,0.0,247,268,-42.0,54.0,-36.0,20.0,-42.0
AnteriorInfarction_015,V4,1,AnteriorInfarction,-604,qR,1,0.0007,0,637,1,251,500,,,,,,,,,,0,3,-6.0,9,9,0.0,31,31,0.0,,,,60,37,46.0,70,132,-124.0,157,158,-2.0,248,258,-20.0,52.0,-14.0,104.0,-18.0
AnteriorInfarction_015,V5,1,AnteriorInfarction,-604,qR,1,0.0004,0,637,1,251,500,,,,,,,,,,0,3,-6.0,8,8,0.0,26,26,0.0,,,,61,37,48.0,68,101,-66.0,153,153,0.0,249,187,124.0,54.0,130.0,190.0,124.0
AnteriorInfarction_015,V6,1,AnteriorInfarction,-604,qR,1,0.0003,0,637,1,251,500,,,,,,,,,,0,3,-6.0,6,6,0.0,22,22,0.0,,,,61,37,48.0,66,83,-34.0,148,148,0.0,249,252,-6.0,54.0,0.0,28.0,-6.0
AnteriorInfarction_016,V3,1,AnteriorInfarction,-603,qRs,1,0.0,0,637,1,252,500,,,,,,,,,,1,2,-2.0,8,7,2.0,33,33,0.0,56,,,56,48,16.0,62,98,-72.0,147,147,0.0,254,254,0.0,18.0,2.0,72.0,0.0
AnteriorInfarction_016,I,1,AnteriorInfarction,-603,qRs,1,0.0,0,637,1,252,500,,,,,,,,,,0,2,-4.0,3,,,11,31,-40.0,19,,,58,48,20.0,60,68,-16.0,140,140,0.0,254,251,6.0,24.0,10.0,22.0,6.0
AnteriorInfarction_016,II,1,AnteriorInfarction,-603,R,1,0.0,0,637,1,252,500,,,,,,,,,,0,2,-4.0,,,,11,29,-36.0,,,,57,48,18.0,59,72,-26.0,143,143,0.0,255,251,8.0,22.0,12.0,34.0,8.0
AnteriorInfarction_016,III,1,AnteriorInfarction,-603,Rs,1,0.0,0,637,1,252,500,,,,,,,,,,0,2,-4.0,,,,7,20,-26.0,35,35,0.0,57,48,18.0,59,76,-34.0,145,146,-2.0,257,252,10.0,22.0,14.0,44.0,12.0
AnteriorInfarction_016,aVR,1,AnteriorInfarction,-603,QS,1,0.0,0,637,1,252,500,,,,,,,,,,0,2,-4.0,28,29,-2.0,,,,,,,56,48,16.0,61,72,-22.0,142,142,0.0,255,250,10.0,20.0,14.0,32.0,10.0
AnteriorInfarction_016,aVL,1,AnteriorInfarction,-603,Qrs,1,0.0,0,637,1,252,500,,,,,,,,,,0,2,-4.0,19,20,-2.0,32,35,-6.0,50,,,57,48,18.0,59,98,-78.0,152,152,0.0,256,252,8.0,22.0,12.0,86.0,8.0
AnteriorInfarction_016,aVF,1,AnteriorInfarction,-603,R,1,0.0,0,637,1,252,500,,,,,,,,,,0,2,-4.0,,,,18,20,-4.0,,,,58,48,20.0,60,72,-24.0,144,144,0.0,255,252,6.0,24.0,10.0,30.0,6.0
AnteriorInfarction_016,V1,1,AnteriorInfarction,-603,RS,1,0.0,0,637,1,252,500,,,,,,,,,,0,2,-4.0,,21,,5,34,-58.0,21,54,-66.0,56,48,16.0,61,96,-70.0,141,141,0.0,256,290,-68.0,20.0,-64.0,2.0,-68.0
AnteriorInfarction_016,V2,1,AnteriorInfarction,-603,Rs,1,0.0,0,637,1,252,500,,,,,,,,,,0,2,-4.0,,11,,33,34,-2.0,55,,,55,48,14.0,61,91,-60.0,147,147,0.0,256,254,4.0,18.0,8.0,64.0,4.0
AnteriorInfarction_016,V4,1,AnteriorInfarction,-603,R,1,0.0,0,637,1,252,500,,,,,,,,,,0,2,-4.0,,,,32,32,0.0,,,,56,48,16.0,61,101,-80.0,140,141,-2.0,254,251,6.0,20.0,10.0,86.0,8.0
AnteriorInfarction_016,V5,1,AnteriorInfarction,-603,R,1,0.0,0,637,1,252,500,,,,,,,,,,0,2,-4.0,,,,23,23,0.0,,,,57,48,18.0,59,72,-26.0,146,146,0.0,254,248,12.0,22.0,16.0,38.0,12.0
AnteriorInfarction_016,V6,1,AnteriorInfarction,-603,Rs,1,0.0,0,637,1,252,500,,,,,,,,,,0,2,-4.0,,,,21,21,0.0,32,33,-2.0,58,48,20.0,60,76,-32.0,145,145,0.0,254,250,8.0,24.0,12.0,40.0,8.0
AnteriorInfarction_017,V1,1,AnteriorInfarction,-606,rS,1,0.0002,0,626,1,249,500,,,,,,,,,,0,2,-4.0,,,,8,8,0.0,29,30,-2.0,66,62,8.0,67,62,10.0,153,153,0.0,258,286,-56.0,12.0,-52.0,-66.0,-56.0
AnteriorInfarction_017,I,1,AnteriorInfarction,-606,R,1,0.0001,0,626,1,249,500,,,,,,,,,,0,2,-4.0,,,,10,34,-48.0,,,,65,62,6.0,66,92,-52.0,143,144,-2.0,258,255,6.0,10.0,10.0,58.0,8.0
AnteriorInfarction_017,II,1,AnteriorInfarction,-606,R,1,0.0001,0,626,1,249,500,,,,,,,,,,0,2,-4.0,,,,8,29,-42.0,,,,67,62,10.0,68,76,-16.0,146,146,0.0,255,282,-54.0,14.0,-50.0,-38.0,-54.0
AnteriorInfarction_017,III,1,AnteriorInfarction,-606,rS,1,0.0003,0,626,1,249,500,,,,,,,,,,0,2,-4.0,,10,,7,16,-18.0,34,34,0.0,66,62,8.0,67,98,-62.0,149,149,0.0,257,279,-44.0,12.0,-40.0,18.0,-44.0
AnteriorInfarction_017,aVR,1,AnteriorInfarction,-606,QS,1,0.0001,0,626,1,249,500,,,,,,,,,,0,2,-4.0,33,33,0.0,,,,,,,64,62,4.0,65,74,-18.0,145,145,0.0,255,255,0.0,8.0,4.0,18.0,0.0
AnteriorInfarction_017,aVL,1,AnteriorInfarction,-606,QRS,1,0.0002,0,626,1,249,500,,,,,,,,,,0,2,-4.0,6,6,0.0,10,34,-48.0,64,,,64,62,4.0,65,137,-144.0,175,176,-2.0,257,273,-32.0,8.0,-28.0,112.0,-30.0
AnteriorInfarction_017,aVF,1,AnteriorInfarction,-606,RS,1,0.0001,0,626,1,249,500,,,,,,,,,,0,2,-4.0,,,,7,17,-20.0,34,34,0.0,68,62,12.0,69,87,-36.0,147,147,0.0,255,277,-44.0,16.0,-40.0,-8.0,-44.0
AnteriorInfarction_017,V2,1,AnteriorInfarction,-606,rS,1,0.0002,0,626,1,249,500,,,,,,,,,,0,2,-4.0,,,,6,6,0.0,28,28,0.0,66,62,8.0,67,68,-2.0,176,177,-2.0,257,290,-66.0,12.0,-62.0,-64.0,-64.0
AnteriorInfarction_017,V4,1,AnteriorInfarction,-606,qR,1,0.0003,0,626,1,249,500,,,,,,,,,,0,2,-4.0,11,12,-2.0,36,37,-2.0,,,,68,62,12.0,69,94,-50.0,150,150,0.0,254,277,-46.0,16.0,-42.0,4.0,-46.0
AnteriorInfarction_017,V6,1,AnteriorInfarction,-606,qRs,1,0.0001,0,626,1,249,500,,,,,,,,,,0,2,-4.0,9,9,0.0,24,25,-2.0,38,38,0.0,66,62,8.0,67,62,10.0,151,151,0.0,256,281,-50.0,12.0,-46.0,-60.0,-50.0
AnteriorInfarction_017,V5,1,AnteriorInfarction,-606,qR,1,0.0001,0,626,1,249,500,,,,,,,,,,0,2,-4.0,9,10,-2.0,30,30,0.0,,,,64,62,4.0,65,62,6.0,159,159,0.0,255,238,34.0,8.0,38.0,28.0,34.0
AnteriorInfarction_017,V3,1,AnteriorInfarction,-606,rS,1,0.0002,0,626,1,249,500,,,,,,,,,,0,2,-4.0,,27,,4,38,-68.0,26,,,69,62,14.0,70,62,16.0,150,150,0.0,255,298,-86.0,18.0,-82.0,-102.0,-86.0
AnteriorInfarction_018,V5,1,AnteriorInfarction,-603,qR,1,0.0,0,646,1,252,500,,,,,,,,,,0,2,-4.0,7,8,-2.0,27,27,0.0,,,,54,48,12.0,56,101,-90.0,170,170,0.0,252,275,-46.0,16.0,-42.0,44.0,-46.0
AnteriorInfarction_018,I,1,AnteriorInfarction,-603,Rs,1,0.0,0,646,1,252,500,,,,,,,,,,0,2,-4.0,,,,9,34,-50.0,54,52,4.0,54,48,12.0,55,137,-164.0,160,161,-2.0,250,272,-44.0,16.0,-40.0,120.0,-42.0
AnteriorInfarction_018,II,1,AnteriorInfarction,-603,R,1,0.0,0,646,1,252,500,,,,,,,,,,0,2,-4.0,,,,21,33,-24.0,,,,55,48,14.0,56,72,-32.0,145,145,0.0,252,268,-32.0,18.0,-28.0,0.0,-32.0
AnteriorInfarction_018,III,1,AnteriorInfarction,-603,RS,1,0.0,0,646,1,252,500,,,,,,,,,,0,2,-4.0,,,,7,33,-52.0,38,38,0.0,55,48,14.0,56,81,-50.0,147,148,-2.0,252,269,-34.0,18.0,-30.0,16.0,-32.0
AnteriorInfarction_018,aVR,1,AnteriorInfarction,-603,QS,1,0.0,0,646,1,252,500,,,,,,,,,,0,2,-4.0,32,33,-2.0,,,,,,,54,48,12.0,55,74,-38.0,143,143,0.0,250,254,-8.0,16.0,-4.0,30.0,-8.0
AnteriorInfarction_018,aVL,1,AnteriorInfarction,-603,QRs,1,0.0,0,646,1,252,500,,,,,,,,,,0,2,-4.0,25,25,0.0,38,38,0.0,51,50,2.0,54,48,12.0,55,82,-54.0,150,150,0.0,250,269,-38.0,16.0,-34.0,16.0,-38.0
AnteriorInfarction_018,aVF,1,AnteriorInfarction,-603,R,1,0.0,0,646,1,252,500,,,,,,,,,,0,2,-4.0,,,,21,33,-24.0,,,,55,48,14.0,56,76,-40.0,146,146,0.0,251,269,-36.0,18.0,-32.0,4.0,-36.0
AnteriorInfarction_018,V1,1,AnteriorInfarction,-603,rS,1,0.0,0,646,1,252,500,,,,,,,,,,0,2,-4.0,,,,6,5,2.0,22,22,0.0,54,48,12.0,55,58,-6.0,157,157,0.0,251,273,-44.0,16.0,-40.0,-38.0,-44.0
AnteriorInfarction_018,V2,1,AnteriorInfarction,-603,rS,1,0.0,0,646,1,252,500,,,,,,,,,,0,2,-4.0,,,,5,5,0.0,21,21,0.0,54,48,12.0,55,57,-4.0,156,157,-2.0,252,273,-42.0,16.0,-38.0,-38.0,-40.0
AnteriorInfarction_018,V3,1,AnteriorInfarction,-603,QRs,1,0.0,0,646,1,252,500,,,,,,,,,,0,2,-4.0,21,22,-2.0,38,38,0.0,54,55,-2.0,54,48,12.0,56,89,-66.0,145,145,0.0,253,281,-56.0,16.0,-52.0,10.0,-56.0
AnteriorInfarction_018,V4,1,AnteriorInfarction,-603,qRs,1,0.0,0,646,1,252,500,,,,,,,,,,0,2,-4.0,10,10,0.0,33,34,-2.0,54,,,54,48,12.0,56,86,-60.0,147,147,0.0,252,269,-34.0,16.0,-30.0,26.0,-34.0
AnteriorInfarction_018,V6,1,AnteriorInfarction,-603,RS,1,0.0,0,646,1,252,500,,,,,,,,,,0,2,-4.0,,,,18,18,0.0,29,29,0.0,55,48,14.0,56,83,-54.0,143,143,0.0,250,220,60.0,18.0,64.0,114.0,60.0
AnteriorInfarction_019,aVF,1,AnteriorInfarction,-606,Rs,1,0.0,0,639,1,249,500,,,,,,,,,,0,2,-4.0,,,,10,11,-2.0,35,35,0.0,57,48,18.0,62,78,-32.0,142,142,0.0,260,263,-6.0,22.0,-2.0,26.0,-6.0
AnteriorInfarction_019,I,1,AnteriorInfarction,-606,R,1,0.0,0,639,1,249,500,,,,,,,,,,0,2,-4.0,,,,10,33,-46.0,,,,57,48,18.0,58,91,-66.0,141,141,0.0,262,255,14.0,22.0,18.0,80.0,14.0
AnteriorInfarction_019,II,1,AnteriorInfarction,-606,R,1,0.0,0,639,1,249,500,,,,,,,,,,0,2,-4.0,,,,10,30,-40.0,,,,58,48,20.0,59,76,-34.0,142,142,0.0,265,269,-8.0,24.0,-4.0,26.0,-8.0
AnteriorInfarction_019,III,1,AnteriorInfarction,-606,rS,1,0.0,0,639,1,249,500,,,,,,,,,,0,2,-4.0,,,,7,11,-8.0,34,35,-2.0,59,48,22.0,60,82,-44.0,143,143,0.0,260,273,-26.0,26.0,-22.0,18.0,-26.0
AnteriorInfarction_019,aVR,1,AnteriorInfarction,-606,QS,1,0.0,0,639,1,249,500,,,,,,,,,,0,2,-4.0,30,30,0.0,,,,,,,55,48,14.0,60,70,-20.0,142,142,0.0,262,253,18.0,18.0,22.0,38.0,18.0
AnteriorInfarction_019,aVL,1,AnteriorInfarction,-606,RS,1,0.0,0,639,1,249,500,,,,,,,,,,0,2,-4.0,,6,,9,34,-50.0,54,,,54,48,12.0,59,100,-82.0,167,167,0.0,256,251,10.0,16.0,14.0,92.0,10.0
AnteriorInfarction_019,V2,1,AnteriorInfarction,-606,rS,1,0.0,0,639,1,249,500,,,,,,,,,,0,2,-4.0,,,,5,12,-14.0,27,27,0.0,58,48,20.0,59,55,8.0,150,150,0.0,264,279,-30.0,24.0,-26.0,-38.0,-30.0
AnteriorInfarction_019,V3,1,AnteriorInfarction,-606,rS,1,0.0,0,639,1,249,500,,,,,,,,,,0,2,-4.0,,23,,3,39,-72.0,23,59,-72.0,60,48,24.0,61,98,-74.0,157,157,0.0,263,287,-48.0,28.0,-44.0,26.0,-48.0
AnteriorInfarction_019,V4,1,AnteriorInfarction,-606,qR,1,0.0,0,639,1,249,500,,,,,,,,,,0,2,-4.0,9,9,0.0,30,30,0.0,,,,58,48,20.0,68,55,26.0,151,151,0.0,264,278,-28.0,24.0,-24.0,-54.0,-28.0
AnteriorInfarction_019,V5,1,AnteriorInfarction,-606,R,1,0.0,0,639,1,249,500,,,,,,,,,,0,2,-4.0,,8,,28,28,0.0,,,,57,48,18.0,58,126,-136.0,156,156,0.0,261,250,22.0,22.0,26.0,158.0,22.0
AnteriorInfarction_019,V6,1,AnteriorInfarction,-606,Rs,1,0.0,0,639,1,249,500,,,,,,,,,,0,2,-4.0,,,,24,24,0.0,35,35,0.0,57,48,18.0,58,80,-44.0,149,149,0.0,263,254,18.0,22.0,22.0,62.0,18.0
AnteriorInfarction_019,V1,1,AnteriorInfarction,-606,RS,1,0.0,0,639,1,249,500,,,,,,,,,,0,2,-4.0,,,,12,12,0.0,27,28,-2.0,58,48,20.0,59,55,8.0,152,152,0.0,265,287,-44.0,24.0,-40.0,-52.0,-44.0
AnteriorInfarction_020,V3,1,AnteriorInfarction,-609,qR,1,0.0001,0,633,1,246,500,,,,,,,,,,0,3,-6.0,7,7,0.0,26,27,-2.0,,,,58,39,38.0,60,51,18.0,147,148,-2.0,249,244,10.0,44.0,16.0,-8.0,12.0
AnteriorInfarction_020,I,1,AnteriorInfarction,-609,qR,1,0.0001,0,633,1,246,500,,,,,,,,,,0,3,-6.0,5,6,-2.0,22,22,0.0,,,,57,39,36.0,58,68,-20.0,141,142,-2.0,249,248,2.0,42.0,8.0,22.0,4.0
AnteriorInfarction_020,II,1,AnteriorInfarction,-609,R,1,0.0001,0,633,1,246,500,,,,,,,,,,0,3,-6.0,,,,19,20,-2.0,,,,57,39,36.0,58,66,-16.0,144,144,0.0,250,251,-2.0,42.0,4.0,14.0,-2.0
AnteriorInfarction_020,III,1,AnteriorInfarction,-609,RS,1,0.0001,0,633,1,246,500,,,,,,,,,,0,3,-6.0,,,,7,17,-20.0,26,26,0.0,56,39,34.0,57,68,-22.0,148,148,0.0,251,251,0.0,40.0,6.0,22.0,0.0
AnteriorInfarction_020,aVR,1,AnteriorInfarction,-609,QS,1,0.0001,0,633,1,246,500,,,,,,,,,,0,3,-6.0,21,20,2.0,,,,,,,57,39,36.0,58,72,-28.0,143,143,0.0,250,248,4.0,42.0,10.0,32.0,4.0
AnteriorInfarction_020,aVL,1,AnteriorInfarction,-609,QRs,1,0.0001,0,633,1,246,500,,,,,,,,,,0,3,-6.0,11,12,-2.0,26,27,-2.0,41,,,56,39,34.0,57,41,32.0,157,158,-2.0,251,252,-2.0,40.0,4.0,-34.0,0.0
AnteriorInfarction_020,aVF,1,AnteriorInfarction,-609,R,1,0.0001,0,633,1,246,500,,,,,,,,,,0,3,-6.0,,,,18,18,0.0,,26,,58,39,38.0,60,70,-20.0,145,145,0.0,250,247,6.0,44.0,12.0,26.0,6.0
AnteriorInfarction_020,V1,1,AnteriorInfarction,-609,RS,1,0.0001,0,633,1,246,500,,,,,,,,,,0,3,-6.0,,19,,8,30,-44.0,19,47,-56.0,56,39,34.0,57,93,-72.0,143,143,0.0,250,252,-4.0,40.0,2.0,68.0,-4.0
AnteriorInfarction_020,V2,1,AnteriorInfarction,-609,qRs,1,0.0002,0,633,1,246,500,,,,,,,,,,0,3,-6.0,15,16,-2.0,27,27,0.0,54,41,26.0,57,39,36.0,58,94,-72.0,147,147,0.0,250,247,6.0,42.0,12.0,78.0,6.0
AnteriorInfarction_020,V4,1,AnteriorInfarction,-609,qR,1,0.0001,0,633,1,246,500,,,,,,,,,,0,3,-6.0,7,7,0.0,26,27,-2.0,,,,57,39,36.0,62,101,-78.0,143,143,0.0,250,251,-2.0,42.0,4.0,76.0,-2.0
AnteriorInfarction_020,V5,1,AnteriorInfarction,-609,qR,1,0.0001,0,633,1,246,500,,,,,,,,,,0,3,-6.0,6,7,-2.0,20,20,0.0,,,,58,39,38.0,60,72,-24.0,146,146,0.0,250,215,70.0,44.0,76.0,94.0,70.0
AnteriorInfarction_020,V6,1,AnteriorInfarction,-609,qRs,1,0.0,0,633,1,246,500,,,,,,,,,,0,3,-6.0,7,7,0.0,20,20,0.0,26,26,0.0,58,39,38.0,59,83,-48.0,146,146,0.0,249,198,102.0,44.0,108.0,150.0,102.0
AnteriorIschemia_001,V3,1,AnteriorIschemia,-613,qR,1,0.0075,0,638,1,242,500,,,,,,,,,,0,2,-4.0,8,8,0.0,24,25,-2.0,,,,51,55,-8.0,52,72,-40.0,112,112,0.0,173,167,12.0,-4.0,16.0,52.0,12.0
AnteriorIschemia_001,I,1,AnteriorIschemia,-613,RS,1,0.004,0,638,1,242,500,,,,,,,,,,0,2,-4.0,,12,,7,23,-32.0,12,,,51,55,-8.0,52,55,-6.0,164,136,56.0,173,172,2.0,-4.0,6.0,8.0,-54.0
AnteriorIschemia_001,II,1,AnteriorIschemia,-613,R,1,0.0023,0,638,1,242,500,,,,,,,,,,0,2,-4.0,,,,16,23,-14.0,,,,50,55,-10.0,51,64,-26.0,142,142,0.0,174,175,-2.0,-6.0,2.0,24.0,-2.0
AnteriorIschemia_001,III,1,AnteriorIschemia,-613,R,1,0.0071,0,638,1,242,500,,,,,,,,,,0,2,-4.0,,,,5,22,-34.0,,62,,48,55,-14.0,49,86,-74.0,144,144,0.0,174,200,-52.0,-10.0,-48.0,22.0,-52.0
AnteriorIschemia_001,aVR,1,AnteriorIschemia,-613,QS,1,0.0032,0,638,1,242,500,,,,,,,,,,0,2,-4.0,22,23,-2.0,,,,,,,50,55,-10.0,51,76,-50.0,141,141,0.0,174,172,4.0,-6.0,8.0,54.0,4.0
AnteriorIschemia_001,aVL,1,AnteriorIschemia,-613,qrS,1,0.0059,0,638,1,242,500,,,,,,,,,,0,2,-4.0,4,14,-20.0,6,26,-40.0,14,34,-40.0,45,55,-20.0,46,98,-104.0,146,147,-2.0,174,178,-8.0,-16.0,-4.0,96.0,-6.0
AnteriorIschemia_001,aVF,1,AnteriorIschemia,-613,R,1,0.0043,0,638,1,242,500,,,,,,,,,,0,2,-4.0,,,,16,22,-12.0,,,,52,55,-6.0,53,68,-30.0,143,143,0.0,174,171,6.0,-2.0,10.0,36.0,6.0
AnteriorIschemia_001,V1,1,AnteriorIschemia,-613,RS,1,0.0057,0,638,1,242,500,,,,,,,,,,0,2,-4.0,,,,7,7,0.0,20,19,2.0,47,55,-16.0,48,55,-14.0,135,135,0.0,174,171,6.0,-12.0,10.0,20.0,6.0
AnteriorIschemia_001,V2,1,AnteriorIschemia,-613,rS,1,0.0071,0,638,1,242,500,,,,,,,,,,0,2,-4.0,,19,,4,,,19,,,48,55,-14.0,49,55,-12.0,129,129,0.0,174,168,12.0,-10.0,16.0,24.0,12.0
AnteriorIschemia_001,V4,1,AnteriorIschemia,-613,qR,1,0.0074,0,638,1,242,500,,,,,,,,,,0,2,-4.0,7,8,-2.0,23,23,0.0,,,,51,55,-8.0,52,63,-22.0,128,129,-2.0,173,168,10.0,-4.0,14.0,32.0,12.0
AnteriorIschemia_001,V5,1,AnteriorIschemia,-613,qR,1,0.004,0,638,1,242,500,,,,,,,,,,0,2,-4.0,7,7,0.0,22,22,0.0,,,,50,55,-10.0,51,87,-72.0,145,146,-2.0,174,172,4.0,-6.0,8.0,76.0,6.0
AnteriorIschemia_001,V6,1,AnteriorIschemia,-613,R,1,0.0031,0,638,1,242,500,,,,,,,,,,0,2,-4.0,,,,21,22,-2.0,,,,49,55,-12.0,50,109,-118.0,146,147,-2.0,174,190,-32.0,-8.0,-28.0,86.0,-30.0
AnteriorIschemia_002,aVR,1,AnteriorIschemia,-604,QS,1,0.0077,0,637,1,251,500,,,,,,,,,,0,2,-4.0,32,32,0.0,,,,,,,59,55,8.0,60,68,-16.0,144,144,0.0,194,194,0.0,12.0,4.0,16.0,0.0
AnteriorIschemia_002,I,1,AnteriorIschemia,-604,R,1,0.0104,0,637,1,251,500,,,,,,,,,,0,2,-4.0,,,,8,33,-50.0,,,,60,55,10.0,61,60,2.0,132,132,0.0,194,182,24.0,14.0,28.0,22.0,24.0
AnteriorIschemia_002,II,1,AnteriorIschemia,-604,Rs,1,0.0053,0,637,1,251,500,,,,,,,,,,0,2,-4.0,,,,11,32,-42.0,60,70,-20.0,60,55,10.0,61,97,-72.0,146,146,0.0,189,199,-20.0,14.0,-16.0,52.0,-20.0
AnteriorIschemia_002,III,1,AnteriorIschemia,-604,Rs,1,0.0122,0,637,1,251,500,,,,,,,,,,0,2,-4.0,,,,11,12,-2.0,63,74,-22.0,63,55,16.0,64,120,-112.0,148,148,0.0,195,199,-8.0,20.0,-4.0,104.0,-8.0
AnteriorIschemia_002,aVL,1,AnteriorIschemia,-604,QR,1,0.0108,0,637,1,251,500,,,,,,,,,,0,2,-4.0,12,12,0.0,34,35,-2.0,,,,59,55,8.0,60,72,-24.0,151,100,102.0,195,186,18.0,12.0,22.0,42.0,-84.0
AnteriorIschemia_002,aVF,1,AnteriorIschemia,-604,Rs,1,0.0072,0,637,1,251,500,,,,,,,,,,0,2,-4.0,,,,11,12,-2.0,64,72,-16.0,64,55,18.0,65,109,-88.0,147,147,0.0,189,183,12.0,22.0,16.0,100.0,12.0
AnteriorIschemia_002,V1,1,AnteriorIschemia,-604,rS,1,0.0091,0,637,1,251,500,,,,,,,,,,0,2,-4.0,,,,7,12,-10.0,32,32,0.0,59,55,8.0,60,55,10.0,196,105,182.0,196,174,44.0,12.0,48.0,34.0,-138.0
AnteriorIschemia_002,V2,1,AnteriorIschemia,-604,RS,1,0.0112,0,637,1,251,500,,,,,,,,,,0,2,-4.0,,,,11,12,-2.0,31,31,0.0,61,55,12.0,62,55,14.0,202,126,152.0,202,178,48.0,16.0,52.0,34.0,-104.0
AnteriorIschemia_002,V3,1,AnteriorIschemia,-604,Rs,1,0.0145,0,637,1,251,500,,,,,,,,,,0,2,-4.0,,31,,12,42,-60.0,31,,,63,55,16.0,64,64,0.0,201,109,184.0,201,179,44.0,20.0,48.0,44.0,-140.0
AnteriorIschemia_002,V4,1,AnteriorIschemia,-604,R,1,0.013,0,637,1,251,500,,,,,,,,,,0,2,-4.0,,,,5,41,-72.0,,,,60,55,10.0,61,79,-36.0,164,109,110.0,199,187,24.0,14.0,28.0,60.0,-86.0
AnteriorIschemia_002,V5,1,AnteriorIschemia,-604,qR,1,0.0077,0,637,1,251,500,,,,,,,,,,0,2,-4.0,9,9,0.0,31,31,0.0,,,,60,55,10.0,61,101,-80.0,156,156,0.0,200,180,40.0,14.0,44.0,120.0,40.0
AnteriorIschemia_002,V6,1,AnteriorIschemia,-604,qRs,1,0.0042,0,637,1,251,500,,,,,,,,,,0,2,-4.0,8,8,0.0,26,26,0.0,60,79,-38.0,60,55,10.0,61,113,-104.0,153,153,0.0,196,182,28.0,14.0,32.0,132.0,28.0
AnteriorIschemia_003,I,1,AnteriorIschemia,-607,R,1,0.0034,0,627,1,248,500,,,,,,,,,,0,2,-4.0,,,,8,25,-34.0,,,,54,42,24.0,55,88,-66.0,143,143,0.0,174,171,6.0,28.0,10.0,72.0,6.0
AnteriorIschemia_003,III,1,AnteriorIschemia,-607,RS,1,0.0056,0,627,1,248,500,,,,,,,,,,0,2,-4.0,,,,10,19,-18.0,31,31,0.0,51,42,18.0,52,97,-90.0,143,144,-2.0,177,184,-14.0,22.0,-10.0,76.0,-12.0
AnteriorIschemia_003,aVR,1,AnteriorIschemia,-607,QS,1,0.0031,0,627,1,248,500,,,,,,,,,,0,2,-4.0,25,25,0.0,,,,,,,54,42,24.0,55,72,-34.0,143,143,0.0,176,181,-10.0,28.0,-6.0,24.0,-10.0
AnteriorIschemia_003,aVL,1,AnteriorIschemia,-607,qR,1,0.0055,0,627,1,248,500,,,,,,,,,,0,2,-4.0,10,10,0.0,31,31,0.0,,,,50,42,16.0,51,72,-42.0,143,144,-2.0,175,178,-6.0,20.0,-2.0,36.0,-4.0
AnteriorIschemia_003,aVF,1,AnteriorIschemia,-607,Rs,1,0.0026,0,627,1,248,500,,,,,,,,,,0,2,-4.0,,,,10,22,-24.0,31,32,-2.0,58,42,32.0,59,93,-68.0,143,144,-2.0,176,181,-10.0,36.0,-6.0,58.0,-8.0
AnteriorIschemia_003,V1,1,AnteriorIschemia,-607,rS,1,0.0038,0,627,1,248,500,,,,,,,,,,0,2,-4.0,,19,,3,34,-62.0,18,,,52,42,20.0,53,76,-46.0,115,115,0.0,176,170,12.0,24.0,16.0,58.0,12.0
AnteriorIschemia_003,V2,1,AnteriorIschemia,-607,rS,1,0.0039,0,627,1,248,500,,,,,,,,,,0,2,-4.0,,14,,2,31,-58.0,14,,,52,42,20.0,53,87,-68.0,115,115,0.0,175,175,0.0,24.0,4.0,68.0,0.0
AnteriorIschemia_003,V3,1,AnteriorIschemia,-607,qR,1,0.0041,0,627,1,248,500,,,,,,,,,,0,2,-4.0,9,9,0.0,28,28,0.0,,,,56,42,28.0,57,72,-30.0,175,112,126.0,175,174,2.0,32.0,6.0,32.0,-124.0
AnteriorIschemia_003,V4,1,AnteriorIschemia,-607,qR,1,0.0054,0,627,1,248,500,,,,,,,,,,0,2,-4.0,8,9,-2.0,27,27,0.0,,,,56,42,28.0,57,80,-46.0,175,114,122.0,175,175,0.0,32.0,4.0,46.0,-122.0
AnteriorIschemia_003,V5,1,AnteriorIschemia,-607,qR,1,0.0035,0,627,1,248,500,,,,,,,,,,0,2,-4.0,6,6,0.0,25,24,2.0,,,,55,42,26.0,56,119,-126.0,152,153,-2.0,176,176,0.0,30.0,4.0,126.0,2.0
AnteriorIschemia_003,V6,1,AnteriorIschemia,-607,qRs,1,0.0022,0,627,1,248,500,,,,,,,,,,0,2,-4.0,5,5,0.0,20,24,-8.0,31,32,-2.0,54,42,24.0,55,72,-34.0,150,150,0.0,175,176,-2.0,28.0,2.0,32.0,-2.0
AnteriorIschemia_003,II,1,AnteriorIschemia,-607,R,1,0.0019,0,627,1,248,500,,,,,,,,,,0,2,-4.0,,,,10,22,-24.0,,65,,54,42,24.0,55,71,-32.0,143,143,0.0,176,225,-98.0,28.0,-94.0,-66.0,-98.0
AnteriorIschemia_004,I,1,AnteriorIschemia,-605,R,1,0.003,0,637,1,250,500,,,,,,,,,,0,2,-4.0,,,,8,29,-42.0,,,,62,57,10.0,63,57,12.0,136,137,-2.0,175,172,6.0,14.0,10.0,-6.0,8.0
AnteriorIschemia_004,II,1,AnteriorIschemia,-605,R,1,0.0015,0,637,1,250,500,,,,,,,,,,0,2,-4.0,,,,19,27,-16.0,,,,61,57,8.0,62,64,-4.0,143,143,0.0,176,181,-10.0,12.0,-6.0,-6.0,-10.0
AnteriorIschemia_004,III,1,AnteriorIschemia,-605,RS,1,0.0033,0,637,1,250,500,,,,,,,,,,0,2,-4.0,,,,5,18,-26.0,62,70,-16.0,62,57,10.0,63,117,-108.0,149,149,0.0,176,202,-52.0,14.0,-48.0,56.0,-52.0
AnteriorIschemia_004,aVR,1,AnteriorIschemia,-605,QS,1,0.0027,0,637,1,250,500,,,,,,,,,,0,2,-4.0,29,27,4.0,,,,,,,62,57,10.0,63,64,-2.0,141,141,0.0,176,172,8.0,14.0,12.0,10.0,8.0
AnteriorIschemia_004,aVL,1,AnteriorIschemia,-605,QRS,1,0.0027,0,637,1,250,500,,,,,,,,,,0,2,-4.0,5,17,-24.0,8,30,-44.0,17,,,60,57,6.0,61,57,8.0,156,104,104.0,175,181,-12.0,10.0,-8.0,-20.0,-116.0
AnteriorIschemia_004,aVF,1,AnteriorIschemia,-605,Rs,1,0.0025,0,637,1,250,500,,,,,,,,,,0,2,-4.0,,,,6,19,-26.0,63,70,-14.0,63,57,12.0,64,98,-68.0,145,146,-2.0,176,178,-4.0,16.0,0.0,64.0,-2.0
AnteriorIschemia_004,V1,1,AnteriorIschemia,-605,rS,1,0.0028,0,637,1,250,500,,,,,,,,,,0,2,-4.0,,,,5,6,-2.0,22,22,0.0,62,57,10.0,63,58,10.0,121,121,0.0,176,189,-26.0,14.0,-22.0,-36.0,-26.0
AnteriorIschemia_004,V2,1,AnteriorIschemia,-605,rS,1,0.003,0,637,1,250,500,,,,,,,,,,0,2,-4.0,,,,5,12,-14.0,25,25,0.0,61,57,8.0,62,64,-4.0,102,102,0.0,176,176,0.0,12.0,4.0,4.0,0.0
AnteriorIschemia_004,V3,1,AnteriorIschemia,-605,QR,1,0.0026,0,637,1,250,500,,,,,,,,,,0,2,-4.0,9,10,-2.0,20,31,-22.0,,,,62,57,10.0,63,64,-2.0,151,101,100.0,176,182,-12.0,14.0,-8.0,-10.0,-112.0
AnteriorIschemia_004,V4,1,AnteriorIschemia,-605,R,1,0.0028,0,637,1,250,500,,,,,,,,,,0,2,-4.0,,9,,30,30,0.0,,,,62,57,10.0,63,57,12.0,175,144,62.0,175,176,-2.0,14.0,2.0,-14.0,-64.0
AnteriorIschemia_004,V5,1,AnteriorIschemia,-605,R,1,0.0019,0,637,1,250,500,,,,,,,,,,0,2,-4.0,,7,,26,26,0.0,,,,63,57,12.0,64,94,-60.0,147,147,0.0,176,175,2.0,16.0,6.0,62.0,2.0
AnteriorIschemia_004,V6,1,AnteriorIschemia,-605,Rs,1,0.0015,0,637,1,250,500,,,,,,,,,,0,2,-4.0,,4,,20,20,0.0,30,31,-2.0,62,57,10.0,63,98,-70.0,145,145,0.0,176,175,2.0,14.0,6.0,72.0,2.0
AnteriorIschemia_005,aVR,1,AnteriorIschemia,-608,QS,1,0.0335,0,643,1,247,500,,,,,,,,,,0,4,-8.0,23,24,-2.0,,,,,,,49,51,-4.0,50,51,-2.0,141,141,0.0,178,176,4.0,4.0,12.0,6.0,4.0
AnteriorIschemia_005,I,1,AnteriorIschemia,-608,R,1,0.0446,0,643,1,247,500,,,,,,,,,,0,4,-8.0,,,,9,24,-30.0,,,,48,51,-6.0,49,51,-4.0,136,136,0.0,174,169,10.0,2.0,18.0,14.0,10.0
AnteriorIschemia_005,II,1,AnteriorIschemia,-608,R,1,0.0263,0,643,1,247,500,,,,,,,,,,0,4,-8.0,,,,16,24,-16.0,,,,48,51,-6.0,49,70,-42.0,143,143,0.0,178,177,2.0,2.0,10.0,44.0,2.0
AnteriorIschemia_005,III,1,AnteriorIschemia,-608,R,1,0.0708,0,643,1,247,500,,,,,,,,,,0,4,-8.0,,,,6,23,-34.0,,67,,48,51,-6.0,49,102,-106.0,147,147,0.0,177,175,4.0,2.0,12.0,110.0,4.0
AnteriorIschemia_005,aVL,1,AnteriorIschemia,-608,qrS,1,0.0551,0,643,1,247,500,,,,,,,,,,0,4,-8.0,5,6,-2.0,8,8,0.0,17,17,0.0,47,51,-8.0,48,51,-6.0,152,152,0.0,175,174,2.0,0.0,10.0,8.0,2.0
AnteriorIschemia_005,aVF,1,AnteriorIschemia,-608,R,1,0.0456,0,643,1,247,500,,,,,,,,,,0,4,-8.0,,,,16,23,-14.0,,,,50,51,-2.0,51,68,-34.0,145,145,0.0,177,176,2.0,6.0,10.0,36.0,2.0
AnteriorIschemia_005,V1,1,AnteriorIschemia,-608,rS,1,0.0485,0,643,1,247,500,,,,,,,,,,0,4,-8.0,,22,,4,33,-58.0,22,,,48,51,-6.0,49,58,-18.0,103,104,-2.0,178,167,22.0,2.0,30.0,40.0,24.0
AnteriorIschemia_005,V2,1,AnteriorIschemia,-608,rS,1,0.0538,0,643,1,247,500,,,,,,,,,,0,4,-8.0,,21,,3,32,-58.0,21,,,48,51,-6.0,49,51,-4.0,102,103,-2.0,179,176,6.0,2.0,14.0,10.0,8.0
AnteriorIschemia_005,V3,1,AnteriorIschemia,-608,QR,1,0.0675,0,643,1,247,500,,,,,,,,,,0,4,-8.0,8,8,0.0,16,27,-22.0,,,,49,51,-4.0,50,57,-14.0,103,103,0.0,179,173,12.0,4.0,20.0,26.0,12.0
AnteriorIschemia_005,V5,1,AnteriorIschemia,-608,qR,1,0.0423,0,643,1,247,500,,,,,,,,,,0,4,-8.0,6,7,-2.0,24,24,0.0,,,,51,51,0.0,52,51,2.0,146,146,0.0,180,175,10.0,8.0,18.0,8.0,10.0
AnteriorIschemia_005,V6,1,AnteriorIschemia,-608,R,1,0.0311,0,643,1,247,500,,,,,,,,,,0,4,-8.0,,,,22,22,0.0,,33,,50,51,-2.0,51,100,-98.0,145,145,0.0,180,174,12.0,6.0,20.0,110.0,12.0
AnteriorIschemia_005,V4,1,AnteriorIschemia,-608,qR,1,0.0641,0,643,1,247,500,,,,,,,,,,0,4,-8.0,8,8,0.0,27,28,-2.0,,,,50,51,-2.0,51,58,-14.0,178,105,146.0,178,181,-6.0,6.0,2.0,8.0,-152.0
AnteriorIschemia_006,aVR,1,AnteriorIschemia,-612,QS,1,0.0049,0,628,1,243,500,,,,,,,,,,0,2,-4.0,24,24,0.0,,,,,,,49,59,-20.0,50,64,-28.0,139,139,0.0,173,175,-4.0,-16.0,0.0,24.0,-4.0
AnteriorIschemia_006,I,1,AnteriorIschemia,-612,R,1,0.0055,0,628,1,243,500,,,,,,,,,,0,2,-4.0,,,,8,24,-32.0,,,,49,59,-20.0,50,59,-18.0,135,135,0.0,172,167,10.0,-16.0,14.0,28.0,10.0
AnteriorIschemia_006,II,1,AnteriorIschemia,-612,R,1,0.0036,0,628,1,243,500,,,,,,,,,,0,2,-4.0,,,,10,25,-30.0,,,,48,59,-22.0,49,68,-38.0,141,141,0.0,173,176,-6.0,-18.0,-2.0,32.0,-6.0
AnteriorIschemia_006,III,1,AnteriorIschemia,-612,Rs,1,0.0087,0,628,1,243,500,,,,,,,,,,0,2,-4.0,,,,10,10,0.0,21,68,-94.0,48,59,-22.0,49,111,-124.0,144,144,0.0,173,202,-58.0,-18.0,-54.0,66.0,-58.0
AnteriorIschemia_006,aVL,1,AnteriorIschemia,-612,qRs,1,0.0067,0,628,1,243,500,,,,,,,,,,0,2,-4.0,10,10,0.0,23,23,0.0,34,33,2.0,46,59,-26.0,47,59,-24.0,103,103,0.0,173,200,-54.0,-22.0,-50.0,-30.0,-54.0
AnteriorIschemia_006,aVF,1,AnteriorIschemia,-612,R,1,0.007,0,628,1,243,500,,,,,,,,,,0,2,-4.0,,,,10,25,-30.0,,67,,51,59,-16.0,52,91,-78.0,142,142,0.0,173,182,-18.0,-12.0,-14.0,60.0,-18.0
AnteriorIschemia_006,V1,1,AnteriorIschemia,-612,rS,1,0.0061,0,628,1,243,500,,,,,,,,,,0,2,-4.0,,,,9,9,0.0,23,23,0.0,47,59,-24.0,48,60,-24.0,124,125,-2.0,173,168,10.0,-20.0,14.0,34.0,12.0
AnteriorIschemia_006,V2,1,AnteriorIschemia,-612,RS,1,0.0069,0,628,1,243,500,,,,,,,,,,0,2,-4.0,,,,10,10,0.0,22,22,0.0,47,59,-24.0,48,64,-32.0,132,132,0.0,173,171,4.0,-20.0,8.0,36.0,4.0
AnteriorIschemia_006,V3,1,AnteriorIschemia,-612,RS,1,0.0074,0,628,1,243,500,,,,,,,,,,0,2,-4.0,,20,,11,30,-38.0,20,,,50,59,-18.0,51,59,-16.0,112,113,-2.0,172,168,8.0,-14.0,12.0,24.0,10.0
AnteriorIschemia_006,V4,1,AnteriorIschemia,-612,RS,1,0.0081,0,628,1,243,500,,,,,,,,,,0,2,-4.0,,19,,11,28,-34.0,19,,,49,59,-20.0,50,64,-28.0,112,112,0.0,172,176,-8.0,-16.0,-4.0,20.0,-8.0
AnteriorIschemia_006,V5,1,AnteriorIschemia,-612,R,1,0.0045,0,628,1,243,500,,,,,,,,,,0,2,-4.0,,6,,25,25,0.0,,,,49,59,-20.0,50,79,-58.0,117,117,0.0,173,172,2.0,-16.0,6.0,60.0,2.0
AnteriorIschemia_006,V6,1,AnteriorIschemia,-612,R,1,0.0037,0,628,1,243,500,,,,,,,,,,0,2,-4.0,,5,,22,22,0.0,,,,48,59,-22.0,49,111,-124.0,147,148,-2.0,173,177,-8.0,-18.0,-4.0,116.0,-6.0
AnteriorIschemia_007,V2,1,AnteriorIschemia,-610,qR,1,0.0063,0,638,1,245,500,,,,,,,,,,0,3,-6.0,9,9,0.0,26,26,0.0,,,,49,54,-10.0,50,62,-24.0,185,108,154.0,185,168,34.0,-4.0,40.0,58.0,-120.0
AnteriorIschemia_007,I,1,AnteriorIschemia,-610,qR,1,0.0029,0,638,1,245,500,,,,,,,,,,0,3,-6.0,11,11,0.0,22,23,-2.0,,,,54,54,0.0,55,62,-14.0,174,144,60.0,174,168,12.0,6.0,18.0,26.0,-48.0
AnteriorIschemia_007,II,1,AnteriorIschemia,-610,R,1,0.0021,0,638,1,245,500,,,,,,,,,,0,3,-6.0,,,,20,21,-2.0,,,,51,54,-6.0,52,96,-88.0,142,143,-2.0,181,173,16.0,0.0,22.0,104.0,18.0
AnteriorIschemia_007,III,1,AnteriorIschemia,-610,Rs,1,0.0099,0,638,1,245,500,,,,,,,,,,0,3,-6.0,,,,12,14,-4.0,53,66,-26.0,53,54,-2.0,54,105,-102.0,142,142,0.0,189,175,28.0,4.0,34.0,130.0,28.0
AnteriorIschemia_007,aVR,1,AnteriorIschemia,-610,QS,1,0.0027,0,638,1,245,500,,,,,,,,,,0,3,-6.0,22,23,-2.0,,,,,,,51,54,-6.0,52,83,-62.0,142,143,-2.0,181,172,18.0,0.0,24.0,80.0,20.0
AnteriorIschemia_007,aVL,1,AnteriorIschemia,-610,QR,1,0.0066,0,638,1,245,500,,,,,,,,,,0,3,-6.0,11,11,0.0,22,23,-2.0,,,,52,54,-4.0,53,112,-118.0,142,142,0.0,185,172,26.0,2.0,32.0,144.0,26.0
AnteriorIschemia_007,aVF,1,AnteriorIschemia,-610,Rs,1,0.004,0,638,1,245,500,,,,,,,,,,0,3,-6.0,,,,17,17,0.0,55,70,-30.0,55,54,2.0,56,99,-86.0,142,142,0.0,182,177,10.0,8.0,16.0,96.0,10.0
AnteriorIschemia_007,V1,1,AnteriorIschemia,-610,rS,1,0.0048,0,638,1,245,500,,,,,,,,,,0,3,-6.0,,20,,4,31,-54.0,20,,,50,54,-8.0,51,55,-8.0,111,111,0.0,188,175,26.0,-2.0,32.0,34.0,26.0
AnteriorIschemia_007,V3,1,AnteriorIschemia,-610,qR,1,0.0066,0,638,1,245,500,,,,,,,,,,0,3,-6.0,9,9,0.0,26,26,0.0,,,,52,54,-4.0,53,71,-36.0,183,109,148.0,183,168,30.0,2.0,36.0,66.0,-118.0
AnteriorIschemia_007,V4,1,AnteriorIschemia,-610,qR,1,0.0072,0,638,1,245,500,,,,,,,,,,0,3,-6.0,8,9,-2.0,24,24,0.0,,,,51,54,-6.0,52,75,-46.0,177,112,130.0,177,168,18.0,0.0,24.0,64.0,-112.0
AnteriorIschemia_007,V5,1,AnteriorIschemia,-610,qR,1,0.0035,0,638,1,245,500,,,,,,,,,,0,3,-6.0,6,7,-2.0,21,21,0.0,,,,51,54,-6.0,52,101,-98.0,146,146,0.0,189,172,34.0,0.0,40.0,132.0,34.0
AnteriorIschemia_007,V6,1,AnteriorIschemia,-610,qRs,1,0.0022,0,638,1,245,500,,,,,,,,,,0,3,-6.0,6,6,0.0,21,21,0.0,51,93,-84.0,51,54,-6.0,52,115,-126.0,146,147,-2.0,186,171,30.0,0.0,36.0,156.0,32.0
AnteriorIschemia_008,aVR,1,AnteriorIschemia,-610,QS,1,0.0055,0,636,1,245,500,,,,,,,,,,0,2,-4.0,24,25,-2.0,,,,,,,57,58,-2.0,58,64,-12.0,140,140,0.0,177,172,10.0,2.0,14.0,22.0,10.0
AnteriorIschemia_008,II,1,AnteriorIschemia,-610,R,1,0.0043,0,636,1,245,500,,,,,,,,,,0,2,-4.0,,,,24,24,0.0,,,,57,58,-2.0,58,64,-12.0,144,144,0.0,176,175,2.0,2.0,6.0,14.0,2.0
AnteriorIschemia_008,III,1,AnteriorIschemia,-610,Rs,1,0.011,0,636,1,245,500,,,,,,,,,,0,2,-4.0,,,,18,18,0.0,29,28,2.0,57,58,-2.0,58,101,-86.0,149,150,-2.0,176,176,0.0,2.0,4.0,86.0,2.0
AnteriorIschemia_008,I,1,AnteriorIschemia,-610,R,1,0.0058,0,636,1,245,500,,,,,,,,,,0,2,-4.0,,,,25,25,0.0,,,,56,58,-4.0,57,62,-10.0,132,132,0.0,176,170,12.0,0.0,16.0,22.0,12.0
AnteriorIschemia_008,aVL,1,AnteriorIschemia,-610,qR,1,0.0074,0,636,1,245,500,,,,,,,,,,0,2,-4.0,17,17,0.0,27,27,0.0,,,,55,58,-6.0,56,66,-20.0,155,104,102.0,176,173,6.0,-2.0,10.0,26.0,-96.0
AnteriorIschemia_008,aVF,1,AnteriorIschemia,-610,Rs,1,0.0078,0,636,1,245,500,,,,,,,,,,0,2,-4.0,,,,19,24,-10.0,58,,,58,58,0.0,59,102,-86.0,146,147,-2.0,176,178,-4.0,4.0,0.0,82.0,-2.0
AnteriorIschemia_008,V1,1,AnteriorIschemia,-610,RS,1,0.0068,0,636,1,245,500,,,,,,,,,,0,2,-4.0,,,,7,8,-2.0,23,24,-2.0,56,58,-4.0,57,59,-4.0,135,136,-2.0,176,178,-4.0,0.0,0.0,0.0,-2.0
AnteriorIschemia_008,V2,1,AnteriorIschemia,-610,rS,1,0.0091,0,636,1,245,500,,,,,,,,,,0,2,-4.0,,,,6,7,-2.0,23,24,-2.0,57,58,-2.0,58,60,-4.0,129,129,0.0,176,181,-10.0,2.0,-6.0,-6.0,-10.0
AnteriorIschemia_008,V3,1,AnteriorIschemia,-610,RS,1,0.0096,0,636,1,245,500,,,,,,,,,,0,2,-4.0,,12,,5,26,-42.0,13,,,58,58,0.0,59,66,-14.0,109,109,0.0,175,176,-2.0,4.0,2.0,12.0,-2.0
AnteriorIschemia_008,V4,1,AnteriorIschemia,-610,qR,1,0.0118,0,636,1,245,500,,,,,,,,,,0,2,-4.0,10,10,0.0,25,25,0.0,,,,57,58,-2.0,58,66,-16.0,110,111,-2.0,175,180,-10.0,2.0,-6.0,6.0,-8.0
AnteriorIschemia_008,V5,1,AnteriorIschemia,-610,qR,1,0.0064,0,636,1,245,500,,,,,,,,,,0,2,-4.0,7,8,-2.0,24,25,-2.0,,,,57,58,-2.0,58,66,-16.0,146,146,0.0,176,176,0.0,2.0,4.0,16.0,0.0
AnteriorIschemia_008,V6,1,AnteriorIschemia,-610,qR,1,0.0048,0,636,1,245,500,,,,,,,,,,0,2,-4.0,7,7,0.0,23,23,0.0,,,,57,58,-2.0,58,91,-66.0,147,147,0.0,176,171,10.0,2.0,14.0,76.0,10.0
AnteriorIschemia_009,V3,1,AnteriorIschemia,-612,rS,1,0.0067,0,639,1,243,500,,,,,,,,,,0,2,-4.0,,21,,5,31,-52.0,21,,,51,55,-8.0,52,59,-14.0,112,112,0.0,173,169,8.0,-4.0,12.0,22.0,8.0
AnteriorIschemia_009,I,1,AnteriorIschemia,-612,R,1,0.0035,0,639,1,243,500,,,,,,,,,,0,2,-4.0,,,,25,26,-2.0,,,,49,55,-12.0,50,55,-10.0,128,129,-2.0,173,169,8.0,-8.0,12.0,18.0,10.0
AnteriorIschemia_009,II,1,AnteriorIschemia,-612,R,1,0.0048,0,639,1,243,500,,,,,,,,,,0,2,-4.0,,,,25,25,0.0,,,,50,55,-10.0,51,75,-48.0,143,143,0.0,174,169,10.0,-6.0,14.0,58.0,10.0
AnteriorIschemia_009,III,1,AnteriorIschemia,-612,rS,1,0.0108,0,639,1,243,500,,,,,,,,,,0,2,-4.0,,,,5,6,-2.0,27,27,0.0,50,55,-10.0,51,64,-26.0,147,103,88.0,173,169,8.0,-6.0,12.0,34.0,-80.0
AnteriorIschemia_009,aVR,1,AnteriorIschemia,-612,QS,1,0.0048,0,639,1,243,500,,,,,,,,,,0,2,-4.0,25,25,0.0,,,,,,,49,55,-12.0,50,64,-28.0,141,141,0.0,173,169,8.0,-8.0,12.0,36.0,8.0
AnteriorIschemia_009,aVL,1,AnteriorIschemia,-612,R,1,0.0044,0,639,1,243,500,,,,,,,,,,0,2,-4.0,,6,,12,27,-30.0,,,,47,55,-16.0,48,55,-14.0,172,110,124.0,172,169,6.0,-12.0,10.0,20.0,-118.0
AnteriorIschemia_009,V4,1,AnteriorIschemia,-612,RS,1,0.0071,0,639,1,243,500,,,,,,,,,,0,2,-4.0,,20,,8,27,-38.0,20,,,50,55,-10.0,51,64,-26.0,129,130,-2.0,173,175,-4.0,-6.0,0.0,22.0,-2.0
AnteriorIschemia_009,V5,1,AnteriorIschemia,-612,R,1,0.0036,0,639,1,243,500,,,,,,,,,,0,2,-4.0,,,,26,26,0.0,,,,50,55,-10.0,51,70,-38.0,144,144,0.0,175,169,12.0,-6.0,16.0,50.0,12.0
AnteriorIschemia_009,V6,1,AnteriorIschemia,-612,R,1,0.003,0,639,1,243,500,,,,,,,,,,0,2,-4.0,,,,22,22,0.0,,,,49,55,-12.0,50,93,-86.0,146,147,-2.0,174,169,10.0,-8.0,14.0,96.0,12.0
AnteriorIschemia_009,aVF,1,AnteriorIschemia,-612,RS,1,0.0086,0,639,1,243,500,,,,,,,,,,0,2,-4.0,,,,10,18,-16.0,28,29,-2.0,52,55,-6.0,53,64,-22.0,145,145,0.0,173,169,8.0,-2.0,12.0,30.0,8.0
AnteriorIschemia_009,V1,1,AnteriorIschemia,-612,rS,1,0.0054,0,639,1,243,500,,,,,,,,,,0,2,-4.0,,23,,4,,,23,,,48,55,-14.0,50,64,-28.0,97,98,-2.0,173,169,8.0,-10.0,12.0,36.0,10.0
AnteriorIschemia_009,V2,1,AnteriorIschemia,-612,rS,1,0.0056,0,639,1,243,500,,,,,,,,,,0,2,-4.0,,,,5,5,0.0,21,22,-2.0,49,55,-12.0,50,64,-28.0,110,110,0.0,174,169,10.0,-8.0,14.0,38.0,10.0
AnteriorIschemia_010,aVR,1,AnteriorIschemia,-607,QS,1,0.0034,0,637,1,248,500,,,,,,,,,,0,2,-4.0,27,27,0.0,,,,,,,57,38,38.0,58,64,-12.0,141,141,0.0,181,174,14.0,42.0,18.0,26.0,14.0
AnteriorIschemia_010,I,1,AnteriorIschemia,-607,R,1,0.0031,0,637,1,248,500,,,,,,,,,,0,2,-4.0,,,,9,30,-42.0,,,,56,38,36.0,57,53,8.0,134,134,0.0,180,174,12.0,40.0,16.0,4.0,12.0
AnteriorIschemia_010,II,1,AnteriorIschemia,-607,R,1,0.0024,0,637,1,248,500,,,,,,,,,,0,2,-4.0,,,,8,27,-38.0,,,,58,38,40.0,59,70,-22.0,144,145,-2.0,180,174,12.0,44.0,16.0,34.0,14.0
AnteriorIschemia_010,III,1,AnteriorIschemia,-607,RS,1,0.0067,0,637,1,248,500,,,,,,,,,,0,2,-4.0,,,,6,27,-42.0,59,34,50.0,59,38,42.0,60,98,-76.0,150,150,0.0,181,174,14.0,46.0,18.0,90.0,14.0
AnteriorIschemia_010,aVL,1,AnteriorIschemia,-607,QRS,1,0.004,0,637,1,248,500,,,,,,,,,,0,2,-4.0,5,18,-26.0,10,31,-42.0,18,,,56,38,36.0,57,82,-50.0,155,104,102.0,180,174,12.0,40.0,16.0,62.0,-90.0
AnteriorIschemia_010,aVF,1,AnteriorIschemia,-607,RS,1,0.0051,0,637,1,248,500,,,,,,,,,,0,2,-4.0,,,,7,27,-40.0,63,,,63,38,50.0,64,68,-8.0,147,147,0.0,180,182,-4.0,54.0,0.0,4.0,-4.0
AnteriorIschemia_010,V1,1,AnteriorIschemia,-607,rS,1,0.0032,0,637,1,248,500,,,,,,,,,,0,2,-4.0,,21,,4,,,21,,,57,38,38.0,58,49,18.0,146,146,0.0,180,174,12.0,42.0,16.0,-6.0,12.0
AnteriorIschemia_010,V2,1,AnteriorIschemia,-607,rS,1,0.0036,0,637,1,248,500,,,,,,,,,,0,2,-4.0,,21,,4,,,21,,,58,38,40.0,59,64,-10.0,109,110,-2.0,184,174,20.0,44.0,24.0,30.0,22.0
AnteriorIschemia_010,V3,1,AnteriorIschemia,-607,QR,1,0.0045,0,637,1,248,500,,,,,,,,,,0,2,-4.0,18,19,-2.0,30,31,-2.0,,,,60,38,44.0,61,64,-6.0,107,107,0.0,185,174,22.0,48.0,26.0,28.0,22.0
AnteriorIschemia_010,V6,1,AnteriorIschemia,-607,Rs,1,0.0028,0,637,1,248,500,,,,,,,,,,0,2,-4.0,,,,20,20,0.0,29,29,0.0,58,38,40.0,59,95,-72.0,145,145,0.0,181,174,14.0,44.0,18.0,86.0,14.0
AnteriorIschemia_010,V4,1,AnteriorIschemia,-607,qR,1,0.0053,0,637,1,248,500,,,,,,,,,,0,2,-4.0,10,11,-2.0,29,29,0.0,,,,60,38,44.0,61,64,-6.0,145,145,0.0,180,174,12.0,48.0,16.0,18.0,12.0
AnteriorIschemia_010,V5,1,AnteriorIschemia,-607,qR,1,0.0037,0,637,1,248,500,,,,,,,,,,0,2,-4.0,7,7,0.0,24,24,0.0,,,,59,38,42.0,60,64,-8.0,147,148,-2.0,182,174,16.0,46.0,20.0,24.0,18.0
AnteriorIschemia_011,V5,1,AnteriorIschemia,-601,qR,1,0.0056,0,638,1,254,500,,,,,,,,,,0,2,-4.0,9,9,0.0,26,26,0.0,,,,53,47,12.0,54,86,-64.0,148,148,0.0,199,172,54.0,16.0,58.0,118.0,54.0
AnteriorIschemia_011,I,1,AnteriorIschemia,-601,QR,1,0.0077,0,638,1,254,500,,,,,,,,,,0,2,-4.0,12,12,0.0,30,30,0.0,,,,54,47,14.0,55,48,14.0,136,136,0.0,194,185,18.0,18.0,22.0,4.0,18.0
AnteriorIschemia_011,II,1,AnteriorIschemia,-601,R,1,0.0049,0,638,1,254,500,,,,,,,,,,0,2,-4.0,,,,19,19,0.0,,72,,52,47,10.0,53,105,-104.0,144,145,-2.0,188,199,-22.0,14.0,-18.0,82.0,-20.0
AnteriorIschemia_011,III,1,AnteriorIschemia,-601,Rs,1,0.0103,0,638,1,254,500,,,,,,,,,,0,2,-4.0,,,,18,19,-2.0,55,72,-34.0,55,47,16.0,56,107,-102.0,146,146,0.0,199,193,12.0,20.0,16.0,114.0,12.0
AnteriorIschemia_011,aVR,1,AnteriorIschemia,-601,QS,1,0.008,0,638,1,254,500,,,,,,,,,,0,2,-4.0,30,30,0.0,,,,,,,51,47,8.0,52,80,-56.0,143,143,0.0,191,181,20.0,12.0,24.0,76.0,20.0
AnteriorIschemia_011,aVL,1,AnteriorIschemia,-601,Qrs,1,0.0092,0,638,1,254,500,,,,,,,,,,0,2,-4.0,18,18,0.0,37,37,0.0,41,41,0.0,51,47,8.0,52,72,-40.0,148,148,0.0,201,189,24.0,12.0,28.0,64.0,24.0
AnteriorIschemia_011,aVF,1,AnteriorIschemia,-601,Rs,1,0.0073,0,638,1,254,500,,,,,,,,,,0,2,-4.0,,,,18,19,-2.0,54,72,-36.0,54,47,14.0,55,103,-96.0,145,145,0.0,190,178,24.0,18.0,28.0,120.0,24.0
AnteriorIschemia_011,V1,1,AnteriorIschemia,-601,RS,1,0.0053,0,638,1,254,500,,,,,,,,,,0,2,-4.0,,,,10,11,-2.0,28,29,-2.0,51,47,8.0,52,48,8.0,197,95,204.0,197,182,30.0,12.0,34.0,22.0,-174.0
AnteriorIschemia_011,V2,1,AnteriorIschemia,-601,RS,1,0.0038,0,638,1,254,500,,,,,,,,,,0,2,-4.0,,,,5,6,-2.0,28,28,0.0,51,47,8.0,53,48,10.0,202,98,208.0,202,172,60.0,12.0,64.0,50.0,-148.0
AnteriorIschemia_011,V3,1,AnteriorIschemia,-601,RS,1,0.0046,0,638,1,254,500,,,,,,,,,,0,2,-4.0,,17,,4,35,-62.0,17,,,51,47,8.0,52,48,8.0,200,108,184.0,200,185,30.0,12.0,34.0,22.0,-154.0
AnteriorIschemia_011,V4,1,AnteriorIschemia,-601,qR,1,0.0062,0,638,1,254,500,,,,,,,,,,0,2,-4.0,10,11,-2.0,34,34,0.0,,,,53,47,12.0,54,48,12.0,196,109,174.0,196,179,34.0,16.0,38.0,22.0,-140.0
AnteriorIschemia_011,V6,1,AnteriorIschemia,-601,RS,1,0.0043,0,638,1,254,500,,,,,,,,,,0,2,-4.0,,,,16,16,0.0,27,28,-2.0,53,47,12.0,54,91,-74.0,144,144,0.0,197,172,50.0,16.0,54.0,124.0,50.0
AnteriorIschemia_012,aVR,1,AnteriorIschemia,-606,QS,1,0.0027,0,622,1,249,500,,,,,,,,,,0,2,-4.0,29,30,-2.0,,,,,,,67,42,50.0,68,59,18.0,141,141,0.0,180,185,-10.0,54.0,-6.0,-28.0,-10.0
AnteriorIschemia_012,I,1,AnteriorIschemia,-606,R,1,0.0022,0,622,1,249,500,,,,,,,,,,0,2,-4.0,,,,10,30,-40.0,,,,66,42,48.0,67,51,32.0,135,135,0.0,180,177,6.0,52.0,10.0,-26.0,6.0
AnteriorIschemia_012,II,1,AnteriorIschemia,-606,R,1,0.0014,0,622,1,249,500,,,,,,,,,,0,2,-4.0,,,,11,30,-38.0,,,,67,42,50.0,68,70,-4.0,144,144,0.0,181,193,-24.0,54.0,-20.0,-20.0,-24.0
AnteriorIschemia_012,III,1,AnteriorIschemia,-606,RS,1,0.0044,0,622,1,249,500,,,,,,,,,,0,2,-4.0,,,,11,11,0.0,35,34,2.0,67,42,50.0,68,72,-8.0,148,148,0.0,181,197,-32.0,54.0,-28.0,-24.0,-32.0
AnteriorIschemia_012,aVL,1,AnteriorIschemia,-606,qR,1,0.0031,0,622,1,249,500,,,,,,,,,,0,2,-4.0,7,11,-8.0,27,33,-12.0,,,,63,42,42.0,64,47,34.0,164,104,120.0,180,177,6.0,46.0,10.0,-28.0,-114.0
AnteriorIschemia_012,aVF,1,AnteriorIschemia,-606,Rs,1,0.0032,0,622,1,249,500,,,,,,,,,,0,2,-4.0,,,,11,11,0.0,69,,,69,42,54.0,70,70,0.0,146,146,0.0,181,187,-12.0,58.0,-8.0,-12.0,-12.0
AnteriorIschemia_012,V1,1,AnteriorIschemia,-606,rS,1,0.0019,0,622,1,249,500,,,,,,,,,,0,2,-4.0,,27,,6,,,27,,,66,42,48.0,67,46,42.0,142,143,-2.0,180,177,6.0,52.0,10.0,-36.0,8.0
AnteriorIschemia_012,V3,1,AnteriorIschemia,-606,Qr,1,0.002,0,622,1,249,500,,,,,,,,,,0,2,-4.0,27,27,0.0,40,41,-2.0,,,,67,42,50.0,68,70,-4.0,108,108,0.0,179,177,4.0,54.0,8.0,8.0,4.0
AnteriorIschemia_012,V4,1,AnteriorIschemia,-606,qR,1,0.003,0,622,1,249,500,,,,,,,,,,0,2,-4.0,23,23,0.0,33,34,-2.0,,,,68,42,52.0,69,75,-12.0,155,155,0.0,179,185,-12.0,56.0,-8.0,0.0,-12.0
AnteriorIschemia_012,V5,1,AnteriorIschemia,-606,qR,1,0.0021,0,622,1,249,500,,,,,,,,,,0,2,-4.0,8,8,0.0,31,31,0.0,,,,68,42,52.0,69,52,34.0,162,139,46.0,180,177,6.0,56.0,10.0,-28.0,-40.0
AnteriorIschemia_012,V6,1,AnteriorIschemia,-606,Rs,1,0.0017,0,622,1,249,500,,,,,,,,,,0,2,-4.0,,,,23,23,0.0,68,,,68,42,52.0,69,94,-50.0,151,151,0.0,180,177,6.0,56.0,10.0,56.0,6.0
AnteriorIschemia_012,V2,1,AnteriorIschemia,-606,rS,1,0.0016,0,622,1,249,500,,,,,,,,,,0,2,-4.0,,,,8,12,-8.0,24,24,0.0,67,42,50.0,68,70,-4.0,122,122,0.0,180,177,6.0,54.0,10.0,10.0,6.0
AnteriorIschemia_013,I,1,AnteriorIschemia,-608,qR,1,0.0083,0,633,1,247,500,,,,,,,,,,0,3,-6.0,10,10,0.0,26,26,0.0,,,,48,44,8.0,49,51,-4.0,140,140,0.0,185,166,38.0,14.0,44.0,42.0,38.0
AnteriorIschemia_013,II,1,AnteriorIschemia,-608,R,1,0.0031,0,633,1,247,500,,,,,,,,,,0,3,-6.0,,,,9,25,-32.0,,67,,44,44,0.0,59,101,-84.0,145,145,0.0,200,174,52.0,6.0,58.0,136.0,52.0
AnteriorIschemia_013,III,1,AnteriorIschemia,-608,R,1,0.0145,0,633,1,247,500,,,,,,,,,,0,3,-6.0,,,,10,17,-14.0,,,,45,44,2.0,57,98,-82.0,148,148,0.0,206,184,44.0,8.0,50.0,126.0,44.0
AnteriorIschemia_013,aVR,1,AnteriorIschemia,-608,QS,1,0.0056,0,633,1,247,500,,,,,,,,,,0,3,-6.0,26,26,0.0,,,,,,,43,44,-2.0,57,76,-38.0,144,144,0.0,199,180,38.0,4.0,44.0,76.0,38.0
AnteriorIschemia_013,aVL,1,AnteriorIschemia,-608,QR,1,0.0115,0,633,1,247,500,,,,,,,,,,0,3,-6.0,15,10,10.0,26,26,0.0,,,,45,44,2.0,50,64,-28.0,152,153,-2.0,206,185,42.0,8.0,48.0,70.0,44.0
AnteriorIschemia_013,aVF,1,AnteriorIschemia,-608,R,1,0.0066,0,633,1,247,500,,,,,,,,,,0,3,-6.0,,,,10,24,-28.0,,69,,45,44,2.0,63,105,-84.0,146,146,0.0,200,183,34.0,8.0,40.0,118.0,34.0
AnteriorIschemia_013,V1,1,AnteriorIschemia,-608,rS,1,0.0088,0,633,1,247,500,,,,,,,,,,0,3,-6.0,,25,,4,,,24,,,43,44,-2.0,60,48,24.0,199,101,196.0,199,166,66.0,4.0,72.0,42.0,-130.0
AnteriorIschemia_013,V2,1,AnteriorIschemia,-608,rS,1,0.0116,0,633,1,247,500,,,,,,,,,,0,3,-6.0,,20,,4,30,-52.0,20,,,44,44,0.0,63,53,20.0,201,106,190.0,201,175,52.0,6.0,58.0,32.0,-138.0
AnteriorIschemia_013,V3,1,AnteriorIschemia,-608,qR,1,0.0129,0,633,1,247,500,,,,,,,,,,0,3,-6.0,8,8,0.0,28,28,0.0,,,,43,44,-2.0,69,53,32.0,199,105,188.0,199,166,66.0,4.0,72.0,34.0,-122.0
AnteriorIschemia_013,V5,1,AnteriorIschemia,-608,qR,1,0.0058,0,633,1,247,500,,,,,,,,,,0,3,-6.0,8,7,2.0,25,25,0.0,,,,45,44,2.0,60,96,-72.0,151,151,0.0,204,166,76.0,8.0,82.0,148.0,76.0
AnteriorIschemia_013,V6,1,AnteriorIschemia,-608,qRs,1,0.0033,0,633,1,247,500,,,,,,,,,,0,3,-6.0,7,7,0.0,24,24,0.0,33,34,-2.0,45,44,2.0,58,96,-76.0,149,149,0.0,203,181,44.0,8.0,50.0,120.0,44.0
AnteriorIschemia_013,V4,1,AnteriorIschemia,-608,qR,1,0.0118,0,633,1,247,500,,,,,,,,,,0,3,-6.0,8,8,0.0,27,28,-2.0,,,,44,44,0.0,66,53,26.0,145,103,84.0,200,166,68.0,6.0,74.0,42.0,-16.0
AnteriorIschemia_014,I,1,AnteriorIschemia,-606,QR,1,0.0602,0,637,1,249,500,,,,,,,,,,0,4,-8.0,5,,,9,25,-32.0,,,,49,43,12.0,50,56,-12.0,140,140,0.0,207,179,56.0,20.0,64.0,68.0,56.0
AnteriorIschemia_014,II,1,AnteriorIschemia,-606,R,1,0.0296,0,637,1,249,500,,,,,,,,,,0,4,-8.0,,,,25,26,-2.0,,,,45,43,4.0,51,76,-50.0,144,145,-2.0,215,182,66.0,12.0,74.0,116.0,68.0
AnteriorIschemia_014,III,1,AnteriorIschemia,-606,R,1,0.0933,0,637,1,249,500,,,,,,,,,,0,4,-8.0,,,,7,18,-22.0,,,,48,43,10.0,49,70,-42.0,145,146,-2.0,213,180,66.0,18.0,74.0,108.0,68.0
AnteriorIschemia_014,aVR,1,AnteriorIschemia,-606,QS,1,0.0356,0,637,1,249,500,,,,,,,,,,0,4,-8.0,25,26,-2.0,,,,,,,45,43,4.0,50,79,-58.0,144,144,0.0,216,183,66.0,12.0,74.0,124.0,66.0
AnteriorIschemia_014,aVL,1,AnteriorIschemia,-606,Qr,1,0.0613,0,637,1,249,500,,,,,,,,,,0,4,-8.0,16,17,-2.0,24,25,-2.0,,28,,47,43,8.0,48,56,-16.0,147,147,0.0,217,191,52.0,16.0,60.0,68.0,52.0
AnteriorIschemia_014,aVF,1,AnteriorIschemia,-606,R,1,0.0529,0,637,1,249,500,,,,,,,,,,0,4,-8.0,,,,26,26,0.0,,,,48,43,10.0,50,74,-48.0,145,145,0.0,211,183,56.0,18.0,64.0,104.0,56.0
AnteriorIschemia_014,V1,1,AnteriorIschemia,-606,rS,1,0.0584,0,637,1,249,500,,,,,,,,,,0,4,-8.0,,24,,5,34,-58.0,24,,,44,43,2.0,52,56,-8.0,150,99,102.0,212,179,66.0,10.0,74.0,74.0,-36.0
AnteriorIschemia_014,V2,1,AnteriorIschemia,-606,QR,1,0.0627,0,637,1,249,500,,,,,,,,,,0,4,-8.0,7,7,0.0,14,31,-34.0,,,,44,43,2.0,55,56,-2.0,220,103,234.0,220,176,88.0,10.0,96.0,90.0,-146.0
AnteriorIschemia_014,V5,1,AnteriorIschemia,-606,qR,1,0.0503,0,637,1,249,500,,,,,,,,,,0,4,-8.0,7,7,0.0,23,23,0.0,,,,45,43,4.0,56,90,-68.0,146,146,0.0,218,172,92.0,12.0,100.0,160.0,92.0
AnteriorIschemia_014,V6,1,AnteriorIschemia,-606,qR,1,0.0323,0,637,1,249,500,,,,,,,,,,0,4,-8.0,7,7,0.0,23,23,0.0,,,,45,43,4.0,52,94,-84.0,148,148,0.0,217,180,74.0,12.0,82.0,158.0,74.0
AnteriorIschemia_014,V3,1,AnteriorIschemia,-606,qR,1,0.0818,0,637,1,249,500,,,,,,,,,,0,4,-8.0,7,7,0.0,29,29,0.0,,,,43,43,0.0,62,56,12.0,213,108,210.0,213,165,96.0,8.0,104.0,84.0,-114.0
AnteriorIschemia_014,V4,1,AnteriorIschemia,-606,qR,1,0.0774,0,637,1,249,500,,,,,,,,,,0,4,-8.0,8,7,2.0,29,29,0.0,,,,44,43,2.0,58,56,4.0,212,115,194.0,212,165,94.0,10.0,102.0,90.0,-100.0
AnteriorIschemia_015,aVR,1,AnteriorIschemia,-605,QS,1,0.006,0,637,1,250,500,,,,,,,,,,0,3,-6.0,25,26,-2.0,,,,,,,57,42,30.0,58,80,-44.0,144,144,0.0,182,173,18.0,36.0,24.0,62.0,18.0
AnteriorIschemia_015,I,1,AnteriorIschemia,-605,Rs,1,0.0056,0,637,1,250,500,,,,,,,,,,0,3,-6.0,,15,,8,27,-38.0,14,,,55,42,26.0,56,83,-54.0,178,130,96.0,178,173,10.0,32.0,16.0,64.0,-86.0
AnteriorIschemia_015,II,1,AnteriorIschemia,-605,R,1,0.0038,0,637,1,250,500,,,,,,,,,,0,3,-6.0,,,,8,25,-34.0,,74,,58,42,32.0,59,98,-78.0,146,146,0.0,180,181,-2.0,38.0,4.0,76.0,-2.0
AnteriorIschemia_015,III,1,AnteriorIschemia,-605,Rs,1,0.0103,0,637,1,250,500,,,,,,,,,,0,3,-6.0,,,,17,17,0.0,59,66,-14.0,59,42,34.0,60,91,-62.0,148,148,0.0,182,180,4.0,40.0,10.0,66.0,4.0
AnteriorIschemia_015,aVF,1,AnteriorIschemia,-605,Rs,1,0.0065,0,637,1,250,500,,,,,,,,,,0,3,-6.0,,,,23,23,0.0,62,70,-16.0,62,42,40.0,63,111,-96.0,147,147,0.0,179,182,-6.0,46.0,0.0,90.0,-6.0
AnteriorIschemia_015,V1,1,AnteriorIschemia,-605,rS,1,0.0071,0,637,1,250,500,,,,,,,,,,0,3,-6.0,,23,,5,,,23,,,56,42,28.0,57,44,26.0,110,113,-6.0,183,173,20.0,34.0,26.0,-6.0,26.0
AnteriorIschemia_015,V2,1,AnteriorIschemia,-605,rS,1,0.0059,0,637,1,250,500,,,,,,,,,,0,3,-6.0,,21,,4,31,-54.0,21,,,58,42,32.0,59,54,10.0,107,107,0.0,185,173,24.0,38.0,30.0,14.0,24.0
AnteriorIschemia_015,V3,1,AnteriorIschemia,-605,qR,1,0.0068,0,637,1,250,500,,,,,,,,,,0,3,-6.0,8,8,0.0,30,30,0.0,,,,60,42,36.0,61,66,-10.0,107,107,0.0,184,173,22.0,42.0,28.0,32.0,22.0
AnteriorIschemia_015,V5,1,AnteriorIschemia,-605,qR,1,0.0042,0,637,1,250,500,,,,,,,,,,0,3,-6.0,8,8,0.0,25,26,-2.0,,,,60,42,36.0,61,113,-104.0,152,152,0.0,187,173,28.0,42.0,34.0,132.0,28.0
AnteriorIschemia_015,V6,1,AnteriorIschemia,-605,qR,1,0.0035,0,637,1,250,500,,,,,,,,,,0,3,-6.0,6,6,0.0,22,23,-2.0,,,,59,42,34.0,60,94,-68.0,149,149,0.0,183,173,20.0,40.0,26.0,88.0,20.0
AnteriorIschemia_015,aVL,1,AnteriorIschemia,-605,QR,1,0.0063,0,637,1,250,500,,,,,,,,,,0,3,-6.0,15,16,-2.0,28,29,-2.0,,,,54,42,24.0,55,66,-22.0,150,100,100.0,179,173,12.0,30.0,18.0,34.0,-88.0
AnteriorIschemia_015,V4,1,AnteriorIschemia,-605,qR,1,0.0066,0,637,1,250,500,,,,,,,,,,0,3,-6.0,8,9,-2.0,30,30,0.0,,,,60,42,36.0,61,66,-10.0,155,155,0.0,181,173,16.0,42.0,22.0,26.0,16.0
AnteriorIschemia_016,V3,1,AnteriorIschemia,-611,QR,1,0.0084,0,637,1,244,500,,,,,,,,,,0,3,-6.0,7,7,0.0,12,24,-24.0,,,,53,51,4.0,54,62,-16.0,128,128,0.0,170,162,16.0,10.0,22.0,32.0,16.0
AnteriorIschemia_016,I,1,AnteriorIschemia,-611,R,1,0.008,0,637,1,244,500,,,,,,,,,,0,3,-6.0,,,,23,23,0.0,,,,52,51,2.0,53,54,-2.0,130,130,0.0,170,162,16.0,8.0,22.0,18.0,16.0
AnteriorIschemia_016,II,1,AnteriorIschemia,-611,R,1,0.0045,0,637,1,244,500,,,,,,,,,,0,3,-6.0,,,,18,23,-10.0,,,,52,51,2.0,53,76,-46.0,143,143,0.0,172,175,-6.0,8.0,0.0,40.0,-6.0
AnteriorIschemia_016,III,1,AnteriorIschemia,-611,RS,1,0.0119,0,637,1,244,500,,,,,,,,,,0,3,-6.0,,,,5,14,-18.0,53,25,56.0,53,51,4.0,54,94,-80.0,147,147,0.0,172,180,-16.0,10.0,-10.0,64.0,-16.0
AnteriorIschemia_016,aVR,1,AnteriorIschemia,-611,QS,1,0.0068,0,637,1,244,500,,,,,,,,,,0,3,-6.0,22,23,-2.0,,,,,,,52,51,2.0,53,70,-34.0,139,139,0.0,171,174,-6.0,8.0,0.0,28.0,-6.0
AnteriorIschemia_016,aVL,1,AnteriorIschemia,-611,qR,1,0.0102,0,637,1,244,500,,,,,,,,,,0,3,-6.0,11,11,0.0,21,25,-8.0,,,,52,51,2.0,53,51,4.0,149,99,100.0,172,175,-6.0,8.0,0.0,-10.0,-106.0
AnteriorIschemia_016,aVF,1,AnteriorIschemia,-611,Rs,1,0.0079,0,637,1,244,500,,,,,,,,,,0,3,-6.0,,,,15,15,0.0,54,,,54,51,6.0,55,90,-70.0,145,145,0.0,172,176,-8.0,12.0,-2.0,62.0,-8.0
AnteriorIschemia_016,V1,1,AnteriorIschemia,-611,RS,1,0.0083,0,637,1,244,500,,,,,,,,,,0,3,-6.0,,,,10,10,0.0,18,18,0.0,51,51,0.0,52,51,2.0,135,135,0.0,172,162,20.0,6.0,26.0,18.0,20.0
AnteriorIschemia_016,V2,1,AnteriorIschemia,-611,rS,1,0.0096,0,637,1,244,500,,,,,,,,,,0,3,-6.0,,17,,4,26,-44.0,17,,,52,51,2.0,53,51,4.0,133,134,-2.0,171,162,18.0,8.0,24.0,14.0,20.0
AnteriorIschemia_016,V4,1,AnteriorIschemia,-611,qR,1,0.0103,0,637,1,244,500,,,,,,,,,,0,3,-6.0,7,7,0.0,24,24,0.0,,,,53,51,4.0,54,81,-54.0,127,127,0.0,171,162,18.0,10.0,24.0,72.0,18.0
AnteriorIschemia_016,V5,1,AnteriorIschemia,-611,qR,1,0.0071,0,637,1,244,500,,,,,,,,,,0,3,-6.0,6,,,23,23,0.0,,,,52,51,2.0,53,80,-54.0,132,132,0.0,172,162,20.0,8.0,26.0,74.0,20.0
AnteriorIschemia_016,V6,1,AnteriorIschemia,-611,Rs,1,0.0056,0,637,1,244,500,,,,,,,,,,0,3,-6.0,,,,18,18,0.0,52,,,52,51,2.0,53,82,-58.0,137,137,0.0,172,162,20.0,8.0,26.0,78.0,20.0
AnteriorIschemia_017,I,1,AnteriorIschemia,-606,rS,1,0.0059,0,638,1,249,500,,,,,,,,,,0,2,-4.0,,12,,6,26,-40.0,12,,,58,60,-4.0,59,68,-18.0,133,133,0.0,181,170,22.0,0.0,26.0,40.0,22.0
AnteriorIschemia_017,II,1,AnteriorIschemia,-606,R,1,0.0033,0,638,1,249,500,,,,,,,,,,0,2,-4.0,,,,16,19,-6.0,,,,57,60,-6.0,58,68,-20.0,143,143,0.0,181,173,16.0,-2.0,20.0,36.0,16.0
AnteriorIschemia_017,III,1,AnteriorIschemia,-606,Rs,1,0.0092,0,638,1,249,500,,,,,,,,,,0,2,-4.0,,,,15,15,0.0,58,,,58,60,-4.0,59,98,-78.0,145,145,0.0,182,180,4.0,0.0,8.0,82.0,4.0
AnteriorIschemia_017,aVR,1,AnteriorIschemia,-606,QS,1,0.0057,0,638,1,249,500,,,,,,,,,,0,2,-4.0,26,27,-2.0,,,,,,,57,60,-6.0,58,68,-20.0,141,142,-2.0,182,178,8.0,-2.0,12.0,28.0,10.0
AnteriorIschemia_017,aVL,1,AnteriorIschemia,-606,Qr,1,0.0053,0,638,1,249,500,,,,,,,,,,0,2,-4.0,12,12,0.0,25,25,0.0,,,,56,60,-8.0,57,60,-6.0,148,148,0.0,181,176,10.0,-4.0,14.0,16.0,10.0
AnteriorIschemia_017,aVF,1,AnteriorIschemia,-606,Rs,1,0.0067,0,638,1,249,500,,,,,,,,,,0,2,-4.0,,,,15,16,-2.0,60,66,-12.0,60,60,0.0,61,101,-80.0,144,144,0.0,181,178,6.0,4.0,10.0,86.0,6.0
AnteriorIschemia_017,V1,1,AnteriorIschemia,-606,RS,1,0.0051,0,638,1,249,500,,,,,,,,,,0,2,-4.0,,,,10,11,-2.0,21,21,0.0,57,60,-6.0,58,62,-8.0,114,115,-2.0,180,170,20.0,-2.0,24.0,28.0,22.0
AnteriorIschemia_017,V2,1,AnteriorIschemia,-606,rS,1,0.0064,0,638,1,249,500,,,,,,,,,,0,2,-4.0,,7,,4,11,-14.0,21,21,0.0,57,60,-6.0,58,60,-4.0,110,111,-2.0,183,181,4.0,-2.0,8.0,8.0,6.0
AnteriorIschemia_017,V3,1,AnteriorIschemia,-606,qR,1,0.0087,0,638,1,249,500,,,,,,,,,,0,2,-4.0,8,8,0.0,30,30,0.0,,,,58,60,-4.0,59,68,-18.0,149,102,94.0,183,170,26.0,0.0,30.0,44.0,-68.0
AnteriorIschemia_017,V4,1,AnteriorIschemia,-606,qR,1,0.009,0,638,1,249,500,,,,,,,,,,0,2,-4.0,8,8,0.0,29,30,-2.0,,,,57,60,-6.0,58,74,-32.0,143,143,0.0,181,170,22.0,-2.0,26.0,54.0,22.0
AnteriorIschemia_017,V6,1,AnteriorIschemia,-606,qRs,1,0.0044,0,638,1,249,500,,,,,,,,,,0,2,-4.0,7,,,20,21,-2.0,30,31,-2.0,57,60,-6.0,58,81,-46.0,145,146,-2.0,182,170,24.0,-2.0,28.0,70.0,26.0
AnteriorIschemia_017,V5,1,AnteriorIschemia,-606,qR,1,0.007,0,638,1,249,500,,,,,,,,,,0,2,-4.0,8,8,0.0,20,21,-2.0,,,,57,60,-6.0,58,68,-20.0,145,146,-2.0,182,170,24.0,-2.0,28.0,44.0,26.0
AnteriorIschemia_018,II,1,AnteriorIschemia,-610,Rs,1,0.0042,0,637,1,245,500,,,,,,,,,,0,2,-4.0,,,,19,19,0.0,59,,,59,55,8.0,60,69,-18.0,143,143,0.0,175,179,-8.0,12.0,-4.0,10.0,-8.0
AnteriorIschemia_018,I,1,AnteriorIschemia,-610,R,1,0.0049,0,637,1,245,500,,,,,,,,,,0,2,-4.0,,,,10,20,-20.0,,,,59,55,8.0,60,84,-48.0,143,143,0.0,175,169,12.0,12.0,16.0,60.0,12.0
AnteriorIschemia_018,aVR,1,AnteriorIschemia,-610,QS,1,0.0056,0,637,1,245,500,,,,,,,,,,0,2,-4.0,20,20,0.0,,38,,,,,58,55,6.0,59,77,-36.0,143,143,0.0,175,176,-2.0,10.0,2.0,34.0,-2.0
AnteriorIschemia_018,aVF,1,AnteriorIschemia,-610,Rs,1,0.0066,0,637,1,245,500,,,,,,,,,,0,2,-4.0,,,,12,13,-2.0,62,61,2.0,62,55,14.0,63,110,-94.0,143,143,0.0,175,179,-8.0,18.0,-4.0,86.0,-8.0
AnteriorIschemia_018,V1,1,AnteriorIschemia,-610,rS,1,0.0063,0,637,1,245,500,,,,,,,,,,0,2,-4.0,,19,,4,31,-54.0,19,,,59,55,8.0,60,55,10.0,151,103,96.0,176,169,14.0,12.0,18.0,4.0,-82.0
AnteriorIschemia_018,V4,1,AnteriorIschemia,-610,qR,1,0.0058,0,637,1,245,500,,,,,,,,,,0,2,-4.0,8,,,25,25,0.0,,,,59,55,8.0,60,100,-80.0,147,147,0.0,175,169,12.0,12.0,16.0,92.0,12.0
AnteriorIschemia_018,V5,1,AnteriorIschemia,-610,Rs,1,0.0043,0,637,1,245,500,,,,,,,,,,0,2,-4.0,,,,19,19,0.0,59,,,59,55,8.0,60,92,-64.0,144,144,0.0,176,169,14.0,12.0,18.0,78.0,14.0
AnteriorIschemia_018,V6,1,AnteriorIschemia,-610,Rs,1,0.0037,0,637,1,245,500,,,,,,,,,,0,2,-4.0,,,,18,19,-2.0,30,30,0.0,59,55,8.0,60,94,-68.0,144,145,-2.0,176,169,14.0,12.0,18.0,82.0,16.0
AnteriorIschemia_018,III,1,AnteriorIschemia,-610,Rs,1,0.0115,0,637,1,245,500,,,,,,,,,,0,2,-4.0,,,,12,12,0.0,21,22,-2.0,61,55,12.0,62,61,2.0,144,144,0.0,176,169,14.0,16.0,18.0,12.0,14.0
AnteriorIschemia_018,aVL,1,AnteriorIschemia,-610,rS,1,0.0069,0,637,1,245,500,,,,,,,,,,0,2,-4.0,,12,,8,20,-24.0,11,,,59,55,8.0,60,61,-2.0,165,133,64.0,176,169,14.0,12.0,18.0,16.0,-50.0
AnteriorIschemia_018,V2,1,AnteriorIschemia,-610,qR,1,0.0069,0,637,1,245,500,,,,,,,,,,0,2,-4.0,17,17,0.0,27,27,0.0,,,,59,55,8.0,60,61,-2.0,145,102,86.0,177,169,16.0,12.0,20.0,18.0,-70.0
AnteriorIschemia_018,V3,1,AnteriorIschemia,-610,qR,1,0.0063,0,637,1,245,500,,,,,,,,,,0,2,-4.0,10,10,0.0,25,25,0.0,,,,59,55,8.0,60,61,-2.0,138,154,-32.0,176,169,14.0,12.0,18.0,16.0,46.0
AnteriorIschemia_019,II,1,AnteriorIschemia,-605,Rs,1,0.0084,0,637,1,250,500,,,,,,,,,,0,5,-10.0,,,,15,14,2.0,59,,,59,42,34.0,60,66,-12.0,144,144,0.0,193,178,30.0,44.0,40.0,42.0,30.0
AnteriorIschemia_019,I,1,AnteriorIschemia,-605,R,1,0.011,0,637,1,250,500,,,,,,,,,,0,5,-10.0,,,,21,21,0.0,,,,59,42,34.0,60,83,-46.0,145,146,-2.0,197,180,34.0,44.0,44.0,80.0,36.0
AnteriorIschemia_019,III,1,AnteriorIschemia,-605,RS,1,0.0201,0,637,1,250,500,,,,,,,,,,0,5,-10.0,,,,13,13,0.0,23,23,0.0,60,42,36.0,61,64,-6.0,141,141,0.0,191,167,48.0,46.0,58.0,54.0,48.0
AnteriorIschemia_019,aVR,1,AnteriorIschemia,-605,QS,1,0.0147,0,637,1,250,500,,,,,,,,,,0,5,-10.0,20,20,0.0,,,,,,,45,42,6.0,59,72,-26.0,144,145,-2.0,199,184,30.0,16.0,40.0,56.0,32.0
AnteriorIschemia_019,aVL,1,AnteriorIschemia,-605,qR,1,0.0121,0,637,1,250,500,,,,,,,,,,1,5,-8.0,11,11,0.0,21,22,-2.0,,,,46,42,8.0,60,87,-54.0,147,147,0.0,195,179,32.0,16.0,40.0,86.0,32.0
AnteriorIschemia_019,aVF,1,AnteriorIschemia,-605,Rs,1,0.0114,0,637,1,250,500,,,,,,,,,,0,5,-10.0,,,,14,14,0.0,60,,,60,42,36.0,61,66,-10.0,143,143,0.0,189,178,22.0,46.0,32.0,32.0,22.0
AnteriorIschemia_019,V4,1,AnteriorIschemia,-605,qR,1,0.0142,0,637,1,250,500,,,,,,,,,,1,5,-8.0,9,9,0.0,28,28,0.0,,,,46,42,8.0,60,76,-32.0,147,148,-2.0,199,178,42.0,16.0,50.0,74.0,44.0
AnteriorIschemia_019,V5,1,AnteriorIschemia,-605,Rs,1,0.0125,0,637,1,250,500,,,,,,,,,,0,5,-10.0,,,,19,19,0.0,59,,,59,42,34.0,60,75,-30.0,145,146,-2.0,204,176,56.0,44.0,66.0,86.0,58.0
AnteriorIschemia_019,V6,1,AnteriorIschemia,-605,Rs,1,0.0083,0,637,1,250,500,,,,,,,,,,0,5,-10.0,,,,19,19,0.0,32,32,0.0,58,42,32.0,59,70,-22.0,146,146,0.0,204,181,46.0,42.0,56.0,68.0,46.0
AnteriorIschemia_019,V1,1,AnteriorIschemia,-605,rS,1,0.0119,0,637,1,250,500,,,,,,,,,,1,5,-8.0,,20,,3,32,-58.0,19,,,45,42,6.0,59,50,18.0,150,97,106.0,191,167,48.0,14.0,56.0,30.0,-58.0
AnteriorIschemia_019,V2,1,AnteriorIschemia,-605,qR,1,0.0119,0,637,1,250,500,,,,,,,,,,0,5,-10.0,14,14,0.0,31,31,0.0,,,,44,42,4.0,60,50,20.0,149,99,100.0,198,167,62.0,14.0,72.0,42.0,-38.0
AnteriorIschemia_019,V3,1,AnteriorIschemia,-605,qR,1,0.0155,0,637,1,250,500,,,,,,,,,,1,5,-8.0,11,11,0.0,30,30,0.0,,,,45,42,6.0,60,50,20.0,141,102,78.0,196,167,58.0,14.0,66.0,38.0,-20.0
AnteriorIschemia_020,I,1,AnteriorIschemia,-609,R,1,0.0043,0,636,1,246,500,,,,,,,,,,0,2,-4.0,,,,8,17,-18.0,,,,58,46,24.0,59,78,-38.0,138,138,0.0,170,167,6.0,28.0,10.0,44.0,6.0
AnteriorIschemia_020,II,1,AnteriorIschemia,-609,Rs,1,0.0024,0,636,1,246,500,,,,,,,,,,0,2,-4.0,,,,15,15,0.0,58,,,58,46,24.0,59,66,-14.0,143,143,0.0,171,167,8.0,28.0,12.0,22.0,8.0
AnteriorIschemia_020,III,1,AnteriorIschemia,-609,RS,1,0.0086,0,636,1,246,500,,,,,,,,,,0,2,-4.0,,8,,5,15,-20.0,22,22,0.0,58,46,24.0,59,100,-82.0,148,148,0.0,172,175,-6.0,28.0,-2.0,76.0,-6.0
AnteriorIschemia_020,aVL,1,AnteriorIschemia,-609,qR,1,0.0065,0,636,1,246,500,,,,,,,,,,0,2,-4.0,4,,,8,23,-30.0,,29,,57,46,22.0,58,83,-50.0,155,132,46.0,171,175,-8.0,26.0,-4.0,42.0,-54.0
AnteriorIschemia_020,aVF,1,AnteriorIschemia,-609,RS,1,0.0047,0,636,1,246,500,,,,,,,,,,0,2,-4.0,,,,6,15,-18.0,59,,,59,46,26.0,60,68,-16.0,145,146,-2.0,171,179,-16.0,30.0,-12.0,0.0,-14.0
AnteriorIschemia_020,V1,1,AnteriorIschemia,-609,rS,1,0.0047,0,636,1,246,500,,,,,,,,,,0,2,-4.0,,17,,3,31,-56.0,16,,,58,46,24.0,59,55,8.0,110,110,0.0,172,180,-16.0,28.0,-12.0,-24.0,-16.0
AnteriorIschemia_020,V2,1,AnteriorIschemia,-609,qR,1,0.0052,0,636,1,246,500,,,,,,,,,,0,2,-4.0,8,8,0.0,27,27,0.0,,,,58,46,24.0,59,68,-18.0,105,105,0.0,173,183,-20.0,28.0,-16.0,-2.0,-20.0
AnteriorIschemia_020,V3,1,AnteriorIschemia,-609,qR,1,0.0048,0,636,1,246,500,,,,,,,,,,0,2,-4.0,8,8,0.0,25,26,-2.0,,,,58,46,24.0,59,68,-18.0,145,103,84.0,172,167,10.0,28.0,14.0,28.0,-74.0
AnteriorIschemia_020,V4,1,AnteriorIschemia,-609,qR,1,0.0048,0,636,1,246,500,,,,,,,,,,0,2,-4.0,7,7,0.0,24,25,-2.0,,,,58,46,24.0,59,72,-26.0,147,147,0.0,171,167,8.0,28.0,12.0,34.0,8.0
AnteriorIschemia_020,V5,1,AnteriorIschemia,-609,R,1,0.0034,0,636,1,246,500,,,,,,,,,,0,2,-4.0,,,,16,16,0.0,,,,58,46,24.0,59,81,-44.0,143,144,-2.0,171,167,8.0,28.0,12.0,52.0,10.0
AnteriorIschemia_020,V6,1,AnteriorIschemia,-609,Rs,1,0.0025,0,636,1,246,500,,,,,,,,,,0,2,-4.0,,,,15,15,0.0,26,26,0.0,58,46,24.0,59,98,-78.0,144,144,0.0,171,167,8.0,28.0,12.0,86.0,8.0
AnteriorIschemia_020,aVR,1,AnteriorIschemia,-609,QS,1,0.0034,0,636,1,246,500,,,,,,,,,,0,2,-4.0,15,15,0.0,,,,,,,57,46,22.0,58,68,-20.0,141,141,0.0,171,167,8.0,26.0,12.0,28.0,8.0
Healthy_001,V1,1,Healthy,-614,RS,1,0.0036,0,638,1,241,500,,,,,,,,,,0,2,-4.0,,,,6,7,-2.0,19,19,0.0,55,44,22.0,56,50,12.0,138,138,0.0,174,166,16.0,26.0,20.0,4.0,16.0
Healthy_001,I,1,Healthy,-614,R,1,0.0035,0,638,1,241,500,,,,,,,,,,0,2,-4.0,,,,9,14,-10.0,,28,,57,44,26.0,58,94,-72.0,145,145,0.0,174,166,16.0,30.0,20.0,88.0,16.0
Healthy_001,II,1,Healthy,-614,R,1,0.0018,0,638,1,241,500,,,,,,,,,,0,2,-4.0,,,,22,22,0.0,,,,58,44,28.0,59,69,-20.0,143,144,-2.0,174,176,-4.0,32.0,0.0,16.0,-2.0
Healthy_001,III,1,Healthy,-614,R,1,0.005,0,638,1,241,500,,,,,,,,,,0,2,-4.0,,,,4,22,-36.0,,,,57,44,26.0,58,69,-22.0,141,141,0.0,174,181,-14.0,30.0,-10.0,8.0,-14.0
Healthy_001,aVR,1,Healthy,-614,QS,1,0.0026,0,638,1,241,500,,,,,,,,,,0,2,-4.0,22,22,0.0,,,,,,,57,44,26.0,58,69,-22.0,144,144,0.0,174,175,-2.0,30.0,2.0,20.0,-2.0
Healthy_001,aVL,1,Healthy,-614,qrS,1,0.0051,0,638,1,241,500,,,,,,,,,,0,2,-4.0,4,11,-14.0,7,14,-14.0,23,23,0.0,55,44,22.0,56,69,-26.0,134,135,-2.0,174,182,-16.0,26.0,-12.0,10.0,-14.0
Healthy_001,aVF,1,Healthy,-614,R,1,0.0028,0,638,1,241,500,,,,,,,,,,0,2,-4.0,,,,11,22,-22.0,,,,59,44,30.0,60,69,-18.0,143,143,0.0,174,185,-22.0,34.0,-18.0,-4.0,-22.0
Healthy_001,V2,1,Healthy,-614,rS,1,0.0051,0,638,1,241,500,,,,,,,,,,0,2,-4.0,,22,,4,,,22,,,55,44,22.0,56,52,8.0,137,138,-2.0,174,166,16.0,26.0,20.0,8.0,18.0
Healthy_001,V3,1,Healthy,-614,QR,1,0.0045,0,638,1,241,500,,,,,,,,,,0,2,-4.0,9,9,0.0,20,20,0.0,,,,56,44,24.0,57,60,-6.0,137,137,0.0,174,166,16.0,28.0,20.0,22.0,16.0
Healthy_001,V5,1,Healthy,-614,qR,1,0.0028,0,638,1,241,500,,,,,,,,,,0,2,-4.0,6,,,22,22,0.0,,,,57,44,26.0,58,101,-86.0,149,149,0.0,174,166,16.0,30.0,20.0,102.0,16.0
Healthy_001,V6,1,Healthy,-614,qR,1,0.0021,0,638,1,241,500,,,,,,,,,,0,2,-4.0,5,,,21,22,-2.0,,,,57,44,26.0,58,69,-22.0,149,149,0.0,174,171,6.0,30.0,10.0,28.0,6.0
Healthy_001,V4,1,Healthy,-614,qR,1,0.0044,0,638,1,241,500,,,,,,,,,,0,2,-4.0,8,8,0.0,21,22,-2.0,,,,57,44,26.0,58,69,-22.0,138,138,0.0,173,166,14.0,30.0,18.0,36.0,14.0
Healthy_002,V2,1,Healthy,-608,rS,1,0.0075,0,640,1,247,500,,,,,,,,,,0,2,-4.0,,,,6,6,0.0,24,24,0.0,62,64,-4.0,63,72,-18.0,141,141,0.0,183,173,20.0,0.0,24.0,38.0,20.0
Healthy_002,I,1,Healthy,-608,R,1,0.0065,0,640,1,247,500,,,,,,,,,,0,2,-4.0,,,,16,16,0.0,,,,62,64,-4.0,63,72,-18.0,148,148,0.0,183,185,-4.0,0.0,0.0,14.0,-4.0
Healthy_002,II,1,Healthy,-608,R,1,0.0048,0,640,1,247,500,,,,,,,,,,0,2,-4.0,,,,10,27,-34.0,,,,63,64,-2.0,64,72,-16.0,147,148,-2.0,183,187,-8.0,2.0,-4.0,8.0,-6.0
Healthy_002,III,1,Healthy,-608,RS,1,0.0104,0,640,1,247,500,,,,,,,,,,0,2,-4.0,,16,,10,27,-34.0,16,,,64,64,0.0,65,72,-14.0,158,158,0.0,183,187,-8.0,4.0,-4.0,6.0,-8.0
Healthy_002,aVR,1,Healthy,-608,QS,1,0.0071,0,640,1,247,500,,,,,,,,,,0,2,-4.0,28,28,0.0,,,,,,,62,64,-4.0,63,72,-18.0,148,148,0.0,183,193,-20.0,0.0,-16.0,-2.0,-20.0
Healthy_002,aVL,1,Healthy,-608,qRs,1,0.0078,0,640,1,247,500,,,,,,,,,,0,2,-4.0,9,9,0.0,16,16,0.0,37,38,-2.0,55,64,-18.0,63,72,-18.0,148,148,0.0,182,187,-10.0,-14.0,-6.0,8.0,-10.0
Healthy_002,aVF,1,Healthy,-608,Rs,1,0.0075,0,640,1,247,500,,,,,,,,,,0,2,-4.0,,16,,10,27,-34.0,16,,,65,64,2.0,66,72,-12.0,145,146,-2.0,182,193,-22.0,6.0,-18.0,-10.0,-20.0
Healthy_002,V1,1,Healthy,-608,rS,1,0.0067,0,640,1,247,500,,,,,,,,,,0,2,-4.0,,,,6,6,0.0,25,25,0.0,62,64,-4.0,63,66,-6.0,140,140,0.0,183,181,4.0,0.0,8.0,10.0,4.0
Healthy_002,V3,1,Healthy,-608,rS,1,0.0084,0,640,1,247,500,,,,,,,,,,0,2,-4.0,,20,,5,,,20,,,63,64,-2.0,64,66,-4.0,140,141,-2.0,182,179,6.0,2.0,10.0,10.0,8.0
Healthy_002,V4,1,Healthy,-608,QR,1,0.0084,0,640,1,247,500,,,,,,,,,,0,2,-4.0,17,17,0.0,29,42,-26.0,,,,64,64,0.0,65,72,-14.0,140,140,0.0,182,193,-22.0,4.0,-18.0,-8.0,-22.0
Healthy_002,V6,1,Healthy,-608,qR,1,0.0052,0,640,1,247,500,,,,,,,,,,0,2,-4.0,7,8,-2.0,26,26,0.0,,,,64,64,0.0,65,126,-122.0,156,156,0.0,183,176,14.0,4.0,18.0,136.0,14.0
Healthy_002,V5,1,Healthy,-608,qR,1,0.0068,0,640,1,247,500,,,,,,,,,,0,2,-4.0,9,9,0.0,28,28,0.0,,,,63,64,-2.0,64,72,-16.0,157,157,0.0,183,173,20.0,2.0,24.0,36.0,20.0
Healthy_003,aVF,1,Healthy,-614,R,1,0.0011,0,628,1,241,500,,,,,,,,,,0,2,-4.0,,,,9,21,-24.0,,,,60,47,26.0,61,73,-24.0,142,142,0.0,177,182,-10.0,30.0,-6.0,14.0,-10.0
Healthy_003,I,1,Healthy,-614,R,1,0.0018,0,628,1,241,500,,,,,,,,,,0,2,-4.0,,,,7,24,-34.0,,,,57,47,20.0,58,73,-30.0,148,148,0.0,176,175,2.0,24.0,6.0,32.0,2.0
Healthy_003,II,1,Healthy,-614,R,1,0.0007,0,628,1,241,500,,,,,,,,,,0,2,-4.0,,,,9,21,-24.0,,,,59,47,24.0,60,73,-26.0,144,144,0.0,177,178,-2.0,28.0,2.0,24.0,-2.0
Healthy_003,III,1,Healthy,-614,R,1,0.0021,0,628,1,241,500,,,,,,,,,,0,2,-4.0,,,,9,21,-24.0,,,,58,47,22.0,59,73,-28.0,139,139,0.0,176,179,-6.0,26.0,-2.0,22.0,-6.0
Healthy_003,aVR,1,Healthy,-614,QS,1,0.0009,0,628,1,241,500,,,,,,,,,,0,2,-4.0,21,21,0.0,,,,,,,58,47,22.0,59,73,-28.0,145,146,-2.0,177,178,-2.0,26.0,2.0,26.0,0.0
Healthy_003,V1,1,Healthy,-614,rS,1,0.0016,0,628,1,241,500,,,,,,,,,,0,2,-4.0,,21,,4,,,22,,,58,47,22.0,59,51,16.0,139,139,0.0,177,169,16.0,26.0,20.0,0.0,16.0
Healthy_003,V2,1,Healthy,-614,rS,1,0.0025,0,628,1,241,500,,,,,,,,,,0,2,-4.0,,24,,3,33,-60.0,24,,,57,47,20.0,58,56,4.0,139,139,0.0,176,169,14.0,24.0,18.0,10.0,14.0
Healthy_003,V3,1,Healthy,-614,qR,1,0.0025,0,628,1,241,500,,,,,,,,,,0,2,-4.0,8,8,0.0,19,19,0.0,,,,58,47,22.0,59,70,-22.0,144,144,0.0,176,169,14.0,26.0,18.0,36.0,14.0
Healthy_003,V5,1,Healthy,-614,qR,1,0.0011,0,628,1,241,500,,,,,,,,,,0,2,-4.0,6,6,0.0,24,24,0.0,,,,59,47,24.0,60,81,-42.0,153,153,0.0,177,169,16.0,28.0,20.0,58.0,16.0
Healthy_003,V6,1,Healthy,-614,qR,1,0.0008,0,628,1,241,500,,,,,,,,,,0,2,-4.0,5,,,23,24,-2.0,,,,59,47,24.0,60,76,-32.0,152,152,0.0,177,169,16.0,28.0,20.0,48.0,16.0
Healthy_003,V4,1,Healthy,-614,qR,1,0.0022,0,628,1,241,500,,,,,,,,,,0,2,-4.0,8,9,-2.0,21,22,-2.0,,,,60,47,26.0,61,73,-24.0,149,149,0.0,176,169,14.0,30.0,18.0,38.0,14.0
Healthy_003,aVL,1,Healthy,-614,QRs,1,0.0024,0,628,1,241,500,,,,,,,,,,0,2,-4.0,9,9,0.0,15,15,0.0,20,,,58,47,22.0,59,73,-28.0,134,134,0.0,176,169,14.0,26.0,18.0,42.0,14.0
Healthy_004,V2,1,Healthy,-609,rS,1,0.0026,0,638,1,246,500,,,,,,,,,,0,2,-4.0,,22,,3,,,22,,,62,45,34.0,63,54,18.0,137,137,0.0,177,174,6.0,38.0,10.0,-12.0,6.0
Healthy_004,I,1,Healthy,-609,R,1,0.0023,0,638,1,246,500,,,,,,,,,,0,2,-4.0,,,,14,14,0.0,,,,62,45,34.0,63,64,-2.0,143,143,0.0,177,174,6.0,38.0,10.0,8.0,6.0
Healthy_004,aVF,1,Healthy,-609,R,1,0.0025,0,638,1,246,500,,,,,,,,,,0,2,-4.0,,13,,6,26,-40.0,,,,63,45,36.0,64,70,-12.0,148,148,0.0,176,174,4.0,40.0,8.0,16.0,4.0
Healthy_004,V1,1,Healthy,-609,rS,1,0.0023,0,638,1,246,500,,,,,,,,,,0,2,-4.0,,21,,4,,,20,,,62,45,34.0,63,48,30.0,139,139,0.0,177,174,6.0,38.0,10.0,-24.0,6.0
Healthy_004,V3,1,Healthy,-609,QR,1,0.0027,0,638,1,246,500,,,,,,,,,,0,2,-4.0,10,10,0.0,26,26,0.0,,,,62,45,34.0,63,64,-2.0,131,132,-2.0,177,174,6.0,38.0,10.0,8.0,8.0
Healthy_004,V4,1,Healthy,-609,qR,1,0.0026,0,638,1,246,500,,,,,,,,,,0,2,-4.0,10,10,0.0,27,27,0.0,,,,63,45,36.0,64,64,0.0,176,146,60.0,176,174,4.0,40.0,8.0,4.0,-56.0
Healthy_004,II,1,Healthy,-609,R,1,0.0015,0,638,1,246,500,,,,,,,,,,0,2,-4.0,,,,9,26,-34.0,,,,62,45,34.0,63,64,-2.0,144,145,-2.0,177,174,6.0,38.0,10.0,8.0,8.0
Healthy_004,III,1,Healthy,-609,rS,1,0.0036,0,638,1,246,500,,,,,,,,,,0,2,-4.0,,14,,5,26,-42.0,13,,,62,45,34.0,63,64,-2.0,155,155,0.0,176,174,4.0,38.0,8.0,6.0,4.0
Healthy_004,aVR,1,Healthy,-609,QS,1,0.0022,0,638,1,246,500,,,,,,,,,,0,2,-4.0,25,25,0.0,,,,,,,62,45,34.0,63,64,-2.0,144,144,0.0,177,174,6.0,38.0,10.0,8.0,6.0
Healthy_004,aVL,1,Healthy,-609,Rs,1,0.0031,0,638,1,246,500,,,,,,,,,,0,2,-4.0,,,,14,14,0.0,26,27,-2.0,61,45,32.0,62,64,-4.0,142,143,-2.0,176,174,4.0,36.0,8.0,8.0,6.0
Healthy_004,V5,1,Healthy,-609,R,1,0.0019,0,638,1,246,500,,,,,,,,,,0,2,-4.0,,,,25,25,0.0,,,,62,45,34.0,63,64,-2.0,150,150,0.0,177,174,6.0,38.0,10.0,8.0,6.0
Healthy_004,V6,1,Healthy,-609,R,1,0.0014,0,638,1,246,500,,,,,,,,,,0,2,-4.0,,,,21,21,0.0,,30,,62,45,34.0,63,64,-2.0,147,147,0.0,176,174,4.0,38.0,8.0,6.0,4.0
Healthy_005,aVF,1,Healthy,-614,R,1,0.0039,0,627,1,241,500,,,,,,,,,,0,2,-4.0,,,,6,23,-34.0,,,,57,37,40.0,58,71,-26.0,146,146,0.0,176,185,-18.0,44.0,-14.0,8.0,-18.0
Healthy_005,I,1,Healthy,-614,R,1,0.0048,0,627,1,241,500,,,,,,,,,,0,2,-4.0,,,,14,14,0.0,,,,53,37,32.0,54,72,-36.0,142,142,0.0,175,169,12.0,36.0,16.0,48.0,12.0
Healthy_005,II,1,Healthy,-614,R,1,0.0024,0,627,1,241,500,,,,,,,,,,0,2,-4.0,,,,22,23,-2.0,,,,55,37,36.0,56,71,-30.0,145,145,0.0,176,172,8.0,40.0,12.0,38.0,8.0
Healthy_005,aVR,1,Healthy,-614,QS,1,0.003,0,627,1,241,500,,,,,,,,,,0,2,-4.0,22,23,-2.0,,,,,,,55,37,36.0,57,71,-28.0,143,144,-2.0,176,175,2.0,40.0,6.0,30.0,4.0
Healthy_005,aVL,1,Healthy,-614,RS,1,0.0069,0,627,1,241,500,,,,,,,,,,0,2,-4.0,,,,13,14,-2.0,23,24,-2.0,52,37,30.0,57,96,-78.0,157,158,-2.0,176,180,-8.0,34.0,-4.0,70.0,-6.0
Healthy_005,V1,1,Healthy,-614,rS,1,0.0047,0,627,1,241,500,,,,,,,,,,0,2,-4.0,,21,,5,,,21,,,53,37,32.0,58,50,16.0,139,140,-2.0,176,169,14.0,36.0,18.0,-2.0,16.0
Healthy_005,V2,1,Healthy,-614,rS,1,0.0056,0,627,1,241,500,,,,,,,,,,0,2,-4.0,,21,,4,,,21,,,53,37,32.0,58,51,14.0,140,140,0.0,176,169,14.0,36.0,18.0,0.0,14.0
Healthy_005,V3,1,Healthy,-614,qRs,1,0.0054,0,627,1,241,500,,,,,,,,,,0,2,-4.0,9,9,0.0,15,15,0.0,21,21,0.0,54,37,34.0,56,60,-8.0,141,142,-2.0,176,178,-4.0,38.0,0.0,4.0,-2.0
Healthy_005,III,1,Healthy,-614,RS,1,0.0064,0,627,1,241,500,,,,,,,,,,0,2,-4.0,,13,,5,23,-36.0,9,,,53,37,32.0,58,71,-26.0,150,151,-2.0,176,169,14.0,36.0,18.0,40.0,16.0
Healthy_005,V4,1,Healthy,-614,qR,1,0.0052,0,627,1,241,500,,,,,,,,,,0,2,-4.0,8,8,0.0,15,28,-26.0,,,,54,37,34.0,59,71,-24.0,149,149,0.0,175,169,12.0,38.0,16.0,36.0,12.0
Healthy_005,V5,1,Healthy,-614,qR,1,0.0033,0,627,1,241,500,,,,,,,,,,0,2,-4.0,6,,,23,23,0.0,,,,55,37,36.0,57,71,-28.0,150,150,0.0,176,169,14.0,40.0,18.0,42.0,14.0
Healthy_005,V6,1,Healthy,-614,R,1,0.0026,0,627,1,241,500,,,,,,,,,,0,2,-4.0,,,,21,21,0.0,,,,55,37,36.0,57,71,-28.0,148,148,0.0,176,169,14.0,40.0,18.0,42.0,14.0
Healthy_006,V1,1,Healthy,-613,rS,1,0.0044,0,638,1,242,500,,,,,,,,,,0,2,-4.0,,,,8,8,0.0,21,22,-2.0,50,39,22.0,62,44,36.0,137,138,-2.0,175,166,18.0,26.0,22.0,-18.0,20.0
Healthy_006,I,1,Healthy,-613,R,1,0.0042,0,638,1,242,500,,,,,,,,,,0,2,-4.0,,,,14,14,0.0,,,,55,39,32.0,56,67,-22.0,145,145,0.0,174,166,16.0,36.0,20.0,38.0,16.0
Healthy_006,II,1,Healthy,-613,R,1,0.0027,0,638,1,242,500,,,,,,,,,,0,2,-4.0,,,,10,24,-28.0,,,,54,39,30.0,61,67,-12.0,142,142,0.0,175,174,2.0,34.0,6.0,14.0,2.0
Healthy_006,III,1,Healthy,-613,rS,1,0.0074,0,638,1,242,500,,,,,,,,,,0,2,-4.0,,14,,5,25,-40.0,14,,,53,39,28.0,61,67,-12.0,131,131,0.0,175,174,2.0,32.0,6.0,14.0,2.0
Healthy_006,aVR,1,Healthy,-613,QS,1,0.0033,0,638,1,242,500,,,,,,,,,,0,2,-4.0,23,23,0.0,,,,,,,52,39,26.0,61,67,-12.0,143,144,-2.0,175,179,-8.0,30.0,-4.0,4.0,-6.0
Healthy_006,aVL,1,Healthy,-613,rS,1,0.0063,0,638,1,242,500,,,,,,,,,,0,2,-4.0,,,,7,14,-14.0,25,25,0.0,52,39,26.0,60,98,-76.0,146,146,0.0,174,166,16.0,30.0,20.0,92.0,16.0
Healthy_006,aVF,1,Healthy,-613,Rs,1,0.005,0,638,1,242,500,,,,,,,,,,0,2,-4.0,,14,,10,24,-28.0,14,,,56,39,34.0,61,67,-12.0,138,139,-2.0,175,182,-14.0,38.0,-10.0,-2.0,-12.0
Healthy_006,V2,1,Healthy,-613,rS,1,0.0051,0,638,1,242,500,,,,,,,,,,0,2,-4.0,,,,5,5,0.0,21,22,-2.0,52,39,26.0,61,53,16.0,138,138,0.0,175,166,18.0,30.0,22.0,2.0,18.0
Healthy_006,V3,1,Healthy,-613,rS,1,0.005,0,638,1,242,500,,,,,,,,,,0,2,-4.0,,22,,4,31,-54.0,21,,,55,39,32.0,61,55,12.0,136,137,-2.0,175,166,18.0,36.0,22.0,6.0,20.0
Healthy_006,V4,1,Healthy,-613,RS,1,0.0049,0,638,1,242,500,,,,,,,,,,0,2,-4.0,,14,,4,28,-48.0,13,,,54,39,30.0,62,62,0.0,134,134,0.0,174,200,-52.0,34.0,-48.0,-52.0,-52.0
Healthy_006,V6,1,Healthy,-613,R,1,0.0025,0,638,1,242,500,,,,,,,,,,0,2,-4.0,,,,22,22,0.0,,,,54,39,30.0,60,68,-16.0,149,149,0.0,175,167,16.0,34.0,20.0,32.0,16.0
Healthy_006,V5,1,Healthy,-613,R,1,0.0032,0,638,1,242,500,,,,,,,,,,0,2,-4.0,,,,17,24,-14.0,,,,54,39,30.0,59,67,-16.0,152,152,0.0,175,166,18.0,34.0,22.0,34.0,18.0
Healthy_007,III,1,Healthy,-615,R,1,0.002,0,640,1,240,500,,,,,,,,,,0,3,-6.0,,,,10,18,-16.0,,,,59,60,-2.0,60,74,-28.0,140,140,0.0,174,172,4.0,4.0,10.0,32.0,4.0
Healthy_007,I,1,Healthy,-615,qR,1,0.0014,0,640,1,240,500,,,,,,,,,,0,3,-6.0,10,11,-2.0,21,21,0.0,,,,60,60,0.0,61,94,-66.0,147,148,-2.0,174,168,12.0,6.0,18.0,78.0,14.0
Healthy_007,II,1,Healthy,-615,R,1,0.0007,0,640,1,240,500,,,,,,,,,,0,3,-6.0,,,,19,20,-2.0,,,,59,60,-2.0,60,76,-32.0,143,144,-2.0,174,168,12.0,4.0,18.0,44.0,14.0
Healthy_007,aVR,1,Healthy,-615,QS,1,0.001,0,640,1,240,500,,,,,,,,,,0,3,-6.0,20,20,0.0,,,,,,,60,60,0.0,61,74,-26.0,145,145,0.0,174,172,4.0,6.0,10.0,30.0,4.0
Healthy_007,aVL,1,Healthy,-615,QRs,1,0.0027,0,640,1,240,500,,,,,,,,,,0,3,-6.0,10,11,-2.0,22,22,0.0,28,28,0.0,59,60,-2.0,60,70,-20.0,136,136,0.0,174,168,12.0,4.0,18.0,32.0,12.0
Healthy_007,V2,1,Healthy,-615,Qr,1,0.0023,0,640,1,240,500,,,,,,,,,,0,3,-6.0,10,10,0.0,24,24,0.0,,,,59,60,-2.0,60,72,-24.0,139,139,0.0,174,174,0.0,4.0,6.0,24.0,0.0
Healthy_007,V3,1,Healthy,-615,QR,1,0.0024,0,640,1,240,500,,,,,,,,,,0,3,-6.0,9,10,-2.0,23,24,-2.0,,,,59,60,-2.0,60,74,-28.0,144,144,0.0,174,168,12.0,4.0,18.0,40.0,12.0
Healthy_007,V4,1,Healthy,-615,qR,1,0.0019,0,640,1,240,500,,,,,,,,,,0,3,-6.0,9,9,0.0,20,20,0.0,,,,60,60,0.0,61,100,-78.0,149,148,2.0,173,168,10.0,6.0,16.0,88.0,8.0
Healthy_007,V5,1,Healthy,-615,qR,1,0.0009,0,640,1,240,500,,,,,,,,,,0,3,-6.0,6,,,20,20,0.0,,,,60,60,0.0,61,96,-70.0,148,148,0.0,174,168,12.0,6.0,18.0,82.0,12.0
Healthy_007,V6,1,Healthy,-615,qR,1,0.0008,0,640,1,240,500,,,,,,,,,,0,3,-6.0,6,,,21,21,0.0,,,,60,60,0.0,61,101,-80.0,149,149,0.0,174,168,12.0,6.0,18.0,92.0,12.0
Healthy_007,V1,1,Healthy,-615,rS,1,0.0017,0,640,1,240,500,,,,,,,,,,0,3,-6.0,,18,,4,32,-56.0,18,,,59,60,-2.0,60,74,-28.0,138,138,0.0,174,172,4.0,4.0,10.0,32.0,4.0
Healthy_007,aVF,1,Healthy,-615,R,1,0.0011,0,640,1,240,500,,,,,,,,,,0,3,-6.0,,,,10,19,-18.0,,,,60,60,0.0,61,74,-26.0,142,142,0.0,174,168,12.0,6.0,18.0,38.0,12.0
Healthy_008,II,1,Healthy,-613,R,1,0.0017,0,637,1,242,500,,,,,,,,,,0,2,-4.0,,,,8,23,-30.0,,,,59,47,24.0,60,72,-24.0,145,146,-2.0,175,171,8.0,28.0,12.0,32.0,10.0
Healthy_008,III,1,Healthy,-613,rS,1,0.0038,0,637,1,242,500,,,,,,,,,,0,2,-4.0,,14,,5,22,-34.0,13,,,59,47,24.0,60,82,-44.0,155,155,0.0,175,171,8.0,28.0,12.0,52.0,8.0
Healthy_008,aVR,1,Healthy,-613,QS,1,0.002,0,637,1,242,500,,,,,,,,,,0,2,-4.0,23,23,0.0,,,,,,,58,47,22.0,59,72,-26.0,144,144,0.0,175,182,-14.0,26.0,-10.0,12.0,-14.0
Healthy_008,aVL,1,Healthy,-613,Rs,1,0.0034,0,637,1,242,500,,,,,,,,,,0,2,-4.0,,,,14,14,0.0,19,20,-2.0,57,47,20.0,58,90,-64.0,142,143,-2.0,175,171,8.0,24.0,12.0,72.0,10.0
Healthy_008,aVF,1,Healthy,-613,rS,1,0.0025,0,637,1,242,500,,,,,,,,,,0,2,-4.0,,14,,6,22,-32.0,13,,,60,47,26.0,61,70,-18.0,149,149,0.0,175,175,0.0,30.0,4.0,18.0,0.0
Healthy_008,V1,1,Healthy,-613,rS,1,0.003,0,637,1,242,500,,,,,,,,,,0,2,-4.0,,21,,6,,,21,,,58,47,22.0,59,47,24.0,137,137,0.0,176,171,10.0,26.0,14.0,-14.0,10.0
Healthy_008,V2,1,Healthy,-613,rS,1,0.004,0,637,1,242,500,,,,,,,,,,0,2,-4.0,,16,,4,,,16,,,58,47,22.0,59,55,8.0,137,137,0.0,176,182,-12.0,26.0,-8.0,-20.0,-12.0
Healthy_008,V3,1,Healthy,-613,QR,1,0.0043,0,637,1,242,500,,,,,,,,,,0,2,-4.0,13,14,-2.0,23,30,-14.0,,,,59,47,24.0,60,62,-4.0,135,135,0.0,175,171,8.0,28.0,12.0,12.0,8.0
Healthy_008,V4,1,Healthy,-613,qR,1,0.0038,0,637,1,242,500,,,,,,,,,,0,2,-4.0,12,11,2.0,23,23,0.0,,,,59,47,24.0,60,70,-20.0,134,134,0.0,175,175,0.0,28.0,4.0,20.0,0.0
Healthy_008,V5,1,Healthy,-613,qR,1,0.002,0,637,1,242,500,,,,,,,,,,0,2,-4.0,8,8,0.0,23,23,0.0,,,,59,47,24.0,60,96,-72.0,150,150,0.0,176,171,10.0,28.0,14.0,82.0,10.0
Healthy_008,V6,1,Healthy,-613,qR,1,0.0015,0,637,1,242,500,,,,,,,,,,0,2,-4.0,6,,,22,23,-2.0,,,,59,47,24.0,60,87,-54.0,149,149,0.0,176,171,10.0,28.0,14.0,64.0,10.0
Healthy_008,I,1,Healthy,-613,R,1,0.0024,0,637,1,242,500,,,,,,,,,,0,2,-4.0,,,,14,14,0.0,,,,59,47,24.0,60,68,-16.0,143,144,-2.0,175,171,8.0,28.0,12.0,24.0,10.0
Healthy_009,V2,1,Healthy,-613,rS,1,0.0085,0,639,1,242,500,,,,,,,,,,0,2,-4.0,,21,,5,,,21,,,44,43,2.0,59,48,22.0,136,136,0.0,176,179,-6.0,6.0,-2.0,-28.0,-6.0
Healthy_009,I,1,Healthy,-613,R,1,0.0049,0,639,1,242,500,,,,,,,,,,0,2,-4.0,,,,15,23,-16.0,,,,47,43,8.0,57,76,-38.0,145,146,-2.0,175,168,14.0,12.0,18.0,52.0,16.0
Healthy_009,II,1,Healthy,-613,R,1,0.0045,0,639,1,242,500,,,,,,,,,,0,2,-4.0,,12,,6,23,-34.0,,,,48,43,10.0,59,68,-18.0,143,144,-2.0,176,174,4.0,14.0,8.0,22.0,6.0
Healthy_009,III,1,Healthy,-613,rS,1,0.0115,0,639,1,242,500,,,,,,,,,,0,2,-4.0,,15,,5,,,15,,,47,43,8.0,60,72,-24.0,147,147,0.0,175,168,14.0,12.0,18.0,38.0,14.0
Healthy_009,aVR,1,Healthy,-613,QS,1,0.005,0,639,1,242,500,,,,,,,,,,0,2,-4.0,23,23,0.0,,,,,,,46,43,6.0,59,72,-26.0,145,145,0.0,176,178,-4.0,10.0,0.0,22.0,-4.0
Healthy_009,aVL,1,Healthy,-613,R,1,0.0078,0,639,1,242,500,,,,,,,,,,0,2,-4.0,,,,15,15,0.0,,,,45,43,4.0,59,85,-52.0,146,146,0.0,175,168,14.0,8.0,18.0,66.0,14.0
Healthy_009,aVF,1,Healthy,-613,rS,1,0.0072,0,639,1,242,500,,,,,,,,,,0,2,-4.0,,15,,5,24,-38.0,14,,,49,43,12.0,60,72,-24.0,135,135,0.0,175,175,0.0,16.0,4.0,24.0,0.0
Healthy_009,V1,1,Healthy,-613,rS,1,0.0077,0,639,1,242,500,,,,,,,,,,0,2,-4.0,,,,8,7,2.0,22,22,0.0,44,43,2.0,60,52,16.0,134,134,0.0,176,168,16.0,6.0,20.0,0.0,16.0
Healthy_009,V3,1,Healthy,-613,rS,1,0.0093,0,639,1,242,500,,,,,,,,,,0,2,-4.0,,21,,4,31,-54.0,20,,,46,43,6.0,59,59,0.0,136,136,0.0,176,170,12.0,10.0,16.0,12.0,12.0
Healthy_009,V4,1,Healthy,-613,rS,1,0.0069,0,639,1,242,500,,,,,,,,,,0,2,-4.0,,17,,4,27,-46.0,16,,,47,43,8.0,60,60,0.0,136,136,0.0,175,165,20.0,12.0,24.0,20.0,20.0
Healthy_009,V5,1,Healthy,-613,qR,1,0.0038,0,639,1,242,500,,,,,,,,,,0,2,-4.0,12,12,0.0,24,25,-2.0,,,,47,43,8.0,58,72,-28.0,145,146,-2.0,177,172,10.0,12.0,14.0,38.0,12.0
Healthy_009,V6,1,Healthy,-613,qR,1,0.0029,0,639,1,242,500,,,,,,,,,,0,2,-4.0,7,7,0.0,22,23,-2.0,,,,47,43,8.0,58,81,-46.0,149,149,0.0,176,168,16.0,12.0,20.0,62.0,16.0
Healthy_010,V1,1,Healthy,-615,rS,1,0.0017,0,644,1,240,500,,,,,,,,,,0,2,-4.0,,21,,4,,,21,,,66,50,32.0,67,51,32.0,142,142,0.0,177,173,8.0,36.0,12.0,-24.0,8.0
Healthy_010,I,1,Healthy,-615,R,1,0.0017,0,644,1,240,500,,,,,,,,,,0,2,-4.0,,,,14,14,0.0,,,,65,50,30.0,66,72,-12.0,142,142,0.0,177,176,2.0,34.0,6.0,14.0,2.0
Healthy_010,II,1,Healthy,-615,R,1,0.0012,0,644,1,240,500,,,,,,,,,,0,2,-4.0,,,,7,27,-40.0,,,,65,50,30.0,66,72,-12.0,146,146,0.0,177,184,-14.0,34.0,-10.0,-2.0,-14.0
Healthy_010,III,1,Healthy,-615,rS,1,0.0026,0,644,1,240,500,,,,,,,,,,0,2,-4.0,,13,,5,27,-44.0,13,,,66,50,32.0,67,76,-18.0,156,156,0.0,178,182,-8.0,36.0,-4.0,10.0,-8.0
Healthy_010,aVR,1,Healthy,-615,QS,1,0.0016,0,644,1,240,500,,,,,,,,,,0,2,-4.0,22,22,0.0,,,,,,,65,50,30.0,66,72,-12.0,143,144,-2.0,178,185,-14.0,34.0,-10.0,-2.0,-12.0
Healthy_010,aVL,1,Healthy,-615,Rs,1,0.002,0,644,1,240,500,,,,,,,,,,0,2,-4.0,,,,13,14,-2.0,27,27,0.0,64,50,28.0,65,87,-44.0,140,140,0.0,176,175,2.0,32.0,6.0,46.0,2.0
Healthy_010,aVF,1,Healthy,-615,rS,1,0.0018,0,644,1,240,500,,,,,,,,,,0,2,-4.0,,13,,6,27,-42.0,13,,,66,50,32.0,67,72,-10.0,151,152,-2.0,177,179,-4.0,36.0,0.0,6.0,-2.0
Healthy_010,V2,1,Healthy,-615,rS,1,0.0022,0,644,1,240,500,,,,,,,,,,0,2,-4.0,,19,,3,,,19,,,65,50,30.0,66,50,32.0,139,140,-2.0,178,173,10.0,34.0,14.0,-22.0,12.0
Healthy_010,V3,1,Healthy,-615,Qr,1,0.0023,0,644,1,240,500,,,,,,,,,,0,2,-4.0,14,14,0.0,29,34,-10.0,,,,66,50,32.0,67,68,-2.0,136,136,0.0,178,172,12.0,36.0,16.0,14.0,12.0
Healthy_010,V5,1,Healthy,-615,qR,1,0.0019,0,644,1,240,500,,,,,,,,,,0,2,-4.0,8,7,2.0,23,23,0.0,,,,65,50,30.0,66,83,-34.0,150,150,0.0,178,173,10.0,34.0,14.0,44.0,10.0
Healthy_010,V6,1,Healthy,-615,Rs,1,0.0016,0,644,1,240,500,,,,,,,,,,0,2,-4.0,,,,20,20,0.0,29,29,0.0,66,50,32.0,67,72,-10.0,147,147,0.0,178,173,10.0,36.0,14.0,20.0,10.0
Healthy_010,V4,1,Healthy,-615,qR,1,0.0027,0,644,1,240,500,,,,,,,,,,0,2,-4.0,12,13,-2.0,28,28,0.0,,,,66,50,32.0,67,68,-2.0,146,146,0.0,177,173,8.0,36.0,12.0,10.0,8.0
Healthy_011,III,1,Healthy,-611,R,1,0.0118,0,642,1,244,500,,,,,,,,,,0,2,-4.0,,,,10,25,-30.0,,,,54,54,0.0,60,76,-32.0,146,146,0.0,180,189,-18.0,4.0,-14.0,14.0,-18.0
Healthy_011,I,1,Healthy,-611,Rs,1,0.0086,0,642,1,244,500,,,,,,,,,,0,2,-4.0,,,,17,17,0.0,38,38,0.0,52,54,-4.0,53,94,-82.0,145,146,-2.0,179,184,-10.0,0.0,-6.0,72.0,-8.0
Healthy_011,II,1,Healthy,-611,R,1,0.0055,0,642,1,244,500,,,,,,,,,,0,2,-4.0,,,,23,23,0.0,,,,55,54,2.0,56,76,-40.0,146,146,0.0,180,187,-14.0,6.0,-10.0,26.0,-14.0
Healthy_011,aVR,1,Healthy,-611,QS,1,0.0076,0,642,1,244,500,,,,,,,,,,0,2,-4.0,23,22,2.0,,,,,,,53,54,-2.0,54,76,-44.0,145,146,-2.0,180,179,2.0,2.0,6.0,46.0,4.0
Healthy_011,aVL,1,Healthy,-611,qrS,1,0.0104,0,642,1,244,500,,,,,,,,,,0,2,-4.0,10,11,-2.0,16,16,0.0,29,29,0.0,52,54,-4.0,53,74,-42.0,155,155,0.0,179,185,-12.0,0.0,-8.0,30.0,-12.0
Healthy_011,aVF,1,Healthy,-611,R,1,0.0079,0,642,1,244,500,,,,,,,,,,0,2,-4.0,,,,11,24,-26.0,,,,59,54,10.0,60,69,-18.0,146,146,0.0,180,185,-10.0,14.0,-6.0,8.0,-10.0
Healthy_011,V1,1,Healthy,-611,rS,1,0.0075,0,642,1,244,500,,,,,,,,,,0,2,-4.0,,,,4,5,-2.0,22,22,0.0,50,54,-8.0,59,54,10.0,139,140,-2.0,180,175,10.0,-4.0,14.0,0.0,12.0
Healthy_011,V2,1,Healthy,-611,rS,1,0.0093,0,642,1,244,500,,,,,,,,,,0,2,-4.0,,,,4,5,-2.0,23,23,0.0,53,54,-2.0,54,54,0.0,141,142,-2.0,179,175,8.0,2.0,12.0,8.0,10.0
Healthy_011,V3,1,Healthy,-611,rS,1,0.0101,0,642,1,244,500,,,,,,,,,,0,2,-4.0,,23,,3,,,23,,,54,54,0.0,55,57,-4.0,142,143,-2.0,180,175,10.0,4.0,14.0,14.0,12.0
Healthy_011,V4,1,Healthy,-611,QR,1,0.0107,0,642,1,244,500,,,,,,,,,,0,2,-4.0,10,10,0.0,25,26,-2.0,,,,55,54,2.0,61,69,-16.0,153,153,0.0,179,182,-6.0,6.0,-2.0,10.0,-6.0
Healthy_011,V5,1,Healthy,-611,qR,1,0.0073,0,642,1,244,500,,,,,,,,,,0,2,-4.0,8,8,0.0,24,25,-2.0,,,,56,54,4.0,57,96,-78.0,150,151,-2.0,180,175,10.0,8.0,14.0,88.0,12.0
Healthy_011,V6,1,Healthy,-611,RS,1,0.006,0,642,1,244,500,,,,,,,,,,0,2,-4.0,,,,17,17,0.0,30,30,0.0,55,54,2.0,56,91,-70.0,145,146,-2.0,180,175,10.0,6.0,14.0,80.0,12.0
Healthy_012,V1,1,Healthy,-612,rS,1,0.0053,0,625,1,243,500,,,,,,,,,,0,1,-2.0,,24,,5,,,24,,,62,40,44.0,67,50,34.0,140,140,0.0,181,173,16.0,46.0,18.0,-18.0,16.0
Healthy_012,I,1,Healthy,-612,R,1,0.0058,0,625,1,243,500,,,,,,,,,,0,1,-2.0,,,,16,16,0.0,,,,63,40,46.0,64,80,-32.0,146,146,0.0,179,173,12.0,48.0,14.0,44.0,12.0
Healthy_012,II,1,Healthy,-612,R,1,0.004,0,625,1,243,500,,,,,,,,,,0,1,-2.0,,,,11,29,-36.0,,,,63,40,46.0,64,76,-24.0,144,144,0.0,181,183,-4.0,48.0,-2.0,20.0,-4.0
Healthy_012,III,1,Healthy,-612,rS,1,0.0083,0,625,1,243,500,,,,,,,,,,0,1,-2.0,,16,,8,29,-42.0,16,,,64,40,48.0,66,55,22.0,147,147,0.0,180,182,-4.0,50.0,-2.0,-26.0,-4.0
Healthy_012,aVR,1,Healthy,-612,QS,1,0.0064,0,625,1,243,500,,,,,,,,,,0,1,-2.0,29,29,0.0,,,,,,,61,40,42.0,62,67,-10.0,145,145,0.0,181,184,-6.0,44.0,-4.0,4.0,-6.0
Healthy_012,aVL,1,Healthy,-612,R,1,0.0072,0,625,1,243,500,,,,,,,,,,0,1,-2.0,,,,16,16,0.0,,,,61,40,42.0,62,90,-56.0,146,146,0.0,179,173,12.0,44.0,14.0,68.0,12.0
Healthy_012,V2,1,Healthy,-612,rS,1,0.0064,0,625,1,243,500,,,,,,,,,,0,1,-2.0,,23,,5,,,23,,,63,40,46.0,64,52,24.0,139,140,-2.0,181,173,16.0,48.0,18.0,-8.0,18.0
Healthy_012,V3,1,Healthy,-612,Qr,1,0.0066,0,625,1,243,500,,,,,,,,,,0,1,-2.0,16,16,0.0,39,,,,,,64,40,48.0,65,57,16.0,138,138,0.0,180,181,-2.0,50.0,0.0,-18.0,-2.0
Healthy_012,V4,1,Healthy,-612,QR,1,0.0073,0,625,1,243,500,,,,,,,,,,0,1,-2.0,16,16,0.0,32,35,-6.0,,,,65,40,50.0,66,64,4.0,158,158,0.0,180,173,14.0,52.0,16.0,10.0,14.0
Healthy_012,V5,1,Healthy,-612,qR,1,0.0055,0,625,1,243,500,,,,,,,,,,0,1,-2.0,8,8,0.0,29,29,0.0,,,,63,40,46.0,64,64,0.0,140,140,0.0,181,179,4.0,48.0,6.0,4.0,4.0
Healthy_012,V6,1,Healthy,-612,R,1,0.0043,0,625,1,243,500,,,,,,,,,,0,1,-2.0,,,,23,23,0.0,,,,63,40,46.0,64,98,-68.0,154,154,0.0,181,173,16.0,48.0,18.0,84.0,16.0
Healthy_012,aVF,1,Healthy,-612,RS,1,0.0059,0,625,1,243,500,,,,,,,,,,0,1,-2.0,,16,,10,29,-38.0,16,,,65,40,50.0,66,67,-2.0,137,137,0.0,180,173,14.0,52.0,16.0,16.0,14.0
Healthy_014,V2,1,Healthy,-612,rS,1,0.0087,0,640,1,243,500,,,,,,,,,,0,3,-6.0,,11,,4,15,-22.0,25,25,0.0,48,43,10.0,49,55,-12.0,138,139,-2.0,175,167,16.0,16.0,22.0,28.0,18.0
Healthy_014,I,1,Healthy,-612,R,1,0.0065,0,640,1,243,500,,,,,,,,,,0,3,-6.0,,,,15,23,-16.0,,,,51,43,16.0,52,69,-34.0,145,146,-2.0,175,176,-2.0,22.0,4.0,32.0,0.0
Healthy_014,II,1,Healthy,-612,R,1,0.0036,0,640,1,243,500,,,,,,,,,,0,3,-6.0,,,,7,24,-34.0,,,,53,43,20.0,54,69,-30.0,145,146,-2.0,176,176,0.0,26.0,6.0,30.0,2.0
Healthy_014,III,1,Healthy,-612,R,1,0.0103,0,640,1,243,500,,,,,,,,,,0,3,-6.0,,15,,6,25,-38.0,,,,52,43,18.0,53,75,-44.0,145,145,0.0,175,181,-12.0,24.0,-6.0,32.0,-12.0
Healthy_014,aVR,1,Healthy,-612,QS,1,0.0049,0,640,1,243,500,,,,,,,,,,0,3,-6.0,23,24,-2.0,,,,,,,52,43,18.0,53,75,-44.0,145,146,-2.0,175,180,-10.0,24.0,-4.0,34.0,-8.0
Healthy_014,aVL,1,Healthy,-612,qrS,1,0.0098,0,640,1,243,500,,,,,,,,,,0,3,-6.0,6,,,9,15,-12.0,27,27,0.0,50,43,14.0,51,75,-48.0,136,136,0.0,175,181,-12.0,20.0,-6.0,36.0,-12.0
Healthy_014,aVF,1,Healthy,-612,R,1,0.0059,0,640,1,243,500,,,,,,,,,,0,3,-6.0,,,,7,24,-34.0,,,,56,43,26.0,57,75,-36.0,145,146,-2.0,175,181,-12.0,32.0,-6.0,24.0,-10.0
Healthy_014,V1,1,Healthy,-612,rS,1,0.0069,0,640,1,243,500,,,,,,,,,,0,3,-6.0,,,,5,8,-6.0,23,24,-2.0,48,43,10.0,49,50,-2.0,137,137,0.0,175,167,16.0,16.0,22.0,18.0,16.0
Healthy_014,V3,1,Healthy,-612,qR,1,0.0082,0,640,1,243,500,,,,,,,,,,0,3,-6.0,10,10,0.0,15,16,-2.0,,,,50,43,14.0,51,72,-42.0,142,142,0.0,175,178,-6.0,20.0,0.0,36.0,-6.0
Healthy_014,V5,1,Healthy,-612,qR,1,0.0047,0,640,1,243,500,,,,,,,,,,0,3,-6.0,7,7,0.0,23,23,0.0,,,,52,43,18.0,53,79,-52.0,148,148,0.0,175,167,16.0,24.0,22.0,68.0,16.0
Healthy_014,V6,1,Healthy,-612,qR,1,0.004,0,640,1,243,500,,,,,,,,,,0,3,-6.0,7,7,0.0,22,23,-2.0,,,,51,43,16.0,52,98,-92.0,150,150,0.0,175,167,16.0,22.0,22.0,108.0,16.0
Healthy_014,V4,1,Healthy,-612,qR,1,0.0071,0,640,1,243,500,,,,,,,,,,0,3,-6.0,7,7,0.0,16,24,-16.0,,,,54,43,22.0,55,75,-40.0,147,147,0.0,175,167,16.0,28.0,22.0,56.0,16.0
Healthy_013,V1,1,Healthy,-611,rS,1,0.0034,0,638,1,244,500,,,,,,,,,,0,2,-4.0,,,,5,5,0.0,23,23,0.0,59,47,24.0,60,48,24.0,139,139,0.0,178,171,14.0,28.0,18.0,-10.0,14.0
Healthy_013,I,1,Healthy,-611,R,1,0.0032,0,638,1,244,500,,,,,,,,,,0,2,-4.0,,,,16,24,-16.0,,,,59,47,24.0,60,83,-46.0,145,146,-2.0,177,171,12.0,28.0,16.0,58.0,14.0
Healthy_013,III,1,Healthy,-611,RS,1,0.0048,0,638,1,244,500,,,,,,,,,,0,2,-4.0,,14,,9,23,-28.0,14,,,62,47,30.0,63,71,-16.0,155,155,0.0,178,174,8.0,34.0,12.0,24.0,8.0
Healthy_013,aVR,1,Healthy,-611,QS,1,0.0018,0,638,1,244,500,,,,,,,,,,0,2,-4.0,24,24,0.0,,,,,,,59,47,24.0,60,71,-22.0,147,147,0.0,178,174,8.0,28.0,12.0,30.0,8.0
Healthy_013,aVL,1,Healthy,-611,qRs,1,0.0049,0,638,1,244,500,,,,,,,,,,0,2,-4.0,9,8,2.0,14,14,0.0,22,23,-2.0,60,47,26.0,61,75,-28.0,159,144,30.0,178,176,4.0,30.0,8.0,32.0,-26.0
Healthy_013,aVF,1,Healthy,-611,RS,1,0.0022,0,638,1,244,500,,,,,,,,,,0,2,-4.0,,14,,8,24,-32.0,14,,,63,47,32.0,64,71,-14.0,152,152,0.0,178,175,6.0,36.0,10.0,20.0,6.0
Healthy_013,V2,1,Healthy,-611,rS,1,0.0047,0,638,1,244,500,,,,,,,,,,0,2,-4.0,,23,,4,,,23,,,59,47,24.0,60,54,12.0,140,140,0.0,178,171,14.0,28.0,18.0,2.0,14.0
Healthy_013,V3,1,Healthy,-611,QRs,1,0.0048,0,638,1,244,500,,,,,,,,,,0,2,-4.0,9,9,0.0,15,15,0.0,22,22,0.0,60,47,26.0,61,60,2.0,143,143,0.0,177,171,12.0,30.0,16.0,10.0,12.0
Healthy_013,V4,1,Healthy,-611,qR,1,0.0038,0,638,1,244,500,,,,,,,,,,0,2,-4.0,8,9,-2.0,27,27,0.0,,,,62,47,30.0,63,71,-16.0,150,150,0.0,177,171,12.0,34.0,16.0,28.0,12.0
Healthy_013,V5,1,Healthy,-611,qR,1,0.002,0,638,1,244,500,,,,,,,,,,0,2,-4.0,8,8,0.0,23,24,-2.0,,,,60,47,26.0,61,101,-80.0,152,152,0.0,178,171,14.0,30.0,18.0,94.0,14.0
Healthy_013,V6,1,Healthy,-611,qR,1,0.0015,0,638,1,244,500,,,,,,,,,,0,2,-4.0,8,8,0.0,23,24,-2.0,,,,60,47,26.0,61,103,-84.0,151,151,0.0,178,171,14.0,30.0,18.0,98.0,14.0
Healthy_013,II,1,Healthy,-611,R,1,0.0013,0,638,1,244,500,,,,,,,,,,0,2,-4.0,,14,,8,24,-32.0,,,,61,47,28.0,62,71,-18.0,149,149,0.0,178,171,14.0,32.0,18.0,32.0,14.0
Healthy_015,V2,1,Healthy,-609,rS,1,0.0097,0,638,1,246,500,,,,,,,,,,0,3,-6.0,,16,,3,31,-56.0,16,,,61,33,56.0,62,55,14.0,136,136,0.0,177,172,10.0,62.0,16.0,-4.0,10.0
Healthy_015,I,1,Healthy,-609,R,1,0.006,0,638,1,246,500,,,,,,,,,,0,3,-6.0,,,,13,13,0.0,,,,62,33,58.0,63,80,-34.0,145,145,0.0,176,172,8.0,64.0,14.0,42.0,8.0
Healthy_015,III,1,Healthy,-609,qR,1,0.0085,0,638,1,246,500,,,,,,,,,,0,3,-6.0,13,13,0.0,22,23,-2.0,,,,62,33,58.0,63,70,-14.0,154,154,0.0,177,172,10.0,64.0,16.0,24.0,10.0
Healthy_015,aVL,1,Healthy,-609,RS,1,0.0085,0,638,1,246,500,,,,,,,,,,0,3,-6.0,,,,13,13,0.0,21,22,-2.0,60,33,54.0,61,97,-72.0,142,142,0.0,177,172,10.0,60.0,16.0,82.0,10.0
Healthy_015,aVF,1,Healthy,-609,R,1,0.0062,0,638,1,246,500,,,,,,,,,,0,3,-6.0,,13,,8,23,-30.0,,,,63,33,60.0,64,82,-36.0,150,151,-2.0,177,172,10.0,66.0,16.0,46.0,12.0
Healthy_015,V1,1,Healthy,-609,rS,1,0.0084,0,638,1,246,500,,,,,,,,,,0,3,-6.0,,22,,4,,,21,,,61,33,56.0,62,47,30.0,136,136,0.0,177,172,10.0,62.0,16.0,-20.0,10.0
Healthy_015,V3,1,Healthy,-609,qR,1,0.0088,0,638,1,246,500,,,,,,,,,,0,3,-6.0,12,12,0.0,27,27,0.0,,,,61,33,56.0,62,70,-16.0,137,137,0.0,177,172,10.0,62.0,16.0,26.0,10.0
Healthy_015,V4,1,Healthy,-609,qR,1,0.0079,0,638,1,246,500,,,,,,,,,,0,3,-6.0,9,9,0.0,27,27,0.0,,,,62,33,58.0,63,80,-34.0,150,151,-2.0,177,172,10.0,64.0,16.0,44.0,12.0
Healthy_015,V5,1,Healthy,-609,qR,1,0.0056,0,638,1,246,500,,,,,,,,,,0,3,-6.0,8,8,0.0,24,24,0.0,,,,62,33,58.0,63,105,-84.0,152,152,0.0,177,172,10.0,64.0,16.0,94.0,10.0
Healthy_015,V6,1,Healthy,-609,qR,1,0.0044,0,638,1,246,500,,,,,,,,,,0,3,-6.0,7,,,22,22,0.0,,,,61,33,56.0,62,98,-72.0,150,150,0.0,177,172,10.0,62.0,16.0,82.0,10.0
Healthy_015,II,1,Healthy,-609,R,1,0.0045,0,638,1,246,500,,,,,,,,,,0,3,-6.0,,,,8,23,-30.0,,,,62,33,58.0,63,70,-14.0,148,148,0.0,177,172,10.0,64.0,16.0,24.0,10.0
Healthy_015,aVR,1,Healthy,-609,QS,1,0.0063,0,638,1,246,500,,,,,,,,,,0,3,-6.0,23,23,0.0,,,,,,,61,33,56.0,62,70,-16.0,146,146,0.0,177,172,10.0,62.0,16.0,26.0,10.0
Healthy_016,V1,1,Healthy,-611,rS,1,0.0055,0,643,1,244,500,,,,,,,,,,0,2,-4.0,,,,6,6,0.0,23,23,0.0,58,39,38.0,59,50,18.0,140,140,0.0,177,170,14.0,42.0,18.0,-4.0,14.0
Healthy_016,I,1,Healthy,-611,R,1,0.0065,0,643,1,244,500,,,,,,,,,,0,2,-4.0,,,,13,14,-2.0,,,,57,39,36.0,58,83,-50.0,144,144,0.0,178,170,16.0,40.0,20.0,66.0,16.0
Healthy_016,II,1,Healthy,-611,R,1,0.0033,0,643,1,244,500,,,,,,,,,,0,2,-4.0,,,,11,24,-26.0,,,,58,39,38.0,59,77,-36.0,145,146,-2.0,178,183,-10.0,42.0,-6.0,26.0,-8.0
Healthy_016,III,1,Healthy,-611,R,1,0.0078,0,643,1,244,500,,,,,,,,,,0,2,-4.0,,14,,7,24,-34.0,,,,58,39,38.0,59,70,-22.0,147,147,0.0,177,185,-16.0,42.0,-12.0,6.0,-16.0
Healthy_016,aVR,1,Healthy,-611,QS,1,0.0048,0,643,1,244,500,,,,,,,,,,0,2,-4.0,23,23,0.0,,41,,,,,58,39,38.0,59,77,-36.0,145,145,0.0,178,183,-10.0,42.0,-6.0,26.0,-10.0
Healthy_016,aVL,1,Healthy,-611,qRS,1,0.008,0,643,1,244,500,,,,,,,,,,0,2,-4.0,6,7,-2.0,14,14,0.0,24,25,-2.0,56,39,34.0,57,62,-10.0,155,156,-2.0,177,184,-14.0,38.0,-10.0,-4.0,-12.0
Healthy_016,aVF,1,Healthy,-611,R,1,0.0052,0,643,1,244,500,,,,,,,,,,0,2,-4.0,,,,10,24,-28.0,,,,59,39,40.0,60,72,-24.0,146,146,0.0,178,189,-22.0,44.0,-18.0,2.0,-22.0
Healthy_016,V2,1,Healthy,-611,rS,1,0.006,0,643,1,244,500,,,,,,,,,,0,2,-4.0,,11,,6,17,-22.0,24,24,0.0,58,39,38.0,59,57,4.0,142,142,0.0,177,176,2.0,42.0,6.0,-2.0,2.0
Healthy_016,V3,1,Healthy,-611,qR,1,0.006,0,643,1,244,500,,,,,,,,,,0,2,-4.0,8,9,-2.0,17,18,-2.0,,,,58,39,38.0,59,77,-36.0,147,147,0.0,177,178,-2.0,42.0,2.0,34.0,-2.0
Healthy_016,V4,1,Healthy,-611,qR,1,0.0063,0,643,1,244,500,,,,,,,,,,0,2,-4.0,7,7,0.0,18,27,-18.0,,,,58,39,38.0,59,77,-36.0,151,151,0.0,177,176,2.0,42.0,6.0,38.0,2.0
Healthy_016,V6,1,Healthy,-611,R,1,0.0036,0,643,1,244,500,,,,,,,,,,0,2,-4.0,,,,22,22,0.0,,32,,58,39,38.0,59,77,-36.0,149,149,0.0,177,170,14.0,42.0,18.0,50.0,14.0
Healthy_016,V5,1,Healthy,-611,R,1,0.0046,0,643,1,244,500,,,,,,,,,,0,2,-4.0,,,,23,23,0.0,,,,58,39,38.0,59,77,-36.0,148,149,-2.0,178,170,16.0,42.0,20.0,52.0,18.0
Healthy_017,V1,1,Healthy,-609,rS,1,0.0024,0,641,1,246,500,,,,,,,,,,0,2,-4.0,,,,7,7,0.0,26,27,-2.0,61,51,20.0,70,59,22.0,139,139,0.0,183,175,16.0,24.0,20.0,-6.0,16.0
Healthy_017,I,1,Healthy,-609,R,1,0.0024,0,641,1,246,500,,,,,,,,,,0,2,-4.0,,,,16,29,-26.0,,,,65,51,28.0,66,76,-20.0,149,150,-2.0,182,175,14.0,32.0,18.0,34.0,16.0
Healthy_017,II,1,Healthy,-609,R,1,0.0018,0,641,1,246,500,,,,,,,,,,0,2,-4.0,,14,,7,29,-44.0,,,,64,51,26.0,69,78,-18.0,149,149,0.0,183,175,16.0,30.0,20.0,34.0,16.0
Healthy_017,III,1,Healthy,-609,rS,1,0.0048,0,641,1,246,500,,,,,,,,,,0,2,-4.0,,16,,6,37,-62.0,15,,,64,51,26.0,70,97,-54.0,150,150,0.0,182,175,14.0,30.0,18.0,68.0,14.0
Healthy_017,aVR,1,Healthy,-609,QS,1,0.0021,0,641,1,246,500,,,,,,,,,,0,2,-4.0,28,28,0.0,,,,,,,62,51,22.0,68,76,-16.0,149,149,0.0,183,185,-4.0,26.0,0.0,12.0,-4.0
Healthy_017,aVL,1,Healthy,-609,qRs,1,0.0033,0,641,1,246,500,,,,,,,,,,0,2,-4.0,5,,,16,16,0.0,37,37,0.0,61,51,20.0,68,89,-42.0,150,150,0.0,182,175,14.0,24.0,18.0,56.0,14.0
Healthy_017,aVF,1,Healthy,-609,rS,1,0.0031,0,641,1,246,500,,,,,,,,,,0,2,-4.0,,16,,7,29,-44.0,15,,,65,51,28.0,70,76,-12.0,142,142,0.0,182,175,14.0,32.0,18.0,26.0,14.0
Healthy_017,V2,1,Healthy,-609,rS,1,0.0024,0,641,1,246,500,,,,,,,,,,0,2,-4.0,,27,,5,,,26,,,63,51,24.0,69,52,34.0,139,139,0.0,183,175,16.0,28.0,20.0,-18.0,16.0
Healthy_017,V3,1,Healthy,-609,Qr,1,0.0026,0,641,1,246,500,,,,,,,,,,0,2,-4.0,26,27,-2.0,37,37,0.0,,,,65,51,28.0,67,62,10.0,138,138,0.0,182,175,14.0,32.0,18.0,4.0,14.0
Healthy_017,V4,1,Healthy,-609,QR,1,0.0025,0,641,1,246,500,,,,,,,,,,0,2,-4.0,15,16,-2.0,32,32,0.0,,,,63,51,24.0,70,78,-16.0,158,158,0.0,182,185,-6.0,28.0,-2.0,10.0,-6.0
Healthy_017,V6,1,Healthy,-609,qR,1,0.0013,0,641,1,246,500,,,,,,,,,,0,2,-4.0,9,9,0.0,25,25,0.0,,,,63,51,24.0,68,103,-70.0,154,154,0.0,182,175,14.0,28.0,18.0,84.0,14.0
Healthy_017,V5,1,Healthy,-609,qR,1,0.0016,0,641,1,246,500,,,,,,,,,,0,2,-4.0,9,10,-2.0,30,30,0.0,,,,63,51,24.0,68,69,-2.0,158,138,40.0,182,175,14.0,28.0,18.0,16.0,-26.0
Healthy_018,aVR,1,Healthy,-616,QS,1,0.0112,0,630,1,239,500,,,,,,,,,,0,2,-4.0,31,31,0.0,,,,,,,50,44,12.0,51,72,-42.0,145,145,0.0,179,187,-16.0,16.0,-12.0,26.0,-16.0
Healthy_018,I,1,Healthy,-616,Rs,1,0.0117,0,630,1,239,500,,,,,,,,,,0,2,-4.0,,,,15,15,0.0,27,27,0.0,50,44,12.0,51,76,-50.0,142,142,0.0,179,173,12.0,16.0,16.0,62.0,12.0
Healthy_018,II,1,Healthy,-616,R,1,0.0082,0,630,1,239,500,,,,,,,,,,0,2,-4.0,,,,30,31,-2.0,,,,51,44,14.0,52,70,-36.0,147,148,-2.0,180,184,-8.0,18.0,-4.0,28.0,-6.0
Healthy_018,III,1,Healthy,-616,RS,1,0.0113,0,630,1,239,500,,,,,,,,,,0,2,-4.0,,15,,6,29,-46.0,14,,,52,44,16.0,53,67,-28.0,152,152,0.0,180,185,-10.0,20.0,-6.0,18.0,-10.0
Healthy_018,aVL,1,Healthy,-616,rS,1,0.0116,0,630,1,239,500,,,,,,,,,,0,2,-4.0,,,,10,15,-10.0,28,29,-2.0,50,44,12.0,51,71,-40.0,156,156,0.0,179,189,-20.0,16.0,-16.0,20.0,-20.0
Healthy_018,aVF,1,Healthy,-616,R,1,0.0097,0,630,1,239,500,,,,,,,,,,0,2,-4.0,,,,7,30,-46.0,,,,54,44,20.0,55,78,-46.0,149,149,0.0,180,189,-18.0,24.0,-14.0,28.0,-18.0
Healthy_018,V1,1,Healthy,-616,rS,1,0.0098,0,630,1,239,500,,,,,,,,,,0,2,-4.0,,22,,5,,,22,,,49,44,10.0,50,48,4.0,140,141,-2.0,179,176,6.0,14.0,10.0,2.0,8.0
Healthy_018,V2,1,Healthy,-616,rS,1,0.0101,0,630,1,239,500,,,,,,,,,,0,2,-4.0,,19,,4,,,19,,,50,44,12.0,51,44,14.0,141,141,0.0,179,182,-6.0,16.0,-2.0,-20.0,-6.0
Healthy_018,V3,1,Healthy,-616,Qr,1,0.0119,0,630,1,239,500,,,,,,,,,,0,2,-4.0,25,25,0.0,39,,,,,,51,44,14.0,52,51,2.0,139,139,0.0,179,183,-8.0,18.0,-4.0,-10.0,-8.0
Healthy_018,V4,1,Healthy,-616,Qr,1,0.0137,0,630,1,239,500,,,,,,,,,,0,2,-4.0,10,11,-2.0,38,38,0.0,,,,53,44,18.0,54,68,-28.0,139,140,-2.0,179,185,-12.0,22.0,-8.0,16.0,-10.0
Healthy_018,V6,1,Healthy,-616,RS,1,0.0096,0,630,1,239,500,,,,,,,,,,0,2,-4.0,,,,17,17,0.0,30,30,0.0,52,44,16.0,53,82,-58.0,144,144,0.0,179,173,12.0,20.0,16.0,70.0,12.0
Healthy_018,V5,1,Healthy,-616,qRs,1,0.0108,0,630,1,239,500,,,,,,,,,,0,2,-4.0,7,7,0.0,18,25,-14.0,34,34,0.0,51,44,14.0,52,100,-96.0,151,151,0.0,179,173,12.0,18.0,16.0,108.0,12.0
Healthy_019,V2,1,Healthy,-611,rS,1,0.0088,0,641,1,244,500,,,,,,,,,,0,2,-4.0,,,,4,12,-16.0,23,22,2.0,56,48,16.0,57,53,8.0,140,140,0.0,179,169,20.0,20.0,24.0,12.0,20.0
Healthy_019,I,1,Healthy,-611,R,1,0.0087,0,641,1,244,500,,,,,,,,,,0,2,-4.0,,,,16,16,0.0,,,,59,48,22.0,60,75,-30.0,145,146,-2.0,178,178,0.0,26.0,4.0,30.0,2.0
Healthy_019,II,1,Healthy,-611,R,1,0.0059,0,641,1,244,500,,,,,,,,,,0,2,-4.0,,,,10,27,-34.0,,,,59,48,22.0,60,68,-16.0,142,143,-2.0,179,182,-6.0,26.0,-2.0,10.0,-4.0
Healthy_019,III,1,Healthy,-611,rS,1,0.0128,0,641,1,244,500,,,,,,,,,,0,2,-4.0,,16,,6,30,-48.0,16,,,60,48,24.0,61,68,-14.0,133,133,0.0,178,189,-22.0,28.0,-18.0,-8.0,-22.0
Healthy_019,aVR,1,Healthy,-611,QS,1,0.0081,0,641,1,244,500,,,,,,,,,,0,2,-4.0,26,26,0.0,,,,,,,58,48,20.0,60,68,-16.0,144,144,0.0,179,187,-16.0,24.0,-12.0,0.0,-16.0
Healthy_019,aVL,1,Healthy,-611,Rs,1,0.0111,0,641,1,244,500,,,,,,,,,,0,2,-4.0,,,,16,16,0.0,34,34,0.0,56,48,16.0,57,98,-82.0,147,147,0.0,178,185,-14.0,20.0,-10.0,68.0,-14.0
Healthy_019,aVF,1,Healthy,-611,Rs,1,0.0094,0,641,1,244,500,,,,,,,,,,0,2,-4.0,,16,,10,29,-38.0,16,,,61,48,26.0,62,68,-12.0,139,140,-2.0,178,185,-14.0,30.0,-10.0,-2.0,-12.0
Healthy_019,V1,1,Healthy,-611,rS,1,0.0077,0,641,1,244,500,,,,,,,,,,0,2,-4.0,,,,12,12,0.0,24,24,0.0,54,48,12.0,62,55,14.0,139,140,-2.0,179,169,20.0,16.0,24.0,6.0,22.0
Healthy_019,V3,1,Healthy,-611,Qr,1,0.0092,0,641,1,244,500,,,,,,,,,,0,2,-4.0,21,21,0.0,40,,,,,,59,48,22.0,60,59,2.0,138,139,-2.0,178,169,18.0,26.0,22.0,16.0,20.0
Healthy_019,V4,1,Healthy,-611,qR,1,0.0106,0,641,1,244,500,,,,,,,,,,0,2,-4.0,15,15,0.0,28,27,2.0,,,,60,48,24.0,61,66,-10.0,138,138,0.0,178,181,-6.0,28.0,-2.0,4.0,-6.0
Healthy_019,V5,1,Healthy,-611,R,1,0.008,0,641,1,244,500,,,,,,,,,,0,2,-4.0,,8,,27,27,0.0,,,,58,48,20.0,59,94,-70.0,154,154,0.0,179,169,20.0,24.0,24.0,90.0,20.0
Healthy_019,V6,1,Healthy,-611,R,1,0.0062,0,641,1,244,500,,,,,,,,,,0,2,-4.0,,,,24,24,0.0,,34,,60,48,24.0,61,94,-66.0,152,152,0.0,179,169,20.0,28.0,24.0,86.0,20.0
Healthy_020,V3,1,Healthy,-614,QR,1,0.0064,0,639,1,241,500,,,,,,,,,,0,2,-4.0,7,8,-2.0,13,25,-24.0,,,,56,27,58.0,57,60,-6.0,139,139,0.0,174,176,-4.0,62.0,0.0,2.0,-4.0
Healthy_020,I,1,Healthy,-614,qRs,1,0.0045,0,639,1,241,500,,,,,,,,,,0,2,-4.0,4,,,13,21,-16.0,28,28,0.0,56,27,58.0,57,90,-66.0,145,145,0.0,174,170,8.0,62.0,12.0,74.0,8.0
Healthy_020,II,1,Healthy,-614,R,1,0.0029,0,639,1,241,500,,,,,,,,,,0,2,-4.0,,,,9,21,-24.0,,35,,56,27,58.0,57,71,-28.0,146,146,0.0,174,170,8.0,62.0,12.0,36.0,8.0
Healthy_020,III,1,Healthy,-614,RS,1,0.006,0,639,1,241,500,,,,,,,,,,0,2,-4.0,,12,,6,22,-32.0,11,,,55,27,56.0,56,66,-20.0,150,150,0.0,174,170,8.0,60.0,12.0,28.0,8.0
Healthy_020,aVR,1,Healthy,-614,QS,1,0.0036,0,639,1,241,500,,,,,,,,,,0,2,-4.0,21,21,0.0,,,,,,,56,27,58.0,57,69,-24.0,145,146,-2.0,174,170,8.0,62.0,12.0,32.0,10.0
Healthy_020,aVL,1,Healthy,-614,qRS,1,0.0063,0,639,1,241,500,,,,,,,,,,0,2,-4.0,5,,,12,12,0.0,27,27,0.0,54,27,54.0,55,62,-14.0,144,145,-2.0,174,170,8.0,58.0,12.0,22.0,10.0
Healthy_020,aVF,1,Healthy,-614,R,1,0.0041,0,639,1,241,500,,,,,,,,,,0,2,-4.0,,11,,7,21,-28.0,,,,57,27,60.0,58,72,-28.0,146,147,-2.0,174,170,8.0,64.0,12.0,36.0,10.0
Healthy_020,V1,1,Healthy,-614,rS,1,0.0053,0,639,1,241,500,,,,,,,,,,0,2,-4.0,,,,4,4,0.0,20,20,0.0,56,27,58.0,57,50,14.0,138,138,0.0,174,170,8.0,62.0,12.0,-6.0,8.0
Healthy_020,V2,1,Healthy,-614,rS,1,0.0065,0,639,1,241,500,,,,,,,,,,0,2,-4.0,,20,,3,25,-44.0,20,,,56,27,58.0,57,55,4.0,137,138,-2.0,174,170,8.0,62.0,12.0,4.0,10.0
Healthy_020,V4,1,Healthy,-614,qR,1,0.0053,0,639,1,241,500,,,,,,,,,,0,2,-4.0,7,7,0.0,24,24,0.0,,,,56,27,58.0,57,74,-34.0,147,148,-2.0,174,170,8.0,62.0,12.0,42.0,10.0
Healthy_020,V5,1,Healthy,-614,qR,1,0.0031,0,639,1,241,500,,,,,,,,,,0,2,-4.0,6,,,20,20,0.0,,,,56,27,58.0,57,79,-44.0,148,148,0.0,174,170,8.0,62.0,12.0,52.0,8.0
Healthy_020,V6,1,Healthy,-614,qR,1,0.0025,0,639,1,241,500,,,,,,,,,,0,2,-4.0,5,,,20,20,0.0,,,,56,27,58.0,57,98,-82.0,149,149,0.0,174,170,8.0,62.0,12.0,90.0,8.0
InferiorInfarction_001,aVR,1,InferiorInfarction,-614,QS,1,0.0,0,626,1,241,500,,,,,,,,,,0,2,-4.0,23,23,0.0,,,,,,,54,50,8.0,59,109,-100.0,171,171,0.0,259,279,-40.0,12.0,-36.0,60.0,-40.0
InferiorInfarction_001,I,1,InferiorInfarction,-614,R,1,0.0,0,626,1,241,500,,,,,,,,,,0,2,-4.0,,11,,7,14,-14.0,,18,,55,50,10.0,57,103,-92.0,162,162,0.0,255,286,-62.0,14.0,-58.0,30.0,-62.0
InferiorInfarction_001,II,1,InferiorInfarction,-614,R,1,0.0,0,626,1,241,500,,,,,,,,,,0,2,-4.0,,,,11,23,-24.0,,,,55,50,10.0,57,119,-124.0,173,173,0.0,265,281,-32.0,14.0,-28.0,92.0,-32.0
InferiorInfarction_001,III,1,InferiorInfarction,-614,QR,1,0.0,0,626,1,241,500,,,,,,,,,,0,2,-4.0,6,6,0.0,11,23,-24.0,,,,54,50,8.0,59,103,-88.0,175,175,0.0,262,258,8.0,12.0,12.0,96.0,8.0
InferiorInfarction_001,aVL,1,InferiorInfarction,-614,rS,1,0.0,0,626,1,241,500,,,,,,,,,,0,2,-4.0,,,,6,6,0.0,23,23,0.0,53,50,6.0,59,89,-60.0,177,177,0.0,253,261,-16.0,10.0,-12.0,44.0,-16.0
InferiorInfarction_001,aVF,1,InferiorInfarction,-614,qR,1,0.0,0,626,1,241,500,,,,,,,,,,0,2,-4.0,6,,,11,23,-24.0,,,,54,50,8.0,59,101,-84.0,174,174,0.0,262,266,-8.0,12.0,-4.0,76.0,-8.0
InferiorInfarction_001,V1,1,InferiorInfarction,-614,RS,1,0.0,0,626,1,241,500,,,,,,,,,,0,2,-4.0,,,,6,7,-2.0,19,19,0.0,53,50,6.0,59,51,16.0,139,140,-2.0,250,255,-10.0,10.0,-6.0,-26.0,-8.0
InferiorInfarction_001,V2,1,InferiorInfarction,-614,rS,1,0.0,0,626,1,241,500,,,,,,,,,,0,2,-4.0,,24,,5,,,24,,,54,50,8.0,59,51,16.0,139,139,0.0,249,263,-28.0,12.0,-24.0,-44.0,-28.0
InferiorInfarction_001,V3,1,InferiorInfarction,-614,qRs,1,0.0,0,626,1,241,500,,,,,,,,,,0,2,-4.0,9,9,0.0,20,20,0.0,28,28,0.0,54,50,8.0,60,51,18.0,138,139,-2.0,248,255,-14.0,12.0,-10.0,-32.0,-12.0
InferiorInfarction_001,V4,1,InferiorInfarction,-614,qRs,1,0.0,0,626,1,241,500,,,,,,,,,,0,2,-4.0,8,8,0.0,21,22,-2.0,33,,,54,50,8.0,60,51,18.0,140,141,-2.0,249,251,-4.0,12.0,0.0,-22.0,-2.0
InferiorInfarction_001,V5,1,InferiorInfarction,-614,qR,1,0.0,0,626,1,241,500,,,,,,,,,,0,2,-4.0,7,,,27,27,0.0,,,,54,50,8.0,59,51,16.0,169,169,0.0,258,277,-38.0,12.0,-34.0,-54.0,-38.0
InferiorInfarction_001,V6,1,InferiorInfarction,-614,Rs,1,0.0,0,626,1,241,500,,,,,,,,,,0,2,-4.0,,,,29,29,0.0,54,,,54,50,8.0,59,91,-64.0,145,145,0.0,269,281,-24.0,12.0,-20.0,40.0,-24.0
InferiorInfarction_002,V6,1,InferiorInfarction,-604,qRs,1,0.0004,0,642,1,251,500,,,,,,,,,,0,2,-4.0,9,9,0.0,36,35,2.0,64,,,64,57,14.0,66,62,8.0,144,144,0.0,253,291,-76.0,18.0,-72.0,-84.0,-76.0
InferiorInfarction_002,I,1,InferiorInfarction,-604,R,1,0.0009,0,642,1,251,500,,,,,,,,,,0,2,-4.0,,,,9,16,-14.0,,72,,62,57,10.0,67,87,-40.0,144,145,-2.0,251,286,-70.0,14.0,-66.0,-30.0,-68.0
InferiorInfarction_002,III,1,InferiorInfarction,-604,qR,1,0.0007,0,642,1,251,500,,,,,,,,,,0,2,-4.0,8,16,-16.0,27,28,-2.0,,,,63,57,12.0,65,75,-20.0,140,141,-2.0,255,277,-44.0,16.0,-40.0,-24.0,-42.0
InferiorInfarction_002,aVR,1,InferiorInfarction,-604,QS,1,0.0008,0,642,1,251,500,,,,,,,,,,0,2,-4.0,31,32,-2.0,,,,,,,62,57,10.0,67,76,-18.0,151,151,0.0,253,294,-82.0,14.0,-78.0,-64.0,-82.0
InferiorInfarction_002,aVL,1,InferiorInfarction,-604,RS,1,0.0009,0,642,1,251,500,,,,,,,,,,0,2,-4.0,,,,8,16,-16.0,26,27,-2.0,63,57,12.0,65,94,-58.0,142,142,0.0,252,283,-62.0,16.0,-58.0,-4.0,-62.0
InferiorInfarction_002,aVF,1,InferiorInfarction,-604,QR,1,0.0005,0,642,1,251,500,,,,,,,,,,0,2,-4.0,7,8,-2.0,12,31,-38.0,,,,64,57,14.0,66,101,-70.0,158,183,-50.0,254,279,-50.0,18.0,-46.0,20.0,0.0
InferiorInfarction_002,V1,1,InferiorInfarction,-604,rS,1,0.0007,0,642,1,251,500,,,,,,,,,,0,2,-4.0,,,,7,7,0.0,31,31,0.0,63,57,12.0,65,68,-6.0,142,143,-2.0,249,277,-56.0,16.0,-52.0,-50.0,-54.0
InferiorInfarction_002,V2,1,InferiorInfarction,-604,rS,1,0.0007,0,642,1,251,500,,,,,,,,,,0,2,-4.0,,,,7,7,0.0,31,31,0.0,62,57,10.0,67,64,6.0,142,143,-2.0,252,281,-58.0,14.0,-54.0,-64.0,-56.0
InferiorInfarction_002,V3,1,InferiorInfarction,-604,rS,1,0.0006,0,642,1,251,500,,,,,,,,,,0,2,-4.0,,,,6,6,0.0,32,32,0.0,62,57,10.0,67,58,18.0,142,142,0.0,251,282,-62.0,14.0,-58.0,-80.0,-62.0
InferiorInfarction_002,V4,1,InferiorInfarction,-604,rS,1,0.0007,0,642,1,251,500,,,,,,,,,,0,2,-4.0,,17,,3,,,17,,,62,57,10.0,67,74,-14.0,142,142,0.0,250,283,-66.0,14.0,-62.0,-52.0,-66.0
InferiorInfarction_002,V5,1,InferiorInfarction,-604,qR,1,0.0003,0,642,1,251,500,,,,,,,,,,0,2,-4.0,11,11,0.0,31,30,2.0,,,,64,57,14.0,66,64,4.0,159,160,-2.0,248,251,-6.0,18.0,-2.0,-10.0,-4.0
InferiorInfarction_002,II,1,InferiorInfarction,-604,R,1,0.0005,0,642,1,251,500,,,,,,,,,,0,2,-4.0,,,,12,32,-40.0,,,,64,57,14.0,65,68,-6.0,156,182,-52.0,247,238,18.0,18.0,22.0,24.0,70.0
InferiorInfarction_003,V2,1,InferiorInfarction,-614,rS,1,0.0,0,628,1,241,500,,,,,,,,,,0,2,-4.0,,25,,4,,,25,,,56,51,10.0,63,55,16.0,140,140,0.0,249,267,-36.0,14.0,-32.0,-52.0,-36.0
InferiorInfarction_003,I,1,InferiorInfarction,-614,R,1,0.0,0,628,1,241,500,,,,,,,,,,0,2,-4.0,,,,7,30,-46.0,,,,56,51,10.0,62,64,-4.0,172,173,-2.0,254,281,-54.0,14.0,-50.0,-50.0,-52.0
InferiorInfarction_003,II,1,InferiorInfarction,-614,R,1,0.0,0,628,1,241,500,,,,,,,,,,0,2,-4.0,,,,9,21,-24.0,,64,,57,51,12.0,63,98,-70.0,173,173,0.0,255,275,-40.0,16.0,-36.0,30.0,-40.0
InferiorInfarction_003,III,1,InferiorInfarction,-614,R,1,0.0,0,628,1,241,500,,,,,,,,,,0,2,-4.0,,,,9,21,-24.0,,,,57,51,12.0,63,66,-6.0,143,143,0.0,250,243,14.0,16.0,18.0,20.0,14.0
InferiorInfarction_003,aVR,1,InferiorInfarction,-614,QS,1,0.0,0,628,1,241,500,,,,,,,,,,0,2,-4.0,21,21,0.0,,,,,,,56,51,10.0,63,82,-38.0,173,173,0.0,262,279,-34.0,14.0,-30.0,4.0,-34.0
InferiorInfarction_003,aVL,1,InferiorInfarction,-614,rS,1,0.0,0,628,1,241,500,,,,,,,,,,0,2,-4.0,,21,,6,33,-54.0,20,,,56,51,10.0,63,54,18.0,142,142,0.0,250,269,-38.0,14.0,-34.0,-56.0,-38.0
InferiorInfarction_003,aVF,1,InferiorInfarction,-614,R,1,0.0,0,628,1,241,500,,,,,,,,,,0,2,-4.0,,,,9,21,-24.0,,,,57,51,12.0,63,55,16.0,143,174,-62.0,250,262,-24.0,16.0,-20.0,-40.0,38.0
InferiorInfarction_003,V1,1,InferiorInfarction,-614,rS,1,0.0,0,628,1,241,500,,,,,,,,,,0,2,-4.0,,,,5,5,0.0,22,21,2.0,56,51,10.0,63,55,16.0,140,140,0.0,246,255,-18.0,14.0,-14.0,-34.0,-18.0
InferiorInfarction_003,V3,1,InferiorInfarction,-614,qRs,1,0.0,0,628,1,241,500,,,,,,,,,,0,2,-4.0,8,8,0.0,19,19,0.0,37,37,0.0,56,51,10.0,63,80,-34.0,144,144,0.0,246,251,-10.0,14.0,-6.0,24.0,-10.0
InferiorInfarction_003,V4,1,InferiorInfarction,-614,qRs,1,0.0,0,628,1,241,500,,,,,,,,,,0,2,-4.0,8,8,0.0,21,22,-2.0,39,,,56,51,10.0,63,81,-36.0,148,148,0.0,249,253,-8.0,14.0,-4.0,28.0,-8.0
InferiorInfarction_003,V5,1,InferiorInfarction,-614,qR,1,0.0,0,628,1,241,500,,,,,,,,,,0,2,-4.0,8,8,0.0,30,30,0.0,,,,56,51,10.0,63,70,-14.0,143,143,0.0,269,275,-12.0,14.0,-8.0,2.0,-12.0
InferiorInfarction_003,V6,1,InferiorInfarction,-614,qRs,1,0.0,0,628,1,241,500,,,,,,,,,,0,2,-4.0,5,6,-2.0,32,32,0.0,57,,,57,51,12.0,63,55,16.0,145,145,0.0,269,269,0.0,16.0,4.0,-16.0,0.0
InferiorInfarction_004,V6,1,InferiorInfarction,-609,Rs,1,0.0002,0,622,1,246,500,,,,,,,,,,0,2,-4.0,,,,33,33,0.0,57,,,57,48,18.0,59,55,8.0,168,168,0.0,270,275,-10.0,22.0,-6.0,-18.0,-10.0
InferiorInfarction_004,I,1,InferiorInfarction,-609,R,1,0.0005,0,622,1,246,500,,,,,,,,,,0,2,-4.0,,,,14,14,0.0,,62,,55,48,14.0,61,93,-64.0,141,141,0.0,251,281,-60.0,18.0,-56.0,4.0,-60.0
InferiorInfarction_004,II,1,InferiorInfarction,-609,R,1,0.0002,0,622,1,246,500,,,,,,,,,,0,2,-4.0,,,,26,27,-2.0,,64,,57,48,18.0,59,103,-88.0,149,176,-54.0,249,269,-40.0,22.0,-36.0,48.0,14.0
InferiorInfarction_004,III,1,InferiorInfarction,-609,qR,1,0.0001,0,622,1,246,500,,,,,,,,,,0,2,-4.0,7,7,0.0,26,26,0.0,,,,57,48,18.0,59,48,22.0,139,139,0.0,250,254,-8.0,22.0,-4.0,-30.0,-8.0
InferiorInfarction_004,aVR,1,InferiorInfarction,-609,QS,1,0.0004,0,622,1,246,500,,,,,,,,,,0,2,-4.0,27,27,0.0,,,,,,,55,48,14.0,61,51,20.0,144,176,-64.0,265,279,-28.0,18.0,-24.0,-48.0,36.0
InferiorInfarction_004,aVL,1,InferiorInfarction,-609,RS,1,0.0003,0,622,1,246,500,,,,,,,,,,0,2,-4.0,,,,8,14,-12.0,25,26,-2.0,56,48,16.0,58,50,16.0,140,140,0.0,250,277,-54.0,20.0,-50.0,-70.0,-54.0
InferiorInfarction_004,aVF,1,InferiorInfarction,-609,qR,1,0.0001,0,622,1,246,500,,,,,,,,,,0,2,-4.0,7,7,0.0,26,26,0.0,,,,56,48,16.0,61,66,-10.0,176,176,0.0,247,253,-12.0,20.0,-8.0,-2.0,-12.0
InferiorInfarction_004,V1,1,InferiorInfarction,-609,rS,1,0.0003,0,622,1,246,500,,,,,,,,,,0,2,-4.0,,21,,4,,,21,,,55,48,14.0,60,50,20.0,142,142,0.0,246,268,-44.0,18.0,-40.0,-64.0,-44.0
InferiorInfarction_004,V2,1,InferiorInfarction,-609,rS,1,0.0003,0,622,1,246,500,,,,,,,,,,0,2,-4.0,,25,,3,,,25,,,55,48,14.0,60,50,20.0,140,140,0.0,246,263,-34.0,18.0,-30.0,-54.0,-34.0
InferiorInfarction_004,V3,1,InferiorInfarction,-609,QRS,1,0.0002,0,622,1,246,500,,,,,,,,,,0,2,-4.0,10,10,0.0,24,23,2.0,33,33,0.0,55,48,14.0,61,50,22.0,138,139,-2.0,249,275,-52.0,18.0,-48.0,-74.0,-50.0
InferiorInfarction_004,V4,1,InferiorInfarction,-609,qRs,1,0.0002,0,622,1,246,500,,,,,,,,,,0,2,-4.0,9,10,-2.0,26,26,0.0,39,35,8.0,55,48,14.0,60,50,20.0,144,144,0.0,250,266,-32.0,18.0,-28.0,-52.0,-32.0
InferiorInfarction_004,V5,1,InferiorInfarction,-609,R,1,0.0002,0,622,1,246,500,,,,,,,,,,0,2,-4.0,,,,32,32,0.0,,,,55,48,14.0,60,50,20.0,252,139,226.0,270,277,-14.0,18.0,-10.0,-34.0,-240.0
InferiorInfarction_005,aVF,1,InferiorInfarction,-608,R,1,0.0001,0,621,1,247,500,,,,,,,,,,1,2,-2.0,,8,,23,23,0.0,,,,53,48,10.0,60,101,-82.0,149,173,-48.0,260,269,-18.0,12.0,-16.0,64.0,30.0
InferiorInfarction_005,I,1,InferiorInfarction,-608,Rs,1,0.0003,0,621,1,247,500,,,,,,,,,,1,2,-2.0,,,,10,32,-44.0,53,64,-22.0,53,48,10.0,60,107,-94.0,247,171,152.0,259,275,-32.0,12.0,-30.0,62.0,-184.0
InferiorInfarction_005,II,1,InferiorInfarction,-608,R,1,0.0002,0,621,1,247,500,,,,,,,,,,1,2,-2.0,,,,23,23,0.0,,,,53,48,10.0,60,105,-90.0,172,172,0.0,254,275,-42.0,12.0,-40.0,48.0,-42.0
InferiorInfarction_005,III,1,InferiorInfarction,-608,qR,1,0.0003,0,621,1,247,500,,,,,,,,,,1,2,-2.0,8,8,0.0,23,23,0.0,,,,53,48,10.0,60,50,20.0,150,151,-2.0,258,248,20.0,12.0,22.0,0.0,22.0
InferiorInfarction_005,aVR,1,InferiorInfarction,-608,QS,1,0.0003,0,621,1,247,500,,,,,,,,,,1,2,-2.0,24,23,2.0,,,,,,,53,48,10.0,60,53,14.0,249,172,154.0,262,275,-26.0,12.0,-24.0,-40.0,-180.0
InferiorInfarction_005,aVL,1,InferiorInfarction,-608,RS,1,0.0002,0,621,1,247,500,,,,,,,,,,1,2,-2.0,,,,9,8,2.0,23,22,2.0,53,48,10.0,60,53,14.0,151,152,-2.0,247,265,-36.0,12.0,-34.0,-50.0,-34.0
InferiorInfarction_005,V1,1,InferiorInfarction,-608,rS,1,0.0002,0,621,1,247,500,,,,,,,,,,1,2,-2.0,,,,6,6,0.0,23,23,0.0,53,48,10.0,60,55,10.0,141,141,0.0,247,268,-42.0,12.0,-40.0,-52.0,-42.0
InferiorInfarction_005,V2,1,InferiorInfarction,-608,rS,1,0.0002,0,621,1,247,500,,,,,,,,,,1,2,-2.0,,24,,6,,,24,,,53,48,10.0,60,50,20.0,141,141,0.0,246,268,-44.0,12.0,-42.0,-64.0,-44.0
InferiorInfarction_005,V3,1,InferiorInfarction,-608,qRS,1,0.0002,0,621,1,247,500,,,,,,,,,,1,2,-2.0,9,9,0.0,15,15,0.0,25,25,0.0,53,48,10.0,60,50,20.0,142,142,0.0,246,267,-42.0,12.0,-40.0,-62.0,-42.0
InferiorInfarction_005,V4,1,InferiorInfarction,-608,qRs,1,0.0003,0,621,1,247,500,,,,,,,,,,1,2,-2.0,8,9,-2.0,15,15,0.0,37,37,0.0,53,48,10.0,61,54,14.0,146,147,-2.0,250,269,-38.0,12.0,-36.0,-52.0,-36.0
InferiorInfarction_005,V5,1,InferiorInfarction,-608,R,1,0.0002,0,621,1,247,500,,,,,,,,,,1,2,-2.0,,,,31,30,2.0,,,,53,48,10.0,60,50,20.0,142,142,0.0,261,275,-28.0,12.0,-26.0,-48.0,-28.0
InferiorInfarction_005,V6,1,InferiorInfarction,-608,Rs,1,0.0002,0,621,1,247,500,,,,,,,,,,1,2,-2.0,,,,31,32,-2.0,54,,,54,48,12.0,60,55,10.0,146,146,0.0,264,273,-18.0,14.0,-16.0,-28.0,-18.0
InferiorInfarction_006,V6,1,InferiorInfarction,-611,Rs,1,0.0001,0,626,1,244,500,,,,,,,,,,0,2,-4.0,,,,28,28,0.0,57,,,57,48,18.0,59,49,20.0,167,167,0.0,271,274,-6.0,22.0,-2.0,-26.0,-6.0
InferiorInfarction_006,I,1,InferiorInfarction,-611,R,1,0.0003,0,626,1,244,500,,,,,,,,,,0,2,-4.0,,,,14,14,0.0,,,,55,48,14.0,60,49,22.0,144,144,0.0,250,277,-54.0,18.0,-50.0,-76.0,-54.0
InferiorInfarction_006,II,1,InferiorInfarction,-611,R,1,0.0001,0,626,1,244,500,,,,,,,,,,0,2,-4.0,,,,10,24,-28.0,,,,57,48,18.0,59,49,20.0,173,173,0.0,270,270,0.0,22.0,4.0,-20.0,0.0
InferiorInfarction_006,III,1,InferiorInfarction,-611,rS,1,0.0001,0,626,1,244,500,,,,,,,,,,0,2,-4.0,,14,,9,24,-30.0,14,,,55,48,14.0,60,49,22.0,173,173,0.0,270,264,12.0,18.0,16.0,-10.0,12.0
InferiorInfarction_006,aVR,1,InferiorInfarction,-611,QS,1,0.0002,0,626,1,244,500,,,,,,,,,,0,2,-4.0,24,24,0.0,,,,,,,55,48,14.0,60,49,22.0,142,142,0.0,268,273,-10.0,18.0,-6.0,-32.0,-10.0
InferiorInfarction_006,aVL,1,InferiorInfarction,-611,rS,1,0.0002,0,626,1,244,500,,,,,,,,,,0,2,-4.0,,,,7,14,-14.0,24,24,0.0,56,48,16.0,58,49,18.0,147,147,0.0,251,265,-28.0,20.0,-24.0,-46.0,-28.0
InferiorInfarction_006,aVF,1,InferiorInfarction,-611,R,1,0.0001,0,626,1,244,500,,,,,,,,,,0,2,-4.0,,14,,10,24,-28.0,,,,57,48,18.0,59,55,8.0,173,173,0.0,269,260,18.0,22.0,22.0,10.0,18.0
InferiorInfarction_006,V1,1,InferiorInfarction,-611,rS,1,0.0001,0,626,1,244,500,,,,,,,,,,0,2,-4.0,,,,8,8,0.0,22,22,0.0,55,48,14.0,60,49,22.0,140,140,0.0,247,271,-48.0,18.0,-44.0,-70.0,-48.0
InferiorInfarction_006,V2,1,InferiorInfarction,-611,rS,1,0.0001,0,626,1,244,500,,,,,,,,,,0,2,-4.0,,,,5,5,0.0,21,22,-2.0,55,48,14.0,60,49,22.0,140,140,0.0,249,265,-32.0,18.0,-28.0,-54.0,-32.0
InferiorInfarction_006,V3,1,InferiorInfarction,-611,rS,1,0.0,0,626,1,244,500,,,,,,,,,,0,2,-4.0,,,,4,5,-2.0,26,25,2.0,55,48,14.0,60,49,22.0,139,139,0.0,253,267,-28.0,18.0,-24.0,-50.0,-28.0
InferiorInfarction_006,V4,1,InferiorInfarction,-611,rS,1,0.0001,0,626,1,244,500,,,,,,,,,,0,2,-4.0,,8,,4,17,-26.0,33,33,0.0,55,48,14.0,60,49,22.0,139,139,0.0,263,274,-22.0,18.0,-18.0,-44.0,-22.0
InferiorInfarction_006,V5,1,InferiorInfarction,-611,R,1,0.0001,0,626,1,244,500,,,,,,,,,,0,2,-4.0,,,,17,24,-14.0,,,,57,48,18.0,58,49,18.0,137,137,0.0,247,242,10.0,22.0,14.0,-8.0,10.0
InferiorInfarction_007,V2,1,InferiorInfarction,-612,QrS,1,0.0007,0,629,1,243,500,,,,,,,,,,0,2,-4.0,11,11,0.0,23,24,-2.0,29,28,2.0,52,48,8.0,58,49,18.0,140,140,0.0,240,273,-66.0,12.0,-62.0,-84.0,-66.0
InferiorInfarction_007,I,1,InferiorInfarction,-612,RS,1,0.0009,0,629,1,243,500,,,,,,,,,,0,2,-4.0,,11,,7,29,-44.0,11,,,53,48,10.0,58,49,18.0,142,142,0.0,241,275,-68.0,14.0,-64.0,-86.0,-68.0
InferiorInfarction_007,II,1,InferiorInfarction,-612,R,1,0.0004,0,629,1,243,500,,,,,,,,,,0,2,-4.0,,,,20,20,0.0,,,,53,48,10.0,58,49,18.0,172,172,0.0,242,273,-62.0,14.0,-58.0,-80.0,-62.0
InferiorInfarction_007,III,1,InferiorInfarction,-612,qR,1,0.0005,0,629,1,243,500,,,,,,,,,,0,2,-4.0,6,,,19,19,0.0,,,,53,48,10.0,58,49,18.0,148,148,0.0,242,259,-34.0,14.0,-30.0,-52.0,-34.0
InferiorInfarction_007,aVR,1,InferiorInfarction,-612,QS,1,0.0009,0,629,1,243,500,,,,,,,,,,0,2,-4.0,23,24,-2.0,,,,,,,53,48,10.0,59,50,18.0,172,172,0.0,242,269,-54.0,14.0,-50.0,-72.0,-54.0
InferiorInfarction_007,aVF,1,InferiorInfarction,-612,qR,1,0.0004,0,629,1,243,500,,,,,,,,,,0,2,-4.0,6,,,19,20,-2.0,,,,53,48,10.0,59,49,20.0,172,172,0.0,242,273,-62.0,14.0,-58.0,-82.0,-62.0
InferiorInfarction_007,V1,1,InferiorInfarction,-612,rS,1,0.0005,0,629,1,243,500,,,,,,,,,,0,2,-4.0,,19,,5,,,18,,,52,48,8.0,59,49,20.0,139,139,0.0,239,267,-56.0,12.0,-52.0,-76.0,-56.0
InferiorInfarction_007,V3,1,InferiorInfarction,-612,QRs,1,0.0009,0,629,1,243,500,,,,,,,,,,1,2,-2.0,10,10,0.0,23,23,0.0,35,36,-2.0,52,48,8.0,59,49,20.0,142,143,-2.0,239,263,-48.0,10.0,-46.0,-68.0,-46.0
InferiorInfarction_007,V4,1,InferiorInfarction,-612,qR,1,0.001,0,629,1,243,500,,,,,,,,,,0,2,-4.0,9,10,-2.0,23,23,0.0,,,,52,48,8.0,59,49,20.0,150,150,0.0,239,260,-42.0,12.0,-38.0,-62.0,-42.0
InferiorInfarction_007,V5,1,InferiorInfarction,-612,qRs,1,0.0008,0,629,1,243,500,,,,,,,,,,0,2,-4.0,9,9,0.0,24,28,-8.0,53,,,53,48,10.0,59,49,20.0,141,141,0.0,241,269,-56.0,14.0,-52.0,-76.0,-56.0
InferiorInfarction_007,V6,1,InferiorInfarction,-612,qRs,1,0.0007,0,629,1,243,500,,,,,,,,,,0,2,-4.0,10,10,0.0,28,28,0.0,53,,,53,48,10.0,59,49,20.0,141,142,-2.0,242,269,-54.0,14.0,-50.0,-74.0,-52.0
InferiorInfarction_007,aVL,1,InferiorInfarction,-612,rS,1,0.0003,0,629,1,243,500,,,,,,,,,,0,2,-4.0,,17,,7,37,-60.0,17,,,52,48,8.0,58,49,18.0,146,146,0.0,239,226,26.0,12.0,30.0,8.0,26.0
InferiorInfarction_008,II,1,InferiorInfarction,-612,R,1,0.0001,0,623,1,243,500,,,,,,,,,,0,2,-4.0,,,,10,23,-26.0,,,,56,50,12.0,62,62,0.0,173,174,-2.0,248,265,-34.0,16.0,-30.0,-34.0,-32.0
InferiorInfarction_008,I,1,InferiorInfarction,-612,R,1,0.0001,0,623,1,243,500,,,,,,,,,,0,2,-4.0,,,,7,14,-14.0,,,,55,50,10.0,61,66,-10.0,142,142,0.0,247,267,-40.0,14.0,-36.0,-30.0,-40.0
InferiorInfarction_008,III,1,InferiorInfarction,-612,qR,1,0.0001,0,623,1,243,500,,,,,,,,,,0,2,-4.0,13,14,-2.0,23,24,-2.0,,,,56,50,12.0,61,59,4.0,141,141,0.0,253,246,14.0,16.0,18.0,10.0,14.0
InferiorInfarction_008,aVR,1,InferiorInfarction,-612,QS,1,0.0001,0,623,1,243,500,,,,,,,,,,0,2,-4.0,23,23,0.0,,,,,,,55,50,10.0,62,62,0.0,143,174,-62.0,250,269,-38.0,14.0,-34.0,-38.0,24.0
InferiorInfarction_008,aVL,1,InferiorInfarction,-612,RS,1,0.0001,0,623,1,243,500,,,,,,,,,,0,2,-4.0,,10,,7,14,-14.0,23,24,-2.0,55,50,10.0,61,83,-44.0,141,142,-2.0,248,255,-14.0,14.0,-10.0,30.0,-12.0
InferiorInfarction_008,aVF,1,InferiorInfarction,-612,qR,1,0.0,0,623,1,243,500,,,,,,,,,,0,2,-4.0,13,14,-2.0,23,23,0.0,,,,56,50,12.0,63,55,16.0,173,173,0.0,250,253,-6.0,16.0,-2.0,-22.0,-6.0
InferiorInfarction_008,V1,1,InferiorInfarction,-612,rS,1,0.0001,0,623,1,243,500,,,,,,,,,,0,2,-4.0,,,,6,7,-2.0,21,21,0.0,55,50,10.0,62,51,22.0,140,140,0.0,245,251,-12.0,14.0,-8.0,-34.0,-12.0
InferiorInfarction_008,V2,1,InferiorInfarction,-612,rS,1,0.0001,0,623,1,243,500,,,,,,,,,,0,2,-4.0,,16,,5,,,16,,,55,50,10.0,62,51,22.0,139,139,0.0,246,248,-4.0,14.0,0.0,-26.0,-4.0
InferiorInfarction_008,V3,1,InferiorInfarction,-612,QRs,1,0.0001,0,623,1,243,500,,,,,,,,,,0,2,-4.0,13,14,-2.0,22,22,0.0,34,34,0.0,55,50,10.0,62,51,22.0,138,138,0.0,247,269,-44.0,14.0,-40.0,-66.0,-44.0
InferiorInfarction_008,V4,1,InferiorInfarction,-612,qRs,1,0.0001,0,623,1,243,500,,,,,,,,,,0,2,-4.0,11,11,0.0,23,23,0.0,38,39,-2.0,55,50,10.0,62,51,22.0,139,139,0.0,247,257,-20.0,14.0,-16.0,-42.0,-20.0
InferiorInfarction_008,V5,1,InferiorInfarction,-612,qR,1,0.0,0,623,1,243,500,,,,,,,,,,0,2,-4.0,9,9,0.0,23,23,0.0,,,,56,50,12.0,62,51,22.0,173,173,0.0,247,238,18.0,16.0,22.0,-4.0,18.0
InferiorInfarction_008,V6,1,InferiorInfarction,-612,qRs,1,0.0001,0,623,1,243,500,,,,,,,,,,0,2,-4.0,8,,,30,31,-2.0,56,,,56,50,12.0,62,51,22.0,144,144,0.0,250,275,-50.0,16.0,-46.0,-72.0,-50.0
InferiorInfarction_009,V1,1,InferiorInfarction,-611,rS,1,0.0009,0,638,1,244,500,,,,,,,,,,0,2,-4.0,,,,8,7,2.0,24,24,0.0,53,46,14.0,59,50,18.0,140,140,0.0,242,268,-52.0,18.0,-48.0,-70.0,-52.0
InferiorInfarction_009,I,1,InferiorInfarction,-611,R,1,0.0013,0,638,1,244,500,,,,,,,,,,0,2,-4.0,,,,15,27,-24.0,,66,,54,46,16.0,59,94,-70.0,144,144,0.0,245,275,-60.0,20.0,-56.0,10.0,-60.0
InferiorInfarction_009,II,1,InferiorInfarction,-611,R,1,0.0006,0,638,1,244,500,,,,,,,,,,0,2,-4.0,,,,9,25,-32.0,,68,,54,46,16.0,59,97,-76.0,173,173,0.0,244,279,-70.0,20.0,-66.0,6.0,-70.0
InferiorInfarction_009,III,1,InferiorInfarction,-611,Qrs,1,0.0012,0,638,1,244,500,,,,,,,,,,0,2,-4.0,14,15,-2.0,20,19,2.0,30,30,0.0,54,46,16.0,59,92,-66.0,143,143,0.0,245,260,-30.0,20.0,-26.0,36.0,-30.0
InferiorInfarction_009,aVR,1,InferiorInfarction,-611,QS,1,0.0009,0,638,1,244,500,,,,,,,,,,0,2,-4.0,25,25,0.0,,,,,,,53,46,14.0,59,52,14.0,144,145,-2.0,245,275,-60.0,18.0,-56.0,-74.0,-58.0
InferiorInfarction_009,aVL,1,InferiorInfarction,-611,R,1,0.0009,0,638,1,244,500,,,,,,,,,,0,2,-4.0,,,,15,15,0.0,,19,,53,46,14.0,59,72,-26.0,143,144,-2.0,244,273,-58.0,18.0,-54.0,-32.0,-56.0
InferiorInfarction_009,aVF,1,InferiorInfarction,-611,qR,1,0.0008,0,638,1,244,500,,,,,,,,,,0,2,-4.0,14,14,0.0,25,25,0.0,,,,54,46,16.0,60,50,20.0,172,172,0.0,244,260,-32.0,20.0,-28.0,-52.0,-32.0
InferiorInfarction_009,V2,1,InferiorInfarction,-611,rS,1,0.0009,0,638,1,244,500,,,,,,,,,,0,2,-4.0,,,,8,7,2.0,24,23,2.0,53,46,14.0,59,50,18.0,140,140,0.0,245,268,-46.0,18.0,-42.0,-64.0,-46.0
InferiorInfarction_009,V3,1,InferiorInfarction,-611,rS,1,0.0008,0,638,1,244,500,,,,,,,,,,0,2,-4.0,,22,,4,,,22,,,53,46,14.0,59,50,18.0,139,140,-2.0,247,269,-44.0,18.0,-40.0,-62.0,-42.0
InferiorInfarction_009,V4,1,InferiorInfarction,-611,rS,1,0.0008,0,638,1,244,500,,,,,,,,,,0,2,-4.0,,14,,4,25,-42.0,35,35,0.0,53,46,14.0,59,70,-22.0,140,140,0.0,246,273,-54.0,18.0,-50.0,-32.0,-54.0
InferiorInfarction_009,V5,1,InferiorInfarction,-611,qR,1,0.0009,0,638,1,244,500,,,,,,,,,,0,2,-4.0,7,,,24,25,-2.0,,,,54,46,16.0,59,72,-26.0,147,147,0.0,243,172,142.0,20.0,146.0,168.0,142.0
InferiorInfarction_009,V6,1,InferiorInfarction,-611,qR,1,0.0005,0,638,1,244,500,,,,,,,,,,0,2,-4.0,7,7,0.0,25,25,0.0,,,,54,46,16.0,59,68,-18.0,170,171,-2.0,245,273,-56.0,20.0,-52.0,-38.0,-54.0
InferiorInfarction_010,aVR,1,InferiorInfarction,-608,QS,1,0.0015,0,639,1,247,500,,,,,,,,,,1,2,-2.0,28,28,0.0,,,,,,,53,46,14.0,60,48,24.0,175,175,0.0,262,275,-26.0,16.0,-24.0,-50.0,-26.0
InferiorInfarction_010,I,1,InferiorInfarction,-608,R,1,0.0011,0,639,1,247,500,,,,,,,,,,1,2,-2.0,,,,13,32,-38.0,,,,53,46,14.0,59,64,-10.0,139,139,0.0,262,275,-26.0,16.0,-24.0,-16.0,-26.0
InferiorInfarction_010,II,1,InferiorInfarction,-608,qR,1,0.0005,0,639,1,247,500,,,,,,,,,,1,2,-2.0,12,13,-2.0,27,27,0.0,,,,53,46,14.0,59,48,22.0,175,176,-2.0,251,273,-44.0,16.0,-42.0,-66.0,-42.0
InferiorInfarction_010,III,1,InferiorInfarction,-608,qR,1,0.0008,0,639,1,247,500,,,,,,,,,,1,2,-2.0,13,13,0.0,26,27,-2.0,,,,53,46,14.0,59,48,22.0,139,139,0.0,261,277,-32.0,16.0,-30.0,-54.0,-32.0
InferiorInfarction_010,aVL,1,InferiorInfarction,-608,RS,1,0.0006,0,639,1,247,500,,,,,,,,,,1,2,-2.0,,,,13,13,0.0,24,24,0.0,53,46,14.0,58,83,-50.0,139,139,0.0,246,255,-18.0,16.0,-16.0,32.0,-18.0
InferiorInfarction_010,aVF,1,InferiorInfarction,-608,qR,1,0.0005,0,639,1,247,500,,,,,,,,,,1,2,-2.0,12,13,-2.0,27,27,0.0,,,,53,46,14.0,60,48,24.0,139,139,0.0,263,269,-12.0,16.0,-10.0,-36.0,-12.0
InferiorInfarction_010,V1,1,InferiorInfarction,-608,rS,1,0.001,0,639,1,247,500,,,,,,,,,,1,2,-2.0,,27,,4,,,26,,,53,46,14.0,59,48,22.0,142,143,-2.0,245,269,-48.0,16.0,-46.0,-70.0,-46.0
InferiorInfarction_010,V2,1,InferiorInfarction,-608,rS,1,0.0011,0,639,1,247,500,,,,,,,,,,1,2,-2.0,,26,,4,,,26,,,53,46,14.0,59,48,22.0,141,141,0.0,245,263,-36.0,16.0,-34.0,-58.0,-36.0
InferiorInfarction_010,V3,1,InferiorInfarction,-608,Qr,1,0.0013,0,639,1,247,500,,,,,,,,,,1,2,-2.0,14,14,0.0,51,,,,,,53,46,14.0,60,48,24.0,140,140,0.0,246,269,-46.0,16.0,-44.0,-70.0,-46.0
InferiorInfarction_010,V4,1,InferiorInfarction,-608,QRs,1,0.0017,0,639,1,247,500,,,,,,,,,,1,2,-2.0,12,13,-2.0,29,29,0.0,38,38,0.0,53,46,14.0,59,80,-42.0,141,141,0.0,251,273,-44.0,16.0,-42.0,-2.0,-44.0
InferiorInfarction_010,V5,1,InferiorInfarction,-608,qR,1,0.001,0,639,1,247,500,,,,,,,,,,1,2,-2.0,9,10,-2.0,30,30,0.0,,,,54,46,16.0,60,51,18.0,141,141,0.0,260,275,-30.0,18.0,-28.0,-48.0,-30.0
InferiorInfarction_010,V6,1,InferiorInfarction,-608,Rs,1,0.0008,0,639,1,247,500,,,,,,,,,,0,2,-4.0,,,,31,32,-2.0,54,,,54,46,16.0,60,54,12.0,145,145,0.0,265,275,-20.0,20.0,-16.0,-32.0,-20.0
InferiorInfarction_011,V4,1,InferiorInfarction,-605,QRS,1,0.0003,0,627,1,250,500,,,,,,,,,,1,2,-2.0,10,10,0.0,20,21,-2.0,34,34,0.0,60,53,14.0,62,56,12.0,148,148,0.0,247,279,-64.0,16.0,-62.0,-76.0,-64.0
InferiorInfarction_011,I,1,InferiorInfarction,-605,Rs,1,0.0004,0,627,1,250,500,,,,,,,,,,0,2,-4.0,,,,8,35,-54.0,60,,,60,53,14.0,61,100,-78.0,161,161,0.0,247,279,-64.0,18.0,-60.0,14.0,-64.0
InferiorInfarction_011,II,1,InferiorInfarction,-605,R,1,0.0002,0,627,1,250,500,,,,,,,,,,1,2,-2.0,,,,11,29,-36.0,,,,60,53,14.0,61,59,4.0,174,174,0.0,246,283,-74.0,16.0,-72.0,-78.0,-74.0
InferiorInfarction_011,III,1,InferiorInfarction,-605,qR,1,0.0002,0,627,1,250,500,,,,,,,,,,1,2,-2.0,6,,,11,29,-36.0,,,,60,53,14.0,61,68,-14.0,141,141,0.0,250,275,-50.0,16.0,-48.0,-36.0,-50.0
InferiorInfarction_011,aVR,1,InferiorInfarction,-605,Qr,1,0.0006,0,627,1,250,500,,,,,,,,,,1,2,-2.0,29,29,0.0,60,,,,,,60,53,14.0,62,60,4.0,173,173,0.0,247,283,-72.0,16.0,-70.0,-76.0,-72.0
InferiorInfarction_011,aVL,1,InferiorInfarction,-605,rS,1,0.0003,0,627,1,250,500,,,,,,,,,,1,2,-2.0,,,,6,7,-2.0,26,26,0.0,59,53,12.0,61,103,-84.0,141,141,0.0,246,282,-72.0,14.0,-70.0,12.0,-72.0
InferiorInfarction_011,aVF,1,InferiorInfarction,-605,R,1,0.0001,0,627,1,250,500,,,,,,,,,,1,2,-2.0,,,,11,29,-36.0,,,,60,53,14.0,62,54,16.0,141,141,0.0,246,281,-70.0,16.0,-68.0,-86.0,-70.0
InferiorInfarction_011,V1,1,InferiorInfarction,-605,rS,1,0.0002,0,627,1,250,500,,,,,,,,,,1,2,-2.0,,,,7,8,-2.0,28,29,-2.0,60,53,14.0,62,56,12.0,142,142,0.0,242,277,-70.0,16.0,-68.0,-82.0,-70.0
InferiorInfarction_011,V2,1,InferiorInfarction,-605,rS,1,0.0003,0,627,1,250,500,,,,,,,,,,1,2,-2.0,,,,5,5,0.0,29,29,0.0,60,53,14.0,62,55,14.0,142,143,-2.0,247,281,-68.0,16.0,-66.0,-82.0,-66.0
InferiorInfarction_011,V3,1,InferiorInfarction,-605,rS,1,0.0001,0,627,1,250,500,,,,,,,,,,1,2,-2.0,,30,,4,,,30,,,60,53,14.0,62,56,12.0,143,143,0.0,247,275,-56.0,16.0,-54.0,-68.0,-56.0
InferiorInfarction_011,V5,1,InferiorInfarction,-605,qR,1,0.0002,0,627,1,250,500,,,,,,,,,,1,2,-2.0,10,11,-2.0,34,34,0.0,,,,60,53,14.0,62,54,16.0,175,175,0.0,248,282,-68.0,16.0,-66.0,-84.0,-68.0
InferiorInfarction_011,V6,1,InferiorInfarction,-605,RS,1,0.0003,0,627,1,250,500,,,,,,,,,,0,2,-4.0,,18,,8,37,-58.0,60,,,60,53,14.0,62,92,-60.0,155,156,-2.0,249,287,-76.0,18.0,-72.0,-16.0,-74.0
InferiorInfarction_012,II,1,InferiorInfarction,-606,R,1,0.0004,0,619,1,249,500,,,,,,,,,,0,2,-4.0,,,,12,30,-36.0,,,,62,52,20.0,63,54,18.0,179,179,0.0,249,287,-76.0,24.0,-72.0,-94.0,-76.0
InferiorInfarction_012,I,1,InferiorInfarction,-606,R,1,0.0011,0,619,1,249,500,,,,,,,,,,0,2,-4.0,,,,16,16,0.0,,,,62,52,20.0,63,71,-16.0,144,144,0.0,252,286,-68.0,24.0,-64.0,-52.0,-68.0
InferiorInfarction_012,III,1,InferiorInfarction,-606,qR,1,0.0013,0,619,1,249,500,,,,,,,,,,0,2,-4.0,15,16,-2.0,29,29,0.0,,,,62,52,20.0,63,54,18.0,144,144,0.0,257,283,-52.0,24.0,-48.0,-70.0,-52.0
InferiorInfarction_012,aVR,1,InferiorInfarction,-606,QS,1,0.001,0,619,1,249,500,,,,,,,,,,0,2,-4.0,29,30,-2.0,,,,,,,62,52,20.0,63,55,16.0,144,144,0.0,252,282,-60.0,24.0,-56.0,-76.0,-60.0
InferiorInfarction_012,aVL,1,InferiorInfarction,-606,RS,1,0.0013,0,619,1,249,500,,,,,,,,,,0,2,-4.0,,,,9,16,-14.0,26,26,0.0,62,52,20.0,63,81,-36.0,144,144,0.0,250,279,-58.0,24.0,-54.0,-22.0,-58.0
InferiorInfarction_012,aVF,1,InferiorInfarction,-606,QRS,1,0.0007,0,619,1,249,500,,,,,,,,,,0,2,-4.0,7,7,0.0,11,29,-36.0,15,,,62,52,20.0,64,54,20.0,143,144,-2.0,252,283,-62.0,24.0,-58.0,-82.0,-60.0
InferiorInfarction_012,V1,1,InferiorInfarction,-606,rS,1,0.0007,0,619,1,249,500,,,,,,,,,,1,2,-2.0,,29,,6,,,28,,,62,52,20.0,64,54,20.0,142,143,-2.0,249,283,-68.0,22.0,-66.0,-88.0,-66.0
InferiorInfarction_012,V2,1,InferiorInfarction,-606,rS,1,0.0008,0,619,1,249,500,,,,,,,,,,1,2,-2.0,,24,,8,,,24,,,62,52,20.0,64,54,20.0,141,141,0.0,251,262,-22.0,22.0,-20.0,-42.0,-22.0
InferiorInfarction_012,V3,1,InferiorInfarction,-606,Qr,1,0.0007,0,619,1,249,500,,,,,,,,,,1,2,-2.0,29,29,0.0,61,,,,,,61,52,18.0,66,54,24.0,140,140,0.0,253,275,-44.0,20.0,-42.0,-68.0,-44.0
InferiorInfarction_012,V4,1,InferiorInfarction,-606,QRs,1,0.0008,0,619,1,249,500,,,,,,,,,,1,2,-2.0,16,16,0.0,32,32,0.0,42,42,0.0,60,52,16.0,65,62,6.0,140,140,0.0,254,277,-46.0,18.0,-44.0,-52.0,-46.0
InferiorInfarction_012,V5,1,InferiorInfarction,-606,qR,1,0.0006,0,619,1,249,500,,,,,,,,,,0,2,-4.0,8,8,0.0,31,32,-2.0,,,,62,52,20.0,63,54,18.0,140,141,-2.0,251,181,140.0,24.0,144.0,122.0,142.0
InferiorInfarction_012,V6,1,InferiorInfarction,-606,Rs,1,0.0005,0,619,1,249,500,,,,,,,,,,0,2,-4.0,,,,35,36,-2.0,62,,,62,52,20.0,64,64,0.0,145,145,0.0,253,284,-62.0,24.0,-58.0,-62.0,-62.0
InferiorInfarction_013,V3,1,InferiorInfarction,-609,QRS,1,0.0021,0,622,1,246,500,,,,,,,,,,0,2,-4.0,9,9,0.0,15,15,0.0,36,36,0.0,57,54,6.0,63,74,-22.0,143,144,-2.0,248,275,-54.0,10.0,-50.0,-32.0,-52.0
InferiorInfarction_013,I,1,InferiorInfarction,-609,RS,1,0.002,0,622,1,246,500,,,,,,,,,,0,2,-4.0,,,,7,31,-48.0,59,,,59,54,10.0,61,54,14.0,170,171,-2.0,252,283,-62.0,14.0,-58.0,-76.0,-60.0
InferiorInfarction_013,II,1,InferiorInfarction,-609,R,1,0.0011,0,622,1,246,500,,,,,,,,,,0,2,-4.0,,,,25,24,2.0,,,,59,54,10.0,61,54,14.0,174,174,0.0,254,279,-50.0,14.0,-46.0,-64.0,-50.0
InferiorInfarction_013,III,1,InferiorInfarction,-609,qR,1,0.0013,0,622,1,246,500,,,,,,,,,,0,2,-4.0,13,14,-2.0,23,24,-2.0,,,,57,54,6.0,62,54,16.0,140,140,0.0,261,255,12.0,10.0,16.0,-4.0,12.0
InferiorInfarction_013,aVR,1,InferiorInfarction,-609,QS,1,0.002,0,622,1,246,500,,,,,,,,,,0,2,-4.0,25,26,-2.0,,,,,,,57,54,6.0,62,54,16.0,173,174,-2.0,254,275,-42.0,10.0,-38.0,-58.0,-40.0
InferiorInfarction_013,aVL,1,InferiorInfarction,-609,rS,1,0.0015,0,622,1,246,500,,,,,,,,,,0,2,-4.0,,10,,6,14,-16.0,22,23,-2.0,57,54,6.0,62,93,-62.0,139,140,-2.0,250,277,-54.0,10.0,-50.0,8.0,-52.0
InferiorInfarction_013,aVF,1,InferiorInfarction,-609,qR,1,0.001,0,622,1,246,500,,,,,,,,,,0,2,-4.0,13,14,-2.0,24,24,0.0,,,,58,54,8.0,63,54,18.0,175,175,0.0,266,286,-40.0,12.0,-36.0,-58.0,-40.0
InferiorInfarction_013,V1,1,InferiorInfarction,-609,rS,1,0.0019,0,622,1,246,500,,,,,,,,,,0,2,-4.0,,,,5,6,-2.0,24,24,0.0,57,54,6.0,62,54,16.0,141,142,-2.0,248,273,-50.0,10.0,-46.0,-66.0,-48.0
InferiorInfarction_013,V2,1,InferiorInfarction,-609,rS,1,0.0022,0,622,1,246,500,,,,,,,,,,0,2,-4.0,,24,,4,,,24,,,57,54,6.0,62,54,16.0,142,142,0.0,248,273,-50.0,10.0,-46.0,-66.0,-50.0
InferiorInfarction_013,V4,1,InferiorInfarction,-609,qRs,1,0.0021,0,622,1,246,500,,,,,,,,,,0,2,-4.0,9,9,0.0,26,27,-2.0,39,,,57,54,6.0,63,87,-48.0,149,149,0.0,248,263,-30.0,10.0,-26.0,18.0,-30.0
InferiorInfarction_013,V5,1,InferiorInfarction,-609,qRs,1,0.0018,0,622,1,246,500,,,,,,,,,,0,2,-4.0,8,8,0.0,27,27,0.0,58,,,58,54,8.0,63,64,-2.0,140,141,-2.0,257,283,-52.0,12.0,-48.0,-50.0,-50.0
InferiorInfarction_013,V6,1,InferiorInfarction,-609,qRs,1,0.0014,0,622,1,246,500,,,,,,,,,,0,2,-4.0,8,8,0.0,31,32,-2.0,59,,,59,54,10.0,61,58,6.0,145,145,0.0,265,279,-28.0,14.0,-24.0,-34.0,-28.0
InferiorInfarction_014,V1,1,InferiorInfarction,-609,rS,1,0.0022,0,622,1,246,500,,,,,,,,,,1,2,-2.0,,,,7,8,-2.0,26,26,0.0,57,50,14.0,59,52,14.0,140,140,0.0,251,269,-36.0,16.0,-34.0,-50.0,-36.0
InferiorInfarction_014,I,1,InferiorInfarction,-609,R,1,0.0017,0,622,1,246,500,,,,,,,,,,0,2,-4.0,,,,14,28,-28.0,,,,57,50,14.0,59,64,-10.0,143,173,-60.0,253,284,-62.0,18.0,-58.0,-52.0,-2.0
InferiorInfarction_014,II,1,InferiorInfarction,-609,R,1,0.0012,0,622,1,246,500,,,,,,,,,,0,2,-4.0,,,,26,26,0.0,,,,57,50,14.0,59,148,-178.0,174,175,-2.0,257,273,-32.0,18.0,-28.0,146.0,-30.0
InferiorInfarction_014,III,1,InferiorInfarction,-609,qR,1,0.0008,0,622,1,246,500,,,,,,,,,,1,2,-2.0,8,8,0.0,26,26,0.0,,,,57,50,14.0,59,52,14.0,175,175,0.0,263,281,-36.0,16.0,-34.0,-50.0,-36.0
InferiorInfarction_014,aVR,1,InferiorInfarction,-609,QS,1,0.0024,0,622,1,246,500,,,,,,,,,,0,2,-4.0,26,26,0.0,,,,,,,57,50,14.0,59,62,-6.0,174,175,-2.0,256,283,-54.0,18.0,-50.0,-48.0,-52.0
InferiorInfarction_014,aVL,1,InferiorInfarction,-609,rS,1,0.001,0,622,1,246,500,,,,,,,,,,0,2,-4.0,,,,8,15,-14.0,26,26,0.0,57,50,14.0,59,89,-60.0,139,139,0.0,253,253,0.0,18.0,4.0,60.0,0.0
InferiorInfarction_014,aVF,1,InferiorInfarction,-609,R,1,0.0006,0,622,1,246,500,,,,,,,,,,1,2,-2.0,,,,26,26,0.0,,,,56,50,12.0,61,62,-2.0,175,175,0.0,259,277,-36.0,14.0,-34.0,-34.0,-36.0
InferiorInfarction_014,V2,1,InferiorInfarction,-609,rS,1,0.0023,0,622,1,246,500,,,,,,,,,,1,2,-2.0,,,,7,15,-16.0,27,27,0.0,57,50,14.0,59,52,14.0,140,141,-2.0,250,261,-22.0,16.0,-20.0,-36.0,-20.0
InferiorInfarction_014,V3,1,InferiorInfarction,-609,qRS,1,0.0022,0,622,1,246,500,,,,,,,,,,1,2,-2.0,10,10,0.0,15,16,-2.0,32,32,0.0,56,50,12.0,61,68,-14.0,142,142,0.0,250,275,-50.0,14.0,-48.0,-36.0,-50.0
InferiorInfarction_014,V4,1,InferiorInfarction,-609,qRs,1,0.0027,0,622,1,246,500,,,,,,,,,,1,2,-2.0,10,10,0.0,16,23,-14.0,40,32,16.0,57,50,14.0,59,72,-26.0,146,146,0.0,252,268,-32.0,16.0,-30.0,-6.0,-32.0
InferiorInfarction_014,V5,1,InferiorInfarction,-609,qR,1,0.0027,0,622,1,246,500,,,,,,,,,,0,2,-4.0,7,,,28,28,0.0,,,,57,50,14.0,59,64,-10.0,171,171,0.0,254,262,-16.0,18.0,-12.0,-6.0,-16.0
InferiorInfarction_014,V6,1,InferiorInfarction,-609,qRs,1,0.002,0,622,1,246,500,,,,,,,,,,0,2,-4.0,8,8,0.0,29,29,0.0,57,,,57,50,14.0,59,90,-62.0,143,143,0.0,260,275,-30.0,18.0,-26.0,32.0,-30.0
InferiorInfarction_015,aVR,1,InferiorInfarction,-608,QS,1,0.0007,0,637,1,247,500,,,,,,,,,,0,3,-6.0,27,28,-2.0,,,,,,,56,53,6.0,62,64,-4.0,174,174,0.0,258,291,-66.0,12.0,-60.0,-62.0,-66.0
InferiorInfarction_015,I,1,InferiorInfarction,-608,R,1,0.0007,0,637,1,247,500,,,,,,,,,,0,3,-6.0,,18,,8,28,-40.0,,,,56,53,6.0,62,66,-8.0,141,141,0.0,254,288,-68.0,12.0,-62.0,-60.0,-68.0
InferiorInfarction_015,II,1,InferiorInfarction,-608,qR,1,0.0003,0,637,1,247,500,,,,,,,,,,0,3,-6.0,5,,,27,26,2.0,,,,56,53,6.0,62,54,16.0,174,174,0.0,256,287,-62.0,12.0,-56.0,-78.0,-62.0
InferiorInfarction_015,III,1,InferiorInfarction,-608,qR,1,0.0003,0,637,1,247,500,,,,,,,,,,0,3,-6.0,7,8,-2.0,25,25,0.0,,,,56,53,6.0,61,54,14.0,139,140,-2.0,258,281,-46.0,12.0,-40.0,-60.0,-44.0
InferiorInfarction_015,aVL,1,InferiorInfarction,-608,rS,1,0.0003,0,637,1,247,500,,,,,,,,,,0,3,-6.0,,,,8,13,-10.0,22,22,0.0,55,53,4.0,61,54,14.0,140,140,0.0,251,262,-22.0,10.0,-16.0,-36.0,-22.0
InferiorInfarction_015,aVF,1,InferiorInfarction,-608,qR,1,0.0002,0,637,1,247,500,,,,,,,,,,0,3,-6.0,6,,,25,26,-2.0,,,,56,53,6.0,62,54,16.0,139,175,-72.0,257,283,-52.0,12.0,-46.0,-68.0,20.0
InferiorInfarction_015,V1,1,InferiorInfarction,-608,rS,1,0.0005,0,637,1,247,500,,,,,,,,,,0,3,-6.0,,25,,5,,,24,,,56,53,6.0,62,54,16.0,140,140,0.0,249,262,-26.0,12.0,-20.0,-42.0,-26.0
InferiorInfarction_015,V2,1,InferiorInfarction,-608,rS,1,0.0005,0,637,1,247,500,,,,,,,,,,1,3,-4.0,,16,,4,,,15,,,55,53,4.0,62,54,16.0,140,140,0.0,251,277,-52.0,8.0,-48.0,-68.0,-52.0
InferiorInfarction_015,V3,1,InferiorInfarction,-608,QRs,1,0.0004,0,637,1,247,500,,,,,,,,,,1,3,-4.0,10,12,-4.0,26,26,0.0,38,37,2.0,56,53,6.0,62,66,-8.0,141,142,-2.0,251,283,-64.0,10.0,-60.0,-56.0,-62.0
InferiorInfarction_015,V4,1,InferiorInfarction,-608,qR,1,0.0002,0,637,1,247,500,,,,,,,,,,1,3,-4.0,9,9,0.0,27,27,0.0,,,,56,53,6.0,62,78,-32.0,149,149,0.0,249,253,-8.0,10.0,-4.0,24.0,-8.0
InferiorInfarction_015,V5,1,InferiorInfarction,-608,qR,1,0.0001,0,637,1,247,500,,,,,,,,,,0,3,-6.0,9,9,0.0,27,27,0.0,,,,56,53,6.0,62,54,16.0,138,138,0.0,250,253,-6.0,12.0,0.0,-22.0,-6.0
InferiorInfarction_015,V6,1,InferiorInfarction,-608,qRs,1,0.0003,0,637,1,247,500,,,,,,,,,,0,3,-6.0,8,8,0.0,29,30,-2.0,56,,,56,53,6.0,62,87,-50.0,144,145,-2.0,255,284,-58.0,12.0,-52.0,-8.0,-56.0
InferiorInfarction_016,aVR,1,InferiorInfarction,-607,QS,1,0.0033,0,620,1,248,500,,,,,,,,,,1,3,-4.0,28,28,0.0,,,,,,,54,48,12.0,60,57,6.0,176,176,0.0,266,281,-30.0,16.0,-26.0,-36.0,-30.0
InferiorInfarction_016,I,1,InferiorInfarction,-607,Rs,1,0.0033,0,620,1,248,500,,,,,,,,,,0,3,-6.0,,,,11,29,-36.0,54,,,54,48,12.0,59,55,8.0,250,173,154.0,265,275,-20.0,18.0,-14.0,-28.0,-174.0
InferiorInfarction_016,II,1,InferiorInfarction,-607,R,1,0.0015,0,620,1,248,500,,,,,,,,,,1,3,-4.0,,,,11,28,-34.0,,,,54,48,12.0,59,66,-14.0,177,177,0.0,259,269,-20.0,16.0,-16.0,-6.0,-20.0
InferiorInfarction_016,III,1,InferiorInfarction,-607,R,1,0.0011,0,620,1,248,500,,,,,,,,,,1,3,-4.0,,14,,7,25,-36.0,,,,54,48,12.0,60,87,-54.0,152,179,-54.0,267,263,8.0,16.0,12.0,62.0,62.0
InferiorInfarction_016,aVL,1,InferiorInfarction,-607,qrS,1,0.0014,0,620,1,248,500,,,,,,,,,,1,3,-4.0,5,,,13,14,-2.0,24,24,0.0,54,48,12.0,60,51,18.0,152,153,-2.0,259,273,-28.0,16.0,-24.0,-46.0,-26.0
InferiorInfarction_016,aVF,1,InferiorInfarction,-607,R,1,0.001,0,620,1,248,500,,,,,,,,,,1,3,-4.0,,,,10,28,-36.0,,,,54,48,12.0,60,64,-8.0,177,178,-2.0,269,269,0.0,16.0,4.0,8.0,2.0
InferiorInfarction_016,V1,1,InferiorInfarction,-607,rS,1,0.0009,0,620,1,248,500,,,,,,,,,,1,3,-4.0,,,,6,6,0.0,24,24,0.0,54,48,12.0,60,51,18.0,142,142,0.0,252,268,-32.0,16.0,-28.0,-50.0,-32.0
InferiorInfarction_016,V2,1,InferiorInfarction,-607,rS,1,0.0011,0,620,1,248,500,,,,,,,,,,1,3,-4.0,,10,,6,18,-24.0,28,29,-2.0,54,48,12.0,60,51,18.0,143,143,0.0,249,269,-40.0,16.0,-36.0,-58.0,-40.0
InferiorInfarction_016,V3,1,InferiorInfarction,-607,qRs,1,0.0018,0,620,1,248,500,,,,,,,,,,1,3,-4.0,8,8,0.0,17,18,-2.0,36,36,0.0,54,48,12.0,60,76,-32.0,146,146,0.0,249,279,-60.0,16.0,-56.0,-28.0,-60.0
InferiorInfarction_016,V4,1,InferiorInfarction,-607,qR,1,0.0022,0,620,1,248,500,,,,,,,,,,1,3,-4.0,8,8,0.0,18,29,-22.0,,,,54,48,12.0,59,82,-46.0,151,151,0.0,250,271,-42.0,16.0,-38.0,4.0,-42.0
InferiorInfarction_016,V5,1,InferiorInfarction,-607,Rs,1,0.0027,0,620,1,248,500,,,,,,,,,,1,3,-4.0,,,,29,29,0.0,54,57,-6.0,54,48,12.0,60,94,-68.0,171,172,-2.0,257,277,-40.0,16.0,-36.0,28.0,-38.0
InferiorInfarction_016,V6,1,InferiorInfarction,-607,RS,1,0.0031,0,620,1,248,500,,,,,,,,,,1,3,-4.0,,,,11,30,-38.0,54,58,-8.0,54,48,12.0,59,90,-62.0,146,146,0.0,270,281,-22.0,16.0,-18.0,40.0,-22.0
InferiorInfarction_017,V6,1,InferiorInfarction,-604,qRs,1,0.0001,0,629,1,251,500,,,,,,,,,,0,2,-4.0,9,10,-2.0,33,34,-2.0,64,,,64,57,14.0,66,59,14.0,143,143,0.0,258,286,-56.0,18.0,-52.0,-70.0,-56.0
InferiorInfarction_017,I,1,InferiorInfarction,-604,Rs,1,0.0002,0,629,1,251,500,,,,,,,,,,0,2,-4.0,,,,11,37,-52.0,62,,,62,57,10.0,67,66,2.0,146,179,-66.0,257,283,-52.0,14.0,-48.0,-54.0,14.0
InferiorInfarction_017,II,1,InferiorInfarction,-604,QR,1,0.0001,0,629,1,251,500,,,,,,,,,,0,2,-4.0,8,8,0.0,12,30,-36.0,,,,64,57,14.0,66,70,-8.0,154,178,-48.0,253,280,-54.0,18.0,-50.0,-46.0,-6.0
InferiorInfarction_017,III,1,InferiorInfarction,-604,QRs,1,0.0002,0,629,1,251,500,,,,,,,,,,0,2,-4.0,15,16,-2.0,27,28,-2.0,47,47,0.0,62,57,10.0,67,62,10.0,139,139,0.0,255,277,-44.0,14.0,-40.0,-54.0,-44.0
InferiorInfarction_017,aVR,1,InferiorInfarction,-604,QS,1,0.0002,0,629,1,251,500,,,,,,,,,,0,2,-4.0,31,32,-2.0,,,,,,,62,57,10.0,67,63,8.0,151,179,-56.0,259,283,-48.0,14.0,-44.0,-56.0,8.0
InferiorInfarction_017,aVL,1,InferiorInfarction,-604,Rs,1,0.0002,0,629,1,251,500,,,,,,,,,,0,2,-4.0,,25,,10,37,-54.0,24,,,62,57,10.0,67,68,-2.0,141,141,0.0,255,288,-66.0,14.0,-62.0,-64.0,-66.0
InferiorInfarction_017,aVF,1,InferiorInfarction,-604,qR,1,0.0001,0,629,1,251,500,,,,,,,,,,0,2,-4.0,9,10,-2.0,29,29,0.0,,,,63,57,12.0,68,67,2.0,138,138,0.0,250,259,-18.0,16.0,-14.0,-20.0,-18.0
InferiorInfarction_017,V1,1,InferiorInfarction,-604,rS,1,0.0002,0,629,1,251,500,,,,,,,,,,0,2,-4.0,,,,7,7,0.0,29,29,0.0,62,57,10.0,67,58,18.0,142,141,2.0,253,285,-64.0,14.0,-60.0,-82.0,-66.0
InferiorInfarction_017,V2,1,InferiorInfarction,-604,rS,1,0.0002,0,629,1,251,500,,,,,,,,,,0,2,-4.0,,,,5,6,-2.0,29,29,0.0,62,57,10.0,68,58,20.0,141,142,-2.0,255,280,-50.0,14.0,-46.0,-70.0,-48.0
InferiorInfarction_017,V3,1,InferiorInfarction,-604,Qr,1,0.0002,0,629,1,251,500,,,,,,,,,,1,2,-2.0,29,30,-2.0,62,,,,,,62,57,10.0,68,58,20.0,141,141,0.0,257,280,-46.0,12.0,-44.0,-66.0,-46.0
InferiorInfarction_017,V4,1,InferiorInfarction,-604,QRS,1,0.0002,0,629,1,251,500,,,,,,,,,,0,2,-4.0,12,13,-2.0,31,32,-2.0,46,46,0.0,62,57,10.0,68,77,-18.0,141,141,0.0,259,285,-52.0,14.0,-48.0,-34.0,-52.0
InferiorInfarction_017,V5,1,InferiorInfarction,-604,qR,1,0.0001,0,629,1,251,500,,,,,,,,,,0,2,-4.0,10,10,0.0,31,32,-2.0,,,,64,57,14.0,66,58,16.0,140,140,0.0,260,282,-44.0,18.0,-40.0,-60.0,-44.0
InferiorInfarction_018,V3,1,InferiorInfarction,-606,Qr,1,0.0007,0,642,1,249,500,,,,,,,,,,1,2,-2.0,29,29,0.0,56,,,,,,56,49,14.0,62,51,22.0,141,141,0.0,249,267,-36.0,16.0,-34.0,-58.0,-36.0
InferiorInfarction_018,I,1,InferiorInfarction,-606,RS,1,0.0017,0,642,1,249,500,,,,,,,,,,0,2,-4.0,,,,9,15,-12.0,25,25,0.0,56,49,14.0,61,51,20.0,139,140,-2.0,261,273,-24.0,18.0,-20.0,-44.0,-22.0
InferiorInfarction_018,II,1,InferiorInfarction,-606,R,1,0.0006,0,642,1,249,500,,,,,,,,,,1,2,-2.0,,,,33,33,0.0,,,,56,49,14.0,61,64,-6.0,179,179,0.0,251,275,-48.0,16.0,-46.0,-42.0,-48.0
InferiorInfarction_018,III,1,InferiorInfarction,-606,qR,1,0.0013,0,642,1,249,500,,,,,,,,,,1,2,-2.0,8,9,-2.0,33,33,0.0,,,,56,49,14.0,62,53,18.0,179,179,0.0,262,275,-26.0,16.0,-24.0,-44.0,-26.0
InferiorInfarction_018,aVR,1,InferiorInfarction,-606,QS,1,0.0013,0,642,1,249,500,,,,,,,,,,1,2,-2.0,33,33,0.0,,,,,,,56,49,14.0,62,53,18.0,148,179,-62.0,257,273,-32.0,16.0,-30.0,-50.0,30.0
InferiorInfarction_018,aVL,1,InferiorInfarction,-606,rS,1,0.0012,0,642,1,249,500,,,,,,,,,,1,2,-2.0,,,,9,9,0.0,33,33,0.0,56,49,14.0,61,53,16.0,138,138,0.0,251,261,-20.0,16.0,-18.0,-36.0,-20.0
InferiorInfarction_018,aVF,1,InferiorInfarction,-606,R,1,0.0008,0,642,1,249,500,,,,,,,,,,1,2,-2.0,,,,33,33,0.0,,,,56,49,14.0,63,53,20.0,155,179,-48.0,261,275,-28.0,16.0,-26.0,-48.0,20.0
InferiorInfarction_018,V1,1,InferiorInfarction,-606,rS,1,0.0013,0,642,1,249,500,,,,,,,,,,1,2,-2.0,,29,,6,,,29,,,56,49,14.0,62,55,14.0,143,143,0.0,250,283,-66.0,16.0,-64.0,-80.0,-66.0
InferiorInfarction_018,V2,1,InferiorInfarction,-606,rS,1,0.0015,0,642,1,249,500,,,,,,,,,,1,2,-2.0,,,,5,5,0.0,28,29,-2.0,56,49,14.0,63,51,24.0,142,142,0.0,252,283,-62.0,16.0,-60.0,-86.0,-62.0
InferiorInfarction_018,V4,1,InferiorInfarction,-606,Qr,1,0.0007,0,642,1,249,500,,,,,,,,,,1,2,-2.0,30,30,0.0,56,,,,,,56,49,14.0,62,54,16.0,143,143,0.0,249,222,54.0,16.0,56.0,38.0,54.0
InferiorInfarction_018,V5,1,InferiorInfarction,-606,R,1,0.001,0,642,1,249,500,,,,,,,,,,1,2,-2.0,,,,18,33,-30.0,,,,56,49,14.0,62,50,24.0,161,161,0.0,261,273,-24.0,16.0,-22.0,-48.0,-24.0
InferiorInfarction_018,V6,1,InferiorInfarction,-606,Rs,1,0.001,0,642,1,249,500,,,,,,,,,,0,2,-4.0,,,,9,32,-46.0,56,,,56,49,14.0,62,59,6.0,154,155,-2.0,265,283,-36.0,18.0,-32.0,-42.0,-34.0
InferiorInfarction_019,V5,1,InferiorInfarction,-606,qR,1,0.0001,0,623,1,249,500,,,,,,,,,,0,2,-4.0,8,,,28,29,-2.0,,,,60,51,18.0,62,52,20.0,138,139,-2.0,262,279,-34.0,22.0,-30.0,-54.0,-32.0
InferiorInfarction_019,I,1,InferiorInfarction,-606,Rs,1,0.0003,0,623,1,249,500,,,,,,,,,,0,2,-4.0,,,,15,32,-34.0,60,,,60,51,18.0,62,68,-12.0,142,143,-2.0,265,282,-34.0,22.0,-30.0,-22.0,-32.0
InferiorInfarction_019,II,1,InferiorInfarction,-606,R,1,0.0001,0,623,1,249,500,,,,,,,,,,0,2,-4.0,,,,11,29,-36.0,,,,60,51,18.0,62,72,-20.0,143,180,-74.0,270,271,-2.0,22.0,2.0,18.0,72.0
InferiorInfarction_019,III,1,InferiorInfarction,-606,qR,1,0.0002,0,623,1,249,500,,,,,,,,,,0,2,-4.0,15,16,-2.0,29,28,2.0,,,,60,51,18.0,62,54,16.0,184,184,0.0,272,267,10.0,22.0,14.0,-6.0,10.0
InferiorInfarction_019,aVR,1,InferiorInfarction,-606,QS,1,0.0002,0,623,1,249,500,,,,,,,,,,0,2,-4.0,29,29,0.0,,,,,,,60,51,18.0,62,60,4.0,143,178,-70.0,272,287,-30.0,22.0,-26.0,-34.0,40.0
InferiorInfarction_019,aVL,1,InferiorInfarction,-606,Rs,1,0.0003,0,623,1,249,500,,,,,,,,,,0,2,-4.0,,,,8,16,-16.0,28,28,0.0,60,51,18.0,62,53,18.0,142,142,0.0,265,291,-52.0,22.0,-48.0,-70.0,-52.0
InferiorInfarction_019,aVF,1,InferiorInfarction,-606,Rs,1,0.0001,0,623,1,249,500,,,,,,,,,,1,2,-2.0,,16,,11,29,-36.0,15,,,60,51,18.0,62,68,-12.0,181,181,0.0,275,265,20.0,20.0,22.0,32.0,20.0
InferiorInfarction_019,V1,1,InferiorInfarction,-606,rS,1,0.0002,0,623,1,249,500,,,,,,,,,,0,2,-4.0,,,,12,12,0.0,29,28,2.0,60,51,18.0,62,54,16.0,141,142,-2.0,257,265,-16.0,22.0,-12.0,-32.0,-14.0
InferiorInfarction_019,V2,1,InferiorInfarction,-606,rS,1,0.0001,0,623,1,249,500,,,,,,,,,,1,2,-2.0,,,,9,12,-6.0,29,30,-2.0,60,51,18.0,62,54,16.0,141,141,0.0,254,260,-12.0,20.0,-10.0,-28.0,-12.0
InferiorInfarction_019,V3,1,InferiorInfarction,-606,Qr,1,0.0001,0,623,1,249,500,,,,,,,,,,1,2,-2.0,31,31,0.0,60,,,,,,60,51,18.0,62,59,6.0,140,141,-2.0,256,277,-42.0,20.0,-40.0,-48.0,-40.0
InferiorInfarction_019,V4,1,InferiorInfarction,-606,qRS,1,0.0001,0,623,1,249,500,,,,,,,,,,1,2,-2.0,10,10,0.0,26,26,0.0,33,34,-2.0,60,51,18.0,62,54,16.0,141,142,-2.0,258,289,-62.0,20.0,-60.0,-78.0,-60.0
InferiorInfarction_019,V6,1,InferiorInfarction,-606,Rs,1,0.0001,0,623,1,249,500,,,,,,,,,,0,2,-4.0,,8,,32,32,0.0,60,,,60,51,18.0,62,55,14.0,145,145,0.0,272,288,-32.0,22.0,-28.0,-46.0,-32.0
InferiorInfarction_020,V2,1,InferiorInfarction,-611,rS,1,0.0011,0,637,1,244,500,,,,,,,,,,1,2,-2.0,,29,,4,,,29,,,50,45,10.0,56,54,4.0,141,141,0.0,247,275,-56.0,12.0,-54.0,-60.0,-56.0
InferiorInfarction_020,I,1,InferiorInfarction,-611,Rs,1,0.0014,0,637,1,244,500,,,,,,,,,,0,2,-4.0,,,,12,26,-28.0,51,,,51,45,12.0,57,70,-26.0,249,174,150.0,252,281,-58.0,16.0,-54.0,-32.0,-208.0
InferiorInfarction_020,II,1,InferiorInfarction,-611,R,1,0.0008,0,637,1,244,500,,,,,,,,,,0,2,-4.0,,,,23,24,-2.0,,,,51,45,12.0,56,47,18.0,171,172,-2.0,252,271,-38.0,16.0,-34.0,-56.0,-36.0
InferiorInfarction_020,III,1,InferiorInfarction,-611,R,1,0.0012,0,637,1,244,500,,,,,,,,,,0,2,-4.0,,,,22,22,0.0,,,,51,45,12.0,56,47,18.0,170,170,0.0,258,263,-10.0,16.0,-6.0,-28.0,-10.0
InferiorInfarction_020,aVR,1,InferiorInfarction,-611,QS,1,0.0016,0,637,1,244,500,,,,,,,,,,0,2,-4.0,24,24,0.0,,,,,,,51,45,12.0,57,57,0.0,172,172,0.0,253,275,-44.0,16.0,-40.0,-44.0,-44.0
InferiorInfarction_020,aVL,1,InferiorInfarction,-611,rS,1,0.0009,0,637,1,244,500,,,,,,,,,,0,2,-4.0,,,,11,11,0.0,20,20,0.0,50,45,10.0,55,47,16.0,166,166,0.0,252,265,-26.0,14.0,-22.0,-42.0,-26.0
InferiorInfarction_020,aVF,1,InferiorInfarction,-611,R,1,0.0009,0,637,1,244,500,,,,,,,,,,0,2,-4.0,,,,23,23,0.0,,,,51,45,12.0,57,62,-10.0,171,171,0.0,253,273,-40.0,16.0,-36.0,-30.0,-40.0
InferiorInfarction_020,V1,1,InferiorInfarction,-611,rS,1,0.001,0,637,1,244,500,,,,,,,,,,0,2,-4.0,,,,4,5,-2.0,22,22,0.0,50,45,10.0,57,57,0.0,141,141,0.0,248,263,-30.0,14.0,-26.0,-30.0,-30.0
InferiorInfarction_020,V3,1,InferiorInfarction,-611,QRS,1,0.0009,0,637,1,244,500,,,,,,,,,,1,2,-2.0,8,8,0.0,13,24,-22.0,30,30,0.0,51,45,12.0,57,66,-18.0,143,143,0.0,246,271,-50.0,14.0,-48.0,-32.0,-50.0
InferiorInfarction_020,V4,1,InferiorInfarction,-611,qR,1,0.0011,0,637,1,244,500,,,,,,,,,,0,2,-4.0,8,8,0.0,24,24,0.0,,,,51,45,12.0,56,74,-36.0,147,147,0.0,245,251,-12.0,16.0,-8.0,24.0,-12.0
InferiorInfarction_020,V5,1,InferiorInfarction,-611,qRs,1,0.0008,0,637,1,244,500,,,,,,,,,,0,2,-4.0,7,,,26,26,0.0,51,,,51,45,12.0,57,76,-38.0,170,170,0.0,251,281,-60.0,16.0,-56.0,-22.0,-60.0
InferiorInfarction_020,V6,1,InferiorInfarction,-611,qRs,1,0.0009,0,637,1,244,500,,,,,,,,,,0,2,-4.0,7,,,28,29,-2.0,51,,,51,45,12.0,56,90,-68.0,143,143,0.0,252,279,-54.0,16.0,-50.0,14.0,-54.0
InferiorIschemia_001,aVF,1,InferiorIschemia,-614,qR,1,0.0098,0,642,1,241,500,,,,,,,,,,0,2,-4.0,6,,,11,23,-24.0,,,,54,40,28.0,55,53,4.0,177,119,116.0,177,180,-6.0,32.0,-2.0,-10.0,-122.0
InferiorIschemia_001,I,1,InferiorIschemia,-614,R,1,0.0056,0,642,1,241,500,,,,,,,,,,0,2,-4.0,,11,,7,14,-14.0,,18,,53,40,26.0,54,62,-16.0,165,116,98.0,175,172,6.0,30.0,10.0,22.0,-92.0
InferiorIschemia_001,II,1,InferiorIschemia,-614,R,1,0.0043,0,642,1,241,500,,,,,,,,,,0,2,-4.0,,,,23,23,0.0,,,,53,40,26.0,54,53,2.0,179,119,120.0,179,175,8.0,30.0,12.0,6.0,-112.0
InferiorIschemia_001,III,1,InferiorIschemia,-614,QR,1,0.0204,0,642,1,241,500,,,,,,,,,,0,2,-4.0,6,,,11,23,-24.0,,,,54,40,28.0,55,54,2.0,178,122,112.0,178,179,-2.0,32.0,2.0,-4.0,-114.0
InferiorIschemia_001,aVR,1,InferiorIschemia,-614,QS,1,0.0035,0,642,1,241,500,,,,,,,,,,0,2,-4.0,22,22,0.0,,,,,,,53,40,26.0,54,59,-10.0,183,119,128.0,183,181,4.0,30.0,8.0,14.0,-124.0
InferiorIschemia_001,aVL,1,InferiorIschemia,-614,rS,1,0.0111,0,642,1,241,500,,,,,,,,,,0,2,-4.0,,,,6,6,0.0,23,23,0.0,53,40,26.0,54,59,-10.0,178,133,90.0,178,183,-10.0,30.0,-6.0,0.0,-100.0
InferiorIschemia_001,V1,1,InferiorIschemia,-614,RS,1,0.0105,0,642,1,241,500,,,,,,,,,,0,2,-4.0,,,,6,7,-2.0,19,19,0.0,52,40,24.0,54,59,-10.0,140,140,0.0,175,174,2.0,28.0,6.0,12.0,2.0
InferiorIschemia_001,V2,1,InferiorIschemia,-614,rS,1,0.0129,0,642,1,241,500,,,,,,,,,,0,2,-4.0,,24,,5,,,23,,,52,40,24.0,53,57,-8.0,139,139,0.0,174,172,4.0,28.0,8.0,12.0,4.0
InferiorIschemia_001,V6,1,InferiorIschemia,-614,qR,1,0.0044,0,642,1,241,500,,,,,,,,,,0,2,-4.0,5,,,28,28,0.0,,,,52,40,24.0,53,41,24.0,180,101,158.0,180,167,26.0,28.0,30.0,2.0,-132.0
InferiorIschemia_001,V3,1,InferiorIschemia,-614,qRs,1,0.013,0,642,1,241,500,,,,,,,,,,0,2,-4.0,9,9,0.0,20,20,0.0,27,,,53,40,26.0,54,59,-10.0,139,139,0.0,174,167,14.0,30.0,18.0,24.0,14.0
InferiorIschemia_001,V4,1,InferiorIschemia,-614,qR,1,0.0094,0,642,1,241,500,,,,,,,,,,0,2,-4.0,8,8,0.0,21,22,-2.0,,,,52,40,24.0,53,59,-12.0,140,141,-2.0,174,167,14.0,28.0,18.0,26.0,16.0
InferiorIschemia_001,V5,1,InferiorIschemia,-614,qR,1,0.0046,0,642,1,241,500,,,,,,,,,,0,2,-4.0,7,,,24,24,0.0,,,,52,40,24.0,53,59,-12.0,178,114,128.0,178,167,22.0,28.0,26.0,34.0,-106.0
InferiorIschemia_002,I,1,InferiorIschemia,-604,R,1,0.0058,0,643,1,251,500,,,,,,,,,,0,2,-4.0,,,,16,16,0.0,,,,65,51,28.0,66,57,18.0,141,141,0.0,179,183,-8.0,32.0,-4.0,-26.0,-8.0
InferiorIschemia_002,II,1,InferiorIschemia,-604,R,1,0.0071,0,643,1,251,500,,,,,,,,,,0,2,-4.0,,7,,12,32,-40.0,,,,65,51,28.0,66,69,-6.0,180,122,116.0,180,184,-8.0,32.0,-4.0,-2.0,-124.0
InferiorIschemia_002,III,1,InferiorIschemia,-604,qR,1,0.0247,0,643,1,251,500,,,,,,,,,,0,2,-4.0,15,16,-2.0,28,28,0.0,,,,65,51,28.0,66,69,-6.0,142,104,76.0,181,183,-4.0,32.0,0.0,2.0,-80.0
InferiorIschemia_002,aVR,1,InferiorIschemia,-604,QS,1,0.0059,0,643,1,251,500,,,,,,,,,,0,2,-4.0,31,32,-2.0,,,,,,,65,51,28.0,66,69,-6.0,136,136,0.0,182,185,-6.0,32.0,-2.0,0.0,-6.0
InferiorIschemia_002,aVL,1,InferiorIschemia,-604,RS,1,0.0102,0,643,1,251,500,,,,,,,,,,0,2,-4.0,,,,9,16,-14.0,27,27,0.0,65,51,28.0,66,101,-70.0,141,141,0.0,181,182,-2.0,32.0,2.0,68.0,-2.0
InferiorIschemia_002,aVF,1,InferiorIschemia,-604,qR,1,0.0141,0,643,1,251,500,,,,,,,,,,0,2,-4.0,15,16,-2.0,31,31,0.0,,,,66,51,30.0,67,54,26.0,180,108,144.0,180,187,-14.0,34.0,-10.0,-40.0,-158.0
InferiorIschemia_002,V1,1,InferiorIschemia,-604,rS,1,0.0116,0,643,1,251,500,,,,,,,,,,0,2,-4.0,,,,7,7,0.0,31,31,0.0,65,51,28.0,66,76,-20.0,144,144,0.0,179,172,14.0,32.0,18.0,34.0,14.0
InferiorIschemia_002,V2,1,InferiorIschemia,-604,rS,1,0.014,0,643,1,251,500,,,,,,,,,,0,2,-4.0,,,,7,7,0.0,31,31,0.0,66,51,30.0,67,72,-10.0,143,144,-2.0,179,172,14.0,34.0,18.0,24.0,16.0
InferiorIschemia_002,V3,1,InferiorIschemia,-604,rS,1,0.0129,0,643,1,251,500,,,,,,,,,,0,2,-4.0,,,,6,7,-2.0,32,32,0.0,66,51,30.0,67,69,-4.0,143,143,0.0,179,178,2.0,34.0,6.0,6.0,2.0
InferiorIschemia_002,V4,1,InferiorIschemia,-604,rS,1,0.0133,0,643,1,251,500,,,,,,,,,,0,2,-4.0,,17,,4,42,-76.0,17,,,65,51,28.0,66,74,-16.0,143,143,0.0,179,185,-12.0,32.0,-8.0,4.0,-12.0
InferiorIschemia_002,V5,1,InferiorIschemia,-604,qR,1,0.0087,0,643,1,251,500,,,,,,,,,,0,2,-4.0,10,11,-2.0,31,31,0.0,,,,65,51,28.0,66,69,-6.0,159,159,0.0,180,191,-22.0,32.0,-18.0,-16.0,-22.0
InferiorIschemia_002,V6,1,InferiorIschemia,-604,qR,1,0.0068,0,643,1,251,500,,,,,,,,,,0,2,-4.0,11,10,2.0,35,36,-2.0,,,,65,51,28.0,66,55,22.0,145,92,106.0,182,185,-6.0,32.0,-2.0,-28.0,-112.0
InferiorIschemia_003,aVR,1,InferiorIschemia,-614,QS,1,0.0044,0,628,1,241,500,,,,,,,,,,0,2,-4.0,21,21,0.0,,,,,,,47,43,8.0,63,57,12.0,177,124,106.0,177,180,-6.0,12.0,-2.0,-18.0,-112.0
InferiorIschemia_003,I,1,InferiorIschemia,-614,R,1,0.0052,0,628,1,241,500,,,,,,,,,,0,2,-4.0,,,,7,28,-42.0,,,,54,43,22.0,64,49,30.0,175,118,114.0,175,169,12.0,26.0,16.0,-18.0,-102.0
InferiorIschemia_003,II,1,InferiorIschemia,-614,R,1,0.0038,0,628,1,241,500,,,,,,,,,,0,2,-4.0,,,,9,21,-24.0,,,,47,43,8.0,62,50,24.0,126,126,0.0,176,179,-6.0,12.0,-2.0,-30.0,-6.0
InferiorIschemia_003,III,1,InferiorIschemia,-614,R,1,0.013,0,628,1,241,500,,,,,,,,,,0,2,-4.0,,,,9,21,-24.0,,,,48,43,10.0,62,57,10.0,142,143,-2.0,175,175,0.0,14.0,4.0,-10.0,2.0
InferiorIschemia_003,aVL,1,InferiorIschemia,-614,rS,1,0.0078,0,628,1,241,500,,,,,,,,,,0,2,-4.0,,21,,6,31,-50.0,21,,,47,43,8.0,52,62,-20.0,147,147,0.0,175,180,-10.0,12.0,-6.0,10.0,-10.0
InferiorIschemia_003,aVF,1,InferiorIschemia,-614,R,1,0.0074,0,628,1,241,500,,,,,,,,,,0,2,-4.0,,,,9,21,-24.0,,,,52,43,18.0,64,57,14.0,134,134,0.0,175,178,-6.0,22.0,-2.0,-20.0,-6.0
InferiorIschemia_003,V1,1,InferiorIschemia,-614,rS,1,0.0112,0,628,1,241,500,,,,,,,,,,0,2,-4.0,,,,5,5,0.0,22,21,2.0,46,43,6.0,53,64,-22.0,141,141,0.0,175,178,-6.0,10.0,-2.0,16.0,-6.0
InferiorIschemia_003,V2,1,InferiorIschemia,-614,rS,1,0.0135,0,628,1,241,500,,,,,,,,,,0,2,-4.0,,9,,4,19,-30.0,25,25,0.0,46,43,6.0,52,66,-28.0,141,141,0.0,175,176,-2.0,10.0,2.0,26.0,-2.0
InferiorIschemia_003,V3,1,InferiorIschemia,-614,qRs,1,0.0149,0,628,1,241,500,,,,,,,,,,0,2,-4.0,8,8,0.0,19,19,0.0,31,,,46,43,6.0,52,68,-32.0,144,144,0.0,174,169,10.0,10.0,14.0,42.0,10.0
InferiorIschemia_003,V4,1,InferiorIschemia,-614,qR,1,0.0135,0,628,1,241,500,,,,,,,,,,0,2,-4.0,8,8,0.0,21,22,-2.0,,,,48,43,10.0,50,80,-60.0,147,148,-2.0,174,172,4.0,14.0,8.0,64.0,6.0
InferiorIschemia_003,V6,1,InferiorIschemia,-614,qR,1,0.005,0,628,1,241,500,,,,,,,,,,0,2,-4.0,6,6,0.0,30,31,-2.0,,,,51,43,16.0,52,47,10.0,152,100,104.0,177,169,16.0,20.0,20.0,6.0,-88.0
InferiorIschemia_003,V5,1,InferiorIschemia,-614,qR,1,0.0067,0,628,1,241,500,,,,,,,,,,0,2,-4.0,7,8,-2.0,29,30,-2.0,,,,49,43,12.0,50,57,-14.0,176,113,126.0,176,169,14.0,16.0,18.0,28.0,-112.0
InferiorIschemia_004,aVR,1,InferiorIschemia,-609,QS,1,0.0052,0,642,1,246,500,,,,,,,,,,0,2,-4.0,27,27,0.0,,,,,,,45,44,2.0,50,49,2.0,187,128,118.0,187,175,24.0,6.0,28.0,22.0,-94.0
InferiorIschemia_004,II,1,InferiorIschemia,-609,R,1,0.0049,0,642,1,246,500,,,,,,,,,,0,2,-4.0,,,,10,27,-34.0,,,,47,44,6.0,48,54,-12.0,180,118,124.0,180,176,8.0,10.0,12.0,20.0,-116.0
InferiorIschemia_004,III,1,InferiorIschemia,-609,qR,1,0.0145,0,642,1,246,500,,,,,,,,,,0,2,-4.0,13,14,-2.0,26,26,0.0,,,,47,44,6.0,48,48,0.0,139,85,108.0,183,175,16.0,10.0,20.0,16.0,-92.0
InferiorIschemia_004,aVL,1,InferiorIschemia,-609,RS,1,0.0076,0,642,1,246,500,,,,,,,,,,0,2,-4.0,,,,8,14,-12.0,25,26,-2.0,46,44,4.0,47,78,-62.0,138,138,0.0,180,179,2.0,8.0,6.0,64.0,2.0
InferiorIschemia_004,aVF,1,InferiorIschemia,-609,qR,1,0.0086,0,642,1,246,500,,,,,,,,,,0,2,-4.0,7,,,26,26,0.0,,,,50,44,12.0,51,49,4.0,180,102,156.0,180,177,6.0,16.0,10.0,2.0,-150.0
InferiorIschemia_004,V1,1,InferiorIschemia,-609,rS,1,0.0111,0,642,1,246,500,,,,,,,,,,0,2,-4.0,,,,4,5,-2.0,21,21,0.0,45,44,2.0,50,60,-20.0,143,144,-2.0,180,175,10.0,6.0,14.0,30.0,12.0
InferiorIschemia_004,V2,1,InferiorIschemia,-609,rS,1,0.0105,0,642,1,246,500,,,,,,,,,,0,2,-4.0,,25,,3,,,25,,,47,44,6.0,49,61,-24.0,142,142,0.0,183,175,16.0,10.0,20.0,40.0,16.0
InferiorIschemia_004,V3,1,InferiorIschemia,-609,QRs,1,0.0121,0,642,1,246,500,,,,,,,,,,0,2,-4.0,10,10,0.0,24,25,-2.0,33,33,0.0,46,44,4.0,51,65,-28.0,141,141,0.0,184,175,18.0,8.0,22.0,46.0,18.0
InferiorIschemia_004,V4,1,InferiorIschemia,-609,qR,1,0.0102,0,642,1,246,500,,,,,,,,,,0,2,-4.0,9,10,-2.0,26,26,0.0,,,,47,44,6.0,48,97,-98.0,80,152,-144.0,184,175,18.0,10.0,22.0,116.0,162.0
InferiorIschemia_004,V5,1,InferiorIschemia,-609,R,1,0.0059,0,642,1,246,500,,,,,,,,,,0,2,-4.0,,,,31,31,0.0,,,,48,44,8.0,49,87,-76.0,185,117,136.0,185,175,20.0,12.0,24.0,96.0,-116.0
InferiorIschemia_004,I,1,InferiorIschemia,-609,R,1,0.0053,0,642,1,246,500,,,,,,,,,,0,2,-4.0,,,,14,14,0.0,,,,47,44,6.0,48,46,4.0,135,136,-2.0,179,175,8.0,10.0,12.0,4.0,10.0
InferiorIschemia_004,V6,1,InferiorIschemia,-609,R,1,0.0049,0,642,1,246,500,,,,,,,,,,0,2,-4.0,,,,32,32,0.0,,,,49,44,10.0,50,46,8.0,184,100,168.0,184,175,18.0,14.0,22.0,10.0,-150.0
InferiorIschemia_005,III,1,InferiorIschemia,-611,qR,1,0.0138,0,624,1,244,500,,,,,,,,,,0,2,-4.0,8,8,0.0,23,23,0.0,,,,43,40,6.0,59,44,30.0,150,150,0.0,176,168,16.0,10.0,20.0,-14.0,16.0
InferiorIschemia_005,I,1,InferiorIschemia,-611,R,1,0.0048,0,624,1,244,500,,,,,,,,,,0,2,-4.0,,,,11,11,0.0,,,,43,40,6.0,50,59,-18.0,129,129,0.0,172,168,8.0,10.0,12.0,26.0,8.0
InferiorIschemia_005,II,1,InferiorIschemia,-611,R,1,0.0047,0,624,1,244,500,,,,,,,,,,0,2,-4.0,,,,23,23,0.0,,,,43,40,6.0,52,44,16.0,175,124,102.0,175,168,14.0,10.0,18.0,-2.0,-88.0
InferiorIschemia_005,aVR,1,InferiorIschemia,-611,QS,1,0.0046,0,624,1,244,500,,,,,,,,,,0,2,-4.0,23,23,0.0,,,,,,,42,40,4.0,61,46,30.0,126,127,-2.0,174,176,-4.0,8.0,0.0,-34.0,-2.0
InferiorIschemia_005,aVL,1,InferiorIschemia,-611,RS,1,0.008,0,624,1,244,500,,,,,,,,,,0,2,-4.0,,,,10,11,-2.0,23,23,0.0,43,40,6.0,53,42,22.0,151,152,-2.0,173,176,-6.0,10.0,-2.0,-28.0,-4.0
InferiorIschemia_005,aVF,1,InferiorIschemia,-611,R,1,0.0082,0,624,1,244,500,,,,,,,,,,0,2,-4.0,,8,,23,23,0.0,,,,43,40,6.0,62,49,26.0,175,121,108.0,175,174,2.0,10.0,6.0,-24.0,-106.0
InferiorIschemia_005,V1,1,InferiorIschemia,-611,rS,1,0.0117,0,624,1,244,500,,,,,,,,,,0,2,-4.0,,,,6,6,0.0,21,21,0.0,43,40,6.0,51,62,-22.0,142,143,-2.0,175,168,14.0,10.0,18.0,36.0,16.0
InferiorIschemia_005,V2,1,InferiorIschemia,-611,rS,1,0.0136,0,624,1,244,500,,,,,,,,,,0,2,-4.0,,24,,6,,,24,,,43,40,6.0,62,70,-16.0,142,142,0.0,175,168,14.0,10.0,18.0,30.0,14.0
InferiorIschemia_005,V3,1,InferiorIschemia,-611,qRs,1,0.0146,0,624,1,244,500,,,,,,,,,,0,2,-4.0,9,9,0.0,15,15,0.0,25,25,0.0,43,40,6.0,62,72,-20.0,143,144,-2.0,174,179,-10.0,10.0,-6.0,10.0,-8.0
InferiorIschemia_005,V4,1,InferiorIschemia,-611,qR,1,0.0124,0,624,1,244,500,,,,,,,,,,0,2,-4.0,8,8,0.0,15,15,0.0,,,,43,40,6.0,49,94,-90.0,147,147,0.0,173,168,10.0,10.0,14.0,100.0,10.0
InferiorIschemia_005,V6,1,InferiorIschemia,-611,R,1,0.0059,0,624,1,244,500,,,,,,,,,,0,2,-4.0,,,,13,29,-32.0,,,,43,40,6.0,50,49,2.0,175,103,144.0,175,175,0.0,10.0,4.0,-2.0,-144.0
InferiorIschemia_005,V5,1,InferiorIschemia,-611,R,1,0.0075,0,624,1,244,500,,,,,,,,,,0,2,-4.0,,,,15,30,-30.0,,,,43,40,6.0,50,49,2.0,175,112,126.0,175,168,14.0,10.0,18.0,12.0,-112.0
InferiorIschemia_006,aVR,1,InferiorIschemia,-611,QS,1,0.0077,0,626,1,244,500,,,,,,,,,,0,2,-4.0,24,24,0.0,,,,,,,56,39,34.0,58,51,14.0,132,132,0.0,181,175,12.0,38.0,16.0,-2.0,12.0
InferiorIschemia_006,II,1,InferiorIschemia,-611,R,1,0.0101,0,626,1,244,500,,,,,,,,,,0,2,-4.0,,,,10,24,-28.0,,,,56,39,34.0,57,51,12.0,178,126,104.0,178,177,2.0,38.0,6.0,-10.0,-102.0
InferiorIschemia_006,III,1,InferiorIschemia,-611,rS,1,0.0349,0,626,1,244,500,,,,,,,,,,0,2,-4.0,,14,,9,24,-30.0,14,,,57,39,36.0,58,55,6.0,179,112,134.0,179,178,2.0,40.0,6.0,-4.0,-132.0
InferiorIschemia_006,aVL,1,InferiorIschemia,-611,rS,1,0.0177,0,626,1,244,500,,,,,,,,,,0,2,-4.0,,,,7,14,-14.0,24,24,0.0,55,39,32.0,57,41,32.0,138,87,102.0,176,166,20.0,36.0,24.0,-12.0,-82.0
InferiorIschemia_006,aVF,1,InferiorIschemia,-611,R,1,0.0209,0,626,1,244,500,,,,,,,,,,0,2,-4.0,,14,,10,25,-30.0,,,,57,39,36.0,59,55,8.0,178,118,120.0,178,176,4.0,40.0,8.0,-4.0,-116.0
InferiorIschemia_006,V1,1,InferiorIschemia,-611,rS,1,0.0202,0,626,1,244,500,,,,,,,,,,0,2,-4.0,,,,8,8,0.0,22,22,0.0,56,39,34.0,57,59,-4.0,142,142,0.0,177,176,2.0,38.0,6.0,6.0,2.0
InferiorIschemia_006,V2,1,InferiorIschemia,-611,rS,1,0.0232,0,626,1,244,500,,,,,,,,,,0,2,-4.0,,,,5,8,-6.0,21,22,-2.0,57,39,36.0,58,55,6.0,141,141,0.0,177,181,-8.0,40.0,-4.0,-14.0,-8.0
InferiorIschemia_006,V3,1,InferiorIschemia,-611,rS,1,0.022,0,626,1,244,500,,,,,,,,,,0,2,-4.0,,,,4,5,-2.0,21,21,0.0,58,39,38.0,59,66,-14.0,140,141,-2.0,177,168,18.0,42.0,22.0,32.0,20.0
InferiorIschemia_006,V4,1,InferiorIschemia,-611,RS,1,0.0185,0,626,1,244,500,,,,,,,,,,0,2,-4.0,,8,,4,24,-40.0,33,33,0.0,58,39,38.0,59,72,-26.0,141,141,0.0,177,167,20.0,42.0,24.0,46.0,20.0
InferiorIschemia_006,V5,1,InferiorIschemia,-611,R,1,0.0106,0,626,1,244,500,,,,,,,,,,0,2,-4.0,,,,17,24,-14.0,,,,56,39,34.0,57,76,-38.0,181,119,124.0,181,168,26.0,38.0,30.0,64.0,-98.0
InferiorIschemia_006,V6,1,InferiorIschemia,-611,R,1,0.0088,0,626,1,244,500,,,,,,,,,,0,2,-4.0,,,,27,27,0.0,,,,56,39,34.0,58,51,14.0,181,101,160.0,181,166,30.0,38.0,34.0,16.0,-130.0
InferiorIschemia_006,I,1,InferiorIschemia,-611,R,1,0.0088,0,626,1,244,500,,,,,,,,,,0,2,-4.0,,,,14,14,0.0,,,,58,39,38.0,59,51,16.0,135,135,0.0,176,166,20.0,42.0,24.0,4.0,20.0
InferiorIschemia_007,III,1,InferiorIschemia,-612,qR,1,0.0046,0,629,1,243,500,,,,,,,,,,1,3,-4.0,7,7,0.0,19,20,-2.0,,,,45,43,4.0,51,52,-2.0,145,146,-2.0,177,167,20.0,8.0,24.0,22.0,22.0
InferiorIschemia_007,II,1,InferiorIschemia,-612,qR,1,0.0013,0,629,1,243,500,,,,,,,,,,1,3,-4.0,6,,,20,24,-8.0,,,,44,43,2.0,49,52,-6.0,178,107,142.0,178,167,22.0,6.0,26.0,28.0,-120.0
InferiorIschemia_007,V3,1,InferiorIschemia,-612,qRs,1,0.006,0,629,1,243,500,,,,,,,,,,1,3,-4.0,10,10,0.0,23,23,0.0,35,,,44,43,2.0,50,101,-102.0,143,144,-2.0,174,167,14.0,6.0,18.0,116.0,16.0
InferiorIschemia_007,I,1,InferiorIschemia,-612,RS,1,0.0025,0,629,1,243,500,,,,,,,,,,1,3,-4.0,,11,,7,24,-34.0,11,,,48,43,10.0,52,52,0.0,149,103,92.0,177,167,20.0,14.0,24.0,20.0,-72.0
InferiorIschemia_007,aVR,1,InferiorIschemia,-612,QS,1,0.0018,0,629,1,243,500,,,,,,,,,,1,3,-4.0,23,24,-2.0,,,,,,,44,43,2.0,56,52,8.0,182,105,154.0,182,167,30.0,6.0,34.0,22.0,-124.0
InferiorIschemia_007,aVL,1,InferiorIschemia,-612,rS,1,0.0028,0,629,1,243,500,,,,,,,,,,1,3,-4.0,,,,7,7,0.0,18,18,0.0,44,43,2.0,52,52,0.0,147,147,0.0,178,167,22.0,6.0,26.0,22.0,22.0
InferiorIschemia_007,aVF,1,InferiorIschemia,-612,qR,1,0.0022,0,629,1,243,500,,,,,,,,,,1,3,-4.0,7,7,0.0,20,20,0.0,,,,45,43,4.0,51,52,-2.0,175,109,132.0,175,167,16.0,8.0,20.0,18.0,-116.0
InferiorIschemia_007,V1,1,InferiorIschemia,-612,rS,1,0.0045,0,629,1,243,500,,,,,,,,,,1,3,-4.0,,19,,5,,,19,,,44,43,2.0,51,52,-2.0,140,141,-2.0,175,167,16.0,6.0,20.0,18.0,18.0
InferiorIschemia_007,V2,1,InferiorIschemia,-612,Qrs,1,0.0059,0,629,1,243,500,,,,,,,,,,1,3,-4.0,10,11,-2.0,22,23,-2.0,28,28,0.0,44,43,2.0,50,52,-4.0,141,141,0.0,175,167,16.0,6.0,20.0,20.0,16.0
InferiorIschemia_007,V4,1,InferiorIschemia,-612,qR,1,0.0063,0,629,1,243,500,,,,,,,,,,1,3,-4.0,9,10,-2.0,23,23,0.0,,,,44,43,2.0,50,52,-4.0,97,98,-2.0,175,167,16.0,6.0,20.0,20.0,18.0
InferiorIschemia_007,V5,1,InferiorIschemia,-612,qR,1,0.0034,0,629,1,243,500,,,,,,,,,,1,3,-4.0,10,10,0.0,24,25,-2.0,,,,44,43,2.0,50,52,-4.0,148,104,88.0,181,167,28.0,6.0,32.0,32.0,-60.0
InferiorIschemia_007,V6,1,InferiorIschemia,-612,qR,1,0.0027,0,629,1,243,500,,,,,,,,,,1,3,-4.0,10,10,0.0,27,27,0.0,,,,44,43,2.0,51,52,-2.0,145,101,88.0,185,167,36.0,6.0,40.0,38.0,-52.0
InferiorIschemia_008,I,1,InferiorIschemia,-612,R,1,0.002,0,637,1,243,500,,,,,,,,,,0,2,-4.0,,,,14,14,0.0,,,,57,41,32.0,58,53,10.0,135,135,0.0,178,171,14.0,36.0,18.0,4.0,14.0
InferiorIschemia_008,aVR,1,InferiorIschemia,-612,QS,1,0.0016,0,637,1,243,500,,,,,,,,,,0,2,-4.0,23,23,0.0,,,,,,,53,41,24.0,58,53,10.0,180,129,102.0,180,175,10.0,28.0,14.0,0.0,-92.0
InferiorIschemia_008,V3,1,InferiorIschemia,-612,QRs,1,0.0042,0,637,1,243,500,,,,,,,,,,0,2,-4.0,13,14,-2.0,22,22,0.0,54,,,54,41,26.0,59,64,-10.0,139,139,0.0,176,171,10.0,30.0,14.0,20.0,10.0
InferiorIschemia_008,V4,1,InferiorIschemia,-612,qRs,1,0.0035,0,637,1,243,500,,,,,,,,,,0,2,-4.0,11,11,0.0,23,23,0.0,55,,,55,41,28.0,57,66,-18.0,139,139,0.0,176,171,10.0,32.0,14.0,28.0,10.0
InferiorIschemia_008,II,1,InferiorIschemia,-612,R,1,0.0015,0,637,1,243,500,,,,,,,,,,0,2,-4.0,,,,23,23,0.0,,,,53,41,24.0,59,53,12.0,179,117,124.0,179,171,16.0,28.0,20.0,4.0,-108.0
InferiorIschemia_008,III,1,InferiorIschemia,-612,QR,1,0.0068,0,637,1,243,500,,,,,,,,,,0,2,-4.0,13,14,-2.0,23,23,0.0,,,,56,41,30.0,57,53,8.0,140,79,122.0,181,171,20.0,34.0,24.0,12.0,-102.0
InferiorIschemia_008,aVL,1,InferiorIschemia,-612,Rs,1,0.0039,0,637,1,243,500,,,,,,,,,,0,2,-4.0,,,,13,14,-2.0,23,24,-2.0,55,41,28.0,57,53,8.0,138,138,0.0,178,171,14.0,32.0,18.0,6.0,14.0
InferiorIschemia_008,aVF,1,InferiorIschemia,-612,qR,1,0.0029,0,637,1,243,500,,,,,,,,,,0,2,-4.0,13,14,-2.0,23,23,0.0,,,,56,41,30.0,58,53,10.0,179,106,146.0,179,171,16.0,34.0,20.0,6.0,-130.0
InferiorIschemia_008,V1,1,InferiorIschemia,-612,rS,1,0.0047,0,637,1,243,500,,,,,,,,,,0,2,-4.0,,,,6,7,-2.0,21,21,0.0,52,41,22.0,58,53,10.0,141,141,0.0,178,171,14.0,26.0,18.0,4.0,14.0
InferiorIschemia_008,V2,1,InferiorIschemia,-612,rS,1,0.0051,0,637,1,243,500,,,,,,,,,,0,2,-4.0,,16,,5,,,16,,,53,41,24.0,59,53,12.0,140,140,0.0,177,171,12.0,28.0,16.0,0.0,12.0
InferiorIschemia_008,V5,1,InferiorIschemia,-612,qR,1,0.0019,0,637,1,243,500,,,,,,,,,,0,2,-4.0,8,9,-2.0,23,23,0.0,,,,55,41,28.0,57,53,8.0,179,112,134.0,179,171,16.0,32.0,20.0,8.0,-118.0
InferiorIschemia_008,V6,1,InferiorIschemia,-612,qR,1,0.0018,0,637,1,243,500,,,,,,,,,,0,2,-4.0,7,8,-2.0,29,30,-2.0,,,,56,41,30.0,57,53,8.0,179,101,156.0,179,171,16.0,34.0,20.0,8.0,-140.0
InferiorIschemia_009,I,1,InferiorIschemia,-611,R,1,0.0059,0,638,1,244,500,,,,,,,,,,0,2,-4.0,,,,15,25,-20.0,,,,53,39,28.0,61,76,-30.0,138,138,0.0,179,168,22.0,32.0,26.0,52.0,22.0
InferiorIschemia_009,V3,1,InferiorIschemia,-611,rS,1,0.0144,0,638,1,244,500,,,,,,,,,,0,2,-4.0,,17,,4,,,21,,,47,39,16.0,61,68,-14.0,141,141,0.0,178,175,6.0,20.0,10.0,20.0,6.0
InferiorIschemia_009,V4,1,InferiorIschemia,-611,rS,1,0.0116,0,638,1,244,500,,,,,,,,,,0,2,-4.0,,14,,4,26,-44.0,14,35,-42.0,43,39,8.0,61,62,-2.0,141,141,0.0,179,168,22.0,12.0,26.0,24.0,22.0
InferiorIschemia_009,V5,1,InferiorIschemia,-611,qR,1,0.0078,0,638,1,244,500,,,,,,,,,,0,2,-4.0,11,11,0.0,24,25,-2.0,,,,43,39,8.0,60,70,-20.0,146,146,0.0,185,168,34.0,12.0,38.0,54.0,34.0
InferiorIschemia_009,II,1,InferiorIschemia,-611,R,1,0.0065,0,638,1,244,500,,,,,,,,,,0,2,-4.0,,,,9,25,-32.0,,,,43,39,8.0,59,55,8.0,184,120,128.0,184,168,32.0,12.0,36.0,24.0,-96.0
InferiorIschemia_009,III,1,InferiorIschemia,-611,Qrs,1,0.0332,0,638,1,244,500,,,,,,,,,,0,2,-4.0,14,15,-2.0,20,19,2.0,29,29,0.0,51,39,24.0,59,55,8.0,141,141,0.0,183,168,30.0,28.0,34.0,22.0,30.0
InferiorIschemia_009,aVR,1,InferiorIschemia,-611,QS,1,0.0062,0,638,1,244,500,,,,,,,,,,0,2,-4.0,25,25,0.0,,,,,,,42,39,6.0,60,55,10.0,134,134,0.0,187,168,38.0,10.0,42.0,28.0,38.0
InferiorIschemia_009,aVL,1,InferiorIschemia,-611,R,1,0.0157,0,638,1,244,500,,,,,,,,,,0,2,-4.0,,,,14,15,-2.0,,41,,43,39,8.0,59,55,8.0,139,139,0.0,180,168,24.0,12.0,28.0,16.0,24.0
InferiorIschemia_009,aVF,1,InferiorIschemia,-611,qR,1,0.0173,0,638,1,244,500,,,,,,,,,,0,2,-4.0,14,14,0.0,25,25,0.0,,,,52,39,26.0,60,55,10.0,183,92,182.0,183,168,30.0,30.0,34.0,20.0,-152.0
InferiorIschemia_009,V1,1,InferiorIschemia,-611,rS,1,0.0177,0,638,1,244,500,,,,,,,,,,0,2,-4.0,,,,8,9,-2.0,24,24,0.0,42,39,6.0,60,55,10.0,142,143,-2.0,179,168,22.0,10.0,26.0,12.0,24.0
InferiorIschemia_009,V2,1,InferiorIschemia,-611,rS,1,0.0168,0,638,1,244,500,,,,,,,,,,0,2,-4.0,,,,5,7,-4.0,23,23,0.0,42,39,6.0,61,55,12.0,142,142,0.0,179,168,22.0,10.0,26.0,10.0,22.0
InferiorIschemia_009,V6,1,InferiorIschemia,-611,qR,1,0.0066,0,638,1,244,500,,,,,,,,,,0,2,-4.0,8,8,0.0,24,24,0.0,,,,43,39,8.0,60,55,10.0,187,103,168.0,187,168,38.0,12.0,42.0,28.0,-130.0
InferiorIschemia_010,aVR,1,InferiorIschemia,-608,QS,1,0.0033,0,642,1,247,500,,,,,,,,,,0,2,-4.0,28,28,0.0,,,,,,,44,42,4.0,59,53,12.0,201,127,148.0,201,171,60.0,8.0,64.0,48.0,-88.0
InferiorIschemia_010,I,1,InferiorIschemia,-608,R,1,0.0044,0,642,1,247,500,,,,,,,,,,0,2,-4.0,,,,13,33,-40.0,,,,45,42,6.0,59,53,12.0,134,134,0.0,181,171,20.0,10.0,24.0,8.0,20.0
InferiorIschemia_010,aVL,1,InferiorIschemia,-608,RS,1,0.0056,0,642,1,247,500,,,,,,,,,,0,2,-4.0,,,,13,13,0.0,24,25,-2.0,44,42,4.0,58,52,12.0,137,137,0.0,182,175,14.0,8.0,18.0,2.0,14.0
InferiorIschemia_010,aVF,1,InferiorIschemia,-608,qR,1,0.0056,0,642,1,247,500,,,,,,,,,,0,2,-4.0,12,13,-2.0,27,27,0.0,,,,45,42,6.0,60,53,14.0,141,71,140.0,187,187,0.0,10.0,4.0,-14.0,-140.0
InferiorIschemia_010,V1,1,InferiorIschemia,-608,rS,1,0.0081,0,642,1,247,500,,,,,,,,,,0,2,-4.0,,26,,5,,,26,,,44,42,4.0,60,60,0.0,144,144,0.0,182,171,22.0,8.0,26.0,22.0,22.0
InferiorIschemia_010,V2,1,InferiorIschemia,-608,rS,1,0.0079,0,642,1,247,500,,,,,,,,,,0,2,-4.0,,26,,4,,,26,,,44,42,4.0,60,53,14.0,142,142,0.0,182,177,10.0,8.0,14.0,-4.0,10.0
InferiorIschemia_010,V3,1,InferiorIschemia,-608,QS,1,0.0074,0,642,1,247,500,,,,,,,,,,0,2,-4.0,13,13,0.0,,,,,,,44,42,4.0,60,65,-10.0,141,142,-2.0,180,171,18.0,8.0,22.0,28.0,20.0
InferiorIschemia_010,V4,1,InferiorIschemia,-608,QR,1,0.0063,0,642,1,247,500,,,,,,,,,,0,2,-4.0,12,13,-2.0,29,29,0.0,,,,44,42,4.0,59,44,30.0,144,76,136.0,181,171,20.0,8.0,24.0,-10.0,-116.0
InferiorIschemia_010,V5,1,InferiorIschemia,-608,qR,1,0.0039,0,642,1,247,500,,,,,,,,,,0,2,-4.0,9,10,-2.0,30,30,0.0,,,,44,42,4.0,57,69,-24.0,143,144,-2.0,190,171,38.0,8.0,42.0,62.0,40.0
InferiorIschemia_010,V6,1,InferiorIschemia,-608,R,1,0.0036,0,642,1,247,500,,,,,,,,,,0,2,-4.0,,,,32,32,0.0,,,,44,42,4.0,58,47,22.0,150,99,102.0,194,171,46.0,8.0,50.0,24.0,-56.0
InferiorIschemia_010,II,1,InferiorIschemia,-608,qR,1,0.0029,0,642,1,247,500,,,,,,,,,,0,2,-4.0,12,13,-2.0,27,28,-2.0,,,,44,42,4.0,58,53,10.0,191,111,160.0,191,171,40.0,8.0,44.0,30.0,-120.0
InferiorIschemia_010,III,1,InferiorIschemia,-608,qR,1,0.0105,0,642,1,247,500,,,,,,,,,,0,2,-4.0,12,13,-2.0,26,27,-2.0,,,,45,42,6.0,58,53,10.0,139,139,0.0,186,171,30.0,10.0,34.0,20.0,30.0
InferiorIschemia_011,aVF,1,InferiorIschemia,-606,R,1,0.0081,0,643,1,249,500,,,,,,,,,,0,2,-4.0,,,,11,29,-36.0,,,,48,45,6.0,49,54,-10.0,180,110,140.0,180,173,14.0,10.0,18.0,24.0,-126.0
InferiorIschemia_011,I,1,InferiorIschemia,-606,R,1,0.0039,0,643,1,249,500,,,,,,,,,,0,2,-4.0,,,,8,34,-52.0,,,,49,45,8.0,50,72,-44.0,160,128,64.0,179,186,-14.0,12.0,-10.0,30.0,-78.0
InferiorIschemia_011,aVL,1,InferiorIschemia,-606,rS,1,0.0051,0,643,1,249,500,,,,,,,,,,0,2,-4.0,,,,6,7,-2.0,26,27,-2.0,48,45,6.0,49,54,-10.0,179,110,138.0,179,183,-8.0,10.0,-4.0,2.0,-146.0
InferiorIschemia_011,V1,1,InferiorIschemia,-606,rS,1,0.0076,0,643,1,249,500,,,,,,,,,,0,2,-4.0,,,,7,8,-2.0,28,29,-2.0,48,45,6.0,49,66,-34.0,144,144,0.0,179,173,12.0,10.0,16.0,46.0,12.0
InferiorIschemia_011,V2,1,InferiorIschemia,-606,rS,1,0.0067,0,643,1,249,500,,,,,,,,,,0,2,-4.0,,,,5,5,0.0,28,29,-2.0,48,45,6.0,49,66,-34.0,144,144,0.0,179,173,12.0,10.0,16.0,46.0,12.0
InferiorIschemia_011,V3,1,InferiorIschemia,-606,rS,1,0.008,0,643,1,249,500,,,,,,,,,,0,2,-4.0,,,,4,4,0.0,30,30,0.0,48,45,6.0,49,65,-32.0,144,145,-2.0,178,173,10.0,10.0,14.0,42.0,12.0
InferiorIschemia_011,V4,1,InferiorIschemia,-606,QRs,1,0.0086,0,643,1,249,500,,,,,,,,,,0,2,-4.0,10,10,0.0,21,21,0.0,33,33,0.0,48,45,6.0,49,75,-52.0,149,149,0.0,178,186,-16.0,10.0,-12.0,36.0,-16.0
InferiorIschemia_011,V5,1,InferiorIschemia,-606,qR,1,0.0043,0,643,1,249,500,,,,,,,,,,0,2,-4.0,10,11,-2.0,33,34,-2.0,,,,48,45,6.0,49,57,-16.0,180,121,118.0,180,173,14.0,10.0,18.0,30.0,-104.0
InferiorIschemia_011,V6,1,InferiorIschemia,-606,RS,1,0.0042,0,643,1,249,500,,,,,,,,,,0,2,-4.0,,19,,8,35,-54.0,19,,,48,45,6.0,49,45,8.0,155,98,114.0,180,173,14.0,10.0,18.0,6.0,-100.0
InferiorIschemia_011,II,1,InferiorIschemia,-606,R,1,0.0041,0,643,1,249,500,,,,,,,,,,0,2,-4.0,,,,11,29,-36.0,,,,48,45,6.0,49,54,-10.0,180,111,138.0,180,173,14.0,10.0,18.0,24.0,-124.0
InferiorIschemia_011,III,1,InferiorIschemia,-606,QR,1,0.0126,0,643,1,249,500,,,,,,,,,,0,2,-4.0,6,7,-2.0,11,29,-36.0,,,,48,45,6.0,49,54,-10.0,180,110,140.0,180,173,14.0,10.0,18.0,24.0,-126.0
InferiorIschemia_011,aVR,1,InferiorIschemia,-606,QS,1,0.0046,0,643,1,249,500,,,,,,,,,,0,2,-4.0,28,29,-2.0,,,,,,,48,45,6.0,49,54,-10.0,180,112,136.0,180,173,14.0,10.0,18.0,24.0,-122.0
InferiorIschemia_012,aVR,1,InferiorIschemia,-606,QS,1,0.0045,0,642,1,249,500,,,,,,,,,,0,2,-4.0,29,30,-2.0,,,,,,,58,45,26.0,59,64,-10.0,135,136,-2.0,209,181,56.0,30.0,60.0,66.0,58.0
InferiorIschemia_012,I,1,InferiorIschemia,-606,R,1,0.0065,0,642,1,249,500,,,,,,,,,,0,2,-4.0,,,,16,16,0.0,,,,59,45,28.0,60,64,-8.0,140,141,-2.0,205,176,58.0,32.0,62.0,66.0,60.0
InferiorIschemia_012,II,1,InferiorIschemia,-606,R,1,0.0039,0,642,1,249,500,,,,,,,,,,0,2,-4.0,,,,11,29,-36.0,,,,57,45,24.0,58,55,6.0,194,115,158.0,194,189,10.0,28.0,14.0,4.0,-148.0
InferiorIschemia_012,III,1,InferiorIschemia,-606,QR,1,0.0144,0,642,1,249,500,,,,,,,,,,0,2,-4.0,16,16,0.0,29,29,0.0,,,,59,45,28.0,60,64,-8.0,144,86,116.0,186,184,4.0,32.0,8.0,12.0,-112.0
InferiorIschemia_012,aVL,1,InferiorIschemia,-606,RS,1,0.0089,0,642,1,249,500,,,,,,,,,,0,2,-4.0,,,,9,16,-14.0,29,29,0.0,57,45,24.0,58,83,-50.0,142,143,-2.0,188,172,32.0,28.0,36.0,82.0,34.0
InferiorIschemia_012,aVF,1,InferiorIschemia,-606,qRS,1,0.0085,0,642,1,249,500,,,,,,,,,,0,2,-4.0,7,16,-18.0,11,29,-36.0,15,,,60,45,30.0,61,52,18.0,146,95,102.0,187,191,-8.0,34.0,-4.0,-26.0,-110.0
InferiorIschemia_012,V1,1,InferiorIschemia,-606,rS,1,0.0104,0,642,1,249,500,,,,,,,,,,0,2,-4.0,,28,,6,,,28,,,57,45,24.0,58,79,-42.0,144,144,0.0,183,175,16.0,28.0,20.0,58.0,16.0
InferiorIschemia_012,V2,1,InferiorIschemia,-606,rS,1,0.0091,0,642,1,249,500,,,,,,,,,,0,2,-4.0,,24,,8,,,24,,,59,45,28.0,60,61,-2.0,142,142,0.0,183,199,-32.0,32.0,-28.0,-30.0,-32.0
InferiorIschemia_012,V3,1,InferiorIschemia,-606,QS,1,0.0094,0,642,1,249,500,,,,,,,,,,0,2,-4.0,16,16,0.0,,,,,,,60,45,30.0,61,67,-12.0,141,141,0.0,184,188,-8.0,34.0,-4.0,4.0,-8.0
InferiorIschemia_012,V4,1,InferiorIschemia,-606,QRs,1,0.008,0,642,1,249,500,,,,,,,,,,0,2,-4.0,16,16,0.0,32,32,0.0,59,,,59,45,28.0,60,74,-28.0,141,141,0.0,186,182,8.0,32.0,12.0,36.0,8.0
InferiorIschemia_012,V5,1,InferiorIschemia,-606,qR,1,0.005,0,642,1,249,500,,,,,,,,,,0,2,-4.0,8,8,0.0,31,32,-2.0,,,,59,45,28.0,60,58,4.0,140,140,0.0,208,179,58.0,32.0,62.0,54.0,58.0
InferiorIschemia_012,V6,1,InferiorIschemia,-606,R,1,0.0041,0,642,1,249,500,,,,,,,,,,0,2,-4.0,,,,32,33,-2.0,,,,59,45,28.0,60,46,28.0,147,79,136.0,208,179,58.0,32.0,62.0,30.0,-78.0
InferiorIschemia_013,aVF,1,InferiorIschemia,-610,qR,1,0.0076,0,623,1,245,500,,,,,,,,,,0,2,-4.0,13,14,-2.0,24,24,0.0,,,,46,44,4.0,58,49,18.0,180,101,158.0,180,171,18.0,8.0,22.0,0.0,-140.0
InferiorIschemia_013,I,1,InferiorIschemia,-610,R,1,0.0049,0,623,1,245,500,,,,,,,,,,0,2,-4.0,,,,7,29,-44.0,,,,47,44,6.0,59,44,30.0,178,130,96.0,178,161,34.0,10.0,38.0,4.0,-62.0
InferiorIschemia_013,II,1,InferiorIschemia,-610,R,1,0.0043,0,623,1,245,500,,,,,,,,,,0,2,-4.0,,,,24,25,-2.0,,,,47,44,6.0,48,49,-2.0,180,106,148.0,180,171,18.0,10.0,22.0,20.0,-130.0
InferiorIschemia_013,aVL,1,InferiorIschemia,-610,rS,1,0.0091,0,623,1,245,500,,,,,,,,,,0,2,-4.0,,9,,6,14,-16.0,22,23,-2.0,46,44,4.0,55,46,18.0,138,139,-2.0,180,171,18.0,8.0,22.0,0.0,20.0
InferiorIschemia_013,V1,1,InferiorIschemia,-610,rS,1,0.0111,0,623,1,245,500,,,,,,,,,,0,2,-4.0,,,,5,6,-2.0,24,24,0.0,45,44,2.0,52,68,-32.0,143,143,0.0,179,171,16.0,6.0,20.0,48.0,16.0
InferiorIschemia_013,V3,1,InferiorIschemia,-610,QRs,1,0.011,0,623,1,245,500,,,,,,,,,,0,2,-4.0,9,9,0.0,15,15,0.0,24,,,46,44,4.0,53,74,-42.0,144,145,-2.0,178,171,14.0,8.0,18.0,56.0,16.0
InferiorIschemia_013,V4,1,InferiorIschemia,-610,qR,1,0.0085,0,623,1,245,500,,,,,,,,,,0,2,-4.0,9,9,0.0,26,26,0.0,,,,46,44,4.0,51,97,-92.0,148,149,-2.0,178,171,14.0,8.0,18.0,106.0,16.0
InferiorIschemia_013,V5,1,InferiorIschemia,-610,qR,1,0.0054,0,623,1,245,500,,,,,,,,,,0,2,-4.0,8,8,0.0,27,27,0.0,,,,47,44,6.0,48,49,-2.0,181,108,146.0,181,171,20.0,10.0,24.0,22.0,-126.0
InferiorIschemia_013,V6,1,InferiorIschemia,-610,qR,1,0.0047,0,623,1,245,500,,,,,,,,,,0,2,-4.0,8,8,0.0,30,31,-2.0,,,,47,44,6.0,49,46,6.0,151,99,104.0,181,171,20.0,10.0,24.0,14.0,-84.0
InferiorIschemia_013,III,1,InferiorIschemia,-610,qR,1,0.0159,0,623,1,245,500,,,,,,,,,,0,2,-4.0,13,14,-2.0,23,24,-2.0,,,,46,44,4.0,53,49,8.0,182,94,176.0,182,171,22.0,8.0,26.0,14.0,-154.0
InferiorIschemia_013,aVR,1,InferiorIschemia,-610,QS,1,0.0039,0,623,1,245,500,,,,,,,,,,0,2,-4.0,25,26,-2.0,,,,,,,45,44,2.0,59,49,20.0,182,111,142.0,182,171,22.0,6.0,26.0,2.0,-120.0
InferiorIschemia_013,V2,1,InferiorIschemia,-610,rS,1,0.0107,0,623,1,245,500,,,,,,,,,,0,2,-4.0,,9,,4,14,-20.0,24,24,0.0,45,44,2.0,51,49,4.0,143,143,0.0,178,171,14.0,6.0,18.0,10.0,14.0
InferiorIschemia_014,I,1,InferiorIschemia,-609,R,1,0.012,0,638,1,246,500,,,,,,,,,,0,2,-4.0,,,,14,25,-22.0,,,,44,42,4.0,56,59,-6.0,134,134,0.0,175,178,-6.0,8.0,-2.0,0.0,-6.0
InferiorIschemia_014,II,1,InferiorIschemia,-609,R,1,0.0083,0,638,1,246,500,,,,,,,,,,0,2,-4.0,,,,26,26,0.0,,,,43,42,2.0,54,43,22.0,177,113,128.0,177,176,2.0,6.0,6.0,-20.0,-126.0
InferiorIschemia_014,III,1,InferiorIschemia,-609,qR,1,0.0304,0,638,1,246,500,,,,,,,,,,0,2,-4.0,14,8,12.0,26,26,0.0,,,,44,42,4.0,55,43,24.0,178,107,142.0,178,181,-6.0,8.0,-2.0,-30.0,-148.0
InferiorIschemia_014,aVR,1,InferiorIschemia,-609,QS,1,0.0078,0,638,1,246,500,,,,,,,,,,1,2,-2.0,25,26,-2.0,,,,,,,43,42,2.0,56,51,10.0,179,120,118.0,179,174,10.0,4.0,12.0,0.0,-108.0
InferiorIschemia_014,aVL,1,InferiorIschemia,-609,rS,1,0.0165,0,638,1,246,500,,,,,,,,,,1,2,-2.0,,,,8,15,-14.0,26,26,0.0,43,42,2.0,54,51,6.0,138,88,100.0,178,174,8.0,4.0,10.0,2.0,-92.0
InferiorIschemia_014,aVF,1,InferiorIschemia,-609,R,1,0.0157,0,638,1,246,500,,,,,,,,,,1,2,-2.0,,,,26,26,0.0,,,,44,42,4.0,56,51,10.0,177,111,132.0,177,179,-4.0,6.0,-2.0,-14.0,-136.0
InferiorIschemia_014,V2,1,InferiorIschemia,-609,rS,1,0.0241,0,638,1,246,500,,,,,,,,,,0,2,-4.0,,,,7,15,-16.0,26,27,-2.0,43,42,2.0,56,66,-20.0,142,142,0.0,174,167,14.0,6.0,18.0,34.0,14.0
InferiorIschemia_014,V3,1,InferiorIschemia,-609,qRs,1,0.0229,0,638,1,246,500,,,,,,,,,,1,2,-2.0,10,10,0.0,15,16,-2.0,31,32,-2.0,43,42,2.0,55,71,-32.0,143,143,0.0,174,174,0.0,4.0,2.0,32.0,0.0
InferiorIschemia_014,V4,1,InferiorIschemia,-609,qR,1,0.0182,0,638,1,246,500,,,,,,,,,,1,2,-2.0,9,9,0.0,16,24,-16.0,,,,43,42,2.0,53,69,-32.0,145,146,-2.0,174,167,14.0,4.0,16.0,46.0,16.0
InferiorIschemia_014,V5,1,InferiorIschemia,-609,qR,1,0.0114,0,638,1,246,500,,,,,,,,,,0,2,-4.0,7,,,26,26,0.0,,,,43,42,2.0,54,58,-8.0,177,116,122.0,177,167,20.0,6.0,24.0,28.0,-102.0
InferiorIschemia_014,V6,1,InferiorIschemia,-609,qR,1,0.0103,0,638,1,246,500,,,,,,,,,,0,2,-4.0,8,8,0.0,28,28,0.0,,,,43,42,2.0,55,51,8.0,180,104,152.0,180,172,16.0,6.0,20.0,8.0,-136.0
InferiorIschemia_014,V1,1,InferiorIschemia,-609,rS,1,0.021,0,638,1,246,500,,,,,,,,,,0,2,-4.0,,,,7,8,-2.0,26,26,0.0,43,42,2.0,55,51,8.0,142,142,0.0,175,167,16.0,6.0,20.0,8.0,16.0
InferiorIschemia_015,aVR,1,InferiorIschemia,-608,QS,1,0.0013,0,637,1,247,500,,,,,,,,,,0,3,-6.0,27,27,0.0,,,,,,,44,42,4.0,55,49,12.0,188,122,132.0,188,171,34.0,10.0,40.0,22.0,-98.0
InferiorIschemia_015,II,1,InferiorIschemia,-608,qR,1,0.0012,0,637,1,247,500,,,,,,,,,,0,3,-6.0,5,,,26,26,0.0,,,,44,42,4.0,49,49,0.0,181,103,156.0,181,171,20.0,10.0,26.0,20.0,-136.0
InferiorIschemia_015,III,1,InferiorIschemia,-608,qR,1,0.0056,0,637,1,247,500,,,,,,,,,,0,3,-6.0,12,13,-2.0,25,25,0.0,,,,44,42,4.0,45,46,-2.0,140,91,98.0,183,174,18.0,10.0,24.0,20.0,-80.0
InferiorIschemia_015,V1,1,InferiorIschemia,-608,rS,1,0.0042,0,637,1,247,500,,,,,,,,,,0,3,-6.0,,23,,5,,,23,,,43,42,2.0,48,59,-22.0,142,142,0.0,182,171,22.0,8.0,28.0,44.0,22.0
InferiorIschemia_015,V2,1,InferiorIschemia,-608,rS,1,0.0041,0,637,1,247,500,,,,,,,,,,0,3,-6.0,,15,,4,,,15,,,44,42,4.0,50,70,-40.0,141,142,-2.0,186,171,30.0,10.0,36.0,70.0,32.0
InferiorIschemia_015,V3,1,InferiorIschemia,-608,QR,1,0.0037,0,637,1,247,500,,,,,,,,,,0,3,-6.0,10,10,0.0,26,26,0.0,,,,44,42,4.0,49,72,-46.0,144,144,0.0,182,171,22.0,10.0,28.0,68.0,22.0
InferiorIschemia_015,V4,1,InferiorIschemia,-608,qR,1,0.0029,0,637,1,247,500,,,,,,,,,,0,3,-6.0,9,9,0.0,27,27,0.0,,,,44,42,4.0,51,82,-62.0,150,150,0.0,183,171,24.0,10.0,30.0,86.0,24.0
InferiorIschemia_015,I,1,InferiorIschemia,-608,R,1,0.0016,0,637,1,247,500,,,,,,,,,,0,3,-6.0,,,,8,13,-10.0,,,,45,42,6.0,51,49,4.0,135,135,0.0,177,171,12.0,12.0,18.0,8.0,12.0
InferiorIschemia_015,aVL,1,InferiorIschemia,-608,RS,1,0.0031,0,637,1,247,500,,,,,,,,,,0,3,-6.0,,,,8,13,-10.0,22,22,0.0,44,42,4.0,45,49,-8.0,138,138,0.0,178,171,14.0,10.0,20.0,22.0,14.0
InferiorIschemia_015,aVF,1,InferiorIschemia,-608,qR,1,0.0026,0,637,1,247,500,,,,,,,,,,0,3,-6.0,6,,,25,26,-2.0,,,,45,42,6.0,50,49,2.0,180,97,166.0,180,171,18.0,12.0,24.0,16.0,-148.0
InferiorIschemia_015,V5,1,InferiorIschemia,-608,qR,1,0.0018,0,637,1,247,500,,,,,,,,,,0,3,-6.0,8,9,-2.0,27,27,0.0,,,,45,42,6.0,52,49,6.0,190,107,166.0,190,171,38.0,12.0,44.0,32.0,-128.0
InferiorIschemia_015,V6,1,InferiorIschemia,-608,qR,1,0.0017,0,637,1,247,500,,,,,,,,,,0,3,-6.0,8,8,0.0,28,29,-2.0,,,,45,42,6.0,52,49,6.0,191,98,186.0,191,171,40.0,12.0,46.0,34.0,-146.0
InferiorIschemia_016,aVR,1,InferiorIschemia,-610,QS,1,0.0054,0,639,1,245,500,,,,,,,,,,0,2,-4.0,25,25,0.0,,,,,,,47,41,12.0,49,44,10.0,136,136,0.0,179,180,-2.0,16.0,2.0,-12.0,-2.0
InferiorIschemia_016,I,1,InferiorIschemia,-610,Rs,1,0.0075,0,639,1,245,500,,,,,,,,,,0,2,-4.0,,,,7,15,-16.0,19,19,0.0,52,41,22.0,53,63,-20.0,138,138,0.0,178,171,14.0,26.0,18.0,34.0,14.0
InferiorIschemia_016,II,1,InferiorIschemia,-610,R,1,0.006,0,639,1,245,500,,,,,,,,,,0,2,-4.0,,,,25,25,0.0,,,,48,41,14.0,49,69,-40.0,178,125,106.0,178,171,14.0,18.0,18.0,54.0,-92.0
InferiorIschemia_016,aVL,1,InferiorIschemia,-610,rS,1,0.0158,0,639,1,245,500,,,,,,,,,,0,2,-4.0,,,,6,6,0.0,20,21,-2.0,46,41,10.0,48,41,14.0,139,91,96.0,178,171,14.0,14.0,18.0,0.0,-82.0
InferiorIschemia_016,V1,1,InferiorIschemia,-610,rS,1,0.0164,0,639,1,245,500,,,,,,,,,,0,2,-4.0,,,,4,10,-12.0,23,23,0.0,47,41,12.0,49,56,-14.0,141,141,0.0,177,171,12.0,16.0,16.0,26.0,12.0
InferiorIschemia_016,V2,1,InferiorIschemia,-610,rS,1,0.0146,0,639,1,245,500,,,,,,,,,,0,2,-4.0,,21,,4,,,21,,,50,41,18.0,51,59,-16.0,141,141,0.0,178,171,14.0,22.0,18.0,30.0,14.0
InferiorIschemia_016,V3,1,InferiorIschemia,-610,QRs,1,0.0131,0,639,1,245,500,,,,,,,,,,0,2,-4.0,14,13,2.0,27,27,0.0,52,,,52,41,22.0,53,65,-24.0,142,142,0.0,178,171,14.0,26.0,18.0,38.0,14.0
InferiorIschemia_016,V4,1,InferiorIschemia,-610,qR,1,0.0107,0,639,1,245,500,,,,,,,,,,0,2,-4.0,9,9,0.0,26,27,-2.0,,,,49,41,16.0,50,44,12.0,154,99,110.0,178,178,0.0,20.0,4.0,-12.0,-110.0
InferiorIschemia_016,V6,1,InferiorIschemia,-610,R,1,0.0058,0,639,1,245,500,,,,,,,,,,0,2,-4.0,,9,,26,26,0.0,,,,51,41,20.0,52,43,18.0,179,104,150.0,179,171,16.0,24.0,20.0,-2.0,-134.0
InferiorIschemia_016,III,1,InferiorIschemia,-610,qR,1,0.026,0,639,1,245,500,,,,,,,,,,0,2,-4.0,6,6,0.0,10,29,-38.0,,,,50,41,18.0,51,44,14.0,180,99,162.0,180,171,18.0,22.0,22.0,4.0,-144.0
InferiorIschemia_016,aVF,1,InferiorIschemia,-610,R,1,0.0131,0,639,1,245,500,,,,,,,,,,0,2,-4.0,,,,11,26,-30.0,,,,52,41,22.0,53,44,18.0,178,113,130.0,178,171,14.0,26.0,18.0,-4.0,-116.0
InferiorIschemia_016,V5,1,InferiorIschemia,-610,qR,1,0.0066,0,639,1,245,500,,,,,,,,,,0,2,-4.0,9,9,0.0,24,24,0.0,,,,50,41,18.0,51,44,14.0,179,118,122.0,179,171,16.0,22.0,20.0,2.0,-106.0
InferiorIschemia_017,I,1,InferiorIschemia,-612,R,1,0.0065,0,638,1,243,500,,,,,,,,,,0,2,-4.0,,,,15,24,-18.0,,,,57,38,38.0,58,42,32.0,135,136,-2.0,175,168,14.0,42.0,18.0,-18.0,16.0
InferiorIschemia_017,II,1,InferiorIschemia,-612,R,1,0.0048,0,638,1,243,500,,,,,,,,,,0,2,-4.0,,,,11,25,-28.0,,,,41,38,6.0,42,48,-12.0,178,127,102.0,178,168,20.0,10.0,24.0,32.0,-82.0
InferiorIschemia_017,III,1,InferiorIschemia,-612,QR,1,0.0161,0,638,1,243,500,,,,,,,,,,0,2,-4.0,14,14,0.0,25,25,0.0,,,,42,38,8.0,43,52,-18.0,139,95,88.0,178,168,20.0,12.0,24.0,38.0,-68.0
InferiorIschemia_017,V1,1,InferiorIschemia,-612,rS,1,0.0158,0,638,1,243,500,,,,,,,,,,0,2,-4.0,,17,,3,,,16,,,41,38,6.0,42,64,-44.0,142,142,0.0,177,168,18.0,10.0,22.0,62.0,18.0
InferiorIschemia_017,V2,1,InferiorIschemia,-612,Qrs,1,0.0154,0,638,1,243,500,,,,,,,,,,0,2,-4.0,11,12,-2.0,23,24,-2.0,27,,,41,38,6.0,42,66,-48.0,145,145,0.0,177,168,18.0,10.0,22.0,66.0,18.0
InferiorIschemia_017,V3,1,InferiorIschemia,-612,qR,1,0.0123,0,638,1,243,500,,,,,,,,,,0,2,-4.0,10,10,0.0,23,23,0.0,,,,41,38,6.0,42,72,-60.0,148,148,0.0,176,168,16.0,10.0,20.0,76.0,16.0
InferiorIschemia_017,V4,1,InferiorIschemia,-612,qR,1,0.0107,0,638,1,243,500,,,,,,,,,,0,2,-4.0,9,9,0.0,21,21,0.0,,,,41,38,6.0,42,72,-60.0,148,148,0.0,177,168,18.0,10.0,22.0,78.0,18.0
InferiorIschemia_017,aVR,1,InferiorIschemia,-612,QS,1,0.0054,0,638,1,243,500,,,,,,,,,,0,2,-4.0,24,25,-2.0,,,,,,,41,38,6.0,47,42,10.0,179,133,92.0,179,168,22.0,10.0,26.0,12.0,-70.0
InferiorIschemia_017,aVL,1,InferiorIschemia,-612,R,1,0.0118,0,638,1,243,500,,,,,,,,,,0,2,-4.0,,,,10,15,-10.0,,,,40,38,4.0,41,42,-2.0,137,137,0.0,175,168,14.0,8.0,18.0,16.0,14.0
InferiorIschemia_017,aVF,1,InferiorIschemia,-612,R,1,0.0082,0,638,1,243,500,,,,,,,,,,0,2,-4.0,,14,,11,25,-28.0,,,,47,38,18.0,48,42,12.0,178,106,144.0,178,168,20.0,22.0,24.0,8.0,-124.0
InferiorIschemia_017,V5,1,InferiorIschemia,-612,R,1,0.0081,0,638,1,243,500,,,,,,,,,,0,2,-4.0,,,,20,20,0.0,,,,41,38,6.0,42,42,0.0,180,103,154.0,180,168,24.0,10.0,28.0,24.0,-130.0
InferiorIschemia_017,V6,1,InferiorIschemia,-612,R,1,0.0075,0,638,1,243,500,,,,,,,,,,0,2,-4.0,,,,26,26,0.0,,,,46,38,16.0,47,42,10.0,181,99,164.0,181,168,26.0,20.0,30.0,16.0,-138.0
InferiorIschemia_018,II,1,InferiorIschemia,-609,R,1,0.006,0,638,1,246,500,,,,,,,,,,0,2,-4.0,,,,24,24,0.0,,,,44,43,2.0,45,51,-12.0,140,140,0.0,175,172,6.0,6.0,10.0,18.0,6.0
InferiorIschemia_018,III,1,InferiorIschemia,-609,RS,1,0.0159,0,638,1,246,500,,,,,,,,,,0,2,-4.0,,16,,7,20,-26.0,26,26,0.0,43,43,0.0,44,70,-52.0,151,151,0.0,175,184,-18.0,4.0,-14.0,34.0,-18.0
InferiorIschemia_018,aVR,1,InferiorIschemia,-609,QS,1,0.0066,0,638,1,246,500,,,,,,,,,,0,2,-4.0,24,25,-2.0,,,,,,,43,43,0.0,64,48,32.0,139,139,0.0,176,174,4.0,4.0,8.0,-28.0,4.0
InferiorIschemia_018,aVF,1,InferiorIschemia,-609,R,1,0.0095,0,638,1,246,500,,,,,,,,,,0,2,-4.0,,,,14,23,-18.0,,,,45,43,4.0,63,62,2.0,141,141,0.0,175,179,-8.0,8.0,-4.0,-10.0,-8.0
InferiorIschemia_018,V1,1,InferiorIschemia,-609,rS,1,0.0186,0,638,1,246,500,,,,,,,,,,0,2,-4.0,,20,,3,,,20,,,44,43,2.0,45,68,-46.0,141,141,0.0,175,169,12.0,6.0,16.0,58.0,12.0
InferiorIschemia_018,V2,1,InferiorIschemia,-609,QS,1,0.0161,0,638,1,246,500,,,,,,,,,,0,2,-4.0,17,17,0.0,,,,,,,45,43,4.0,63,72,-18.0,144,144,0.0,175,169,12.0,8.0,16.0,30.0,12.0
InferiorIschemia_018,V3,1,InferiorIschemia,-609,qR,1,0.0121,0,638,1,246,500,,,,,,,,,,0,2,-4.0,10,11,-2.0,27,27,0.0,,,,45,43,4.0,63,76,-26.0,149,149,0.0,175,169,12.0,8.0,16.0,38.0,12.0
InferiorIschemia_018,V4,1,InferiorIschemia,-609,qR,1,0.011,0,638,1,246,500,,,,,,,,,,0,2,-4.0,9,10,-2.0,26,27,-2.0,,,,44,43,2.0,45,76,-62.0,148,148,0.0,175,169,12.0,6.0,16.0,74.0,12.0
InferiorIschemia_018,V5,1,InferiorIschemia,-609,R,1,0.0088,0,638,1,246,500,,,,,,,,,,0,2,-4.0,,,,24,24,0.0,,,,46,43,6.0,47,51,-8.0,176,122,108.0,176,169,14.0,10.0,18.0,22.0,-94.0
InferiorIschemia_018,I,1,InferiorIschemia,-609,R,1,0.0076,0,638,1,246,500,,,,,,,,,,0,2,-4.0,,,,25,25,0.0,,,,46,43,6.0,61,51,20.0,138,139,-2.0,175,169,12.0,10.0,16.0,-8.0,14.0
InferiorIschemia_018,aVL,1,InferiorIschemia,-609,R,1,0.0112,0,638,1,246,500,,,,,,,,,,0,2,-4.0,,,,16,25,-18.0,,,,43,43,0.0,44,51,-14.0,137,137,0.0,175,169,12.0,4.0,16.0,26.0,12.0
InferiorIschemia_018,V6,1,InferiorIschemia,-609,R,1,0.0083,0,638,1,246,500,,,,,,,,,,0,2,-4.0,,,,25,25,0.0,,,,53,43,20.0,63,51,24.0,176,102,148.0,176,169,14.0,24.0,18.0,-10.0,-134.0
InferiorIschemia_019,I,1,InferiorIschemia,-612,R,1,0.0028,0,638,1,243,500,,,,,,,,,,0,2,-4.0,,,,8,24,-32.0,,,,61,32,58.0,62,46,32.0,125,125,0.0,176,168,16.0,62.0,20.0,-16.0,16.0
InferiorIschemia_019,II,1,InferiorIschemia,-612,R,1,0.0022,0,638,1,243,500,,,,,,,,,,0,2,-4.0,,,,10,22,-24.0,,,,60,32,56.0,61,66,-10.0,177,107,140.0,177,173,8.0,60.0,12.0,18.0,-132.0
InferiorIschemia_019,III,1,InferiorIschemia,-612,QR,1,0.0093,0,638,1,243,500,,,,,,,,,,0,2,-4.0,13,13,0.0,19,20,-2.0,,,,60,32,56.0,61,52,18.0,134,87,94.0,178,173,10.0,60.0,14.0,-8.0,-84.0
InferiorIschemia_019,aVR,1,InferiorIschemia,-612,QS,1,0.0023,0,638,1,243,500,,,,,,,,,,0,2,-4.0,22,22,0.0,,,,,,,60,32,56.0,61,72,-22.0,177,108,138.0,177,173,8.0,60.0,12.0,30.0,-130.0
InferiorIschemia_019,aVL,1,InferiorIschemia,-612,Rs,1,0.0054,0,638,1,243,500,,,,,,,,,,0,2,-4.0,,,,7,13,-12.0,17,17,0.0,59,32,54.0,60,47,26.0,129,129,0.0,176,173,6.0,58.0,10.0,-20.0,6.0
InferiorIschemia_019,aVF,1,InferiorIschemia,-612,QR,1,0.0046,0,638,1,243,500,,,,,,,,,,0,2,-4.0,6,,,10,21,-22.0,,,,61,32,58.0,62,66,-8.0,177,106,142.0,177,173,8.0,62.0,12.0,16.0,-134.0
InferiorIschemia_019,V1,1,InferiorIschemia,-612,rS,1,0.0069,0,638,1,243,500,,,,,,,,,,0,2,-4.0,,14,,3,,,13,,,61,32,58.0,62,55,14.0,142,142,0.0,177,173,8.0,62.0,12.0,-6.0,8.0
InferiorIschemia_019,V2,1,InferiorIschemia,-612,QRs,1,0.0075,0,638,1,243,500,,,,,,,,,,0,2,-4.0,9,11,-4.0,23,31,-16.0,62,,,62,32,60.0,63,68,-10.0,142,142,0.0,177,173,8.0,64.0,12.0,18.0,8.0
InferiorIschemia_019,V3,1,InferiorIschemia,-612,qRs,1,0.0071,0,638,1,243,500,,,,,,,,,,0,2,-4.0,9,8,2.0,24,24,0.0,63,,,63,32,62.0,64,46,36.0,154,96,116.0,177,173,8.0,66.0,12.0,-28.0,-108.0
InferiorIschemia_019,V4,1,InferiorIschemia,-612,qR,1,0.0068,0,638,1,243,500,,,,,,,,,,0,2,-4.0,8,8,0.0,22,22,0.0,,,,62,32,60.0,63,46,34.0,153,72,162.0,176,176,0.0,64.0,4.0,-34.0,-162.0
InferiorIschemia_019,V5,1,InferiorIschemia,-612,qR,1,0.004,0,638,1,243,500,,,,,,,,,,0,2,-4.0,7,,,23,24,-2.0,,,,61,32,58.0,62,33,58.0,177,103,148.0,177,173,8.0,62.0,12.0,-50.0,-140.0
InferiorIschemia_019,V6,1,InferiorIschemia,-612,R,1,0.0033,0,638,1,243,500,,,,,,,,,,0,2,-4.0,,,,23,22,2.0,,,,61,32,58.0,62,36,52.0,151,103,96.0,177,173,8.0,62.0,12.0,-44.0,-88.0
InferiorIschemia_020,II,1,InferiorIschemia,-612,R,1,0.0074,0,632,1,243,500,,,,,,,,,,0,2,-4.0,,,,10,23,-26.0,,,,40,37,6.0,41,69,-56.0,178,109,138.0,178,171,14.0,10.0,18.0,70.0,-124.0
InferiorIschemia_020,I,1,InferiorIschemia,-612,R,1,0.011,0,632,1,243,500,,,,,,,,,,0,2,-4.0,,,,7,30,-46.0,,,,51,37,28.0,52,46,12.0,163,106,114.0,176,168,16.0,32.0,20.0,4.0,-98.0
InferiorIschemia_020,III,1,InferiorIschemia,-612,qR,1,0.0187,0,632,1,243,500,,,,,,,,,,0,2,-4.0,7,7,0.0,23,23,0.0,,,,40,37,6.0,41,48,-14.0,178,151,54.0,178,171,14.0,10.0,18.0,28.0,-40.0
InferiorIschemia_020,aVR,1,InferiorIschemia,-612,QS,1,0.0091,0,632,1,243,500,,,,,,,,,,0,2,-4.0,22,23,-2.0,,,,,,,40,37,6.0,41,50,-18.0,179,110,138.0,179,171,16.0,10.0,20.0,34.0,-122.0
InferiorIschemia_020,aVL,1,InferiorIschemia,-612,RS,1,0.0128,0,632,1,243,500,,,,,,,,,,0,2,-4.0,,,,7,7,0.0,23,23,0.0,39,37,4.0,40,43,-6.0,153,130,46.0,177,171,12.0,8.0,16.0,18.0,-34.0
InferiorIschemia_020,aVF,1,InferiorIschemia,-612,qR,1,0.0129,0,632,1,243,500,,,,,,,,,,0,2,-4.0,6,,,23,23,0.0,,,,50,37,26.0,51,66,-30.0,178,109,138.0,178,171,14.0,30.0,18.0,44.0,-124.0
InferiorIschemia_020,V1,1,InferiorIschemia,-612,rS,1,0.0206,0,632,1,243,500,,,,,,,,,,0,2,-4.0,,16,,4,,,15,,,39,37,4.0,40,59,-38.0,141,141,0.0,177,171,12.0,8.0,16.0,50.0,12.0
InferiorIschemia_020,V2,1,InferiorIschemia,-612,rS,1,0.0208,0,632,1,243,500,,,,,,,,,,0,2,-4.0,,9,,3,22,-38.0,9,,,39,37,4.0,40,62,-44.0,142,142,0.0,177,171,12.0,8.0,16.0,56.0,12.0
InferiorIschemia_020,V3,1,InferiorIschemia,-612,qR,1,0.0206,0,632,1,243,500,,,,,,,,,,0,2,-4.0,9,9,0.0,23,24,-2.0,,,,39,37,4.0,40,67,-54.0,146,146,0.0,176,171,10.0,8.0,14.0,64.0,10.0
InferiorIschemia_020,V4,1,InferiorIschemia,-612,qR,1,0.0171,0,632,1,243,500,,,,,,,,,,0,2,-4.0,7,,,23,24,-2.0,,,,39,37,4.0,40,85,-90.0,149,150,-2.0,176,171,10.0,8.0,14.0,100.0,12.0
InferiorIschemia_020,V5,1,InferiorIschemia,-612,R,1,0.0122,0,632,1,243,500,,,,,,,,,,0,2,-4.0,,,,24,24,0.0,,,,39,37,4.0,40,49,-18.0,179,102,154.0,179,171,16.0,8.0,20.0,34.0,-138.0
InferiorIschemia_020,V6,1,InferiorIschemia,-612,qR,1,0.0106,0,632,1,243,500,,,,,,,,,,0,2,-4.0,5,,,28,29,-2.0,,,,49,37,24.0,50,37,26.0,147,100,94.0,179,173,12.0,28.0,16.0,-14.0,-82.0
AnteriorInfarction_001,I,1,AnteriorInfarction,-613,RS,1,0.0003,0,638,1,242,500,,,,,,,,,,0,0,0.0,,13,,7,30,-46.0,12,,,53,42,22.0,54,46,16.0,162,161,2.0,246,249,-6.0,22.0,-6.0,-22.0,-8.0
AnteriorInfarction_001,III,1,AnteriorInfarction,-613,rS,1,0.0004,0,638,1,242,500,,,,,,,,,,0,0,0.0,,,,5,16,-22.0,30,30,0.0,53,42,22.0,54,46,16.0,143,143,0.0,243,251,-16.0,22.0,-16.0,-32.0,-16.0
AnteriorInfarction_001,aVR,1,AnteriorInfarction,-613,QS,1,0.0002,0,638,1,242,500,,,,,,,,,,0,0,0.0,23,23,0.0,,,,,,,54,42,24.0,55,76,-42.0,140,140,0.0,250,255,-10.0,24.0,-10.0,32.0,-10.0
AnteriorInfarction_001,aVL,1,AnteriorInfarction,-613,QRs,1,0.0006,0,638,1,242,500,,,,,,,,,,0,0,0.0,14,14,0.0,30,30,0.0,44,,,52,42,20.0,53,46,14.0,145,145,0.0,241,252,-22.0,20.0,-22.0,-36.0,-22.0
AnteriorInfarction_001,aVF,1,AnteriorInfarction,-613,Rs,1,0.0002,0,638,1,242,500,,,,,,,,,,0,0,0.0,,,,16,23,-14.0,30,30,0.0,55,42,26.0,56,46,20.0,142,143,-2.0,241,234,14.0,26.0,14.0,-6.0,16.0
AnteriorInfarction_001,V2,1,AnteriorInfarction,-613,rS,1,0.0005,0,638,1,242,500,,,,,,,,,,0,0,0.0,,,,4,5,-2.0,19,19,0.0,53,42,22.0,54,56,-4.0,140,140,0.0,255,262,-14.0,22.0,-14.0,-10.0,-14.0
AnteriorInfarction_001,V3,1,AnteriorInfarction,-613,qRs,1,0.0004,0,638,1,242,500,,,,,,,,,,0,0,0.0,8,8,0.0,25,25,0.0,54,,,54,42,24.0,55,139,-168.0,156,156,0.0,256,269,-26.0,24.0,-26.0,142.0,-26.0
AnteriorInfarction_001,V4,1,AnteriorInfarction,-613,qR,1,0.0003,0,638,1,242,500,,,,,,,,,,0,0,0.0,7,8,-2.0,23,23,0.0,,,,54,42,24.0,55,46,18.0,130,133,-6.0,249,253,-8.0,24.0,-8.0,-26.0,-2.0
AnteriorInfarction_001,V5,1,AnteriorInfarction,-613,qR,1,0.0002,0,638,1,242,500,,,,,,,,,,0,0,0.0,7,7,0.0,22,22,0.0,,,,55,42,26.0,56,96,-80.0,152,152,0.0,253,251,4.0,26.0,4.0,84.0,4.0
AnteriorInfarction_001,V6,1,AnteriorInfarction,-613,R,1,0.0002,0,638,1,242,500,,,,,,,,,,0,0,0.0,,5,,21,22,-2.0,,,,54,42,24.0,55,46,18.0,147,147,0.0,254,252,4.0,24.0,4.0,-14.0,4.0
AnteriorInfarction_001,II,1,AnteriorInfarction,-613,R,1,0.0001,0,638,1,242,500,,,,,,,,,,0,0,0.0,,,,23,23,0.0,,,,54,42,24.0,55,46,18.0,142,142,0.0,241,172,138.0,24.0,138.0,120.0,138.0
AnteriorInfarction_001,V1,1,AnteriorInfarction,-613,RS,1,0.0004,0,638,1,242,500,,,,,,,,,,0,0,0.0,,,,7,7,0.0,20,20,0.0,53,42,22.0,54,46,16.0,141,142,-2.0,252,262,-20.0,22.0,-20.0,-36.0,-18.0
AnteriorInfarction_002,V1,1,AnteriorInfarction,-603,rS,1,0.0,0,636,1,252,500,,,,,,,,,,0,2,-4.0,,,,7,12,-10.0,33,33,0.0,71,57,28.0,72,66,12.0,153,153,0.0,260,277,-34.0,32.0,-30.0,-46.0,-34.0
AnteriorInfarction_002,I,1,AnteriorInfarction,-603,RS,1,0.0,0,636,1,252,500,,,,,,,,,,0,2,-4.0,,,,8,34,-52.0,69,,,70,57,26.0,71,143,-144.0,172,172,0.0,263,277,-28.0,30.0,-24.0,116.0,-28.0
AnteriorInfarction_002,II,1,AnteriorInfarction,-603,R,1,0.0,0,636,1,252,500,,,,,,,,,,0,2,-4.0,,,,11,12,-2.0,,,,68,57,22.0,69,61,16.0,145,145,0.0,261,281,-40.0,26.0,-36.0,-56.0,-40.0
AnteriorInfarction_002,III,1,AnteriorInfarction,-603,RS,1,0.0,0,636,1,252,500,,,,,,,,,,0,2,-4.0,,,,11,12,-2.0,35,35,0.0,72,57,30.0,73,61,24.0,146,147,-2.0,262,281,-38.0,34.0,-34.0,-62.0,-36.0
AnteriorInfarction_002,aVR,1,AnteriorInfarction,-603,QS,1,0.0,0,636,1,252,500,,,,,,,,,,0,2,-4.0,32,32,0.0,,,,,,,69,57,24.0,70,78,-16.0,144,144,0.0,259,263,-8.0,28.0,-4.0,8.0,-8.0
AnteriorInfarction_002,aVL,1,AnteriorInfarction,-603,qRs,1,0.0,0,636,1,252,500,,,,,,,,,,0,2,-4.0,12,12,0.0,35,35,0.0,61,56,10.0,70,57,26.0,71,61,20.0,149,149,0.0,263,283,-40.0,30.0,-36.0,-60.0,-40.0
AnteriorInfarction_002,aVF,1,AnteriorInfarction,-603,Rs,1,0.0,0,636,1,252,500,,,,,,,,,,0,2,-4.0,,,,11,12,-2.0,35,36,-2.0,73,57,32.0,74,61,26.0,145,146,-2.0,262,279,-34.0,36.0,-30.0,-60.0,-32.0
AnteriorInfarction_002,V2,1,AnteriorInfarction,-603,RS,1,0.0,0,636,1,252,500,,,,,,,,,,0,2,-4.0,,,,7,12,-10.0,33,33,0.0,69,57,24.0,70,65,10.0,151,151,0.0,261,282,-42.0,28.0,-38.0,-52.0,-42.0
AnteriorInfarction_002,V3,1,AnteriorInfarction,-603,RS,1,0.0,0,636,1,252,500,,,,,,,,,,0,2,-4.0,,,,7,12,-10.0,33,34,-2.0,71,57,28.0,72,155,-166.0,176,176,0.0,261,283,-44.0,32.0,-40.0,122.0,-44.0
AnteriorInfarction_002,V4,1,AnteriorInfarction,-603,RS,1,0.0,0,636,1,252,500,,,,,,,,,,0,2,-4.0,,8,,4,42,-76.0,70,,,70,57,26.0,71,61,20.0,239,161,156.0,260,282,-44.0,30.0,-40.0,-64.0,-200.0
AnteriorInfarction_002,V5,1,AnteriorInfarction,-603,qR,1,0.0,0,636,1,252,500,,,,,,,,,,0,2,-4.0,9,9,0.0,32,32,0.0,,,,68,57,22.0,69,61,16.0,158,156,4.0,260,275,-30.0,26.0,-26.0,-46.0,-34.0
AnteriorInfarction_002,V6,1,AnteriorInfarction,-603,qR,1,0.0,0,636,1,252,500,,,,,,,,,,0,2,-4.0,8,8,0.0,26,26,0.0,,,,68,57,22.0,69,61,16.0,153,153,0.0,261,277,-32.0,26.0,-28.0,-48.0,-32.0
