record_id,lead,disease_class,label_quality,qrs_end_flag,pred_qrs_onset,true_qrs_onset,err_qrs_onset,pred_qrs_offset,true_qrs_offset,err_qrs_offset,pred_t_onset,true_t_onset,err_t_onset,pred_t_peak,true_t_peak,err_t_peak,pred_t_offset,true_t_offset,err_t_offset,bioerr_qrs_duration,bioerr_qt_interval,bioerr_t_duration,bioerr_t_peak_to_end
AnteriorInfarction_003,V3,AnteriorInfarction,reviewed,True,4.0,7.0,-3.0,106.0,88.0,18.0,226.0,98.0,128.0,324.0,324.0,0.0,510.0,496.0,14.0,21.0,17.0,-114.0,14.0
AnteriorInfarction_004,V1,AnteriorInfarction,reviewed,True,0.0,3.0,-3.0,100.0,91.0,9.0,190.0,92.0,98.0,302.0,303.0,-1.0,426.0,540.0,-114.0,12.0,-111.0,-212.0,-113.0
AnteriorInfarction_005,V3,AnteriorInfarction,reviewed,True,10.0,9.0,1.0,102.0,96.0,6.0,220.0,178.0,42.0,292.0,291.0,1.0,524.0,531.0,-7.0,5.0,-8.0,-49.0,-8.0
AnteriorInfarction_006,V5,AnteriorInfarction,reviewed,False,10.0,3.0,7.0,90.0,85.0,5.0,244.0,195.0,49.0,338.0,338.0,0.0,512.0,517.0,-5.0,-2.0,-12.0,-54.0,-5.0
AnteriorInfarction_007,V3,AnteriorInfarction,reviewed,True,4.0,5.0,-1.0,100.0,85.0,15.0,218.0,100.0,118.0,282.0,283.0,-1.0,516.0,523.0,-7.0,16.0,-6.0,-125.0,-6.0
AnteriorInfarction_008,V2,AnteriorInfarction,reviewed,False,0.0,3.0,-3.0,88.0,92.0,-4.0,156.0,103.0,53.0,288.0,288.0,0.0,568.0,507.0,61.0,-1.0,64.0,8.0,61.0
AnteriorInfarction_009,V1,AnteriorInfarction,reviewed,True,2.0,3.0,-1.0,92.0,97.0,-5.0,102.0,107.0,-5.0,320.0,319.0,1.0,490.0,499.0,-9.0,-4.0,-8.0,-4.0,-10.0
AnteriorInfarction_010,V2,AnteriorInfarction,reviewed,True,0.0,3.0,-3.0,98.0,91.0,7.0,166.0,96.0,70.0,306.0,306.0,0.0,586.0,584.0,2.0,10.0,5.0,-68.0,2.0
AnteriorInfarction_011,V4,AnteriorInfarction,reviewed,True,4.0,4.0,0.0,122.0,105.0,17.0,224.0,195.0,29.0,292.0,291.0,1.0,548.0,557.0,-9.0,17.0,-9.0,-38.0,-10.0
AnteriorInfarction_012,V2,AnteriorInfarction,reviewed,True,2.0,4.0,-2.0,112.0,102.0,10.0,198.0,105.0,93.0,302.0,301.0,1.0,582.0,551.0,31.0,12.0,33.0,-62.0,30.0
AnteriorInfarction_013,V3,AnteriorInfarction,reviewed,True,4.0,3.0,1.0,104.0,96.0,8.0,220.0,178.0,42.0,294.0,293.0,1.0,508.0,490.0,18.0,7.0,17.0,-24.0,17.0
AnteriorInfarction_014,V4,AnteriorInfarction,reviewed,True,4.0,9.0,-5.0,104.0,101.0,3.0,228.0,191.0,37.0,290.0,289.0,1.0,502.0,499.0,3.0,8.0,8.0,-34.0,2.0
AnteriorInfarction_015,V1,AnteriorInfarction,reviewed,True,0.0,5.0,-5.0,94.0,74.0,20.0,104.0,107.0,-3.0,302.0,302.0,0.0,582.0,525.0,57.0,25.0,62.0,60.0,57.0
AnteriorInfarction_016,V3,AnteriorInfarction,reviewed,True,10.0,3.0,7.0,112.0,96.0,16.0,226.0,195.0,31.0,294.0,293.0,1.0,522.0,507.0,15.0,9.0,8.0,-16.0,14.0
AnteriorInfarction_017,V1,AnteriorInfarction,reviewed,True,0.0,3.0,-3.0,100.0,123.0,-23.0,110.0,123.0,-13.0,306.0,306.0,0.0,586.0,572.0,14.0,-20.0,17.0,27.0,14.0
AnteriorInfarction_018,V5,AnteriorInfarction,reviewed,True,4.0,3.0,1.0,116.0,96.0,20.0,240.0,201.0,39.0,340.0,340.0,0.0,540.0,550.0,-10.0,19.0,-11.0,-49.0,-10.0
AnteriorInfarction_019,aVF,AnteriorInfarction,reviewed,True,2.0,3.0,-1.0,104.0,96.0,8.0,208.0,156.0,52.0,284.0,284.0,0.0,492.0,525.0,-33.0,9.0,-32.0,-85.0,-33.0
AnteriorInfarction_020,V3,AnteriorInfarction,reviewed,False,4.0,6.0,-2.0,88.0,77.0,11.0,222.0,101.0,121.0,294.0,295.0,-1.0,490.0,488.0,2.0,13.0,4.0,-119.0,3.0
AnteriorIschemia_001,V3,AnteriorIschemia,reviewed,False,2.0,4.0,-2.0,76.0,110.0,-34.0,154.0,143.0,11.0,224.0,223.0,1.0,326.0,334.0,-8.0,-32.0,-6.0,-19.0,-9.0
AnteriorIschemia_002,aVR,AnteriorIschemia,reviewed,True,10.0,3.0,7.0,120.0,109.0,11.0,202.0,135.0,67.0,288.0,288.0,0.0,376.0,388.0,-12.0,4.0,-19.0,-79.0,-12.0
AnteriorIschemia_003,I,AnteriorIschemia,reviewed,False,4.0,3.0,1.0,84.0,84.0,0.0,210.0,176.0,34.0,286.0,286.0,0.0,352.0,342.0,10.0,-1.0,9.0,-24.0,10.0
AnteriorIschemia_004,I,AnteriorIschemia,reviewed,False,10.0,3.0,7.0,90.0,113.0,-23.0,178.0,113.0,65.0,272.0,273.0,-1.0,348.0,343.0,5.0,-30.0,-2.0,-60.0,6.0
AnteriorIschemia_005,aVR,AnteriorIschemia,reviewed,False,4.0,7.0,-3.0,80.0,101.0,-21.0,204.0,102.0,102.0,282.0,282.0,0.0,352.0,351.0,1.0,-18.0,4.0,-101.0,1.0
AnteriorIschemia_006,aVR,AnteriorIschemia,reviewed,False,4.0,3.0,1.0,76.0,117.0,-41.0,188.0,128.0,60.0,278.0,278.0,0.0,350.0,350.0,0.0,-42.0,-1.0,-60.0,0.0
AnteriorIschemia_007,V2,AnteriorIschemia,reviewed,False,10.0,5.0,5.0,78.0,108.0,-30.0,152.0,123.0,29.0,214.0,215.0,-1.0,336.0,335.0,1.0,-35.0,-4.0,-28.0,2.0
AnteriorIschemia_008,aVR,AnteriorIschemia,reviewed,False,4.0,3.0,1.0,78.0,115.0,-37.0,190.0,128.0,62.0,280.0,280.0,0.0,348.0,343.0,5.0,-38.0,4.0,-57.0,5.0
AnteriorIschemia_009,V3,AnteriorIschemia,reviewed,False,0.0,3.0,-3.0,88.0,110.0,-22.0,146.0,117.0,29.0,224.0,223.0,1.0,338.0,337.0,1.0,-19.0,4.0,-28.0,0.0
AnteriorIschemia_010,aVR,AnteriorIschemia,reviewed,False,10.0,3.0,7.0,90.0,76.0,14.0,194.0,128.0,66.0,282.0,282.0,0.0,362.0,348.0,14.0,7.0,7.0,-52.0,14.0
AnteriorIschemia_011,V5,AnteriorIschemia,reviewed,True,4.0,3.0,1.0,108.0,93.0,15.0,194.0,171.0,23.0,296.0,295.0,1.0,356.0,343.0,13.0,14.0,12.0,-10.0,12.0
AnteriorIschemia_012,aVR,AnteriorIschemia,reviewed,True,4.0,4.0,0.0,118.0,84.0,34.0,196.0,117.0,79.0,282.0,282.0,0.0,368.0,370.0,-2.0,34.0,-2.0,-81.0,-2.0
AnteriorIschemia_013,I,AnteriorIschemia,reviewed,False,10.0,5.0,5.0,82.0,88.0,-6.0,204.0,101.0,103.0,280.0,280.0,0.0,338.0,331.0,7.0,-11.0,2.0,-96.0,7.0
AnteriorIschemia_014,I,AnteriorIschemia,reviewed,False,2.0,8.0,-6.0,88.0,85.0,3.0,200.0,112.0,88.0,280.0,279.0,1.0,350.0,357.0,-7.0,9.0,-1.0,-95.0,-8.0
AnteriorIschemia_015,aVR,AnteriorIschemia,reviewed,False,10.0,5.0,5.0,86.0,84.0,2.0,206.0,160.0,46.0,288.0,287.0,1.0,354.0,345.0,9.0,-3.0,4.0,-37.0,8.0
AnteriorIschemia_016,V3,AnteriorIschemia,reviewed,False,10.0,5.0,5.0,80.0,101.0,-21.0,156.0,124.0,32.0,256.0,255.0,1.0,334.0,324.0,10.0,-26.0,5.0,-22.0,9.0
AnteriorIschemia_017,I,AnteriorIschemia,reviewed,False,10.0,3.0,7.0,88.0,120.0,-32.0,98.0,136.0,-38.0,266.0,265.0,1.0,342.0,340.0,2.0,-39.0,-5.0,40.0,1.0
AnteriorIschemia_018,II,AnteriorIschemia,reviewed,False,10.0,4.0,6.0,84.0,109.0,-25.0,214.0,137.0,77.0,286.0,286.0,0.0,354.0,358.0,-4.0,-31.0,-10.0,-81.0,-4.0
AnteriorIschemia_019,II,AnteriorIschemia,reviewed,False,10.0,9.0,1.0,88.0,84.0,4.0,212.0,131.0,81.0,288.0,288.0,0.0,358.0,355.0,3.0,3.0,2.0,-78.0,3.0
AnteriorIschemia_020,I,AnteriorIschemia,reviewed,False,10.0,4.0,6.0,84.0,92.0,-8.0,196.0,156.0,40.0,276.0,275.0,1.0,330.0,334.0,-4.0,-14.0,-10.0,-44.0,-5.0
Healthy_001,V1,Healthy,reviewed,False,2.0,4.0,-2.0,72.0,88.0,-16.0,162.0,100.0,62.0,276.0,276.0,0.0,338.0,332.0,6.0,-14.0,8.0,-56.0,6.0
Healthy_002,V2,Healthy,reviewed,True,2.0,4.0,-2.0,98.0,127.0,-29.0,184.0,143.0,41.0,282.0,282.0,0.0,352.0,345.0,7.0,-27.0,9.0,-34.0,7.0
Healthy_003,aVF,Healthy,reviewed,False,4.0,4.0,0.0,78.0,94.0,-16.0,192.0,145.0,47.0,284.0,283.0,1.0,354.0,364.0,-10.0,-16.0,-10.0,-57.0,-11.0
Healthy_004,V2,Healthy,reviewed,False,10.0,3.0,7.0,80.0,90.0,-10.0,152.0,107.0,45.0,274.0,273.0,1.0,356.0,348.0,8.0,-17.0,1.0,-37.0,7.0
Healthy_005,aVF,Healthy,reviewed,False,10.0,4.0,6.0,80.0,74.0,6.0,198.0,141.0,57.0,292.0,292.0,0.0,354.0,369.0,-15.0,0.0,-21.0,-72.0,-15.0
Healthy_006,V1,Healthy,reviewed,False,2.0,4.0,-2.0,78.0,77.0,1.0,156.0,88.0,68.0,274.0,275.0,-1.0,334.0,332.0,2.0,3.0,4.0,-66.0,3.0
Healthy_007,III,Healthy,reviewed,False,10.0,5.0,5.0,78.0,120.0,-42.0,196.0,148.0,48.0,280.0,279.0,1.0,350.0,343.0,7.0,-47.0,2.0,-41.0,6.0
Healthy_008,II,Healthy,reviewed,False,10.0,3.0,7.0,78.0,93.0,-15.0,202.0,144.0,58.0,290.0,291.0,-1.0,350.0,341.0,9.0,-22.0,2.0,-49.0,10.0
Healthy_009,V2,Healthy,reviewed,False,2.0,3.0,-1.0,76.0,85.0,-9.0,156.0,96.0,60.0,272.0,272.0,0.0,346.0,357.0,-11.0,-8.0,-10.0,-71.0,-11.0
Healthy_010,V1,Healthy,reviewed,False,0.0,3.0,-3.0,80.0,99.0,-19.0,166.0,101.0,65.0,284.0,283.0,1.0,356.0,345.0,11.0,-16.0,14.0,-54.0,10.0
Healthy_011,III,Healthy,reviewed,True,10.0,3.0,7.0,102.0,107.0,-5.0,200.0,152.0,48.0,292.0,292.0,0.0,366.0,377.0,-11.0,-12.0,-18.0,-59.0,-11.0
Healthy_012,V1,Healthy,reviewed,False,10.0,2.0,8.0,88.0,80.0,8.0,164.0,100.0,64.0,280.0,280.0,0.0,346.0,346.0,0.0,0.0,-8.0,-64.0,0.0
Healthy_014,V2,Healthy,reviewed,False,0.0,5.0,-5.0,78.0,86.0,-8.0,180.0,109.0,71.0,276.0,277.0,-1.0,342.0,334.0,8.0,-3.0,13.0,-63.0,9.0
Healthy_013,V1,Healthy,reviewed,False,2.0,4.0,-2.0,78.0,93.0,-15.0,162.0,96.0,66.0,278.0,278.0,0.0,342.0,342.0,0.0,-13.0,2.0,-66.0,0.0
Healthy_015,V2,Healthy,reviewed,False,2.0,5.0,-3.0,82.0,66.0,16.0,162.0,109.0,53.0,272.0,272.0,0.0,346.0,343.0,3.0,19.0,6.0,-50.0,3.0
Healthy_016,V1,Healthy,reviewed,False,0.0,4.0,-4.0,86.0,77.0,9.0,176.0,100.0,76.0,280.0,279.0,1.0,348.0,339.0,9.0,13.0,13.0,-67.0,8.0
Healthy_017,V1,Healthy,reviewed,True,2.0,4.0,-2.0,96.0,101.0,-5.0,172.0,117.0,55.0,278.0,278.0,0.0,338.0,350.0,-12.0,-3.0,-10.0,-67.0,-12.0
Healthy_018,aVR,Healthy,reviewed,True,10.0,3.0,7.0,92.0,88.0,4.0,214.0,144.0,70.0,290.0,290.0,0.0,366.0,373.0,-7.0,-3.0,-14.0,-77.0,-7.0
Healthy_019,V2,Healthy,reviewed,False,10.0,3.0,7.0,84.0,96.0,-12.0,174.0,105.0,69.0,280.0,280.0,0.0,348.0,337.0,11.0,-19.0,4.0,-58.0,11.0
Healthy_020,V3,Healthy,reviewed,False,10.0,4.0,6.0,72.0,53.0,19.0,180.0,120.0,60.0,278.0,277.0,1.0,336.0,351.0,-15.0,13.0,-21.0,-75.0,-16.0
InferiorInfarction_001,aVR,InferiorInfarction,reviewed,True,10.0,3.0,7.0,114.0,100.0,14.0,220.0,218.0,2.0,342.0,342.0,0.0,546.0,557.0,-11.0,7.0,-18.0,-13.0,-11.0
InferiorInfarction_002,V6,InferiorInfarction,reviewed,True,4.0,4.0,0.0,130.0,113.0,17.0,224.0,123.0,101.0,288.0,287.0,1.0,572.0,581.0,-9.0,17.0,-9.0,-110.0,-10.0
InferiorInfarction_003,V2,InferiorInfarction,reviewed,True,0.0,3.0,-3.0,112.0,101.0,11.0,200.0,109.0,91.0,280.0,280.0,0.0,476.0,533.0,-57.0,14.0,-54.0,-148.0,-57.0
InferiorInfarction_004,V6,InferiorInfarction,reviewed,True,10.0,3.0,7.0,118.0,96.0,22.0,226.0,109.0,117.0,336.0,335.0,1.0,550.0,550.0,0.0,15.0,-7.0,-117.0,-1.0
InferiorInfarction_005,aVF,InferiorInfarction,reviewed,True,10.0,4.0,6.0,106.0,96.0,10.0,238.0,201.0,37.0,344.0,345.0,-1.0,488.0,538.0,-50.0,4.0,-56.0,-87.0,-49.0
InferiorInfarction_006,V6,InferiorInfarction,reviewed,True,10.0,3.0,7.0,116.0,96.0,20.0,226.0,98.0,128.0,334.0,334.0,0.0,552.0,547.0,5.0,13.0,-2.0,-123.0,5.0
InferiorInfarction_007,V2,InferiorInfarction,reviewed,True,10.0,4.0,6.0,102.0,96.0,6.0,200.0,98.0,102.0,280.0,279.0,1.0,534.0,545.0,-11.0,0.0,-17.0,-113.0,-12.0
InferiorInfarction_008,II,InferiorInfarction,reviewed,True,10.0,3.0,7.0,112.0,100.0,12.0,230.0,123.0,107.0,346.0,347.0,-1.0,492.0,529.0,-37.0,5.0,-44.0,-144.0,-36.0
InferiorInfarction_009,V1,InferiorInfarction,reviewed,True,2.0,3.0,-1.0,106.0,92.0,14.0,202.0,99.0,103.0,280.0,279.0,1.0,420.0,535.0,-115.0,15.0,-114.0,-218.0,-116.0
InferiorInfarction_010,aVR,InferiorInfarction,reviewed,True,10.0,4.0,6.0,106.0,92.0,14.0,272.0,96.0,176.0,350.0,349.0,1.0,546.0,549.0,-3.0,8.0,-9.0,-179.0,-4.0
InferiorInfarction_011,V4,InferiorInfarction,reviewed,True,10.0,3.0,7.0,116.0,105.0,11.0,212.0,111.0,101.0,296.0,296.0,0.0,436.0,558.0,-122.0,4.0,-129.0,-223.0,-122.0
InferiorInfarction_012,II,InferiorInfarction,reviewed,True,10.0,4.0,6.0,118.0,104.0,14.0,220.0,107.0,113.0,358.0,358.0,0.0,564.0,574.0,-10.0,8.0,-16.0,-123.0,-10.0
InferiorInfarction_013,V3,InferiorInfarction,reviewed,True,10.0,4.0,6.0,112.0,107.0,5.0,210.0,148.0,62.0,286.0,287.0,-1.0,494.0,550.0,-56.0,-1.0,-62.0,-118.0,-55.0
InferiorInfarction_014,V1,InferiorInfarction,reviewed,True,0.0,4.0,-4.0,110.0,100.0,10.0,200.0,104.0,96.0,280.0,279.0,1.0,420.0,538.0,-118.0,14.0,-114.0,-214.0,-119.0
InferiorInfarction_015,aVR,InferiorInfarction,reviewed,True,10.0,5.0,5.0,116.0,105.0,11.0,236.0,127.0,109.0,348.0,348.0,0.0,562.0,581.0,-19.0,6.0,-24.0,-128.0,-19.0
InferiorInfarction_016,aVR,InferiorInfarction,reviewed,True,10.0,5.0,5.0,118.0,96.0,22.0,230.0,113.0,117.0,352.0,351.0,1.0,550.0,562.0,-12.0,17.0,-17.0,-129.0,-13.0
InferiorInfarction_017,V6,InferiorInfarction,reviewed,True,4.0,4.0,0.0,136.0,113.0,23.0,222.0,117.0,105.0,286.0,286.0,0.0,576.0,572.0,4.0,23.0,4.0,-101.0,4.0
InferiorInfarction_018,V3,InferiorInfarction,reviewed,True,10.0,3.0,7.0,110.0,97.0,13.0,202.0,101.0,101.0,282.0,282.0,0.0,422.0,533.0,-111.0,6.0,-118.0,-212.0,-111.0
InferiorInfarction_019,V5,InferiorInfarction,reviewed,True,10.0,3.0,7.0,92.0,101.0,-9.0,102.0,104.0,-2.0,276.0,277.0,-1.0,468.0,558.0,-90.0,-16.0,-97.0,-88.0,-89.0
InferiorInfarction_020,V2,InferiorInfarction,reviewed,True,2.0,4.0,-2.0,98.0,90.0,8.0,196.0,107.0,89.0,282.0,282.0,0.0,422.0,549.0,-127.0,10.0,-125.0,-216.0,-127.0
InferiorIschemia_001,aVF,InferiorIschemia,reviewed,False,10.0,3.0,7.0,86.0,80.0,6.0,150.0,105.0,45.0,238.0,238.0,0.0,352.0,359.0,-7.0,-1.0,-14.0,-52.0,-7.0
InferiorIschemia_002,I,InferiorIschemia,reviewed,True,10.0,4.0,6.0,104.0,101.0,3.0,196.0,113.0,83.0,282.0,281.0,1.0,362.0,365.0,-3.0,-3.0,-9.0,-86.0,-4.0
InferiorIschemia_003,aVR,InferiorIschemia,reviewed,False,10.0,4.0,6.0,90.0,85.0,5.0,158.0,113.0,45.0,248.0,247.0,1.0,352.0,359.0,-7.0,-1.0,-13.0,-52.0,-8.0
InferiorIschemia_004,aVR,InferiorIschemia,reviewed,True,4.0,3.0,1.0,100.0,88.0,12.0,164.0,98.0,66.0,256.0,255.0,1.0,360.0,350.0,10.0,11.0,9.0,-56.0,9.0
InferiorIschemia_005,III,InferiorIschemia,reviewed,False,10.0,3.0,7.0,84.0,80.0,4.0,168.0,88.0,80.0,300.0,299.0,1.0,350.0,336.0,14.0,-3.0,7.0,-66.0,13.0
InferiorIschemia_006,aVR,InferiorIschemia,reviewed,False,2.0,3.0,-1.0,86.0,77.0,9.0,160.0,101.0,59.0,264.0,263.0,1.0,352.0,350.0,2.0,10.0,3.0,-57.0,1.0
InferiorIschemia_007,III,InferiorIschemia,reviewed,False,10.0,5.0,5.0,88.0,85.0,3.0,172.0,103.0,69.0,290.0,291.0,-1.0,346.0,333.0,13.0,-2.0,8.0,-56.0,14.0
InferiorIschemia_008,I,InferiorIschemia,reviewed,False,10.0,3.0,7.0,86.0,82.0,4.0,178.0,105.0,73.0,270.0,270.0,0.0,344.0,342.0,2.0,-3.0,-5.0,-71.0,2.0
InferiorIschemia_009,I,InferiorIschemia,reviewed,False,10.0,3.0,7.0,86.0,77.0,9.0,186.0,152.0,34.0,276.0,275.0,1.0,346.0,335.0,11.0,2.0,4.0,-23.0,10.0
InferiorIschemia_010,aVR,InferiorIschemia,reviewed,True,10.0,3.0,7.0,92.0,84.0,8.0,174.0,106.0,68.0,254.0,254.0,0.0,356.0,342.0,14.0,1.0,7.0,-54.0,14.0
InferiorIschemia_011,aVF,InferiorIschemia,reviewed,True,10.0,3.0,7.0,102.0,89.0,13.0,168.0,108.0,60.0,220.0,220.0,0.0,360.0,346.0,14.0,6.0,7.0,-46.0,14.0
InferiorIschemia_012,aVR,InferiorIschemia,reviewed,True,4.0,4.0,0.0,100.0,89.0,11.0,172.0,127.0,45.0,270.0,271.0,-1.0,368.0,362.0,6.0,11.0,6.0,-39.0,7.0
InferiorIschemia_013,aVF,InferiorIschemia,reviewed,False,10.0,4.0,6.0,90.0,87.0,3.0,144.0,98.0,46.0,202.0,201.0,1.0,352.0,341.0,11.0,-3.0,5.0,-35.0,10.0
InferiorIschemia_014,I,InferiorIschemia,reviewed,False,10.0,4.0,6.0,90.0,83.0,7.0,168.0,117.0,51.0,268.0,267.0,1.0,348.0,355.0,-7.0,1.0,-13.0,-58.0,-8.0
InferiorIschemia_015,aVR,InferiorIschemia,reviewed,False,10.0,5.0,5.0,88.0,84.0,4.0,148.0,97.0,51.0,246.0,244.0,2.0,352.0,342.0,10.0,-1.0,5.0,-41.0,8.0
InferiorIschemia_016,aVR,InferiorIschemia,reviewed,False,4.0,3.0,1.0,82.0,81.0,1.0,178.0,88.0,90.0,272.0,272.0,0.0,354.0,360.0,-6.0,0.0,-7.0,-96.0,-6.0
InferiorIschemia_017,I,InferiorIschemia,reviewed,False,10.0,4.0,6.0,88.0,75.0,13.0,186.0,84.0,102.0,270.0,271.0,-1.0,344.0,336.0,8.0,7.0,2.0,-94.0,9.0
InferiorIschemia_018,II,InferiorIschemia,reviewed,False,10.0,4.0,6.0,86.0,85.0,1.0,178.0,102.0,76.0,280.0,279.0,1.0,354.0,343.0,11.0,-5.0,5.0,-65.0,10.0
InferiorIschemia_019,I,InferiorIschemia,reviewed,False,10.0,4.0,6.0,80.0,64.0,16.0,168.0,92.0,76.0,250.0,250.0,0.0,324.0,335.0,-11.0,10.0,-17.0,-87.0,-11.0
InferiorIschemia_020,II,InferiorIschemia,reviewed,False,10.0,4.0,6.0,90.0,74.0,16.0,162.0,137.0,25.0,218.0,218.0,0.0,352.0,341.0,11.0,10.0,5.0,-14.0,11.0
AnteriorInfarction_001,I,AnteriorInfarction,reviewed,True,10.0,0.0,10.0,96.0,84.0,12.0,248.0,92.0,156.0,324.0,322.0,2.0,502.0,498.0,4.0,2.0,-6.0,-152.0,2.0
AnteriorInfarction_002,V1,AnteriorInfarction,reviewed,True,0.0,3.0,-3.0,116.0,113.0,3.0,126.0,132.0,-6.0,306.0,306.0,0.0,586.0,553.0,33.0,6.0,36.0,39.0,33.0
AnteriorInfarction_001,III,AnteriorInfarction,reviewed,False,10.0,0.0,10.0,90.0,84.0,6.0,202.0,92.0,110.0,286.0,286.0,0.0,378.0,502.0,-124.0,-4.0,-134.0,-234.0,-124.0
AnteriorInfarction_001,aVR,AnteriorInfarction,reviewed,False,10.0,0.0,10.0,90.0,84.0,6.0,186.0,151.0,35.0,280.0,280.0,0.0,410.0,510.0,-100.0,-4.0,-110.0,-135.0,-100.0
AnteriorInfarction_001,aVL,AnteriorInfarction,reviewed,False,10.0,0.0,10.0,90.0,84.0,6.0,208.0,92.0,116.0,290.0,289.0,1.0,492.0,503.0,-11.0,-4.0,-21.0,-127.0,-12.0
AnteriorInfarction_001,aVF,AnteriorInfarction,reviewed,False,4.0,0.0,4.0,88.0,84.0,4.0,198.0,92.0,106.0,284.0,285.0,-1.0,360.0,468.0,-108.0,0.0,-112.0,-214.0,-107.0
AnteriorInfarction_001,V2,AnteriorInfarction,reviewed,False,10.0,0.0,10.0,88.0,84.0,4.0,154.0,111.0,43.0,280.0,280.0,0.0,560.0,523.0,37.0,-6.0,27.0,-6.0,37.0
AnteriorInfarction_001,V3,AnteriorInfarction,reviewed,True,4.0,0.0,4.0,102.0,84.0,18.0,198.0,277.0,-79.0,312.0,312.0,0.0,420.0,538.0,-118.0,14.0,-122.0,-39.0,-118.0
AnteriorInfarction_001,V4,AnteriorInfarction,reviewed,False,4.0,0.0,4.0,90.0,84.0,6.0,100.0,92.0,8.0,130.0,265.0,-135.0,336.0,506.0,-170.0,2.0,-174.0,-178.0,-35.0
AnteriorInfarction_001,V5,AnteriorInfarction,reviewed,False,10.0,0.0,10.0,90.0,84.0,6.0,202.0,191.0,11.0,304.0,303.0,1.0,476.0,502.0,-26.0,-4.0,-36.0,-37.0,-27.0
AnteriorInfarction_001,V6,AnteriorInfarction,reviewed,False,10.0,0.0,10.0,86.0,84.0,2.0,218.0,92.0,126.0,294.0,293.0,1.0,346.0,503.0,-157.0,-8.0,-167.0,-283.0,-158.0
AnteriorInfarction_001,II,AnteriorInfarction,reviewed,False,4.0,0.0,4.0,84.0,84.0,0.0,194.0,92.0,102.0,284.0,283.0,1.0,354.0,343.0,11.0,-4.0,7.0,-91.0,10.0
AnteriorInfarction_001,V1,AnteriorInfarction,reviewed,False,2.0,0.0,2.0,84.0,84.0,0.0,166.0,92.0,74.0,282.0,283.0,-1.0,342.0,523.0,-181.0,-2.0,-183.0,-255.0,-180.0
AnteriorInfarction_002,I,AnteriorInfarction,reviewed,True,10.0,3.0,7.0,124.0,113.0,11.0,234.0,286.0,-52.0,344.0,344.0,0.0,560.0,553.0,7.0,4.0,0.0,59.0,7.0
AnteriorInfarction_002,II,AnteriorInfarction,reviewed,True,10.0,3.0,7.0,116.0,113.0,3.0,210.0,122.0,88.0,290.0,289.0,1.0,478.0,562.0,-84.0,-4.0,-91.0,-172.0,-85.0
AnteriorInfarction_002,III,AnteriorInfarction,reviewed,True,10.0,3.0,7.0,118.0,113.0,5.0,218.0,122.0,96.0,292.0,293.0,-1.0,432.0,562.0,-130.0,-2.0,-137.0,-226.0,-129.0
AnteriorInfarction_002,aVR,AnteriorInfarction,reviewed,True,10.0,3.0,7.0,118.0,113.0,5.0,202.0,155.0,47.0,288.0,287.0,1.0,522.0,525.0,-3.0,-2.0,-10.0,-50.0,-4.0
AnteriorInfarction_002,aVL,AnteriorInfarction,reviewed,True,10.0,3.0,7.0,122.0,113.0,9.0,226.0,122.0,104.0,298.0,298.0,0.0,558.0,566.0,-8.0,2.0,-15.0,-112.0,-8.0
AnteriorInfarction_002,aVF,AnteriorInfarction,reviewed,True,10.0,3.0,7.0,118.0,113.0,5.0,214.0,122.0,92.0,290.0,291.0,-1.0,430.0,558.0,-128.0,-2.0,-135.0,-220.0,-127.0
AnteriorInfarction_002,V2,AnteriorInfarction,reviewed,True,0.0,3.0,-3.0,116.0,113.0,3.0,126.0,130.0,-4.0,302.0,302.0,0.0,560.0,564.0,-4.0,6.0,-1.0,0.0,-4.0
AnteriorInfarction_002,V3,AnteriorInfarction,reviewed,True,0.0,3.0,-3.0,124.0,113.0,11.0,198.0,310.0,-112.0,352.0,351.0,1.0,568.0,566.0,2.0,14.0,5.0,114.0,1.0
AnteriorInfarction_002,V4,AnteriorInfarction,reviewed,True,10.0,3.0,7.0,124.0,113.0,11.0,228.0,122.0,106.0,320.0,321.0,-1.0,566.0,564.0,2.0,4.0,-5.0,-104.0,3.0
AnteriorInfarction_002,V5,AnteriorInfarction,reviewed,True,4.0,3.0,1.0,118.0,113.0,5.0,128.0,122.0,6.0,280.0,312.0,-32.0,450.0,549.0,-99.0,4.0,-100.0,-105.0,-67.0
AnteriorInfarction_002,V6,AnteriorInfarction,reviewed,True,4.0,3.0,1.0,114.0,113.0,1.0,224.0,122.0,102.0,306.0,306.0,0.0,472.0,553.0,-81.0,0.0,-82.0,-183.0,-81.0
AnteriorInfarction_003,I,AnteriorInfarction,reviewed,True,10.0,7.0,3.0,94.0,88.0,6.0,186.0,136.0,50.0,282.0,282.0,0.0,482.0,502.0,-20.0,3.0,-23.0,-70.0,-20.0
AnteriorInfarction_003,II,AnteriorInfarction,reviewed,True,0.0,7.0,-7.0,92.0,88.0,4.0,198.0,135.0,63.0,284.0,285.0,-1.0,366.0,503.0,-137.0,11.0,-130.0,-200.0,-136.0
AnteriorInfarction_003,III,AnteriorInfarction,reviewed,True,0.0,7.0,-7.0,94.0,88.0,6.0,202.0,98.0,104.0,286.0,285.0,1.0,502.0,499.0,3.0,13.0,10.0,-101.0,2.0
AnteriorInfarction_003,aVR,AnteriorInfarction,reviewed,False,2.0,7.0,-5.0,90.0,88.0,2.0,194.0,98.0,96.0,284.0,284.0,0.0,356.0,359.0,-3.0,7.0,2.0,-99.0,-3.0
AnteriorInfarction_003,V1,AnteriorInfarction,reviewed,True,0.0,7.0,-7.0,96.0,88.0,8.0,106.0,135.0,-29.0,294.0,295.0,-1.0,574.0,542.0,32.0,15.0,39.0,61.0,33.0
AnteriorInfarction_003,V2,AnteriorInfarction,reviewed,True,0.0,7.0,-7.0,108.0,88.0,20.0,228.0,174.0,54.0,324.0,325.0,-1.0,514.0,514.0,0.0,27.0,7.0,-54.0,1.0
AnteriorInfarction_003,V4,AnteriorInfarction,reviewed,True,4.0,7.0,-3.0,100.0,88.0,12.0,222.0,98.0,124.0,280.0,280.0,0.0,440.0,439.0,1.0,15.0,4.0,-123.0,1.0
AnteriorInfarction_003,V5,AnteriorInfarction,reviewed,True,2.0,7.0,-5.0,94.0,88.0,6.0,230.0,199.0,31.0,308.0,308.0,0.0,350.0,555.0,-205.0,11.0,-200.0,-236.0,-205.0
AnteriorInfarction_003,V6,AnteriorInfarction,reviewed,True,4.0,7.0,-3.0,92.0,88.0,4.0,220.0,158.0,62.0,298.0,297.0,1.0,356.0,454.0,-98.0,7.0,-95.0,-160.0,-99.0
AnteriorInfarction_003,aVL,AnteriorInfarction,reviewed,True,2.0,7.0,-5.0,96.0,88.0,8.0,210.0,98.0,112.0,288.0,288.0,0.0,504.0,499.0,5.0,13.0,10.0,-107.0,5.0
AnteriorInfarction_003,aVF,AnteriorInfarction,reviewed,True,0.0,7.0,-7.0,94.0,88.0,6.0,200.0,98.0,102.0,286.0,285.0,1.0,490.0,498.0,-8.0,13.0,-1.0,-110.0,-9.0
AnteriorInfarction_004,I,AnteriorInfarction,reviewed,True,10.0,3.0,7.0,108.0,91.0,17.0,272.0,193.0,79.0,338.0,338.0,0.0,512.0,503.0,9.0,10.0,2.0,-70.0,9.0
AnteriorInfarction_004,II,AnteriorInfarction,reviewed,True,2.0,3.0,-1.0,100.0,91.0,9.0,200.0,136.0,64.0,284.0,285.0,-1.0,364.0,346.0,18.0,10.0,19.0,-46.0,19.0
AnteriorInfarction_004,III,AnteriorInfarction,reviewed,True,0.0,3.0,-3.0,106.0,91.0,15.0,214.0,102.0,112.0,294.0,294.0,0.0,504.0,537.0,-33.0,18.0,-30.0,-145.0,-33.0
AnteriorInfarction_004,aVR,AnteriorInfarction,reviewed,True,4.0,3.0,1.0,108.0,91.0,17.0,190.0,150.0,40.0,282.0,282.0,0.0,512.0,502.0,10.0,16.0,9.0,-30.0,10.0
AnteriorInfarction_004,aVL,AnteriorInfarction,reviewed,True,4.0,3.0,1.0,106.0,91.0,15.0,232.0,199.0,33.0,308.0,308.0,0.0,508.0,529.0,-21.0,14.0,-22.0,-54.0,-21.0
AnteriorInfarction_004,aVF,AnteriorInfarction,reviewed,True,2.0,3.0,-1.0,102.0,91.0,11.0,206.0,148.0,58.0,288.0,288.0,0.0,496.0,499.0,-3.0,12.0,-2.0,-61.0,-3.0
AnteriorInfarction_004,V2,AnteriorInfarction,reviewed,True,0.0,3.0,-3.0,100.0,91.0,9.0,162.0,105.0,57.0,308.0,309.0,-1.0,518.0,523.0,-5.0,12.0,-2.0,-62.0,-4.0
AnteriorInfarction_004,V3,AnteriorInfarction,reviewed,False,10.0,3.0,7.0,88.0,91.0,-3.0,220.0,174.0,46.0,286.0,350.0,-64.0,566.0,510.0,56.0,-10.0,49.0,10.0,120.0
AnteriorInfarction_004,V4,AnteriorInfarction,reviewed,False,10.0,3.0,7.0,88.0,91.0,-3.0,98.0,117.0,-19.0,284.0,339.0,-55.0,454.0,502.0,-48.0,-10.0,-55.0,-29.0,7.0
AnteriorInfarction_004,V5,AnteriorInfarction,reviewed,True,10.0,3.0,7.0,102.0,91.0,11.0,206.0,187.0,19.0,296.0,296.0,0.0,426.0,502.0,-76.0,4.0,-83.0,-95.0,-76.0
AnteriorInfarction_004,V6,AnteriorInfarction,reviewed,False,10.0,3.0,7.0,86.0,91.0,-5.0,208.0,123.0,85.0,288.0,288.0,0.0,354.0,502.0,-148.0,-12.0,-155.0,-233.0,-148.0
AnteriorInfarction_005,I,AnteriorInfarction,reviewed,True,10.0,9.0,1.0,98.0,96.0,2.0,188.0,143.0,45.0,274.0,274.0,0.0,494.0,499.0,-5.0,1.0,-6.0,-50.0,-5.0
AnteriorInfarction_005,II,AnteriorInfarction,reviewed,True,2.0,9.0,-7.0,94.0,96.0,-2.0,200.0,99.0,101.0,284.0,283.0,1.0,352.0,533.0,-181.0,5.0,-174.0,-282.0,-182.0
AnteriorInfarction_005,III,AnteriorInfarction,reviewed,True,0.0,9.0,-9.0,96.0,96.0,0.0,210.0,140.0,70.0,294.0,295.0,-1.0,526.0,468.0,58.0,9.0,67.0,-12.0,59.0
AnteriorInfarction_005,aVR,AnteriorInfarction,reviewed,True,4.0,9.0,-5.0,96.0,96.0,0.0,196.0,131.0,65.0,280.0,279.0,1.0,380.0,510.0,-130.0,5.0,-125.0,-195.0,-131.0
AnteriorInfarction_005,aVL,AnteriorInfarction,reviewed,True,2.0,9.0,-7.0,98.0,96.0,2.0,252.0,99.0,153.0,306.0,306.0,0.0,492.0,525.0,-33.0,9.0,-26.0,-186.0,-33.0
AnteriorInfarction_005,aVF,AnteriorInfarction,reviewed,True,2.0,9.0,-7.0,96.0,96.0,0.0,204.0,103.0,101.0,288.0,288.0,0.0,370.0,523.0,-153.0,7.0,-146.0,-254.0,-153.0
AnteriorInfarction_005,V1,AnteriorInfarction,reviewed,True,0.0,9.0,-9.0,96.0,96.0,0.0,170.0,199.0,-29.0,274.0,273.0,1.0,554.0,538.0,16.0,9.0,25.0,45.0,15.0
AnteriorInfarction_005,V2,AnteriorInfarction,reviewed,True,0.0,9.0,-9.0,100.0,96.0,4.0,224.0,174.0,50.0,284.0,284.0,0.0,534.0,547.0,-13.0,13.0,-4.0,-63.0,-13.0
AnteriorInfarction_005,V4,AnteriorInfarction,reviewed,True,10.0,9.0,1.0,102.0,96.0,6.0,218.0,115.0,103.0,288.0,289.0,-1.0,494.0,525.0,-31.0,5.0,-32.0,-134.0,-30.0
AnteriorInfarction_005,V5,AnteriorInfarction,reviewed,True,10.0,9.0,1.0,98.0,96.0,2.0,108.0,201.0,-93.0,344.0,344.0,0.0,498.0,507.0,-9.0,1.0,-10.0,84.0,-9.0
AnteriorInfarction_005,V6,AnteriorInfarction,reviewed,True,10.0,9.0,1.0,94.0,96.0,-2.0,206.0,103.0,103.0,286.0,286.0,0.0,348.0,525.0,-177.0,-3.0,-178.0,-280.0,-177.0
AnteriorInfarction_006,I,AnteriorInfarction,reviewed,True,10.0,3.0,7.0,104.0,85.0,19.0,270.0,203.0,67.0,336.0,336.0,0.0,518.0,510.0,8.0,12.0,1.0,-59.0,8.0
AnteriorInfarction_006,II,AnteriorInfarction,reviewed,False,2.0,3.0,-1.0,90.0,85.0,5.0,196.0,137.0,59.0,280.0,281.0,-1.0,352.0,518.0,-166.0,6.0,-165.0,-225.0,-165.0
AnteriorInfarction_006,III,AnteriorInfarction,reviewed,False,2.0,3.0,-1.0,90.0,85.0,5.0,210.0,100.0,110.0,284.0,283.0,1.0,500.0,495.0,5.0,6.0,6.0,-105.0,4.0
AnteriorInfarction_006,aVR,AnteriorInfarction,reviewed,True,2.0,3.0,-1.0,98.0,85.0,13.0,186.0,123.0,63.0,280.0,280.0,0.0,520.0,506.0,14.0,14.0,15.0,-49.0,14.0
AnteriorInfarction_006,aVL,AnteriorInfarction,reviewed,True,2.0,3.0,-1.0,92.0,85.0,7.0,224.0,182.0,42.0,292.0,292.0,0.0,512.0,507.0,5.0,8.0,6.0,-37.0,5.0
AnteriorInfarction_006,aVF,AnteriorInfarction,reviewed,False,2.0,3.0,-1.0,88.0,85.0,3.0,202.0,100.0,102.0,282.0,282.0,0.0,366.0,503.0,-137.0,4.0,-136.0,-239.0,-137.0
AnteriorInfarction_006,V1,AnteriorInfarction,reviewed,False,2.0,3.0,-1.0,90.0,85.0,5.0,154.0,108.0,46.0,296.0,296.0,0.0,576.0,531.0,45.0,6.0,46.0,-1.0,45.0
AnteriorInfarction_006,V2,AnteriorInfarction,reviewed,False,2.0,3.0,-1.0,86.0,85.0,1.0,148.0,96.0,52.0,286.0,285.0,1.0,342.0,533.0,-191.0,2.0,-190.0,-243.0,-192.0
AnteriorInfarction_006,V3,AnteriorInfarction,reviewed,True,2.0,3.0,-1.0,98.0,85.0,13.0,186.0,139.0,47.0,316.0,315.0,1.0,472.0,486.0,-14.0,14.0,-13.0,-61.0,-15.0
AnteriorInfarction_006,V4,AnteriorInfarction,reviewed,True,2.0,3.0,-1.0,98.0,85.0,13.0,242.0,186.0,56.0,308.0,308.0,0.0,498.0,495.0,3.0,14.0,4.0,-53.0,3.0
AnteriorInfarction_006,V6,AnteriorInfarction,reviewed,False,10.0,3.0,7.0,88.0,85.0,3.0,214.0,143.0,71.0,294.0,294.0,0.0,352.0,493.0,-141.0,-4.0,-148.0,-212.0,-141.0
AnteriorInfarction_007,I,AnteriorInfarction,reviewed,True,10.0,5.0,5.0,94.0,85.0,9.0,236.0,96.0,140.0,330.0,330.0,0.0,490.0,499.0,-9.0,4.0,-14.0,-149.0,-9.0
AnteriorInfarction_007,II,AnteriorInfarction,reviewed,False,10.0,5.0,5.0,80.0,85.0,-5.0,204.0,139.0,65.0,282.0,282.0,0.0,350.0,339.0,11.0,-10.0,6.0,-54.0,11.0
AnteriorInfarction_007,III,AnteriorInfarction,reviewed,True,10.0,5.0,5.0,94.0,85.0,9.0,208.0,100.0,108.0,282.0,282.0,0.0,482.0,502.0,-20.0,4.0,-25.0,-128.0,-20.0
AnteriorInfarction_007,aVR,AnteriorInfarction,reviewed,True,10.0,5.0,5.0,92.0,85.0,7.0,198.0,139.0,59.0,282.0,282.0,0.0,342.0,499.0,-157.0,2.0,-162.0,-216.0,-157.0
AnteriorInfarction_007,aVL,AnteriorInfarction,reviewed,True,10.0,5.0,5.0,94.0,85.0,9.0,214.0,187.0,27.0,282.0,283.0,-1.0,488.0,499.0,-11.0,4.0,-16.0,-38.0,-10.0
AnteriorInfarction_007,aVF,AnteriorInfarction,reviewed,True,10.0,5.0,5.0,92.0,85.0,7.0,204.0,139.0,65.0,282.0,282.0,0.0,464.0,523.0,-59.0,2.0,-64.0,-124.0,-59.0
AnteriorInfarction_007,V1,AnteriorInfarction,reviewed,True,0.0,5.0,-5.0,94.0,85.0,9.0,148.0,96.0,52.0,298.0,297.0,1.0,578.0,538.0,40.0,14.0,45.0,-12.0,39.0
AnteriorInfarction_007,V2,AnteriorInfarction,reviewed,True,10.0,5.0,5.0,106.0,85.0,21.0,220.0,174.0,46.0,284.0,285.0,-1.0,522.0,538.0,-16.0,16.0,-21.0,-62.0,-15.0
AnteriorInfarction_007,V5,AnteriorInfarction,reviewed,False,10.0,5.0,5.0,68.0,85.0,-17.0,214.0,156.0,58.0,290.0,290.0,0.0,338.0,335.0,3.0,-22.0,-2.0,-55.0,3.0
AnteriorInfarction_007,V6,AnteriorInfarction,reviewed,False,10.0,5.0,5.0,90.0,85.0,5.0,214.0,100.0,114.0,290.0,290.0,0.0,342.0,514.0,-172.0,0.0,-177.0,-286.0,-172.0
AnteriorInfarction_007,V4,AnteriorInfarction,reviewed,True,4.0,5.0,-1.0,100.0,85.0,15.0,230.0,100.0,130.0,280.0,279.0,1.0,472.0,530.0,-58.0,16.0,-57.0,-188.0,-59.0
AnteriorInfarction_008,I,AnteriorInfarction,reviewed,True,10.0,3.0,7.0,102.0,92.0,10.0,218.0,199.0,19.0,332.0,333.0,-1.0,506.0,503.0,3.0,3.0,-4.0,-16.0,4.0
AnteriorInfarction_008,II,AnteriorInfarction,reviewed,False,4.0,3.0,1.0,84.0,92.0,-8.0,200.0,136.0,64.0,286.0,285.0,1.0,350.0,492.0,-142.0,-9.0,-143.0,-206.0,-143.0
AnteriorInfarction_008,III,AnteriorInfarction,reviewed,True,2.0,3.0,-1.0,96.0,92.0,4.0,214.0,103.0,111.0,294.0,294.0,0.0,502.0,499.0,3.0,5.0,4.0,-108.0,3.0
AnteriorInfarction_008,aVR,AnteriorInfarction,reviewed,True,4.0,3.0,1.0,96.0,92.0,4.0,186.0,123.0,63.0,282.0,282.0,0.0,506.0,525.0,-19.0,3.0,-20.0,-82.0,-19.0
AnteriorInfarction_008,aVF,AnteriorInfarction,reviewed,True,4.0,3.0,1.0,94.0,92.0,2.0,206.0,103.0,103.0,288.0,289.0,-1.0,484.0,503.0,-19.0,1.0,-20.0,-122.0,-18.0
AnteriorInfarction_008,V3,AnteriorInfarction,reviewed,True,0.0,3.0,-3.0,92.0,92.0,0.0,200.0,103.0,97.0,314.0,314.0,0.0,512.0,533.0,-21.0,3.0,-18.0,-118.0,-21.0
AnteriorInfarction_008,V4,AnteriorInfarction,reviewed,True,10.0,3.0,7.0,92.0,92.0,0.0,102.0,199.0,-97.0,314.0,314.0,0.0,370.0,492.0,-122.0,-7.0,-129.0,-25.0,-122.0
AnteriorInfarction_008,V5,AnteriorInfarction,reviewed,True,4.0,3.0,1.0,94.0,92.0,2.0,104.0,199.0,-95.0,336.0,335.0,1.0,470.0,502.0,-32.0,1.0,-33.0,63.0,-33.0
AnteriorInfarction_008,V6,AnteriorInfarction,reviewed,False,4.0,3.0,1.0,90.0,92.0,-2.0,212.0,150.0,62.0,292.0,292.0,0.0,346.0,492.0,-146.0,-3.0,-147.0,-208.0,-146.0
AnteriorInfarction_008,aVL,AnteriorInfarction,reviewed,True,2.0,3.0,-1.0,100.0,92.0,8.0,230.0,103.0,127.0,304.0,305.0,-1.0,506.0,521.0,-15.0,9.0,-14.0,-142.0,-14.0
AnteriorInfarction_008,V1,AnteriorInfarction,reviewed,True,2.0,3.0,-1.0,92.0,92.0,0.0,172.0,103.0,69.0,292.0,292.0,0.0,572.0,524.0,48.0,1.0,49.0,-21.0,48.0
AnteriorInfarction_009,I,AnteriorInfarction,reviewed,True,10.0,3.0,7.0,106.0,97.0,9.0,228.0,198.0,30.0,336.0,335.0,1.0,508.0,502.0,6.0,2.0,-1.0,-24.0,5.0
AnteriorInfarction_009,II,AnteriorInfarction,reviewed,True,2.0,3.0,-1.0,92.0,97.0,-5.0,204.0,142.0,62.0,284.0,284.0,0.0,352.0,496.0,-144.0,-4.0,-143.0,-206.0,-144.0
AnteriorInfarction_009,III,AnteriorInfarction,reviewed,True,0.0,3.0,-3.0,100.0,97.0,3.0,218.0,183.0,35.0,286.0,286.0,0.0,506.0,503.0,3.0,6.0,6.0,-32.0,3.0
AnteriorInfarction_009,aVR,AnteriorInfarction,reviewed,True,4.0,3.0,1.0,100.0,97.0,3.0,190.0,127.0,63.0,284.0,283.0,1.0,508.0,502.0,6.0,2.0,5.0,-57.0,5.0
AnteriorInfarction_009,aVL,AnteriorInfarction,reviewed,True,2.0,3.0,-1.0,106.0,97.0,9.0,236.0,191.0,45.0,334.0,334.0,0.0,506.0,495.0,11.0,10.0,12.0,-34.0,11.0
AnteriorInfarction_009,aVF,AnteriorInfarction,reviewed,True,2.0,3.0,-1.0,100.0,97.0,3.0,210.0,174.0,36.0,286.0,285.0,1.0,504.0,485.0,19.0,4.0,20.0,-17.0,18.0
AnteriorInfarction_009,V2,AnteriorInfarction,reviewed,False,0.0,3.0,-3.0,90.0,97.0,-7.0,144.0,107.0,37.0,280.0,280.0,0.0,350.0,499.0,-149.0,-4.0,-146.0,-186.0,-149.0
AnteriorInfarction_009,V3,AnteriorInfarction,reviewed,True,0.0,3.0,-3.0,92.0,97.0,-5.0,150.0,112.0,38.0,276.0,275.0,1.0,402.0,443.0,-41.0,-2.0,-38.0,-79.0,-42.0
AnteriorInfarction_009,V4,AnteriorInfarction,reviewed,True,0.0,3.0,-3.0,92.0,97.0,-5.0,172.0,127.0,45.0,276.0,276.0,0.0,330.0,492.0,-162.0,-2.0,-159.0,-207.0,-162.0
AnteriorInfarction_009,V5,AnteriorInfarction,reviewed,True,10.0,3.0,7.0,92.0,97.0,-5.0,204.0,162.0,42.0,288.0,289.0,-1.0,338.0,339.0,-1.0,-12.0,-8.0,-43.0,0.0
AnteriorInfarction_009,V6,AnteriorInfarction,reviewed,True,10.0,3.0,7.0,94.0,97.0,-3.0,212.0,140.0,72.0,290.0,291.0,-1.0,444.0,474.0,-30.0,-10.0,-37.0,-102.0,-29.0
AnteriorInfarction_010,I,AnteriorInfarction,reviewed,True,10.0,3.0,7.0,112.0,91.0,21.0,268.0,186.0,82.0,330.0,329.0,1.0,518.0,503.0,15.0,14.0,8.0,-67.0,14.0
AnteriorInfarction_010,II,AnteriorInfarction,reviewed,True,4.0,3.0,1.0,96.0,91.0,5.0,204.0,152.0,52.0,286.0,286.0,0.0,394.0,542.0,-148.0,4.0,-149.0,-200.0,-148.0
AnteriorInfarction_010,III,AnteriorInfarction,reviewed,True,2.0,3.0,-1.0,104.0,91.0,13.0,218.0,166.0,52.0,296.0,296.0,0.0,508.0,502.0,6.0,14.0,7.0,-46.0,6.0
AnteriorInfarction_010,aVR,AnteriorInfarction,reviewed,True,10.0,3.0,7.0,112.0,91.0,21.0,196.0,140.0,56.0,282.0,282.0,0.0,522.0,506.0,16.0,14.0,9.0,-40.0,16.0
AnteriorInfarction_010,aVL,AnteriorInfarction,reviewed,True,4.0,3.0,1.0,106.0,91.0,15.0,236.0,195.0,41.0,308.0,309.0,-1.0,512.0,503.0,9.0,14.0,8.0,-32.0,10.0
AnteriorInfarction_010,aVF,AnteriorInfarction,reviewed,True,4.0,3.0,1.0,100.0,91.0,9.0,210.0,144.0,66.0,290.0,290.0,0.0,500.0,502.0,-2.0,8.0,-3.0,-68.0,-2.0
AnteriorInfarction_010,V3,AnteriorInfarction,reviewed,True,10.0,3.0,7.0,106.0,91.0,15.0,216.0,191.0,25.0,282.0,282.0,0.0,422.0,553.0,-131.0,8.0,-138.0,-156.0,-131.0
AnteriorInfarction_010,V4,AnteriorInfarction,reviewed,True,4.0,3.0,1.0,98.0,91.0,7.0,210.0,106.0,104.0,284.0,283.0,1.0,354.0,523.0,-169.0,6.0,-170.0,-273.0,-170.0
AnteriorInfarction_010,V6,AnteriorInfarction,reviewed,True,10.0,3.0,7.0,92.0,91.0,1.0,208.0,148.0,60.0,288.0,288.0,0.0,344.0,546.0,-202.0,-6.0,-209.0,-262.0,-202.0
AnteriorInfarction_010,V1,AnteriorInfarction,reviewed,True,0.0,3.0,-3.0,98.0,91.0,7.0,204.0,93.0,111.0,302.0,302.0,0.0,582.0,538.0,44.0,10.0,47.0,-67.0,44.0
AnteriorInfarction_011,I,AnteriorInfarction,reviewed,True,10.0,4.0,6.0,118.0,105.0,13.0,218.0,273.0,-55.0,322.0,321.0,1.0,518.0,553.0,-35.0,7.0,-41.0,20.0,-36.0
AnteriorInfarction_010,V5,AnteriorInfarction,reviewed,True,4.0,3.0,1.0,110.0,91.0,19.0,204.0,195.0,9.0,296.0,296.0,0.0,488.0,502.0,-14.0,18.0,-15.0,-23.0,-14.0
AnteriorInfarction_011,II,AnteriorInfarction,reviewed,True,4.0,4.0,0.0,110.0,105.0,5.0,206.0,144.0,62.0,286.0,286.0,0.0,474.0,546.0,-72.0,5.0,-72.0,-134.0,-72.0
AnteriorInfarction_011,III,AnteriorInfarction,reviewed,True,4.0,4.0,0.0,112.0,105.0,7.0,210.0,152.0,58.0,288.0,289.0,-1.0,508.0,519.0,-11.0,7.0,-11.0,-69.0,-10.0
AnteriorInfarction_011,aVR,AnteriorInfarction,reviewed,True,4.0,4.0,0.0,110.0,105.0,5.0,202.0,143.0,59.0,284.0,284.0,0.0,352.0,525.0,-173.0,5.0,-173.0,-232.0,-173.0
AnteriorInfarction_011,aVL,AnteriorInfarction,reviewed,True,4.0,4.0,0.0,116.0,105.0,11.0,214.0,166.0,48.0,294.0,293.0,1.0,512.0,561.0,-49.0,11.0,-49.0,-97.0,-50.0
AnteriorInfarction_011,aVF,AnteriorInfarction,reviewed,True,4.0,4.0,0.0,112.0,105.0,7.0,208.0,107.0,101.0,286.0,287.0,-1.0,502.0,542.0,-40.0,7.0,-40.0,-141.0,-39.0
AnteriorInfarction_011,V1,AnteriorInfarction,reviewed,True,0.0,4.0,-4.0,92.0,105.0,-13.0,102.0,186.0,-84.0,312.0,313.0,-1.0,592.0,561.0,31.0,-9.0,35.0,115.0,32.0
AnteriorInfarction_011,V2,AnteriorInfarction,reviewed,True,0.0,4.0,-4.0,112.0,105.0,7.0,184.0,140.0,44.0,278.0,285.0,-7.0,558.0,553.0,5.0,11.0,9.0,-39.0,12.0
AnteriorInfarction_011,V3,AnteriorInfarction,reviewed,True,0.0,4.0,-4.0,124.0,105.0,19.0,224.0,186.0,38.0,288.0,288.0,0.0,548.0,555.0,-7.0,23.0,-3.0,-45.0,-7.0
AnteriorInfarction_011,V5,AnteriorInfarction,reviewed,True,4.0,4.0,0.0,118.0,105.0,13.0,240.0,238.0,2.0,344.0,345.0,-1.0,512.0,503.0,9.0,13.0,9.0,7.0,10.0
AnteriorInfarction_011,V6,AnteriorInfarction,reviewed,True,10.0,4.0,6.0,110.0,105.0,5.0,210.0,109.0,101.0,286.0,286.0,0.0,424.0,553.0,-129.0,-1.0,-135.0,-230.0,-129.0
AnteriorInfarction_012,I,AnteriorInfarction,reviewed,True,10.0,4.0,6.0,126.0,102.0,24.0,270.0,240.0,30.0,340.0,341.0,-1.0,552.0,559.0,-7.0,18.0,-13.0,-37.0,-6.0
AnteriorInfarction_012,II,AnteriorInfarction,reviewed,True,4.0,4.0,0.0,112.0,102.0,10.0,202.0,139.0,63.0,286.0,285.0,1.0,370.0,546.0,-176.0,10.0,-176.0,-239.0,-177.0
AnteriorInfarction_012,III,AnteriorInfarction,reviewed,True,4.0,4.0,0.0,118.0,102.0,16.0,216.0,179.0,37.0,290.0,290.0,0.0,552.0,541.0,11.0,16.0,11.0,-26.0,11.0
AnteriorInfarction_012,aVR,AnteriorInfarction,reviewed,True,4.0,4.0,0.0,120.0,102.0,18.0,194.0,171.0,23.0,282.0,283.0,-1.0,518.0,510.0,8.0,18.0,8.0,-15.0,9.0
AnteriorInfarction_012,aVL,AnteriorInfarction,reviewed,True,4.0,4.0,0.0,120.0,102.0,18.0,232.0,187.0,45.0,320.0,319.0,1.0,556.0,551.0,5.0,18.0,5.0,-40.0,4.0
AnteriorInfarction_012,aVF,AnteriorInfarction,reviewed,True,4.0,4.0,0.0,114.0,102.0,12.0,210.0,150.0,60.0,288.0,287.0,1.0,428.0,550.0,-122.0,12.0,-122.0,-182.0,-123.0
AnteriorInfarction_012,V1,AnteriorInfarction,reviewed,True,0.0,4.0,-4.0,114.0,102.0,12.0,208.0,117.0,91.0,302.0,301.0,1.0,396.0,531.0,-135.0,16.0,-131.0,-226.0,-136.0
AnteriorInfarction_012,V3,AnteriorInfarction,reviewed,True,10.0,4.0,6.0,112.0,102.0,10.0,168.0,107.0,61.0,332.0,332.0,0.0,612.0,553.0,59.0,4.0,53.0,-2.0,59.0
AnteriorInfarction_012,V4,AnteriorInfarction,reviewed,True,4.0,4.0,0.0,112.0,102.0,10.0,220.0,187.0,33.0,302.0,303.0,-1.0,582.0,537.0,45.0,10.0,45.0,12.0,46.0
AnteriorInfarction_012,V5,AnteriorInfarction,reviewed,True,4.0,4.0,0.0,114.0,102.0,12.0,200.0,120.0,80.0,286.0,286.0,0.0,354.0,503.0,-149.0,12.0,-149.0,-229.0,-149.0
AnteriorInfarction_012,V6,AnteriorInfarction,reviewed,True,10.0,4.0,6.0,112.0,102.0,10.0,220.0,160.0,60.0,300.0,300.0,0.0,362.0,533.0,-171.0,4.0,-177.0,-231.0,-171.0
AnteriorInfarction_013,I,AnteriorInfarction,reviewed,True,2.0,3.0,-1.0,98.0,96.0,2.0,186.0,166.0,20.0,282.0,282.0,0.0,486.0,499.0,-13.0,3.0,-12.0,-33.0,-13.0
AnteriorInfarction_013,II,AnteriorInfarction,reviewed,True,10.0,3.0,7.0,96.0,96.0,0.0,204.0,144.0,60.0,286.0,286.0,0.0,474.0,499.0,-25.0,-7.0,-32.0,-85.0,-25.0
AnteriorInfarction_013,III,AnteriorInfarction,reviewed,True,4.0,3.0,1.0,98.0,96.0,2.0,210.0,156.0,54.0,290.0,291.0,-1.0,494.0,499.0,-5.0,1.0,-6.0,-59.0,-4.0
AnteriorInfarction_013,aVR,AnteriorInfarction,reviewed,True,10.0,3.0,7.0,96.0,96.0,0.0,200.0,148.0,52.0,284.0,285.0,-1.0,354.0,349.0,5.0,-7.0,-2.0,-47.0,6.0
AnteriorInfarction_013,aVL,AnteriorInfarction,reviewed,True,2.0,3.0,-1.0,102.0,96.0,6.0,224.0,187.0,37.0,306.0,305.0,1.0,492.0,502.0,-10.0,7.0,-9.0,-47.0,-11.0
AnteriorInfarction_013,aVF,AnteriorInfarction,reviewed,True,4.0,3.0,1.0,98.0,96.0,2.0,206.0,144.0,62.0,288.0,288.0,0.0,492.0,499.0,-7.0,1.0,-8.0,-69.0,-7.0
AnteriorInfarction_013,V1,AnteriorInfarction,reviewed,True,0.0,3.0,-3.0,96.0,96.0,0.0,170.0,195.0,-25.0,344.0,344.0,0.0,492.0,499.0,-7.0,3.0,-4.0,18.0,-7.0
AnteriorInfarction_013,V2,AnteriorInfarction,reviewed,True,0.0,3.0,-3.0,102.0,96.0,6.0,222.0,183.0,39.0,292.0,292.0,0.0,510.0,499.0,11.0,9.0,14.0,-28.0,11.0
AnteriorInfarction_013,V4,AnteriorInfarction,reviewed,True,4.0,3.0,1.0,98.0,96.0,2.0,214.0,193.0,21.0,286.0,285.0,1.0,490.0,495.0,-5.0,1.0,-6.0,-26.0,-6.0
AnteriorInfarction_013,V5,AnteriorInfarction,reviewed,True,2.0,3.0,-1.0,96.0,96.0,0.0,228.0,201.0,27.0,304.0,303.0,1.0,352.0,499.0,-147.0,1.0,-146.0,-174.0,-148.0
AnteriorInfarction_013,V6,AnteriorInfarction,reviewed,True,4.0,3.0,1.0,96.0,96.0,0.0,220.0,160.0,60.0,296.0,296.0,0.0,364.0,502.0,-138.0,-1.0,-139.0,-198.0,-138.0
AnteriorInfarction_014,I,AnteriorInfarction,reviewed,True,2.0,9.0,-7.0,110.0,101.0,9.0,188.0,170.0,18.0,282.0,282.0,0.0,502.0,506.0,-4.0,16.0,3.0,-22.0,-4.0
AnteriorInfarction_014,II,AnteriorInfarction,reviewed,True,4.0,9.0,-5.0,98.0,101.0,-3.0,206.0,144.0,62.0,288.0,287.0,1.0,366.0,535.0,-169.0,2.0,-164.0,-231.0,-170.0
AnteriorInfarction_014,III,AnteriorInfarction,reviewed,True,2.0,9.0,-7.0,98.0,101.0,-3.0,212.0,152.0,60.0,288.0,289.0,-1.0,494.0,502.0,-8.0,4.0,-1.0,-68.0,-7.0
AnteriorInfarction_014,aVR,AnteriorInfarction,reviewed,True,10.0,9.0,1.0,110.0,101.0,9.0,202.0,144.0,58.0,286.0,286.0,0.0,354.0,502.0,-148.0,8.0,-149.0,-206.0,-148.0
AnteriorInfarction_014,aVL,AnteriorInfarction,reviewed,True,2.0,9.0,-7.0,104.0,101.0,3.0,220.0,166.0,54.0,292.0,292.0,0.0,500.0,525.0,-25.0,10.0,-18.0,-79.0,-25.0
AnteriorInfarction_014,aVF,AnteriorInfarction,reviewed,True,4.0,9.0,-5.0,98.0,101.0,-3.0,208.0,152.0,56.0,288.0,288.0,0.0,482.0,503.0,-21.0,2.0,-16.0,-77.0,-21.0
AnteriorInfarction_014,V1,AnteriorInfarction,reviewed,True,0.0,9.0,-9.0,98.0,101.0,-3.0,230.0,179.0,51.0,284.0,284.0,0.0,526.0,535.0,-9.0,6.0,0.0,-60.0,-9.0
AnteriorInfarction_014,V2,AnteriorInfarction,reviewed,True,10.0,9.0,1.0,110.0,101.0,9.0,224.0,183.0,41.0,292.0,292.0,0.0,506.0,525.0,-19.0,8.0,-20.0,-60.0,-19.0
AnteriorInfarction_014,V3,AnteriorInfarction,reviewed,True,10.0,9.0,1.0,104.0,101.0,3.0,226.0,191.0,35.0,296.0,296.0,0.0,508.0,506.0,2.0,2.0,1.0,-33.0,2.0
AnteriorInfarction_014,V5,AnteriorInfarction,reviewed,True,4.0,9.0,-5.0,98.0,101.0,-3.0,198.0,199.0,-1.0,296.0,295.0,1.0,494.0,499.0,-5.0,2.0,0.0,-4.0,-6.0
AnteriorInfarction_014,V6,AnteriorInfarction,reviewed,False,4.0,9.0,-5.0,86.0,101.0,-15.0,216.0,158.0,58.0,294.0,294.0,0.0,348.0,486.0,-138.0,-10.0,-133.0,-196.0,-138.0
AnteriorInfarction_015,I,AnteriorInfarction,reviewed,True,10.0,5.0,5.0,102.0,74.0,28.0,202.0,199.0,3.0,328.0,328.0,0.0,508.0,499.0,9.0,23.0,4.0,6.0,9.0
AnteriorInfarction_015,II,AnteriorInfarction,reviewed,True,10.0,5.0,5.0,98.0,74.0,24.0,208.0,150.0,58.0,288.0,288.0,0.0,460.0,533.0,-73.0,19.0,-78.0,-131.0,-73.0
AnteriorInfarction_015,III,AnteriorInfarction,reviewed,True,4.0,5.0,-1.0,100.0,74.0,26.0,216.0,174.0,42.0,292.0,292.0,0.0,502.0,538.0,-36.0,27.0,-35.0,-78.0,-36.0
AnteriorInfarction_015,aVR,AnteriorInfarction,reviewed,True,10.0,5.0,5.0,102.0,74.0,28.0,200.0,144.0,56.0,284.0,285.0,-1.0,512.0,498.0,14.0,23.0,9.0,-42.0,15.0
AnteriorInfarction_015,aVL,AnteriorInfarction,reviewed,True,4.0,5.0,-1.0,102.0,74.0,28.0,224.0,182.0,42.0,298.0,297.0,1.0,506.0,514.0,-8.0,29.0,-7.0,-50.0,-9.0
AnteriorInfarction_015,aVF,AnteriorInfarction,reviewed,True,10.0,5.0,5.0,100.0,74.0,26.0,212.0,156.0,56.0,290.0,290.0,0.0,498.0,533.0,-35.0,21.0,-40.0,-91.0,-35.0
AnteriorInfarction_015,V2,AnteriorInfarction,reviewed,True,0.0,5.0,-5.0,100.0,74.0,26.0,110.0,128.0,-18.0,198.0,198.0,0.0,446.0,549.0,-103.0,31.0,-98.0,-85.0,-103.0
AnteriorInfarction_015,V3,AnteriorInfarction,reviewed,True,10.0,5.0,5.0,100.0,74.0,26.0,230.0,199.0,31.0,286.0,286.0,0.0,408.0,535.0,-127.0,21.0,-132.0,-158.0,-127.0
AnteriorInfarction_015,V4,AnteriorInfarction,reviewed,True,4.0,5.0,-1.0,100.0,74.0,26.0,280.0,264.0,16.0,314.0,315.0,-1.0,354.0,515.0,-161.0,27.0,-160.0,-177.0,-160.0
AnteriorInfarction_015,V5,AnteriorInfarction,reviewed,True,4.0,5.0,-1.0,98.0,74.0,24.0,236.0,201.0,35.0,306.0,306.0,0.0,354.0,373.0,-19.0,25.0,-18.0,-54.0,-19.0
AnteriorInfarction_015,V6,AnteriorInfarction,reviewed,True,4.0,5.0,-1.0,94.0,74.0,20.0,222.0,166.0,56.0,296.0,296.0,0.0,352.0,503.0,-151.0,21.0,-150.0,-207.0,-151.0
AnteriorInfarction_016,I,AnteriorInfarction,reviewed,True,10.0,3.0,7.0,104.0,96.0,8.0,198.0,136.0,62.0,280.0,280.0,0.0,354.0,502.0,-148.0,1.0,-155.0,-210.0,-148.0
AnteriorInfarction_016,II,AnteriorInfarction,reviewed,True,4.0,3.0,1.0,94.0,96.0,-2.0,206.0,144.0,62.0,286.0,286.0,0.0,442.0,502.0,-60.0,-3.0,-61.0,-122.0,-60.0
AnteriorInfarction_016,III,AnteriorInfarction,reviewed,True,2.0,3.0,-1.0,104.0,96.0,8.0,212.0,152.0,60.0,290.0,291.0,-1.0,398.0,503.0,-105.0,9.0,-104.0,-165.0,-104.0
AnteriorInfarction_016,aVR,AnteriorInfarction,reviewed,True,10.0,3.0,7.0,98.0,96.0,2.0,204.0,144.0,60.0,284.0,284.0,0.0,434.0,499.0,-65.0,-5.0,-72.0,-125.0,-65.0
AnteriorInfarction_016,aVL,AnteriorInfarction,reviewed,True,2.0,3.0,-1.0,104.0,96.0,8.0,234.0,195.0,39.0,304.0,304.0,0.0,376.0,503.0,-127.0,9.0,-126.0,-166.0,-127.0
AnteriorInfarction_016,aVF,AnteriorInfarction,reviewed,True,4.0,3.0,1.0,104.0,96.0,8.0,208.0,144.0,64.0,288.0,288.0,0.0,456.0,503.0,-47.0,7.0,-48.0,-111.0,-47.0
AnteriorInfarction_016,V1,AnteriorInfarction,reviewed,True,0.0,3.0,-3.0,106.0,96.0,10.0,226.0,191.0,35.0,282.0,282.0,0.0,496.0,580.0,-84.0,13.0,-81.0,-119.0,-84.0
AnteriorInfarction_016,V2,AnteriorInfarction,reviewed,True,0.0,3.0,-3.0,118.0,96.0,22.0,222.0,182.0,40.0,294.0,294.0,0.0,530.0,508.0,22.0,25.0,25.0,-18.0,22.0
AnteriorInfarction_016,V4,AnteriorInfarction,reviewed,True,4.0,3.0,1.0,106.0,96.0,10.0,228.0,201.0,27.0,280.0,281.0,-1.0,474.0,502.0,-28.0,9.0,-29.0,-55.0,-27.0
AnteriorInfarction_016,V5,AnteriorInfarction,reviewed,True,10.0,3.0,7.0,98.0,96.0,2.0,208.0,144.0,64.0,292.0,292.0,0.0,430.0,495.0,-65.0,-5.0,-72.0,-129.0,-65.0
AnteriorInfarction_016,V6,AnteriorInfarction,reviewed,True,10.0,3.0,7.0,104.0,96.0,8.0,212.0,152.0,60.0,290.0,290.0,0.0,414.0,499.0,-85.0,1.0,-92.0,-145.0,-85.0
AnteriorInfarction_017,I,AnteriorInfarction,reviewed,True,10.0,3.0,7.0,124.0,123.0,1.0,198.0,183.0,15.0,286.0,288.0,-2.0,522.0,510.0,12.0,-6.0,5.0,-3.0,14.0
AnteriorInfarction_017,II,AnteriorInfarction,reviewed,True,4.0,3.0,1.0,118.0,123.0,-5.0,210.0,152.0,58.0,292.0,292.0,0.0,432.0,564.0,-132.0,-6.0,-133.0,-190.0,-132.0
AnteriorInfarction_017,III,AnteriorInfarction,reviewed,True,2.0,3.0,-1.0,118.0,123.0,-5.0,230.0,195.0,35.0,298.0,297.0,1.0,550.0,557.0,-7.0,-4.0,-6.0,-42.0,-8.0
AnteriorInfarction_017,aVR,AnteriorInfarction,reviewed,True,10.0,3.0,7.0,124.0,123.0,1.0,206.0,148.0,58.0,290.0,289.0,1.0,528.0,510.0,18.0,-6.0,11.0,-40.0,17.0
AnteriorInfarction_017,aVL,AnteriorInfarction,reviewed,True,4.0,3.0,1.0,120.0,123.0,-3.0,264.0,273.0,-9.0,350.0,351.0,-1.0,546.0,545.0,1.0,-4.0,0.0,10.0,2.0
AnteriorInfarction_017,aVF,AnteriorInfarction,reviewed,True,2.0,3.0,-1.0,118.0,123.0,-5.0,218.0,174.0,44.0,294.0,294.0,0.0,552.0,553.0,-1.0,-4.0,0.0,-45.0,-1.0
AnteriorInfarction_017,V2,AnteriorInfarction,reviewed,True,0.0,3.0,-3.0,120.0,123.0,-3.0,186.0,135.0,51.0,352.0,353.0,-1.0,558.0,580.0,-22.0,0.0,-19.0,-73.0,-21.0
AnteriorInfarction_017,V4,AnteriorInfarction,reviewed,True,10.0,3.0,7.0,118.0,123.0,-5.0,222.0,187.0,35.0,300.0,300.0,0.0,460.0,553.0,-93.0,-12.0,-100.0,-128.0,-93.0
AnteriorInfarction_017,V6,AnteriorInfarction,reviewed,True,10.0,3.0,7.0,118.0,123.0,-5.0,224.0,123.0,101.0,302.0,302.0,0.0,478.0,561.0,-83.0,-12.0,-90.0,-184.0,-83.0
AnteriorInfarction_017,V5,AnteriorInfarction,reviewed,True,10.0,3.0,7.0,118.0,123.0,-5.0,290.0,123.0,167.0,318.0,318.0,0.0,420.0,475.0,-55.0,-12.0,-62.0,-222.0,-55.0
AnteriorInfarction_018,I,AnteriorInfarction,reviewed,True,10.0,3.0,7.0,110.0,96.0,14.0,216.0,273.0,-57.0,320.0,321.0,-1.0,544.0,544.0,0.0,7.0,-7.0,57.0,1.0
AnteriorInfarction_018,II,AnteriorInfarction,reviewed,True,4.0,3.0,1.0,94.0,96.0,-2.0,210.0,144.0,66.0,290.0,290.0,0.0,364.0,535.0,-171.0,-3.0,-172.0,-237.0,-171.0
AnteriorInfarction_018,III,AnteriorInfarction,reviewed,True,2.0,3.0,-1.0,104.0,96.0,8.0,218.0,162.0,56.0,294.0,295.0,-1.0,542.0,538.0,4.0,9.0,5.0,-52.0,5.0
AnteriorInfarction_018,aVR,AnteriorInfarction,reviewed,True,10.0,3.0,7.0,104.0,96.0,8.0,202.0,148.0,54.0,286.0,286.0,0.0,506.0,507.0,-1.0,1.0,-8.0,-55.0,-1.0
AnteriorInfarction_018,aVL,AnteriorInfarction,reviewed,True,2.0,3.0,-1.0,104.0,96.0,8.0,226.0,163.0,63.0,300.0,300.0,0.0,550.0,538.0,12.0,9.0,13.0,-51.0,12.0
AnteriorInfarction_018,aVF,AnteriorInfarction,reviewed,True,4.0,3.0,1.0,104.0,96.0,8.0,214.0,152.0,62.0,292.0,292.0,0.0,384.0,538.0,-154.0,7.0,-155.0,-216.0,-154.0
AnteriorInfarction_018,V1,AnteriorInfarction,reviewed,True,2.0,3.0,-1.0,98.0,96.0,2.0,214.0,116.0,98.0,314.0,313.0,1.0,460.0,546.0,-86.0,3.0,-85.0,-184.0,-87.0
AnteriorInfarction_018,V2,AnteriorInfarction,reviewed,True,0.0,3.0,-3.0,102.0,96.0,6.0,162.0,113.0,49.0,312.0,313.0,-1.0,592.0,546.0,46.0,9.0,49.0,-3.0,47.0
AnteriorInfarction_018,V3,AnteriorInfarction,reviewed,True,10.0,3.0,7.0,110.0,96.0,14.0,222.0,178.0,44.0,290.0,290.0,0.0,548.0,561.0,-13.0,7.0,-20.0,-57.0,-13.0
AnteriorInfarction_018,V4,AnteriorInfarction,reviewed,True,4.0,3.0,1.0,122.0,96.0,26.0,220.0,171.0,49.0,294.0,293.0,1.0,540.0,538.0,2.0,25.0,1.0,-47.0,1.0
AnteriorInfarction_018,V6,AnteriorInfarction,reviewed,True,10.0,3.0,7.0,100.0,96.0,4.0,206.0,166.0,40.0,286.0,285.0,1.0,338.0,439.0,-101.0,-3.0,-108.0,-141.0,-102.0
AnteriorInfarction_019,I,AnteriorInfarction,reviewed,True,4.0,3.0,1.0,116.0,96.0,20.0,188.0,181.0,7.0,282.0,282.0,0.0,512.0,510.0,2.0,19.0,1.0,-5.0,2.0
AnteriorInfarction_019,II,AnteriorInfarction,reviewed,True,4.0,3.0,1.0,102.0,96.0,6.0,202.0,152.0,50.0,284.0,284.0,0.0,380.0,538.0,-158.0,5.0,-159.0,-208.0,-158.0
AnteriorInfarction_019,III,AnteriorInfarction,reviewed,True,2.0,3.0,-1.0,104.0,96.0,8.0,214.0,163.0,51.0,286.0,285.0,1.0,502.0,545.0,-43.0,9.0,-42.0,-94.0,-44.0
AnteriorInfarction_019,aVR,AnteriorInfarction,reviewed,True,4.0,3.0,1.0,122.0,96.0,26.0,200.0,139.0,61.0,284.0,284.0,0.0,518.0,506.0,12.0,25.0,11.0,-49.0,12.0
AnteriorInfarction_019,aVL,AnteriorInfarction,reviewed,True,10.0,3.0,7.0,104.0,96.0,8.0,248.0,199.0,49.0,334.0,333.0,1.0,508.0,502.0,6.0,1.0,-1.0,-43.0,5.0
AnteriorInfarction_019,V2,AnteriorInfarction,reviewed,True,10.0,3.0,7.0,102.0,96.0,6.0,112.0,110.0,2.0,300.0,299.0,1.0,580.0,557.0,23.0,-1.0,16.0,21.0,22.0
AnteriorInfarction_019,V3,AnteriorInfarction,reviewed,True,10.0,3.0,7.0,114.0,96.0,18.0,236.0,195.0,41.0,314.0,313.0,1.0,550.0,574.0,-24.0,11.0,-31.0,-65.0,-25.0
AnteriorInfarction_019,V4,AnteriorInfarction,reviewed,True,10.0,3.0,7.0,106.0,96.0,10.0,236.0,110.0,126.0,302.0,301.0,1.0,466.0,556.0,-90.0,3.0,-97.0,-216.0,-91.0
AnteriorInfarction_019,V5,AnteriorInfarction,reviewed,True,10.0,3.0,7.0,104.0,96.0,8.0,224.0,252.0,-28.0,312.0,312.0,0.0,482.0,499.0,-17.0,1.0,-24.0,11.0,-17.0
AnteriorInfarction_019,V6,AnteriorInfarction,reviewed,True,10.0,3.0,7.0,102.0,96.0,6.0,218.0,160.0,58.0,298.0,298.0,0.0,366.0,507.0,-141.0,-1.0,-148.0,-199.0,-141.0
AnteriorInfarction_019,V1,AnteriorInfarction,reviewed,True,10.0,3.0,7.0,98.0,96.0,2.0,158.0,110.0,48.0,304.0,303.0,1.0,584.0,573.0,11.0,-5.0,4.0,-37.0,10.0
AnteriorInfarction_020,I,AnteriorInfarction,reviewed,False,2.0,6.0,-4.0,86.0,77.0,9.0,204.0,135.0,69.0,282.0,283.0,-1.0,492.0,495.0,-3.0,13.0,1.0,-72.0,-2.0
AnteriorInfarction_020,II,AnteriorInfarction,reviewed,False,4.0,6.0,-2.0,76.0,77.0,-1.0,206.0,131.0,75.0,288.0,287.0,1.0,360.0,502.0,-142.0,1.0,-140.0,-217.0,-143.0
AnteriorInfarction_020,III,AnteriorInfarction,reviewed,False,2.0,6.0,-4.0,84.0,77.0,7.0,206.0,135.0,71.0,296.0,295.0,1.0,488.0,502.0,-14.0,11.0,-10.0,-85.0,-15.0
AnteriorInfarction_020,aVR,AnteriorInfarction,reviewed,False,10.0,6.0,4.0,84.0,77.0,7.0,204.0,144.0,60.0,286.0,286.0,0.0,344.0,495.0,-151.0,3.0,-155.0,-211.0,-151.0
AnteriorInfarction_020,aVL,AnteriorInfarction,reviewed,False,0.0,6.0,-6.0,86.0,77.0,9.0,228.0,81.0,147.0,314.0,315.0,-1.0,498.0,503.0,-5.0,15.0,1.0,-152.0,-4.0
AnteriorInfarction_020,aVF,AnteriorInfarction,reviewed,False,2.0,6.0,-4.0,84.0,77.0,7.0,206.0,140.0,66.0,290.0,290.0,0.0,392.0,494.0,-102.0,11.0,-98.0,-168.0,-102.0
AnteriorInfarction_020,V1,AnteriorInfarction,reviewed,False,0.0,6.0,-6.0,88.0,77.0,11.0,172.0,186.0,-14.0,286.0,286.0,0.0,444.0,503.0,-59.0,17.0,-53.0,-45.0,-59.0
AnteriorInfarction_020,V2,AnteriorInfarction,reviewed,False,2.0,6.0,-4.0,90.0,77.0,13.0,224.0,187.0,37.0,294.0,293.0,1.0,502.0,493.0,9.0,17.0,13.0,-28.0,8.0
AnteriorInfarction_020,V4,AnteriorInfarction,reviewed,False,4.0,6.0,-2.0,88.0,77.0,11.0,222.0,201.0,21.0,286.0,286.0,0.0,452.0,502.0,-50.0,13.0,-48.0,-71.0,-50.0
AnteriorInfarction_020,V5,AnteriorInfarction,reviewed,False,4.0,6.0,-2.0,84.0,77.0,7.0,216.0,144.0,72.0,292.0,292.0,0.0,342.0,429.0,-87.0,9.0,-85.0,-159.0,-87.0
AnteriorInfarction_020,V6,AnteriorInfarction,reviewed,False,4.0,6.0,-2.0,82.0,77.0,5.0,218.0,166.0,52.0,292.0,292.0,0.0,344.0,396.0,-52.0,7.0,-50.0,-104.0,-52.0
AnteriorIschemia_001,I,AnteriorIschemia,reviewed,False,10.0,4.0,6.0,74.0,110.0,-36.0,164.0,110.0,54.0,270.0,271.0,-1.0,326.0,343.0,-17.0,-42.0,-23.0,-71.0,-16.0
AnteriorIschemia_002,I,AnteriorIschemia,reviewed,True,10.0,3.0,7.0,150.0,109.0,41.0,160.0,119.0,41.0,264.0,264.0,0.0,366.0,363.0,3.0,34.0,-4.0,-38.0,3.0
AnteriorIschemia_001,II,AnteriorIschemia,reviewed,False,4.0,4.0,0.0,72.0,110.0,-38.0,204.0,128.0,76.0,284.0,284.0,0.0,352.0,350.0,2.0,-38.0,2.0,-74.0,2.0
AnteriorIschemia_001,III,AnteriorIschemia,reviewed,False,10.0,4.0,6.0,78.0,110.0,-32.0,202.0,171.0,31.0,288.0,288.0,0.0,354.0,400.0,-46.0,-38.0,-52.0,-77.0,-46.0
AnteriorIschemia_001,aVR,AnteriorIschemia,reviewed,False,4.0,4.0,0.0,74.0,110.0,-36.0,202.0,152.0,50.0,282.0,281.0,1.0,348.0,343.0,5.0,-36.0,5.0,-45.0,4.0
AnteriorIschemia_001,aVL,AnteriorIschemia,reviewed,True,10.0,4.0,6.0,92.0,110.0,-18.0,206.0,195.0,11.0,292.0,293.0,-1.0,354.0,355.0,-1.0,-24.0,-7.0,-12.0,0.0
AnteriorIschemia_001,aVF,AnteriorIschemia,reviewed,False,4.0,4.0,0.0,76.0,110.0,-34.0,202.0,136.0,66.0,286.0,286.0,0.0,352.0,342.0,10.0,-34.0,10.0,-56.0,10.0
AnteriorIschemia_001,V1,AnteriorIschemia,reviewed,False,2.0,4.0,-2.0,74.0,110.0,-36.0,142.0,110.0,32.0,270.0,269.0,1.0,336.0,342.0,-6.0,-34.0,-4.0,-38.0,-7.0
AnteriorIschemia_001,V2,AnteriorIschemia,reviewed,False,10.0,4.0,6.0,72.0,110.0,-38.0,140.0,110.0,30.0,258.0,257.0,1.0,340.0,335.0,5.0,-44.0,-1.0,-25.0,4.0
AnteriorIschemia_001,V4,AnteriorIschemia,reviewed,False,4.0,4.0,0.0,76.0,110.0,-34.0,174.0,125.0,49.0,256.0,257.0,-1.0,320.0,335.0,-15.0,-34.0,-15.0,-64.0,-14.0
AnteriorIschemia_001,V5,AnteriorIschemia,reviewed,False,10.0,4.0,6.0,76.0,110.0,-34.0,164.0,174.0,-10.0,290.0,291.0,-1.0,344.0,343.0,1.0,-40.0,-5.0,11.0,2.0
AnteriorIschemia_001,V6,AnteriorIschemia,reviewed,False,10.0,4.0,6.0,70.0,110.0,-40.0,176.0,218.0,-42.0,292.0,293.0,-1.0,342.0,380.0,-38.0,-46.0,-44.0,4.0,-37.0
AnteriorIschemia_002,II,AnteriorIschemia,reviewed,True,10.0,3.0,7.0,106.0,109.0,-3.0,208.0,193.0,15.0,292.0,292.0,0.0,376.0,397.0,-21.0,-10.0,-28.0,-36.0,-21.0
AnteriorIschemia_002,III,AnteriorIschemia,reviewed,True,10.0,3.0,7.0,116.0,109.0,7.0,220.0,240.0,-20.0,296.0,296.0,0.0,376.0,398.0,-22.0,0.0,-29.0,-2.0,-22.0
AnteriorIschemia_002,aVL,AnteriorIschemia,reviewed,True,10.0,3.0,7.0,154.0,109.0,45.0,186.0,143.0,43.0,196.0,199.0,-3.0,370.0,371.0,-1.0,38.0,-8.0,-44.0,2.0
AnteriorIschemia_002,aVF,AnteriorIschemia,reviewed,True,10.0,3.0,7.0,106.0,109.0,-3.0,214.0,218.0,-4.0,294.0,294.0,0.0,376.0,365.0,11.0,-10.0,4.0,15.0,11.0
AnteriorIschemia_002,V1,AnteriorIschemia,reviewed,True,0.0,3.0,-3.0,98.0,109.0,-11.0,150.0,109.0,41.0,210.0,210.0,0.0,346.0,347.0,-1.0,-8.0,2.0,-42.0,-1.0
AnteriorIschemia_002,V2,AnteriorIschemia,reviewed,True,0.0,3.0,-3.0,92.0,109.0,-17.0,148.0,109.0,39.0,230.0,252.0,-22.0,362.0,355.0,7.0,-14.0,10.0,-32.0,29.0
AnteriorIschemia_002,V3,AnteriorIschemia,reviewed,True,0.0,3.0,-3.0,112.0,109.0,3.0,162.0,128.0,34.0,218.0,217.0,1.0,362.0,357.0,5.0,6.0,8.0,-29.0,4.0
AnteriorIschemia_002,V4,AnteriorIschemia,reviewed,True,2.0,3.0,-1.0,118.0,109.0,9.0,170.0,158.0,12.0,218.0,218.0,0.0,370.0,373.0,-3.0,10.0,-2.0,-15.0,-3.0
AnteriorIschemia_002,V5,AnteriorIschemia,reviewed,True,4.0,3.0,1.0,100.0,109.0,-9.0,236.0,201.0,35.0,312.0,312.0,0.0,354.0,359.0,-5.0,-10.0,-6.0,-40.0,-5.0
AnteriorIschemia_002,V6,AnteriorIschemia,reviewed,True,4.0,3.0,1.0,98.0,109.0,-11.0,226.0,226.0,0.0,306.0,306.0,0.0,364.0,364.0,0.0,-12.0,-1.0,0.0,0.0
AnteriorIschemia_003,III,AnteriorIschemia,reviewed,True,0.0,3.0,-3.0,106.0,84.0,22.0,200.0,193.0,7.0,286.0,287.0,-1.0,360.0,367.0,-7.0,25.0,-4.0,-14.0,-6.0
AnteriorIschemia_003,aVR,AnteriorIschemia,reviewed,False,2.0,3.0,-1.0,84.0,84.0,0.0,206.0,144.0,62.0,286.0,286.0,0.0,356.0,361.0,-5.0,1.0,-4.0,-67.0,-5.0
AnteriorIschemia_003,aVL,AnteriorIschemia,reviewed,True,0.0,3.0,-3.0,106.0,84.0,22.0,176.0,144.0,32.0,286.0,287.0,-1.0,354.0,355.0,-1.0,25.0,2.0,-33.0,0.0
AnteriorIschemia_003,aVF,AnteriorIschemia,reviewed,True,0.0,3.0,-3.0,110.0,84.0,26.0,204.0,186.0,18.0,286.0,287.0,-1.0,358.0,361.0,-3.0,29.0,0.0,-21.0,-2.0
AnteriorIschemia_003,V1,AnteriorIschemia,reviewed,False,10.0,3.0,7.0,84.0,84.0,0.0,158.0,152.0,6.0,230.0,230.0,0.0,338.0,339.0,-1.0,-7.0,-8.0,-7.0,-1.0
AnteriorIschemia_003,V2,AnteriorIschemia,reviewed,True,10.0,3.0,7.0,92.0,84.0,8.0,166.0,174.0,-8.0,230.0,229.0,1.0,346.0,350.0,-4.0,1.0,-11.0,4.0,-5.0
AnteriorIschemia_003,V3,AnteriorIschemia,reviewed,True,4.0,3.0,1.0,92.0,84.0,8.0,170.0,144.0,26.0,224.0,224.0,0.0,342.0,347.0,-5.0,7.0,-6.0,-31.0,-5.0
AnteriorIschemia_003,V4,AnteriorIschemia,reviewed,False,4.0,3.0,1.0,84.0,84.0,0.0,156.0,160.0,-4.0,228.0,228.0,0.0,340.0,350.0,-10.0,-1.0,-11.0,-6.0,-10.0
AnteriorIschemia_003,V5,AnteriorIschemia,reviewed,False,4.0,3.0,1.0,84.0,84.0,0.0,186.0,238.0,-52.0,304.0,305.0,-1.0,350.0,351.0,-1.0,-1.0,-2.0,51.0,0.0
AnteriorIschemia_003,V6,AnteriorIschemia,reviewed,False,10.0,3.0,7.0,80.0,84.0,-4.0,248.0,144.0,104.0,300.0,299.0,1.0,346.0,352.0,-6.0,-11.0,-13.0,-110.0,-7.0
AnteriorIschemia_004,II,AnteriorIschemia,reviewed,True,2.0,3.0,-1.0,94.0,113.0,-19.0,198.0,128.0,70.0,286.0,286.0,0.0,360.0,361.0,-1.0,-18.0,0.0,-71.0,-1.0
AnteriorIschemia_004,III,AnteriorIschemia,reviewed,True,0.0,3.0,-3.0,94.0,113.0,-19.0,224.0,234.0,-10.0,298.0,298.0,0.0,364.0,404.0,-40.0,-16.0,-37.0,-30.0,-40.0
AnteriorIschemia_004,aVR,AnteriorIschemia,reviewed,False,4.0,3.0,1.0,86.0,113.0,-27.0,188.0,128.0,60.0,282.0,281.0,1.0,358.0,343.0,15.0,-28.0,14.0,-45.0,14.0
AnteriorIschemia_004,aVL,AnteriorIschemia,reviewed,True,4.0,3.0,1.0,132.0,113.0,19.0,178.0,113.0,65.0,208.0,208.0,0.0,358.0,361.0,-3.0,18.0,-4.0,-68.0,-3.0
AnteriorIschemia_004,aVF,AnteriorIschemia,reviewed,True,2.0,3.0,-1.0,96.0,113.0,-17.0,208.0,195.0,13.0,290.0,291.0,-1.0,362.0,355.0,7.0,-16.0,8.0,-6.0,8.0
AnteriorIschemia_004,V1,AnteriorIschemia,reviewed,False,0.0,3.0,-3.0,84.0,113.0,-29.0,142.0,115.0,27.0,242.0,242.0,0.0,352.0,377.0,-25.0,-26.0,-22.0,-52.0,-25.0
AnteriorIschemia_004,V2,AnteriorIschemia,reviewed,False,0.0,3.0,-3.0,84.0,113.0,-29.0,142.0,128.0,14.0,204.0,204.0,0.0,358.0,351.0,7.0,-26.0,10.0,-7.0,7.0
AnteriorIschemia_004,V3,AnteriorIschemia,reviewed,False,10.0,3.0,7.0,90.0,113.0,-23.0,192.0,128.0,64.0,302.0,201.0,101.0,350.0,363.0,-13.0,-30.0,-20.0,-77.0,-114.0
AnteriorIschemia_004,V4,AnteriorIschemia,reviewed,False,10.0,3.0,7.0,86.0,113.0,-27.0,96.0,113.0,-17.0,288.0,287.0,1.0,344.0,351.0,-7.0,-34.0,-14.0,10.0,-8.0
AnteriorIschemia_004,V5,AnteriorIschemia,reviewed,True,10.0,3.0,7.0,92.0,113.0,-21.0,208.0,187.0,21.0,294.0,294.0,0.0,352.0,350.0,2.0,-28.0,-5.0,-19.0,2.0
AnteriorIschemia_004,V6,AnteriorIschemia,reviewed,False,10.0,3.0,7.0,84.0,113.0,-29.0,214.0,195.0,19.0,290.0,289.0,1.0,348.0,349.0,-1.0,-36.0,-8.0,-20.0,-2.0
AnteriorIschemia_005,I,AnteriorIschemia,reviewed,False,10.0,7.0,3.0,82.0,101.0,-19.0,200.0,101.0,99.0,272.0,272.0,0.0,340.0,337.0,3.0,-22.0,0.0,-96.0,3.0
AnteriorIschemia_005,II,AnteriorIschemia,reviewed,False,2.0,7.0,-5.0,78.0,101.0,-23.0,206.0,139.0,67.0,286.0,286.0,0.0,354.0,354.0,0.0,-18.0,5.0,-67.0,0.0
AnteriorIschemia_005,III,AnteriorIschemia,reviewed,True,2.0,7.0,-5.0,94.0,101.0,-7.0,208.0,203.0,5.0,294.0,293.0,1.0,358.0,349.0,9.0,-2.0,14.0,4.0,8.0
AnteriorIschemia_005,aVL,AnteriorIschemia,reviewed,True,10.0,7.0,3.0,92.0,101.0,-9.0,260.0,101.0,159.0,304.0,304.0,0.0,354.0,347.0,7.0,-12.0,4.0,-152.0,7.0
AnteriorIschemia_005,aVF,AnteriorIschemia,reviewed,False,2.0,7.0,-5.0,86.0,101.0,-15.0,206.0,136.0,70.0,290.0,289.0,1.0,358.0,351.0,7.0,-10.0,12.0,-63.0,6.0
AnteriorIschemia_005,V1,AnteriorIschemia,reviewed,False,0.0,7.0,-7.0,80.0,101.0,-21.0,134.0,116.0,18.0,206.0,207.0,-1.0,334.0,334.0,0.0,-14.0,7.0,-18.0,1.0
AnteriorIschemia_005,V2,AnteriorIschemia,reviewed,True,0.0,7.0,-7.0,116.0,101.0,15.0,126.0,101.0,25.0,204.0,205.0,-1.0,344.0,351.0,-7.0,22.0,0.0,-32.0,-6.0
AnteriorIschemia_005,V3,AnteriorIschemia,reviewed,True,10.0,7.0,3.0,114.0,101.0,13.0,124.0,113.0,11.0,206.0,206.0,0.0,342.0,345.0,-3.0,10.0,-6.0,-14.0,-3.0
AnteriorIschemia_005,V5,AnteriorIschemia,reviewed,False,10.0,7.0,3.0,84.0,101.0,-17.0,214.0,101.0,113.0,292.0,292.0,0.0,348.0,350.0,-2.0,-20.0,-5.0,-115.0,-2.0
AnteriorIschemia_005,V6,AnteriorIschemia,reviewed,False,10.0,7.0,3.0,80.0,101.0,-21.0,228.0,199.0,29.0,290.0,290.0,0.0,344.0,347.0,-3.0,-24.0,-6.0,-32.0,-3.0
AnteriorIschemia_005,V4,AnteriorIschemia,reviewed,True,10.0,7.0,3.0,110.0,101.0,9.0,162.0,116.0,46.0,210.0,210.0,0.0,340.0,362.0,-22.0,6.0,-25.0,-68.0,-22.0
AnteriorIschemia_007,I,AnteriorIschemia,reviewed,False,10.0,5.0,5.0,76.0,108.0,-32.0,166.0,123.0,43.0,288.0,288.0,0.0,336.0,335.0,1.0,-37.0,-4.0,-42.0,1.0
AnteriorIschemia_006,I,AnteriorIschemia,reviewed,False,10.0,3.0,7.0,80.0,117.0,-37.0,182.0,117.0,65.0,270.0,269.0,1.0,342.0,334.0,8.0,-44.0,1.0,-57.0,7.0
AnteriorIschemia_006,II,AnteriorIschemia,reviewed,False,2.0,3.0,-1.0,76.0,117.0,-41.0,194.0,136.0,58.0,282.0,282.0,0.0,354.0,351.0,3.0,-40.0,4.0,-55.0,3.0
AnteriorIschemia_006,III,AnteriorIschemia,reviewed,False,2.0,3.0,-1.0,80.0,117.0,-37.0,212.0,222.0,-10.0,288.0,288.0,0.0,356.0,404.0,-48.0,-36.0,-47.0,-38.0,-48.0
AnteriorIschemia_006,aVL,AnteriorIschemia,reviewed,True,2.0,3.0,-1.0,94.0,117.0,-23.0,104.0,117.0,-13.0,206.0,205.0,1.0,354.0,400.0,-46.0,-22.0,-45.0,-33.0,-47.0
AnteriorIschemia_006,aVF,AnteriorIschemia,reviewed,False,2.0,3.0,-1.0,80.0,117.0,-37.0,200.0,182.0,18.0,284.0,284.0,0.0,356.0,363.0,-7.0,-36.0,-6.0,-25.0,-7.0
AnteriorIschemia_006,V1,AnteriorIschemia,reviewed,False,2.0,3.0,-1.0,76.0,117.0,-41.0,138.0,120.0,18.0,248.0,249.0,-1.0,330.0,335.0,-5.0,-40.0,-4.0,-23.0,-4.0
AnteriorIschemia_006,V2,AnteriorIschemia,reviewed,False,2.0,3.0,-1.0,74.0,117.0,-43.0,144.0,128.0,16.0,264.0,264.0,0.0,334.0,342.0,-8.0,-42.0,-7.0,-24.0,-8.0
AnteriorIschemia_006,V3,AnteriorIschemia,reviewed,False,2.0,3.0,-1.0,84.0,117.0,-33.0,150.0,117.0,33.0,224.0,225.0,-1.0,324.0,335.0,-11.0,-32.0,-10.0,-44.0,-10.0
AnteriorIschemia_006,V4,AnteriorIschemia,reviewed,False,2.0,3.0,-1.0,90.0,117.0,-27.0,158.0,128.0,30.0,224.0,224.0,0.0,346.0,351.0,-5.0,-26.0,-4.0,-35.0,-5.0
AnteriorIschemia_006,V5,AnteriorIschemia,reviewed,False,10.0,3.0,7.0,82.0,117.0,-35.0,184.0,158.0,26.0,234.0,233.0,1.0,334.0,343.0,-9.0,-42.0,-16.0,-35.0,-10.0
AnteriorIschemia_006,V6,AnteriorIschemia,reviewed,False,10.0,3.0,7.0,76.0,117.0,-41.0,228.0,222.0,6.0,294.0,295.0,-1.0,346.0,353.0,-7.0,-48.0,-14.0,-13.0,-6.0
AnteriorIschemia_007,II,AnteriorIschemia,reviewed,False,10.0,5.0,5.0,78.0,108.0,-30.0,212.0,191.0,21.0,284.0,285.0,-1.0,348.0,346.0,2.0,-35.0,-3.0,-19.0,3.0
AnteriorIschemia_007,III,AnteriorIschemia,reviewed,False,10.0,5.0,5.0,86.0,108.0,-22.0,210.0,210.0,0.0,284.0,284.0,0.0,350.0,349.0,1.0,-27.0,-4.0,1.0,1.0
AnteriorIschemia_007,aVR,AnteriorIschemia,reviewed,False,10.0,5.0,5.0,78.0,108.0,-30.0,212.0,165.0,47.0,284.0,285.0,-1.0,346.0,343.0,3.0,-35.0,-2.0,-44.0,4.0
AnteriorIschemia_007,aVL,AnteriorIschemia,reviewed,False,10.0,5.0,5.0,76.0,108.0,-32.0,210.0,223.0,-13.0,284.0,284.0,0.0,344.0,343.0,1.0,-37.0,-4.0,14.0,1.0
AnteriorIschemia_007,aVF,AnteriorIschemia,reviewed,False,10.0,5.0,5.0,86.0,108.0,-22.0,210.0,197.0,13.0,284.0,284.0,0.0,352.0,353.0,-1.0,-27.0,-6.0,-14.0,-1.0
AnteriorIschemia_007,V1,AnteriorIschemia,reviewed,False,10.0,5.0,5.0,74.0,108.0,-34.0,142.0,110.0,32.0,222.0,221.0,1.0,344.0,349.0,-5.0,-39.0,-10.0,-37.0,-6.0
AnteriorIschemia_007,V3,AnteriorIschemia,reviewed,False,4.0,5.0,-1.0,78.0,108.0,-30.0,174.0,141.0,33.0,216.0,217.0,-1.0,296.0,336.0,-40.0,-29.0,-39.0,-73.0,-39.0
AnteriorIschemia_007,V4,AnteriorIschemia,reviewed,False,10.0,5.0,5.0,78.0,108.0,-30.0,156.0,150.0,6.0,222.0,223.0,-1.0,328.0,335.0,-7.0,-35.0,-12.0,-13.0,-6.0
AnteriorIschemia_007,V5,AnteriorIschemia,reviewed,False,10.0,5.0,5.0,78.0,108.0,-30.0,220.0,201.0,19.0,292.0,291.0,1.0,340.0,343.0,-3.0,-35.0,-8.0,-22.0,-4.0
AnteriorIschemia_007,V6,AnteriorIschemia,reviewed,False,10.0,5.0,5.0,72.0,108.0,-36.0,236.0,230.0,6.0,292.0,293.0,-1.0,340.0,342.0,-2.0,-41.0,-7.0,-8.0,-1.0
AnteriorIschemia_008,II,AnteriorIschemia,reviewed,False,4.0,3.0,1.0,78.0,115.0,-37.0,204.0,128.0,76.0,288.0,287.0,1.0,352.0,349.0,3.0,-38.0,2.0,-73.0,2.0
AnteriorIschemia_008,III,AnteriorIschemia,reviewed,True,2.0,3.0,-1.0,94.0,115.0,-21.0,236.0,201.0,35.0,298.0,299.0,-1.0,354.0,351.0,3.0,-20.0,4.0,-32.0,4.0
AnteriorIschemia_008,I,AnteriorIschemia,reviewed,False,10.0,3.0,7.0,78.0,115.0,-37.0,180.0,123.0,57.0,264.0,264.0,0.0,338.0,339.0,-1.0,-44.0,-8.0,-58.0,-1.0
AnteriorIschemia_008,aVL,AnteriorIschemia,reviewed,True,2.0,3.0,-1.0,92.0,115.0,-23.0,102.0,132.0,-30.0,208.0,207.0,1.0,348.0,346.0,2.0,-22.0,3.0,32.0,1.0
AnteriorIschemia_008,aVF,AnteriorIschemia,reviewed,False,4.0,3.0,1.0,86.0,115.0,-29.0,218.0,204.0,14.0,292.0,293.0,-1.0,352.0,356.0,-4.0,-30.0,-5.0,-18.0,-3.0
AnteriorIschemia_008,V1,AnteriorIschemia,reviewed,False,2.0,3.0,-1.0,78.0,115.0,-37.0,142.0,117.0,25.0,270.0,271.0,-1.0,350.0,355.0,-5.0,-36.0,-4.0,-30.0,-4.0
AnteriorIschemia_008,V2,AnteriorIschemia,reviewed,False,0.0,3.0,-3.0,76.0,115.0,-39.0,144.0,120.0,24.0,258.0,258.0,0.0,354.0,362.0,-8.0,-36.0,-5.0,-32.0,-8.0
AnteriorIschemia_008,V3,AnteriorIschemia,reviewed,False,0.0,3.0,-3.0,86.0,115.0,-29.0,150.0,132.0,18.0,218.0,217.0,1.0,344.0,351.0,-7.0,-26.0,-4.0,-25.0,-8.0
AnteriorIschemia_008,V4,AnteriorIschemia,reviewed,False,10.0,3.0,7.0,86.0,115.0,-29.0,158.0,132.0,26.0,220.0,221.0,-1.0,350.0,360.0,-10.0,-36.0,-17.0,-36.0,-9.0
AnteriorIschemia_008,V5,AnteriorIschemia,reviewed,False,4.0,3.0,1.0,80.0,115.0,-35.0,204.0,132.0,72.0,292.0,292.0,0.0,340.0,351.0,-11.0,-36.0,-12.0,-83.0,-11.0
AnteriorIschemia_008,V6,AnteriorIschemia,reviewed,False,4.0,3.0,1.0,76.0,115.0,-39.0,228.0,182.0,46.0,294.0,293.0,1.0,344.0,342.0,2.0,-40.0,1.0,-44.0,1.0
AnteriorIschemia_009,I,AnteriorIschemia,reviewed,False,10.0,3.0,7.0,88.0,110.0,-22.0,98.0,110.0,-12.0,256.0,257.0,-1.0,344.0,337.0,7.0,-29.0,0.0,19.0,8.0
AnteriorIschemia_009,II,AnteriorIschemia,reviewed,False,2.0,3.0,-1.0,82.0,110.0,-28.0,206.0,150.0,56.0,286.0,286.0,0.0,350.0,337.0,13.0,-27.0,14.0,-43.0,13.0
AnteriorIschemia_009,III,AnteriorIschemia,reviewed,False,0.0,3.0,-3.0,90.0,110.0,-20.0,100.0,127.0,-27.0,206.0,205.0,1.0,332.0,337.0,-5.0,-17.0,-2.0,22.0,-6.0
AnteriorIschemia_009,aVR,AnteriorIschemia,reviewed,False,4.0,3.0,1.0,80.0,110.0,-30.0,184.0,127.0,57.0,282.0,281.0,1.0,348.0,337.0,11.0,-31.0,10.0,-46.0,10.0
AnteriorIschemia_009,aVL,AnteriorIschemia,reviewed,False,2.0,3.0,-1.0,88.0,110.0,-22.0,98.0,110.0,-12.0,220.0,220.0,0.0,342.0,337.0,5.0,-21.0,6.0,17.0,5.0
AnteriorIschemia_009,V4,AnteriorIschemia,reviewed,False,0.0,3.0,-3.0,88.0,110.0,-22.0,154.0,127.0,27.0,258.0,259.0,-1.0,342.0,350.0,-8.0,-19.0,-5.0,-35.0,-7.0
AnteriorIschemia_009,V5,AnteriorIschemia,reviewed,False,10.0,3.0,7.0,82.0,110.0,-28.0,202.0,140.0,62.0,288.0,288.0,0.0,336.0,337.0,-1.0,-35.0,-8.0,-63.0,-1.0
AnteriorIschemia_009,V6,AnteriorIschemia,reviewed,False,10.0,3.0,7.0,82.0,110.0,-28.0,228.0,186.0,42.0,292.0,293.0,-1.0,346.0,337.0,9.0,-35.0,2.0,-33.0,10.0
AnteriorIschemia_009,aVF,AnteriorIschemia,reviewed,False,2.0,3.0,-1.0,90.0,110.0,-20.0,228.0,127.0,101.0,290.0,289.0,1.0,350.0,337.0,13.0,-19.0,14.0,-88.0,12.0
AnteriorIschemia_009,V1,AnteriorIschemia,reviewed,False,10.0,3.0,7.0,80.0,110.0,-30.0,136.0,127.0,9.0,194.0,195.0,-1.0,340.0,337.0,3.0,-37.0,-4.0,-6.0,4.0
AnteriorIschemia_009,V2,AnteriorIschemia,reviewed,False,0.0,3.0,-3.0,76.0,110.0,-34.0,140.0,127.0,13.0,220.0,219.0,1.0,348.0,337.0,11.0,-31.0,14.0,-2.0,10.0
AnteriorIschemia_010,I,AnteriorIschemia,reviewed,False,10.0,3.0,7.0,82.0,76.0,6.0,180.0,105.0,75.0,268.0,268.0,0.0,344.0,348.0,-4.0,-1.0,-11.0,-79.0,-4.0
AnteriorIschemia_010,II,AnteriorIschemia,reviewed,False,4.0,3.0,1.0,88.0,76.0,12.0,206.0,140.0,66.0,288.0,289.0,-1.0,362.0,348.0,14.0,11.0,13.0,-52.0,15.0
AnteriorIschemia_010,III,AnteriorIschemia,reviewed,False,2.0,3.0,-1.0,86.0,76.0,10.0,238.0,196.0,42.0,300.0,299.0,1.0,360.0,348.0,12.0,11.0,13.0,-30.0,11.0
AnteriorIschemia_010,aVL,AnteriorIschemia,reviewed,False,10.0,3.0,7.0,86.0,76.0,10.0,96.0,164.0,-68.0,208.0,208.0,0.0,358.0,348.0,10.0,3.0,3.0,78.0,10.0
AnteriorIschemia_010,aVF,AnteriorIschemia,reviewed,False,4.0,3.0,1.0,86.0,76.0,10.0,220.0,135.0,85.0,294.0,293.0,1.0,360.0,363.0,-3.0,9.0,-4.0,-88.0,-4.0
AnteriorIschemia_010,V1,AnteriorIschemia,reviewed,False,0.0,3.0,-3.0,82.0,76.0,6.0,144.0,98.0,46.0,292.0,292.0,0.0,356.0,348.0,8.0,9.0,11.0,-38.0,8.0
AnteriorIschemia_010,V2,AnteriorIschemia,reviewed,False,0.0,3.0,-3.0,82.0,76.0,6.0,140.0,128.0,12.0,218.0,219.0,-1.0,358.0,348.0,10.0,9.0,13.0,-2.0,11.0
AnteriorIschemia_010,V3,AnteriorIschemia,reviewed,False,10.0,3.0,7.0,90.0,76.0,14.0,154.0,128.0,26.0,214.0,213.0,1.0,302.0,348.0,-46.0,7.0,-53.0,-72.0,-47.0
AnteriorIschemia_010,V6,AnteriorIschemia,reviewed,False,10.0,3.0,7.0,80.0,76.0,4.0,216.0,190.0,26.0,290.0,290.0,0.0,348.0,348.0,0.0,-3.0,-7.0,-26.0,0.0
AnteriorIschemia_010,V4,AnteriorIschemia,reviewed,False,4.0,3.0,1.0,90.0,76.0,14.0,202.0,128.0,74.0,290.0,289.0,1.0,348.0,348.0,0.0,13.0,-1.0,-74.0,-1.0
AnteriorIschemia_010,V5,AnteriorIschemia,reviewed,False,10.0,3.0,7.0,86.0,76.0,10.0,206.0,128.0,78.0,294.0,295.0,-1.0,354.0,348.0,6.0,3.0,-1.0,-72.0,7.0
AnteriorIschemia_011,I,AnteriorIschemia,reviewed,True,10.0,3.0,7.0,120.0,93.0,27.0,198.0,96.0,102.0,272.0,272.0,0.0,372.0,370.0,2.0,20.0,-5.0,-100.0,2.0
AnteriorIschemia_011,II,AnteriorIschemia,reviewed,True,4.0,3.0,1.0,104.0,93.0,11.0,208.0,209.0,-1.0,288.0,289.0,-1.0,370.0,398.0,-28.0,10.0,-29.0,-27.0,-27.0
AnteriorIschemia_011,III,AnteriorIschemia,reviewed,True,4.0,3.0,1.0,104.0,93.0,11.0,212.0,213.0,-1.0,292.0,292.0,0.0,372.0,385.0,-13.0,10.0,-14.0,-12.0,-13.0
AnteriorIschemia_011,aVR,AnteriorIschemia,reviewed,True,4.0,3.0,1.0,108.0,93.0,15.0,206.0,160.0,46.0,286.0,286.0,0.0,356.0,361.0,-5.0,14.0,-6.0,-51.0,-5.0
AnteriorIschemia_011,aVL,AnteriorIschemia,reviewed,True,4.0,3.0,1.0,104.0,93.0,11.0,216.0,144.0,72.0,296.0,296.0,0.0,372.0,378.0,-6.0,10.0,-7.0,-78.0,-6.0
AnteriorIschemia_011,aVF,AnteriorIschemia,reviewed,True,4.0,3.0,1.0,104.0,93.0,11.0,210.0,205.0,5.0,290.0,290.0,0.0,372.0,355.0,17.0,10.0,16.0,12.0,17.0
AnteriorIschemia_011,V1,AnteriorIschemia,reviewed,True,0.0,3.0,-3.0,96.0,93.0,3.0,106.0,96.0,10.0,190.0,190.0,0.0,362.0,363.0,-1.0,6.0,2.0,-11.0,-1.0
AnteriorIschemia_011,V2,AnteriorIschemia,reviewed,True,0.0,3.0,-3.0,98.0,93.0,5.0,108.0,96.0,12.0,196.0,196.0,0.0,368.0,343.0,25.0,8.0,28.0,13.0,25.0
AnteriorIschemia_011,V3,AnteriorIschemia,reviewed,True,0.0,3.0,-3.0,98.0,93.0,5.0,108.0,96.0,12.0,216.0,216.0,0.0,372.0,369.0,3.0,8.0,6.0,-9.0,3.0
AnteriorIschemia_011,V4,AnteriorIschemia,reviewed,True,4.0,3.0,1.0,98.0,93.0,5.0,108.0,96.0,12.0,218.0,218.0,0.0,346.0,357.0,-11.0,4.0,-12.0,-23.0,-11.0
AnteriorIschemia_011,V6,AnteriorIschemia,reviewed,True,10.0,3.0,7.0,96.0,93.0,3.0,218.0,182.0,36.0,288.0,288.0,0.0,342.0,343.0,-1.0,-4.0,-8.0,-37.0,-1.0
AnteriorIschemia_012,I,AnteriorIschemia,reviewed,True,10.0,4.0,6.0,146.0,84.0,62.0,196.0,101.0,95.0,270.0,270.0,0.0,352.0,353.0,-1.0,56.0,-7.0,-96.0,-1.0
AnteriorIschemia_012,II,AnteriorIschemia,reviewed,True,4.0,4.0,0.0,100.0,84.0,16.0,202.0,139.0,63.0,288.0,287.0,1.0,370.0,386.0,-16.0,16.0,-16.0,-79.0,-17.0
AnteriorIschemia_012,III,AnteriorIschemia,reviewed,True,4.0,4.0,0.0,148.0,84.0,64.0,228.0,143.0,85.0,296.0,296.0,0.0,372.0,393.0,-21.0,64.0,-21.0,-106.0,-21.0
AnteriorIschemia_012,aVL,AnteriorIschemia,reviewed,True,2.0,4.0,-2.0,150.0,84.0,66.0,162.0,93.0,69.0,208.0,207.0,1.0,366.0,353.0,13.0,68.0,15.0,-56.0,12.0
AnteriorIschemia_012,aVF,AnteriorIschemia,reviewed,True,4.0,4.0,0.0,100.0,84.0,16.0,212.0,139.0,73.0,292.0,291.0,1.0,370.0,374.0,-4.0,16.0,-4.0,-77.0,-5.0
AnteriorIschemia_012,V1,AnteriorIschemia,reviewed,True,0.0,4.0,-4.0,94.0,84.0,10.0,152.0,92.0,60.0,284.0,285.0,-1.0,352.0,353.0,-1.0,14.0,3.0,-61.0,0.0
AnteriorIschemia_012,V3,AnteriorIschemia,reviewed,True,10.0,4.0,6.0,102.0,84.0,18.0,158.0,139.0,19.0,216.0,216.0,0.0,368.0,353.0,15.0,12.0,9.0,-4.0,15.0
AnteriorIschemia_012,V4,AnteriorIschemia,reviewed,True,10.0,4.0,6.0,108.0,84.0,24.0,208.0,150.0,58.0,310.0,310.0,0.0,364.0,369.0,-5.0,18.0,-11.0,-63.0,-5.0
AnteriorIschemia_012,V5,AnteriorIschemia,reviewed,True,4.0,4.0,0.0,96.0,84.0,12.0,106.0,104.0,2.0,278.0,278.0,0.0,354.0,353.0,1.0,12.0,1.0,-1.0,1.0
AnteriorIschemia_012,V6,AnteriorIschemia,reviewed,True,10.0,4.0,6.0,94.0,84.0,10.0,234.0,187.0,47.0,302.0,302.0,0.0,360.0,353.0,7.0,4.0,1.0,-40.0,7.0
AnteriorIschemia_012,V2,AnteriorIschemia,reviewed,True,2.0,4.0,-2.0,94.0,84.0,10.0,150.0,139.0,11.0,244.0,244.0,0.0,358.0,353.0,5.0,12.0,7.0,-6.0,5.0
AnteriorIschemia_013,II,AnteriorIschemia,reviewed,False,10.0,5.0,5.0,86.0,88.0,-2.0,212.0,202.0,10.0,290.0,290.0,0.0,358.0,348.0,10.0,-7.0,5.0,0.0,10.0
AnteriorIschemia_013,III,AnteriorIschemia,reviewed,True,4.0,5.0,-1.0,92.0,88.0,4.0,214.0,195.0,19.0,296.0,295.0,1.0,366.0,367.0,-1.0,5.0,0.0,-20.0,-2.0
AnteriorIschemia_013,aVR,AnteriorIschemia,reviewed,False,10.0,5.0,5.0,82.0,88.0,-6.0,212.0,152.0,60.0,288.0,288.0,0.0,354.0,359.0,-5.0,-11.0,-10.0,-65.0,-5.0
AnteriorIschemia_013,aVL,AnteriorIschemia,reviewed,True,2.0,5.0,-3.0,92.0,88.0,4.0,222.0,128.0,94.0,304.0,305.0,-1.0,360.0,370.0,-10.0,7.0,-7.0,-104.0,-9.0
AnteriorIschemia_013,aVF,AnteriorIschemia,reviewed,True,4.0,5.0,-1.0,92.0,88.0,4.0,212.0,209.0,3.0,292.0,292.0,0.0,362.0,365.0,-3.0,5.0,-2.0,-6.0,-3.0
AnteriorIschemia_013,V1,AnteriorIschemia,reviewed,False,0.0,5.0,-5.0,78.0,88.0,-10.0,88.0,96.0,-8.0,202.0,201.0,1.0,340.0,331.0,9.0,-5.0,14.0,17.0,8.0
AnteriorIschemia_013,V2,AnteriorIschemia,reviewed,True,0.0,5.0,-5.0,110.0,88.0,22.0,120.0,106.0,14.0,212.0,212.0,0.0,348.0,350.0,-2.0,27.0,3.0,-16.0,-2.0
AnteriorIschemia_013,V3,AnteriorIschemia,reviewed,True,4.0,5.0,-1.0,110.0,88.0,22.0,120.0,106.0,14.0,210.0,210.0,0.0,334.0,331.0,3.0,23.0,4.0,-11.0,3.0
AnteriorIschemia_013,V5,AnteriorIschemia,reviewed,False,4.0,5.0,-1.0,82.0,88.0,-6.0,178.0,191.0,-13.0,302.0,301.0,1.0,346.0,331.0,15.0,-5.0,16.0,28.0,14.0
AnteriorIschemia_013,V6,AnteriorIschemia,reviewed,False,4.0,5.0,-1.0,76.0,88.0,-12.0,244.0,191.0,53.0,298.0,298.0,0.0,348.0,361.0,-13.0,-11.0,-12.0,-66.0,-13.0
AnteriorIschemia_013,V4,AnteriorIschemia,reviewed,False,4.0,5.0,-1.0,90.0,88.0,2.0,102.0,106.0,-4.0,206.0,206.0,0.0,314.0,331.0,-17.0,3.0,-16.0,-13.0,-17.0
AnteriorIschemia_014,II,AnteriorIschemia,reviewed,True,4.0,8.0,-4.0,92.0,85.0,7.0,212.0,152.0,60.0,288.0,289.0,-1.0,360.0,363.0,-3.0,11.0,1.0,-63.0,-2.0
AnteriorIschemia_014,III,AnteriorIschemia,reviewed,True,2.0,8.0,-6.0,94.0,85.0,9.0,218.0,139.0,79.0,290.0,291.0,-1.0,362.0,359.0,3.0,15.0,9.0,-76.0,4.0
AnteriorIschemia_014,aVR,AnteriorIschemia,reviewed,False,10.0,8.0,2.0,84.0,85.0,-1.0,210.0,158.0,52.0,288.0,287.0,1.0,358.0,365.0,-7.0,-3.0,-9.0,-59.0,-8.0
AnteriorIschemia_014,aVL,AnteriorIschemia,reviewed,True,2.0,8.0,-6.0,94.0,85.0,9.0,228.0,112.0,116.0,294.0,294.0,0.0,358.0,381.0,-23.0,15.0,-17.0,-139.0,-23.0
AnteriorIschemia_014,aVF,AnteriorIschemia,reviewed,True,4.0,8.0,-4.0,94.0,85.0,9.0,214.0,148.0,66.0,290.0,290.0,0.0,360.0,365.0,-5.0,13.0,-1.0,-71.0,-5.0
AnteriorIschemia_014,V1,AnteriorIschemia,reviewed,False,0.0,8.0,-8.0,84.0,85.0,-1.0,134.0,112.0,22.0,196.0,197.0,-1.0,342.0,357.0,-15.0,7.0,-7.0,-37.0,-14.0
AnteriorIschemia_014,V2,AnteriorIschemia,reviewed,False,10.0,8.0,2.0,90.0,85.0,5.0,100.0,112.0,-12.0,204.0,205.0,-1.0,338.0,351.0,-13.0,3.0,-15.0,-1.0,-12.0
AnteriorIschemia_014,V5,AnteriorIschemia,reviewed,False,4.0,8.0,-4.0,84.0,85.0,-1.0,210.0,179.0,31.0,292.0,292.0,0.0,348.0,343.0,5.0,3.0,9.0,-26.0,5.0
AnteriorIschemia_014,V6,AnteriorIschemia,reviewed,False,4.0,8.0,-4.0,78.0,85.0,-7.0,234.0,187.0,47.0,296.0,296.0,0.0,346.0,359.0,-13.0,-3.0,-9.0,-60.0,-13.0
AnteriorIschemia_014,V3,AnteriorIschemia,reviewed,False,10.0,8.0,2.0,90.0,85.0,5.0,100.0,112.0,-12.0,216.0,215.0,1.0,338.0,329.0,9.0,3.0,7.0,21.0,8.0
AnteriorIschemia_014,V4,AnteriorIschemia,reviewed,False,4.0,8.0,-4.0,84.0,85.0,-1.0,100.0,112.0,-12.0,230.0,229.0,1.0,340.0,329.0,11.0,3.0,15.0,23.0,10.0
AnteriorIschemia_015,I,AnteriorIschemia,reviewed,True,10.0,5.0,5.0,92.0,84.0,8.0,160.0,166.0,-6.0,260.0,260.0,0.0,336.0,345.0,-9.0,3.0,-14.0,-3.0,-9.0
AnteriorIschemia_015,II,AnteriorIschemia,reviewed,True,10.0,5.0,5.0,92.0,84.0,8.0,214.0,195.0,19.0,292.0,291.0,1.0,358.0,361.0,-3.0,3.0,-8.0,-22.0,-4.0
AnteriorIschemia_015,III,AnteriorIschemia,reviewed,True,10.0,5.0,5.0,92.0,84.0,8.0,224.0,182.0,42.0,296.0,295.0,1.0,356.0,359.0,-3.0,3.0,-8.0,-45.0,-4.0
AnteriorIschemia_015,aVF,AnteriorIschemia,reviewed,True,10.0,5.0,5.0,92.0,84.0,8.0,218.0,222.0,-4.0,294.0,293.0,1.0,358.0,363.0,-5.0,3.0,-10.0,-1.0,-6.0
AnteriorIschemia_015,V1,AnteriorIschemia,reviewed,False,2.0,5.0,-3.0,80.0,84.0,-4.0,138.0,88.0,50.0,220.0,226.0,-6.0,322.0,345.0,-23.0,-1.0,-20.0,-73.0,-17.0
AnteriorIschemia_015,V2,AnteriorIschemia,reviewed,False,0.0,5.0,-5.0,82.0,84.0,-2.0,142.0,107.0,35.0,214.0,214.0,0.0,316.0,345.0,-29.0,3.0,-24.0,-64.0,-29.0
AnteriorIschemia_015,V3,AnteriorIschemia,reviewed,True,10.0,5.0,5.0,92.0,84.0,8.0,156.0,131.0,25.0,214.0,214.0,0.0,302.0,345.0,-43.0,3.0,-48.0,-68.0,-43.0
AnteriorIschemia_015,V5,AnteriorIschemia,reviewed,False,4.0,5.0,-1.0,86.0,84.0,2.0,250.0,226.0,24.0,304.0,303.0,1.0,350.0,345.0,5.0,3.0,6.0,-19.0,4.0
AnteriorIschemia_015,V6,AnteriorIschemia,reviewed,False,4.0,5.0,-1.0,82.0,84.0,-2.0,238.0,187.0,51.0,298.0,297.0,1.0,348.0,345.0,3.0,-1.0,4.0,-48.0,2.0
AnteriorIschemia_015,aVL,AnteriorIschemia,reviewed,True,10.0,5.0,5.0,92.0,84.0,8.0,102.0,131.0,-29.0,200.0,199.0,1.0,352.0,345.0,7.0,3.0,2.0,36.0,6.0
AnteriorIschemia_015,V4,AnteriorIschemia,reviewed,True,4.0,5.0,-1.0,92.0,84.0,8.0,192.0,131.0,61.0,310.0,309.0,1.0,348.0,345.0,3.0,9.0,4.0,-58.0,2.0
AnteriorIschemia_016,I,AnteriorIschemia,reviewed,False,10.0,5.0,5.0,76.0,101.0,-25.0,152.0,107.0,45.0,260.0,260.0,0.0,318.0,324.0,-6.0,-30.0,-11.0,-51.0,-6.0
AnteriorIschemia_016,II,AnteriorIschemia,reviewed,False,4.0,5.0,-1.0,82.0,101.0,-19.0,206.0,152.0,54.0,286.0,286.0,0.0,350.0,350.0,0.0,-18.0,1.0,-54.0,0.0
AnteriorIschemia_016,III,AnteriorIschemia,reviewed,False,10.0,5.0,5.0,82.0,101.0,-19.0,228.0,187.0,41.0,294.0,293.0,1.0,352.0,359.0,-7.0,-24.0,-12.0,-48.0,-8.0
AnteriorIschemia_016,aVR,AnteriorIschemia,reviewed,False,10.0,5.0,5.0,80.0,101.0,-21.0,190.0,140.0,50.0,278.0,278.0,0.0,344.0,347.0,-3.0,-26.0,-8.0,-53.0,-3.0
AnteriorIschemia_016,aVL,AnteriorIschemia,reviewed,False,4.0,5.0,-1.0,82.0,101.0,-19.0,92.0,101.0,-9.0,198.0,197.0,1.0,346.0,350.0,-4.0,-18.0,-3.0,5.0,-5.0
AnteriorIschemia_016,aVF,AnteriorIschemia,reviewed,False,4.0,5.0,-1.0,82.0,101.0,-19.0,218.0,179.0,39.0,290.0,290.0,0.0,352.0,351.0,1.0,-18.0,2.0,-38.0,1.0
AnteriorIschemia_016,V1,AnteriorIschemia,reviewed,False,10.0,5.0,5.0,70.0,101.0,-31.0,144.0,101.0,43.0,270.0,270.0,0.0,332.0,324.0,8.0,-36.0,3.0,-35.0,8.0
AnteriorIschemia_016,V2,AnteriorIschemia,reviewed,False,10.0,5.0,5.0,76.0,101.0,-25.0,148.0,101.0,47.0,266.0,267.0,-1.0,336.0,324.0,12.0,-30.0,7.0,-35.0,13.0
AnteriorIschemia_016,V4,AnteriorIschemia,reviewed,False,4.0,5.0,-1.0,78.0,101.0,-23.0,168.0,162.0,6.0,254.0,253.0,1.0,330.0,324.0,6.0,-22.0,7.0,0.0,5.0
AnteriorIschemia_016,V5,AnteriorIschemia,reviewed,False,10.0,5.0,5.0,78.0,101.0,-23.0,178.0,160.0,18.0,264.0,263.0,1.0,332.0,324.0,8.0,-28.0,3.0,-10.0,7.0
AnteriorIschemia_016,V6,AnteriorIschemia,reviewed,False,10.0,5.0,5.0,76.0,101.0,-25.0,194.0,163.0,31.0,274.0,274.0,0.0,330.0,324.0,6.0,-30.0,1.0,-25.0,6.0
AnteriorIschemia_017,II,AnteriorIschemia,reviewed,False,10.0,3.0,7.0,88.0,120.0,-32.0,206.0,136.0,70.0,286.0,286.0,0.0,358.0,346.0,12.0,-39.0,5.0,-58.0,12.0
AnteriorIschemia_017,III,AnteriorIschemia,reviewed,False,10.0,3.0,7.0,88.0,120.0,-32.0,222.0,196.0,26.0,290.0,290.0,0.0,356.0,360.0,-4.0,-39.0,-11.0,-30.0,-4.0
AnteriorIschemia_017,aVR,AnteriorIschemia,reviewed,True,4.0,3.0,1.0,114.0,120.0,-6.0,196.0,136.0,60.0,282.0,283.0,-1.0,360.0,356.0,4.0,-7.0,3.0,-56.0,5.0
AnteriorIschemia_017,aVL,AnteriorIschemia,reviewed,False,10.0,3.0,7.0,88.0,120.0,-32.0,240.0,120.0,120.0,296.0,295.0,1.0,354.0,352.0,2.0,-39.0,-5.0,-118.0,1.0
AnteriorIschemia_017,aVF,AnteriorIschemia,reviewed,False,10.0,3.0,7.0,88.0,120.0,-32.0,214.0,201.0,13.0,288.0,288.0,0.0,358.0,355.0,3.0,-39.0,-4.0,-10.0,3.0
AnteriorIschemia_017,V1,AnteriorIschemia,reviewed,False,0.0,3.0,-3.0,84.0,120.0,-36.0,138.0,123.0,15.0,228.0,229.0,-1.0,348.0,340.0,8.0,-33.0,11.0,-7.0,9.0
AnteriorIschemia_017,V2,AnteriorIschemia,reviewed,False,0.0,3.0,-3.0,86.0,120.0,-34.0,142.0,120.0,22.0,220.0,221.0,-1.0,356.0,362.0,-6.0,-31.0,-3.0,-28.0,-5.0
AnteriorIschemia_017,V3,AnteriorIschemia,reviewed,True,10.0,3.0,7.0,94.0,120.0,-26.0,152.0,136.0,16.0,204.0,204.0,0.0,328.0,340.0,-12.0,-33.0,-19.0,-28.0,-12.0
AnteriorIschemia_017,V4,AnteriorIschemia,reviewed,True,4.0,3.0,1.0,94.0,120.0,-26.0,246.0,147.0,99.0,286.0,285.0,1.0,352.0,340.0,12.0,-27.0,11.0,-87.0,11.0
AnteriorIschemia_017,V6,AnteriorIschemia,reviewed,False,10.0,3.0,7.0,80.0,120.0,-40.0,218.0,161.0,57.0,290.0,291.0,-1.0,350.0,340.0,10.0,-47.0,3.0,-47.0,11.0
AnteriorIschemia_017,V5,AnteriorIschemia,reviewed,False,10.0,3.0,7.0,80.0,120.0,-40.0,206.0,136.0,70.0,290.0,291.0,-1.0,350.0,340.0,10.0,-47.0,3.0,-60.0,11.0
AnteriorIschemia_018,I,AnteriorIschemia,reviewed,False,10.0,4.0,6.0,78.0,109.0,-31.0,212.0,167.0,45.0,286.0,285.0,1.0,348.0,337.0,11.0,-37.0,5.0,-34.0,10.0
AnteriorIschemia_018,aVR,AnteriorIschemia,reviewed,False,10.0,4.0,6.0,78.0,109.0,-31.0,214.0,153.0,61.0,286.0,286.0,0.0,352.0,351.0,1.0,-37.0,-5.0,-60.0,1.0
AnteriorIschemia_018,aVF,AnteriorIschemia,reviewed,False,10.0,4.0,6.0,84.0,109.0,-25.0,214.0,219.0,-5.0,286.0,286.0,0.0,354.0,358.0,-4.0,-31.0,-10.0,1.0,-4.0
AnteriorIschemia_018,V1,AnteriorIschemia,reviewed,False,0.0,4.0,-4.0,86.0,109.0,-23.0,140.0,110.0,30.0,206.0,206.0,0.0,338.0,337.0,1.0,-19.0,5.0,-29.0,1.0
AnteriorIschemia_018,V4,AnteriorIschemia,reviewed,False,10.0,4.0,6.0,84.0,109.0,-25.0,218.0,199.0,19.0,294.0,294.0,0.0,346.0,337.0,9.0,-31.0,3.0,-10.0,9.0
AnteriorIschemia_018,V5,AnteriorIschemia,reviewed,False,10.0,4.0,6.0,76.0,109.0,-33.0,220.0,184.0,36.0,288.0,288.0,0.0,348.0,337.0,11.0,-39.0,5.0,-25.0,11.0
AnteriorIschemia_018,V6,AnteriorIschemia,reviewed,False,10.0,4.0,6.0,78.0,109.0,-31.0,224.0,188.0,36.0,288.0,289.0,-1.0,350.0,337.0,13.0,-37.0,7.0,-23.0,14.0
AnteriorIschemia_018,III,AnteriorIschemia,reviewed,False,10.0,4.0,6.0,84.0,109.0,-25.0,218.0,122.0,96.0,288.0,287.0,1.0,352.0,337.0,15.0,-31.0,9.0,-81.0,14.0
AnteriorIschemia_018,aVL,AnteriorIschemia,reviewed,False,10.0,4.0,6.0,84.0,109.0,-25.0,94.0,122.0,-28.0,266.0,265.0,1.0,330.0,337.0,-7.0,-31.0,-13.0,21.0,-8.0
AnteriorIschemia_018,V2,AnteriorIschemia,reviewed,False,10.0,4.0,6.0,90.0,109.0,-19.0,152.0,122.0,30.0,204.0,204.0,0.0,316.0,337.0,-21.0,-25.0,-27.0,-51.0,-21.0
AnteriorIschemia_018,V3,AnteriorIschemia,reviewed,False,10.0,4.0,6.0,86.0,109.0,-23.0,142.0,122.0,20.0,308.0,307.0,1.0,342.0,337.0,5.0,-29.0,-1.0,-15.0,4.0
AnteriorIschemia_019,I,AnteriorIschemia,reviewed,False,10.0,9.0,1.0,80.0,84.0,-4.0,214.0,166.0,48.0,290.0,291.0,-1.0,356.0,359.0,-3.0,-5.0,-4.0,-51.0,-2.0
AnteriorIschemia_019,III,AnteriorIschemia,reviewed,False,10.0,9.0,1.0,82.0,84.0,-2.0,210.0,127.0,83.0,282.0,281.0,1.0,348.0,334.0,14.0,-3.0,13.0,-69.0,13.0
AnteriorIschemia_019,aVR,AnteriorIschemia,reviewed,False,10.0,9.0,1.0,82.0,84.0,-2.0,214.0,144.0,70.0,288.0,289.0,-1.0,358.0,367.0,-9.0,-3.0,-10.0,-79.0,-8.0
AnteriorIschemia_019,aVL,AnteriorIschemia,reviewed,False,10.0,9.0,1.0,78.0,84.0,-6.0,218.0,174.0,44.0,294.0,294.0,0.0,352.0,357.0,-5.0,-7.0,-6.0,-49.0,-5.0
AnteriorIschemia_019,aVF,AnteriorIschemia,reviewed,False,10.0,9.0,1.0,82.0,84.0,-2.0,212.0,131.0,81.0,286.0,286.0,0.0,356.0,355.0,1.0,-3.0,0.0,-80.0,1.0
AnteriorIschemia_019,V4,AnteriorIschemia,reviewed,True,10.0,9.0,1.0,96.0,84.0,12.0,210.0,152.0,58.0,294.0,295.0,-1.0,350.0,355.0,-5.0,11.0,-6.0,-63.0,-4.0
AnteriorIschemia_019,V5,AnteriorIschemia,reviewed,False,10.0,9.0,1.0,80.0,84.0,-4.0,220.0,150.0,70.0,290.0,291.0,-1.0,356.0,351.0,5.0,-5.0,4.0,-65.0,6.0
AnteriorIschemia_019,V6,AnteriorIschemia,reviewed,False,10.0,9.0,1.0,82.0,84.0,-2.0,224.0,139.0,85.0,292.0,291.0,1.0,356.0,361.0,-5.0,-3.0,-6.0,-90.0,-6.0
AnteriorIschemia_019,V1,AnteriorIschemia,reviewed,True,10.0,9.0,1.0,102.0,84.0,18.0,112.0,99.0,13.0,192.0,193.0,-1.0,346.0,334.0,12.0,17.0,11.0,-1.0,13.0
AnteriorIschemia_019,V2,AnteriorIschemia,reviewed,True,10.0,9.0,1.0,102.0,84.0,18.0,158.0,99.0,59.0,196.0,197.0,-1.0,336.0,334.0,2.0,17.0,1.0,-57.0,3.0
AnteriorIschemia_019,V3,AnteriorIschemia,reviewed,True,10.0,9.0,1.0,94.0,84.0,10.0,150.0,99.0,51.0,202.0,203.0,-1.0,338.0,334.0,4.0,9.0,3.0,-47.0,5.0
AnteriorIschemia_020,II,AnteriorIschemia,reviewed,False,4.0,4.0,0.0,84.0,92.0,-8.0,214.0,131.0,83.0,286.0,286.0,0.0,348.0,334.0,14.0,-8.0,14.0,-69.0,14.0
AnteriorIschemia_020,III,AnteriorIschemia,reviewed,False,2.0,4.0,-2.0,84.0,92.0,-8.0,250.0,199.0,51.0,296.0,296.0,0.0,350.0,350.0,0.0,-6.0,2.0,-51.0,0.0
AnteriorIschemia_020,aVL,AnteriorIschemia,reviewed,False,10.0,4.0,6.0,84.0,92.0,-8.0,186.0,166.0,20.0,264.0,264.0,0.0,346.0,350.0,-4.0,-14.0,-10.0,-24.0,-4.0
AnteriorIschemia_020,aVF,AnteriorIschemia,reviewed,False,4.0,4.0,0.0,84.0,92.0,-8.0,222.0,135.0,87.0,290.0,291.0,-1.0,350.0,357.0,-7.0,-8.0,-7.0,-94.0,-6.0
AnteriorIschemia_020,V1,AnteriorIschemia,reviewed,False,0.0,4.0,-4.0,90.0,92.0,-2.0,146.0,109.0,37.0,220.0,219.0,1.0,350.0,359.0,-9.0,2.0,-5.0,-46.0,-10.0
AnteriorIschemia_020,V2,AnteriorIschemia,reviewed,True,4.0,4.0,0.0,112.0,92.0,20.0,160.0,135.0,25.0,210.0,210.0,0.0,342.0,365.0,-23.0,20.0,-23.0,-48.0,-23.0
AnteriorIschemia_020,V3,AnteriorIschemia,reviewed,False,2.0,4.0,-2.0,90.0,92.0,-2.0,162.0,135.0,27.0,204.0,205.0,-1.0,338.0,334.0,4.0,0.0,6.0,-23.0,5.0
AnteriorIschemia_020,V4,AnteriorIschemia,reviewed,False,4.0,4.0,0.0,90.0,92.0,-2.0,178.0,144.0,34.0,294.0,294.0,0.0,326.0,334.0,-8.0,-2.0,-8.0,-42.0,-8.0
AnteriorIschemia_020,V5,AnteriorIschemia,reviewed,False,10.0,4.0,6.0,84.0,92.0,-8.0,212.0,162.0,50.0,286.0,287.0,-1.0,340.0,334.0,6.0,-14.0,0.0,-44.0,7.0
AnteriorIschemia_020,V6,AnteriorIschemia,reviewed,False,10.0,4.0,6.0,84.0,92.0,-8.0,226.0,195.0,31.0,288.0,287.0,1.0,336.0,334.0,2.0,-14.0,-4.0,-29.0,1.0
AnteriorIschemia_020,aVR,AnteriorIschemia,reviewed,False,10.0,4.0,6.0,78.0,92.0,-14.0,208.0,135.0,73.0,282.0,281.0,1.0,344.0,334.0,10.0,-20.0,4.0,-63.0,9.0
Healthy_001,I,Healthy,reviewed,False,10.0,4.0,6.0,72.0,88.0,-16.0,176.0,187.0,-11.0,290.0,290.0,0.0,334.0,332.0,2.0,-22.0,-4.0,13.0,2.0
Healthy_002,I,Healthy,reviewed,True,10.0,4.0,6.0,94.0,127.0,-33.0,220.0,143.0,77.0,296.0,296.0,0.0,362.0,369.0,-7.0,-39.0,-13.0,-84.0,-7.0
Healthy_001,II,Healthy,reviewed,False,10.0,4.0,6.0,72.0,88.0,-16.0,202.0,138.0,64.0,286.0,287.0,-1.0,350.0,351.0,-1.0,-22.0,-7.0,-65.0,0.0
Healthy_001,III,Healthy,reviewed,False,10.0,4.0,6.0,76.0,88.0,-12.0,184.0,138.0,46.0,282.0,282.0,0.0,352.0,361.0,-9.0,-18.0,-15.0,-55.0,-9.0
Healthy_001,aVR,Healthy,reviewed,False,10.0,4.0,6.0,72.0,88.0,-16.0,212.0,138.0,74.0,288.0,288.0,0.0,348.0,350.0,-2.0,-22.0,-8.0,-76.0,-2.0
Healthy_001,aVL,Healthy,reviewed,False,10.0,4.0,6.0,76.0,88.0,-12.0,166.0,138.0,28.0,268.0,269.0,-1.0,352.0,363.0,-11.0,-18.0,-17.0,-39.0,-10.0
Healthy_001,aVF,Healthy,reviewed,False,10.0,4.0,6.0,76.0,88.0,-12.0,194.0,138.0,56.0,286.0,285.0,1.0,352.0,369.0,-17.0,-18.0,-23.0,-73.0,-18.0
Healthy_001,V2,Healthy,reviewed,False,10.0,4.0,6.0,74.0,88.0,-14.0,168.0,104.0,64.0,274.0,275.0,-1.0,344.0,332.0,12.0,-20.0,6.0,-52.0,13.0
Healthy_001,V3,Healthy,reviewed,False,10.0,4.0,6.0,70.0,88.0,-18.0,178.0,120.0,58.0,274.0,273.0,1.0,330.0,332.0,-2.0,-24.0,-8.0,-60.0,-3.0
Healthy_001,V5,Healthy,reviewed,False,4.0,4.0,0.0,74.0,88.0,-14.0,156.0,201.0,-45.0,298.0,298.0,0.0,342.0,332.0,10.0,-14.0,10.0,55.0,10.0
Healthy_001,V6,Healthy,reviewed,False,10.0,4.0,6.0,68.0,88.0,-20.0,168.0,138.0,30.0,298.0,298.0,0.0,342.0,342.0,0.0,-26.0,-6.0,-30.0,0.0
Healthy_001,V4,Healthy,reviewed,False,10.0,4.0,6.0,74.0,88.0,-14.0,192.0,138.0,54.0,276.0,276.0,0.0,328.0,332.0,-4.0,-20.0,-10.0,-58.0,-4.0
Healthy_002,II,Healthy,reviewed,True,10.0,4.0,6.0,106.0,127.0,-21.0,206.0,143.0,63.0,294.0,295.0,-1.0,374.0,373.0,1.0,-27.0,-5.0,-62.0,2.0
Healthy_002,III,Healthy,reviewed,True,10.0,4.0,6.0,98.0,127.0,-29.0,192.0,143.0,49.0,316.0,316.0,0.0,368.0,373.0,-5.0,-35.0,-11.0,-54.0,-5.0
Healthy_002,aVR,Healthy,reviewed,True,10.0,4.0,6.0,118.0,127.0,-9.0,212.0,143.0,69.0,296.0,296.0,0.0,372.0,386.0,-14.0,-15.0,-20.0,-83.0,-14.0
Healthy_002,aVL,Healthy,reviewed,True,10.0,4.0,6.0,98.0,127.0,-29.0,262.0,143.0,119.0,296.0,296.0,0.0,362.0,373.0,-11.0,-35.0,-17.0,-130.0,-11.0
Healthy_002,aVF,Healthy,reviewed,True,10.0,4.0,6.0,104.0,127.0,-23.0,202.0,143.0,59.0,290.0,291.0,-1.0,372.0,385.0,-13.0,-29.0,-19.0,-72.0,-12.0
Healthy_002,V1,Healthy,reviewed,True,2.0,4.0,-2.0,98.0,127.0,-29.0,178.0,131.0,47.0,280.0,280.0,0.0,354.0,361.0,-7.0,-27.0,-5.0,-54.0,-7.0
Healthy_002,V3,Healthy,reviewed,True,2.0,4.0,-2.0,110.0,127.0,-17.0,192.0,131.0,61.0,280.0,281.0,-1.0,348.0,357.0,-9.0,-15.0,-7.0,-70.0,-8.0
Healthy_002,V4,Healthy,reviewed,True,10.0,4.0,6.0,118.0,127.0,-9.0,194.0,143.0,51.0,280.0,280.0,0.0,368.0,386.0,-18.0,-15.0,-24.0,-69.0,-18.0
Healthy_002,V6,Healthy,reviewed,False,4.0,4.0,0.0,90.0,127.0,-37.0,284.0,252.0,32.0,312.0,312.0,0.0,362.0,351.0,11.0,-37.0,11.0,-21.0,11.0
Healthy_002,V5,Healthy,reviewed,True,4.0,4.0,0.0,98.0,127.0,-29.0,288.0,143.0,145.0,314.0,313.0,1.0,356.0,345.0,11.0,-29.0,11.0,-134.0,10.0
Healthy_003,I,Healthy,reviewed,False,10.0,4.0,6.0,82.0,94.0,-12.0,224.0,145.0,79.0,296.0,296.0,0.0,350.0,350.0,0.0,-18.0,-6.0,-79.0,0.0
Healthy_003,II,Healthy,reviewed,False,4.0,4.0,0.0,78.0,94.0,-16.0,198.0,145.0,53.0,288.0,287.0,1.0,354.0,355.0,-1.0,-16.0,-1.0,-54.0,-2.0
Healthy_003,III,Healthy,reviewed,False,4.0,4.0,0.0,78.0,94.0,-16.0,184.0,145.0,39.0,278.0,277.0,1.0,354.0,357.0,-3.0,-16.0,-3.0,-42.0,-4.0
Healthy_003,aVR,Healthy,reviewed,False,4.0,4.0,0.0,80.0,94.0,-14.0,206.0,145.0,61.0,290.0,291.0,-1.0,354.0,355.0,-1.0,-14.0,-1.0,-62.0,0.0
Healthy_003,V1,Healthy,reviewed,False,0.0,4.0,-4.0,78.0,94.0,-16.0,172.0,102.0,70.0,278.0,277.0,1.0,340.0,338.0,2.0,-12.0,6.0,-68.0,1.0
Healthy_003,V2,Healthy,reviewed,False,10.0,4.0,6.0,70.0,94.0,-24.0,180.0,111.0,69.0,278.0,278.0,0.0,346.0,338.0,8.0,-30.0,2.0,-61.0,8.0
Healthy_003,V3,Healthy,reviewed,False,10.0,4.0,6.0,72.0,94.0,-22.0,204.0,140.0,64.0,288.0,288.0,0.0,344.0,338.0,6.0,-28.0,0.0,-58.0,6.0
Healthy_003,V5,Healthy,reviewed,False,10.0,4.0,6.0,82.0,94.0,-12.0,198.0,162.0,36.0,306.0,306.0,0.0,348.0,338.0,10.0,-18.0,4.0,-26.0,10.0
Healthy_003,V6,Healthy,reviewed,False,10.0,4.0,6.0,74.0,94.0,-20.0,274.0,152.0,122.0,304.0,304.0,0.0,346.0,338.0,8.0,-26.0,2.0,-114.0,8.0
Healthy_003,V4,Healthy,reviewed,False,10.0,4.0,6.0,80.0,94.0,-14.0,232.0,145.0,87.0,298.0,298.0,0.0,344.0,338.0,6.0,-20.0,0.0,-81.0,6.0
Healthy_004,I,Healthy,reviewed,False,10.0,3.0,7.0,78.0,90.0,-12.0,208.0,128.0,80.0,286.0,286.0,0.0,350.0,348.0,2.0,-19.0,-5.0,-78.0,2.0
Healthy_004,aVF,Healthy,reviewed,False,4.0,3.0,1.0,86.0,90.0,-4.0,196.0,139.0,57.0,296.0,295.0,1.0,356.0,348.0,8.0,-5.0,7.0,-49.0,7.0
Healthy_004,V1,Healthy,reviewed,False,0.0,3.0,-3.0,80.0,90.0,-10.0,150.0,95.0,55.0,278.0,278.0,0.0,350.0,348.0,2.0,-7.0,5.0,-53.0,2.0
Healthy_004,V3,Healthy,reviewed,True,4.0,3.0,1.0,114.0,90.0,24.0,168.0,128.0,40.0,262.0,263.0,-1.0,348.0,348.0,0.0,23.0,-1.0,-40.0,1.0
Healthy_004,V4,Healthy,reviewed,False,4.0,3.0,1.0,86.0,90.0,-4.0,96.0,127.0,-31.0,292.0,292.0,0.0,344.0,348.0,-4.0,-5.0,-5.0,27.0,-4.0
Healthy_004,II,Healthy,reviewed,False,2.0,3.0,-1.0,86.0,90.0,-4.0,200.0,128.0,72.0,288.0,289.0,-1.0,356.0,348.0,8.0,-3.0,9.0,-64.0,9.0
Healthy_004,III,Healthy,reviewed,False,10.0,3.0,7.0,84.0,90.0,-6.0,196.0,128.0,68.0,310.0,310.0,0.0,356.0,348.0,8.0,-13.0,1.0,-60.0,8.0
Healthy_004,aVR,Healthy,reviewed,False,4.0,3.0,1.0,86.0,90.0,-4.0,202.0,128.0,74.0,288.0,287.0,1.0,356.0,348.0,8.0,-5.0,7.0,-66.0,7.0
Healthy_004,aVL,Healthy,reviewed,False,10.0,3.0,7.0,76.0,90.0,-14.0,216.0,128.0,88.0,284.0,285.0,-1.0,348.0,348.0,0.0,-21.0,-7.0,-88.0,1.0
Healthy_004,V5,Healthy,reviewed,False,10.0,3.0,7.0,80.0,90.0,-10.0,230.0,128.0,102.0,300.0,300.0,0.0,346.0,348.0,-2.0,-17.0,-9.0,-104.0,-2.0
Healthy_004,V6,Healthy,reviewed,False,10.0,3.0,7.0,74.0,90.0,-16.0,220.0,128.0,92.0,294.0,294.0,0.0,348.0,348.0,0.0,-23.0,-7.0,-92.0,0.0
Healthy_005,I,Healthy,reviewed,False,10.0,4.0,6.0,78.0,74.0,4.0,212.0,143.0,69.0,284.0,284.0,0.0,346.0,337.0,9.0,-2.0,3.0,-60.0,9.0
Healthy_005,II,Healthy,reviewed,False,4.0,4.0,0.0,80.0,74.0,6.0,202.0,141.0,61.0,290.0,289.0,1.0,352.0,344.0,8.0,6.0,8.0,-53.0,7.0
Healthy_005,aVR,Healthy,reviewed,False,4.0,4.0,0.0,80.0,74.0,6.0,206.0,141.0,65.0,286.0,287.0,-1.0,352.0,349.0,3.0,6.0,3.0,-62.0,4.0
Healthy_005,aVL,Healthy,reviewed,False,10.0,4.0,6.0,74.0,74.0,0.0,164.0,192.0,-28.0,314.0,315.0,-1.0,346.0,360.0,-14.0,-6.0,-20.0,14.0,-13.0
Healthy_005,V1,Healthy,reviewed,False,0.0,4.0,-4.0,78.0,74.0,4.0,168.0,99.0,69.0,278.0,279.0,-1.0,334.0,337.0,-3.0,8.0,1.0,-72.0,-2.0
Healthy_005,V2,Healthy,reviewed,False,10.0,4.0,6.0,76.0,74.0,2.0,178.0,102.0,76.0,280.0,279.0,1.0,344.0,337.0,7.0,-4.0,1.0,-69.0,6.0
Healthy_005,V3,Healthy,reviewed,False,10.0,4.0,6.0,76.0,74.0,2.0,192.0,120.0,72.0,282.0,283.0,-1.0,342.0,355.0,-13.0,-4.0,-19.0,-85.0,-12.0
Healthy_005,III,Healthy,reviewed,False,10.0,4.0,6.0,80.0,74.0,6.0,190.0,141.0,49.0,300.0,301.0,-1.0,350.0,337.0,13.0,0.0,7.0,-36.0,14.0
Healthy_005,V4,Healthy,reviewed,False,10.0,4.0,6.0,86.0,74.0,12.0,226.0,141.0,85.0,298.0,298.0,0.0,344.0,337.0,7.0,6.0,1.0,-78.0,7.0
Healthy_005,V5,Healthy,reviewed,False,10.0,4.0,6.0,86.0,74.0,12.0,230.0,141.0,89.0,300.0,300.0,0.0,348.0,337.0,11.0,6.0,5.0,-78.0,11.0
Healthy_005,V6,Healthy,reviewed,False,10.0,4.0,6.0,70.0,74.0,-4.0,224.0,141.0,83.0,296.0,296.0,0.0,344.0,337.0,7.0,-10.0,1.0,-76.0,7.0
Healthy_006,I,Healthy,reviewed,False,10.0,4.0,6.0,72.0,77.0,-5.0,214.0,133.0,81.0,290.0,289.0,1.0,342.0,332.0,10.0,-11.0,4.0,-71.0,9.0
Healthy_003,aVL,Healthy,reviewed,False,10.0,4.0,6.0,76.0,94.0,-18.0,154.0,145.0,9.0,268.0,268.0,0.0,350.0,338.0,12.0,-24.0,6.0,3.0,12.0
Healthy_006,II,Healthy,reviewed,False,2.0,4.0,-2.0,76.0,77.0,-1.0,198.0,133.0,65.0,284.0,284.0,0.0,352.0,348.0,4.0,1.0,6.0,-61.0,4.0
Healthy_006,III,Healthy,reviewed,False,10.0,4.0,6.0,76.0,77.0,-1.0,174.0,133.0,41.0,262.0,261.0,1.0,350.0,347.0,3.0,-7.0,-3.0,-38.0,2.0
Healthy_006,aVR,Healthy,reviewed,False,2.0,4.0,-2.0,76.0,77.0,-1.0,204.0,133.0,71.0,286.0,287.0,-1.0,350.0,357.0,-7.0,1.0,-5.0,-78.0,-6.0
Healthy_006,aVL,Healthy,reviewed,False,10.0,4.0,6.0,68.0,77.0,-9.0,236.0,195.0,41.0,292.0,292.0,0.0,332.0,332.0,0.0,-15.0,-6.0,-41.0,0.0
Healthy_006,aVF,Healthy,reviewed,False,4.0,4.0,0.0,76.0,77.0,-1.0,190.0,133.0,57.0,276.0,277.0,-1.0,352.0,363.0,-11.0,-1.0,-11.0,-68.0,-10.0
Healthy_006,V2,Healthy,reviewed,False,2.0,4.0,-2.0,74.0,77.0,-3.0,164.0,105.0,59.0,276.0,276.0,0.0,340.0,332.0,8.0,-1.0,10.0,-51.0,8.0
Healthy_006,V3,Healthy,reviewed,False,2.0,4.0,-2.0,74.0,77.0,-3.0,168.0,109.0,59.0,272.0,273.0,-1.0,324.0,332.0,-8.0,-1.0,-6.0,-67.0,-7.0
Healthy_006,V4,Healthy,reviewed,False,10.0,4.0,6.0,82.0,77.0,5.0,166.0,123.0,43.0,268.0,267.0,1.0,348.0,400.0,-52.0,-1.0,-58.0,-95.0,-53.0
Healthy_006,V6,Healthy,reviewed,False,10.0,4.0,6.0,74.0,77.0,-3.0,230.0,135.0,95.0,298.0,298.0,0.0,344.0,334.0,10.0,-9.0,4.0,-85.0,10.0
Healthy_006,V5,Healthy,reviewed,False,10.0,4.0,6.0,78.0,77.0,1.0,154.0,133.0,21.0,304.0,303.0,1.0,338.0,332.0,6.0,-5.0,0.0,-15.0,5.0
Healthy_007,I,Healthy,reviewed,False,10.0,5.0,5.0,74.0,120.0,-46.0,234.0,187.0,47.0,294.0,295.0,-1.0,338.0,335.0,3.0,-51.0,-2.0,-44.0,4.0
Healthy_007,II,Healthy,reviewed,False,10.0,5.0,5.0,76.0,120.0,-44.0,208.0,152.0,56.0,286.0,287.0,-1.0,348.0,335.0,13.0,-49.0,8.0,-43.0,14.0
Healthy_007,aVR,Healthy,reviewed,False,10.0,5.0,5.0,76.0,120.0,-44.0,214.0,148.0,66.0,290.0,290.0,0.0,344.0,343.0,1.0,-49.0,-4.0,-65.0,1.0
Healthy_007,aVL,Healthy,reviewed,False,10.0,5.0,5.0,70.0,120.0,-50.0,180.0,139.0,41.0,272.0,271.0,1.0,342.0,335.0,7.0,-55.0,2.0,-34.0,6.0
Healthy_007,V2,Healthy,reviewed,False,10.0,5.0,5.0,74.0,120.0,-46.0,186.0,143.0,43.0,278.0,277.0,1.0,342.0,347.0,-5.0,-51.0,-10.0,-48.0,-6.0
Healthy_007,V3,Healthy,reviewed,False,10.0,5.0,5.0,76.0,120.0,-44.0,204.0,148.0,56.0,288.0,287.0,1.0,334.0,335.0,-1.0,-49.0,-6.0,-57.0,-2.0
Healthy_007,V4,Healthy,reviewed,False,10.0,5.0,5.0,76.0,120.0,-44.0,146.0,199.0,-53.0,298.0,296.0,2.0,334.0,335.0,-1.0,-49.0,-6.0,52.0,-3.0
Healthy_007,V5,Healthy,reviewed,False,10.0,5.0,5.0,74.0,120.0,-46.0,228.0,191.0,37.0,296.0,296.0,0.0,340.0,335.0,5.0,-51.0,0.0,-32.0,5.0
Healthy_007,V6,Healthy,reviewed,False,10.0,5.0,5.0,70.0,120.0,-50.0,248.0,201.0,47.0,298.0,298.0,0.0,338.0,335.0,3.0,-55.0,-2.0,-44.0,3.0
Healthy_007,V1,Healthy,reviewed,False,10.0,5.0,5.0,70.0,120.0,-50.0,180.0,148.0,32.0,276.0,276.0,0.0,350.0,343.0,7.0,-55.0,2.0,-25.0,7.0
Healthy_007,aVF,Healthy,reviewed,False,10.0,5.0,5.0,76.0,120.0,-44.0,204.0,148.0,56.0,284.0,284.0,0.0,350.0,335.0,15.0,-49.0,10.0,-41.0,15.0
Healthy_008,III,Healthy,reviewed,False,10.0,3.0,7.0,72.0,93.0,-21.0,188.0,164.0,24.0,310.0,310.0,0.0,346.0,341.0,5.0,-28.0,-2.0,-19.0,5.0
Healthy_008,aVR,Healthy,reviewed,False,10.0,3.0,7.0,78.0,93.0,-15.0,206.0,144.0,62.0,288.0,288.0,0.0,348.0,363.0,-15.0,-22.0,-22.0,-77.0,-15.0
Healthy_008,aVL,Healthy,reviewed,False,10.0,3.0,7.0,72.0,93.0,-21.0,220.0,179.0,41.0,284.0,285.0,-1.0,328.0,341.0,-13.0,-28.0,-20.0,-54.0,-12.0
Healthy_008,aVF,Healthy,reviewed,False,10.0,3.0,7.0,78.0,93.0,-15.0,196.0,140.0,56.0,298.0,298.0,0.0,348.0,350.0,-2.0,-22.0,-9.0,-58.0,-2.0
Healthy_008,V1,Healthy,reviewed,False,2.0,3.0,-1.0,74.0,93.0,-19.0,152.0,93.0,59.0,274.0,274.0,0.0,348.0,341.0,7.0,-18.0,8.0,-52.0,7.0
Healthy_008,V2,Healthy,reviewed,False,10.0,3.0,7.0,74.0,93.0,-19.0,160.0,109.0,51.0,274.0,274.0,0.0,352.0,363.0,-11.0,-26.0,-18.0,-62.0,-11.0
Healthy_008,V3,Healthy,reviewed,True,10.0,3.0,7.0,98.0,93.0,5.0,172.0,123.0,49.0,270.0,270.0,0.0,340.0,341.0,-1.0,-2.0,-8.0,-50.0,-1.0
Healthy_008,V4,Healthy,reviewed,False,10.0,3.0,7.0,90.0,93.0,-3.0,176.0,139.0,37.0,268.0,267.0,1.0,348.0,350.0,-2.0,-10.0,-9.0,-39.0,-3.0
Healthy_008,V5,Healthy,reviewed,False,10.0,3.0,7.0,76.0,93.0,-17.0,230.0,191.0,39.0,300.0,299.0,1.0,340.0,341.0,-1.0,-24.0,-8.0,-40.0,-2.0
Healthy_008,V6,Healthy,reviewed,False,10.0,3.0,7.0,70.0,93.0,-23.0,232.0,174.0,58.0,298.0,297.0,1.0,342.0,341.0,1.0,-30.0,-6.0,-57.0,0.0
Healthy_008,I,Healthy,reviewed,False,10.0,3.0,7.0,68.0,93.0,-25.0,214.0,135.0,79.0,286.0,287.0,-1.0,344.0,341.0,3.0,-32.0,-4.0,-76.0,4.0
Healthy_009,I,Healthy,reviewed,False,10.0,3.0,7.0,80.0,85.0,-5.0,214.0,151.0,63.0,290.0,291.0,-1.0,348.0,335.0,13.0,-12.0,6.0,-50.0,14.0
Healthy_009,II,Healthy,reviewed,False,10.0,3.0,7.0,86.0,85.0,1.0,198.0,136.0,62.0,286.0,287.0,-1.0,348.0,347.0,1.0,-6.0,-6.0,-61.0,2.0
Healthy_009,III,Healthy,reviewed,False,10.0,3.0,7.0,76.0,85.0,-9.0,246.0,144.0,102.0,294.0,293.0,1.0,338.0,335.0,3.0,-16.0,-4.0,-99.0,2.0
Healthy_009,aVR,Healthy,reviewed,False,10.0,3.0,7.0,82.0,85.0,-3.0,208.0,143.0,65.0,290.0,289.0,1.0,350.0,355.0,-5.0,-10.0,-12.0,-70.0,-6.0
Healthy_009,aVL,Healthy,reviewed,False,10.0,3.0,7.0,76.0,85.0,-9.0,222.0,170.0,52.0,292.0,292.0,0.0,344.0,335.0,9.0,-16.0,2.0,-43.0,9.0
Healthy_009,aVF,Healthy,reviewed,False,10.0,3.0,7.0,74.0,85.0,-11.0,178.0,144.0,34.0,270.0,270.0,0.0,334.0,350.0,-16.0,-18.0,-23.0,-50.0,-16.0
Healthy_009,V1,Healthy,reviewed,False,10.0,3.0,7.0,80.0,85.0,-5.0,140.0,104.0,36.0,268.0,268.0,0.0,326.0,335.0,-9.0,-12.0,-16.0,-45.0,-9.0
Healthy_009,V3,Healthy,reviewed,False,10.0,3.0,7.0,82.0,85.0,-3.0,168.0,117.0,51.0,272.0,272.0,0.0,342.0,339.0,3.0,-10.0,-4.0,-48.0,3.0
Healthy_009,V4,Healthy,reviewed,False,10.0,3.0,7.0,88.0,85.0,3.0,176.0,120.0,56.0,272.0,271.0,1.0,324.0,330.0,-6.0,-4.0,-13.0,-62.0,-7.0
Healthy_009,V5,Healthy,reviewed,False,10.0,3.0,7.0,82.0,85.0,-3.0,200.0,143.0,57.0,290.0,291.0,-1.0,336.0,343.0,-7.0,-10.0,-14.0,-64.0,-6.0
Healthy_009,V6,Healthy,reviewed,False,10.0,3.0,7.0,80.0,85.0,-5.0,222.0,162.0,60.0,298.0,297.0,1.0,344.0,335.0,9.0,-12.0,2.0,-51.0,8.0
Healthy_010,I,Healthy,reviewed,False,10.0,3.0,7.0,82.0,99.0,-17.0,208.0,144.0,64.0,284.0,284.0,0.0,342.0,351.0,-9.0,-24.0,-16.0,-73.0,-9.0
Healthy_010,II,Healthy,reviewed,False,10.0,3.0,7.0,86.0,99.0,-13.0,204.0,144.0,60.0,292.0,292.0,0.0,358.0,367.0,-9.0,-20.0,-16.0,-69.0,-9.0
Healthy_010,III,Healthy,reviewed,False,10.0,3.0,7.0,82.0,99.0,-17.0,286.0,152.0,134.0,312.0,312.0,0.0,356.0,363.0,-7.0,-24.0,-14.0,-141.0,-7.0
Healthy_010,aVR,Healthy,reviewed,False,4.0,3.0,1.0,86.0,99.0,-13.0,206.0,144.0,62.0,286.0,287.0,-1.0,358.0,369.0,-11.0,-14.0,-12.0,-73.0,-10.0
Healthy_010,aVL,Healthy,reviewed,False,10.0,3.0,7.0,82.0,99.0,-17.0,212.0,174.0,38.0,280.0,280.0,0.0,352.0,350.0,2.0,-24.0,-5.0,-36.0,2.0
Healthy_010,aVF,Healthy,reviewed,False,10.0,3.0,7.0,88.0,99.0,-11.0,204.0,144.0,60.0,302.0,303.0,-1.0,358.0,357.0,1.0,-18.0,-6.0,-59.0,2.0
Healthy_010,V2,Healthy,reviewed,False,10.0,3.0,7.0,84.0,99.0,-15.0,170.0,100.0,70.0,278.0,279.0,-1.0,358.0,345.0,13.0,-22.0,6.0,-57.0,14.0
Healthy_010,V3,Healthy,reviewed,True,4.0,3.0,1.0,94.0,99.0,-5.0,170.0,135.0,35.0,272.0,272.0,0.0,356.0,343.0,13.0,-6.0,12.0,-22.0,13.0
Healthy_010,V5,Healthy,reviewed,False,10.0,3.0,7.0,76.0,99.0,-23.0,232.0,166.0,66.0,300.0,300.0,0.0,350.0,345.0,5.0,-30.0,-2.0,-61.0,5.0
Healthy_010,V6,Healthy,reviewed,False,10.0,3.0,7.0,86.0,99.0,-13.0,216.0,143.0,73.0,294.0,293.0,1.0,348.0,345.0,3.0,-20.0,-4.0,-70.0,2.0
Healthy_010,V4,Healthy,reviewed,False,4.0,3.0,1.0,86.0,99.0,-13.0,96.0,135.0,-39.0,292.0,291.0,1.0,344.0,345.0,-1.0,-14.0,-2.0,38.0,-2.0
Healthy_011,I,Healthy,reviewed,True,10.0,3.0,7.0,96.0,107.0,-11.0,230.0,187.0,43.0,290.0,291.0,-1.0,362.0,367.0,-5.0,-18.0,-12.0,-48.0,-4.0
Healthy_011,II,Healthy,reviewed,True,10.0,3.0,7.0,96.0,107.0,-11.0,206.0,152.0,54.0,292.0,291.0,1.0,362.0,374.0,-12.0,-18.0,-19.0,-66.0,-13.0
Healthy_011,aVR,Healthy,reviewed,True,10.0,3.0,7.0,96.0,107.0,-11.0,212.0,152.0,60.0,290.0,291.0,-1.0,356.0,357.0,-1.0,-18.0,-8.0,-61.0,0.0
Healthy_011,aVL,Healthy,reviewed,True,10.0,3.0,7.0,102.0,107.0,-5.0,192.0,148.0,44.0,310.0,310.0,0.0,366.0,369.0,-3.0,-12.0,-10.0,-47.0,-3.0
Healthy_011,aVF,Healthy,reviewed,True,10.0,3.0,7.0,102.0,107.0,-5.0,204.0,138.0,66.0,292.0,291.0,1.0,364.0,370.0,-6.0,-12.0,-13.0,-72.0,-7.0
Healthy_011,V1,Healthy,reviewed,False,0.0,3.0,-3.0,90.0,107.0,-17.0,158.0,107.0,51.0,278.0,279.0,-1.0,352.0,349.0,3.0,-14.0,6.0,-48.0,4.0
Healthy_011,V2,Healthy,reviewed,False,0.0,3.0,-3.0,90.0,107.0,-17.0,168.0,107.0,61.0,282.0,283.0,-1.0,360.0,349.0,11.0,-14.0,14.0,-50.0,12.0
Healthy_011,V3,Healthy,reviewed,False,2.0,3.0,-1.0,90.0,107.0,-17.0,170.0,113.0,57.0,284.0,285.0,-1.0,366.0,349.0,17.0,-16.0,18.0,-40.0,18.0
Healthy_011,V4,Healthy,reviewed,False,4.0,3.0,1.0,86.0,107.0,-21.0,216.0,138.0,78.0,306.0,306.0,0.0,360.0,363.0,-3.0,-22.0,-4.0,-81.0,-3.0
Healthy_011,V5,Healthy,reviewed,True,4.0,3.0,1.0,92.0,107.0,-15.0,240.0,191.0,49.0,300.0,301.0,-1.0,352.0,349.0,3.0,-16.0,2.0,-46.0,4.0
Healthy_011,V6,Healthy,reviewed,True,10.0,3.0,7.0,96.0,107.0,-11.0,218.0,182.0,36.0,290.0,291.0,-1.0,342.0,349.0,-7.0,-18.0,-14.0,-43.0,-6.0
Healthy_012,I,Healthy,reviewed,False,10.0,2.0,8.0,88.0,80.0,8.0,216.0,159.0,57.0,292.0,291.0,1.0,356.0,346.0,10.0,0.0,2.0,-47.0,9.0
Healthy_012,II,Healthy,reviewed,True,4.0,2.0,2.0,94.0,80.0,14.0,198.0,151.0,47.0,288.0,288.0,0.0,368.0,366.0,2.0,12.0,0.0,-45.0,2.0
Healthy_012,III,Healthy,reviewed,False,10.0,2.0,8.0,86.0,80.0,6.0,202.0,109.0,93.0,294.0,294.0,0.0,364.0,364.0,0.0,-2.0,-8.0,-93.0,0.0
Healthy_012,aVR,Healthy,reviewed,True,4.0,2.0,2.0,94.0,80.0,14.0,208.0,134.0,74.0,290.0,290.0,0.0,368.0,367.0,1.0,12.0,-1.0,-73.0,1.0
Healthy_012,aVL,Healthy,reviewed,False,10.0,2.0,8.0,86.0,80.0,6.0,226.0,179.0,47.0,292.0,292.0,0.0,356.0,346.0,10.0,-2.0,2.0,-37.0,10.0
Healthy_012,V2,Healthy,reviewed,False,10.0,2.0,8.0,88.0,80.0,8.0,170.0,104.0,66.0,278.0,279.0,-1.0,354.0,346.0,8.0,0.0,0.0,-58.0,9.0
Healthy_012,V3,Healthy,reviewed,True,4.0,2.0,2.0,106.0,80.0,26.0,184.0,113.0,71.0,276.0,276.0,0.0,368.0,361.0,7.0,24.0,5.0,-64.0,7.0
Healthy_012,V4,Healthy,reviewed,True,4.0,2.0,2.0,108.0,80.0,28.0,266.0,127.0,139.0,316.0,315.0,1.0,362.0,346.0,16.0,26.0,14.0,-123.0,15.0
Healthy_012,V5,Healthy,reviewed,False,4.0,2.0,2.0,90.0,80.0,10.0,154.0,127.0,27.0,280.0,279.0,1.0,352.0,357.0,-5.0,8.0,-7.0,-32.0,-6.0
Healthy_012,V6,Healthy,reviewed,False,10.0,2.0,8.0,90.0,80.0,10.0,270.0,195.0,75.0,308.0,308.0,0.0,360.0,346.0,14.0,2.0,6.0,-61.0,14.0
Healthy_012,aVF,Healthy,reviewed,True,10.0,2.0,8.0,92.0,80.0,12.0,184.0,134.0,50.0,274.0,273.0,1.0,368.0,346.0,22.0,4.0,14.0,-28.0,21.0
Healthy_013,I,Healthy,reviewed,False,10.0,4.0,6.0,82.0,93.0,-11.0,220.0,166.0,54.0,290.0,291.0,-1.0,346.0,342.0,4.0,-17.0,-2.0,-50.0,5.0
Healthy_013,III,Healthy,reviewed,False,10.0,4.0,6.0,80.0,93.0,-13.0,194.0,142.0,52.0,310.0,310.0,0.0,354.0,347.0,7.0,-19.0,1.0,-45.0,7.0
Healthy_013,aVR,Healthy,reviewed,False,10.0,4.0,6.0,82.0,93.0,-11.0,212.0,142.0,70.0,294.0,293.0,1.0,354.0,347.0,7.0,-17.0,1.0,-63.0,6.0
Healthy_013,aVL,Healthy,reviewed,False,10.0,4.0,6.0,78.0,93.0,-15.0,194.0,150.0,44.0,288.0,288.0,0.0,352.0,351.0,1.0,-21.0,-5.0,-43.0,1.0
Healthy_013,aVF,Healthy,reviewed,False,10.0,4.0,6.0,82.0,93.0,-11.0,200.0,142.0,58.0,304.0,304.0,0.0,356.0,350.0,6.0,-17.0,0.0,-52.0,6.0
Healthy_013,V2,Healthy,reviewed,False,10.0,4.0,6.0,78.0,93.0,-15.0,176.0,107.0,69.0,280.0,280.0,0.0,350.0,342.0,8.0,-21.0,2.0,-61.0,8.0
Healthy_013,V3,Healthy,reviewed,False,10.0,4.0,6.0,82.0,93.0,-11.0,198.0,120.0,78.0,286.0,286.0,0.0,344.0,342.0,2.0,-17.0,-4.0,-76.0,2.0
Healthy_013,V4,Healthy,reviewed,False,4.0,4.0,0.0,88.0,93.0,-5.0,162.0,142.0,20.0,300.0,300.0,0.0,340.0,342.0,-2.0,-5.0,-2.0,-22.0,-2.0
Healthy_013,V5,Healthy,reviewed,False,4.0,4.0,0.0,82.0,93.0,-11.0,278.0,201.0,77.0,304.0,304.0,0.0,348.0,342.0,6.0,-11.0,6.0,-71.0,6.0
Healthy_013,V6,Healthy,reviewed,False,4.0,4.0,0.0,78.0,93.0,-15.0,262.0,205.0,57.0,302.0,302.0,0.0,348.0,342.0,6.0,-15.0,6.0,-51.0,6.0
Healthy_013,II,Healthy,reviewed,False,10.0,4.0,6.0,86.0,93.0,-7.0,204.0,142.0,62.0,298.0,298.0,0.0,356.0,342.0,14.0,-13.0,8.0,-48.0,14.0
Healthy_014,I,Healthy,reviewed,False,10.0,5.0,5.0,78.0,86.0,-8.0,216.0,137.0,79.0,290.0,291.0,-1.0,348.0,352.0,-4.0,-13.0,-9.0,-83.0,-3.0
Healthy_014,II,Healthy,reviewed,False,4.0,5.0,-1.0,84.0,86.0,-2.0,208.0,137.0,71.0,290.0,291.0,-1.0,356.0,352.0,4.0,-1.0,5.0,-67.0,5.0
Healthy_014,III,Healthy,reviewed,False,4.0,5.0,-1.0,80.0,86.0,-6.0,202.0,149.0,53.0,290.0,290.0,0.0,356.0,361.0,-5.0,-5.0,-4.0,-58.0,-5.0
Healthy_014,aVR,Healthy,reviewed,False,10.0,5.0,5.0,78.0,86.0,-8.0,210.0,149.0,61.0,290.0,291.0,-1.0,354.0,359.0,-5.0,-13.0,-10.0,-66.0,-4.0
Healthy_014,aVL,Healthy,reviewed,False,4.0,5.0,-1.0,78.0,86.0,-8.0,176.0,149.0,27.0,272.0,271.0,1.0,352.0,361.0,-9.0,-7.0,-8.0,-36.0,-10.0
Healthy_014,aVF,Healthy,reviewed,False,4.0,5.0,-1.0,84.0,86.0,-2.0,204.0,149.0,55.0,290.0,291.0,-1.0,356.0,361.0,-5.0,-1.0,-4.0,-60.0,-4.0
Healthy_014,V1,Healthy,reviewed,False,0.0,5.0,-5.0,80.0,86.0,-6.0,164.0,100.0,64.0,274.0,274.0,0.0,334.0,334.0,0.0,-1.0,5.0,-64.0,0.0
Healthy_014,V3,Healthy,reviewed,False,10.0,5.0,5.0,72.0,86.0,-14.0,194.0,143.0,51.0,284.0,283.0,1.0,344.0,355.0,-11.0,-19.0,-16.0,-62.0,-12.0
Healthy_014,V5,Healthy,reviewed,False,10.0,5.0,5.0,78.0,86.0,-8.0,224.0,158.0,66.0,296.0,296.0,0.0,344.0,334.0,10.0,-13.0,5.0,-56.0,10.0
Healthy_014,V6,Healthy,reviewed,False,10.0,5.0,5.0,70.0,86.0,-16.0,244.0,195.0,49.0,300.0,300.0,0.0,344.0,334.0,10.0,-21.0,5.0,-39.0,10.0
Healthy_014,V4,Healthy,reviewed,False,10.0,5.0,5.0,78.0,86.0,-8.0,212.0,149.0,63.0,294.0,293.0,1.0,344.0,334.0,10.0,-13.0,5.0,-53.0,9.0
Healthy_015,I,Healthy,reviewed,False,10.0,5.0,5.0,80.0,66.0,14.0,220.0,160.0,60.0,290.0,289.0,1.0,346.0,343.0,3.0,9.0,-2.0,-57.0,2.0
Healthy_015,III,Healthy,reviewed,False,10.0,5.0,5.0,90.0,66.0,24.0,212.0,139.0,73.0,308.0,308.0,0.0,352.0,343.0,9.0,19.0,4.0,-64.0,9.0
Healthy_015,aVL,Healthy,reviewed,False,10.0,5.0,5.0,84.0,66.0,18.0,236.0,193.0,43.0,284.0,284.0,0.0,348.0,343.0,5.0,13.0,0.0,-38.0,5.0
Healthy_015,aVF,Healthy,reviewed,False,10.0,5.0,5.0,90.0,66.0,24.0,212.0,163.0,49.0,300.0,301.0,-1.0,354.0,343.0,11.0,19.0,6.0,-38.0,12.0
Healthy_015,V1,Healthy,reviewed,False,10.0,5.0,5.0,78.0,66.0,12.0,150.0,93.0,57.0,272.0,272.0,0.0,338.0,343.0,-5.0,7.0,-10.0,-62.0,-5.0
Healthy_015,V3,Healthy,reviewed,True,4.0,5.0,-1.0,92.0,66.0,26.0,180.0,139.0,41.0,274.0,274.0,0.0,340.0,343.0,-3.0,27.0,-2.0,-44.0,-3.0
Healthy_015,V4,Healthy,reviewed,False,4.0,5.0,-1.0,86.0,66.0,20.0,218.0,160.0,58.0,300.0,301.0,-1.0,348.0,343.0,5.0,21.0,6.0,-53.0,6.0
Healthy_015,V5,Healthy,reviewed,False,4.0,5.0,-1.0,80.0,66.0,14.0,268.0,209.0,59.0,304.0,303.0,1.0,346.0,343.0,3.0,15.0,4.0,-56.0,2.0
Healthy_015,V6,Healthy,reviewed,False,10.0,5.0,5.0,80.0,66.0,14.0,242.0,195.0,47.0,300.0,300.0,0.0,348.0,343.0,5.0,9.0,0.0,-42.0,5.0
Healthy_015,II,Healthy,reviewed,False,10.0,5.0,5.0,90.0,66.0,24.0,212.0,139.0,73.0,296.0,296.0,0.0,356.0,343.0,13.0,19.0,8.0,-60.0,13.0
Healthy_015,aVR,Healthy,reviewed,False,10.0,5.0,5.0,84.0,66.0,18.0,216.0,139.0,77.0,292.0,292.0,0.0,354.0,343.0,11.0,13.0,6.0,-66.0,11.0
Healthy_016,I,Healthy,reviewed,False,10.0,4.0,6.0,82.0,77.0,5.0,218.0,166.0,52.0,288.0,288.0,0.0,348.0,339.0,9.0,-1.0,3.0,-43.0,9.0
Healthy_016,II,Healthy,reviewed,False,4.0,4.0,0.0,86.0,77.0,9.0,208.0,154.0,54.0,290.0,291.0,-1.0,362.0,365.0,-3.0,9.0,-3.0,-57.0,-2.0
Healthy_016,III,Healthy,reviewed,False,2.0,4.0,-2.0,86.0,77.0,9.0,202.0,140.0,62.0,294.0,294.0,0.0,364.0,369.0,-5.0,11.0,-3.0,-67.0,-5.0
Healthy_016,aVR,Healthy,reviewed,False,10.0,4.0,6.0,82.0,77.0,5.0,212.0,154.0,58.0,290.0,290.0,0.0,360.0,365.0,-5.0,-1.0,-11.0,-63.0,-5.0
Healthy_016,aVL,Healthy,reviewed,False,2.0,4.0,-2.0,86.0,77.0,9.0,188.0,123.0,65.0,310.0,311.0,-1.0,362.0,367.0,-5.0,11.0,-3.0,-70.0,-4.0
Healthy_016,aVF,Healthy,reviewed,False,2.0,4.0,-2.0,86.0,77.0,9.0,206.0,144.0,62.0,292.0,292.0,0.0,364.0,378.0,-14.0,11.0,-12.0,-76.0,-14.0
Healthy_016,V2,Healthy,reviewed,False,2.0,4.0,-2.0,78.0,77.0,1.0,188.0,113.0,75.0,284.0,283.0,1.0,350.0,351.0,-1.0,3.0,1.0,-76.0,-2.0
Healthy_016,V3,Healthy,reviewed,False,10.0,4.0,6.0,78.0,77.0,1.0,210.0,154.0,56.0,294.0,294.0,0.0,350.0,355.0,-5.0,-5.0,-11.0,-61.0,-5.0
Healthy_016,V4,Healthy,reviewed,False,10.0,4.0,6.0,88.0,77.0,11.0,232.0,154.0,78.0,302.0,302.0,0.0,350.0,351.0,-1.0,5.0,-7.0,-79.0,-1.0
Healthy_016,V6,Healthy,reviewed,False,10.0,4.0,6.0,76.0,77.0,-1.0,224.0,154.0,70.0,298.0,297.0,1.0,350.0,339.0,11.0,-7.0,5.0,-59.0,10.0
Healthy_016,V5,Healthy,reviewed,False,10.0,4.0,6.0,82.0,77.0,5.0,220.0,154.0,66.0,296.0,297.0,-1.0,352.0,339.0,13.0,-1.0,7.0,-53.0,14.0
Healthy_017,I,Healthy,reviewed,True,10.0,4.0,6.0,94.0,101.0,-7.0,220.0,151.0,69.0,298.0,299.0,-1.0,362.0,350.0,12.0,-13.0,6.0,-57.0,13.0
Healthy_017,II,Healthy,reviewed,True,4.0,4.0,0.0,110.0,101.0,9.0,206.0,156.0,50.0,298.0,298.0,0.0,362.0,350.0,12.0,9.0,12.0,-38.0,12.0
Healthy_017,III,Healthy,reviewed,True,10.0,4.0,6.0,102.0,101.0,1.0,242.0,193.0,49.0,300.0,300.0,0.0,348.0,350.0,-2.0,-5.0,-8.0,-51.0,-2.0
Healthy_017,aVR,Healthy,reviewed,True,10.0,4.0,6.0,104.0,101.0,3.0,214.0,152.0,62.0,298.0,298.0,0.0,362.0,369.0,-7.0,-3.0,-13.0,-69.0,-7.0
Healthy_017,aVL,Healthy,reviewed,True,10.0,4.0,6.0,96.0,101.0,-5.0,226.0,178.0,48.0,300.0,299.0,1.0,358.0,350.0,8.0,-11.0,2.0,-40.0,7.0
Healthy_017,aVF,Healthy,reviewed,True,4.0,4.0,0.0,110.0,101.0,9.0,184.0,152.0,32.0,284.0,284.0,0.0,358.0,350.0,8.0,9.0,8.0,-24.0,8.0
Healthy_017,V2,Healthy,reviewed,True,0.0,4.0,-4.0,96.0,101.0,-5.0,178.0,104.0,74.0,278.0,278.0,0.0,370.0,350.0,20.0,-1.0,24.0,-54.0,20.0
Healthy_017,V3,Healthy,reviewed,True,10.0,4.0,6.0,104.0,101.0,3.0,180.0,123.0,57.0,276.0,275.0,1.0,366.0,350.0,16.0,-3.0,10.0,-41.0,15.0
Healthy_017,V4,Healthy,reviewed,True,10.0,4.0,6.0,108.0,101.0,7.0,262.0,156.0,106.0,316.0,315.0,1.0,368.0,369.0,-1.0,1.0,-7.0,-107.0,-2.0
Healthy_017,V6,Healthy,reviewed,True,10.0,4.0,6.0,94.0,101.0,-7.0,268.0,206.0,62.0,308.0,308.0,0.0,360.0,350.0,10.0,-13.0,4.0,-52.0,10.0
Healthy_017,V5,Healthy,reviewed,True,10.0,4.0,6.0,96.0,101.0,-5.0,106.0,137.0,-31.0,276.0,276.0,0.0,350.0,350.0,0.0,-11.0,-6.0,31.0,0.0
Healthy_018,I,Healthy,reviewed,False,10.0,3.0,7.0,84.0,88.0,-4.0,214.0,152.0,62.0,284.0,284.0,0.0,356.0,345.0,11.0,-11.0,4.0,-51.0,11.0
Healthy_018,II,Healthy,reviewed,True,10.0,3.0,7.0,98.0,88.0,10.0,212.0,139.0,73.0,294.0,295.0,-1.0,366.0,367.0,-1.0,3.0,-8.0,-74.0,0.0
Healthy_018,III,Healthy,reviewed,True,4.0,3.0,1.0,98.0,88.0,10.0,216.0,134.0,82.0,304.0,304.0,0.0,368.0,369.0,-1.0,9.0,-2.0,-83.0,-1.0
Healthy_018,aVL,Healthy,reviewed,True,10.0,3.0,7.0,98.0,88.0,10.0,234.0,141.0,93.0,312.0,312.0,0.0,366.0,377.0,-11.0,3.0,-18.0,-104.0,-11.0
Healthy_018,aVF,Healthy,reviewed,True,4.0,3.0,1.0,98.0,88.0,10.0,214.0,156.0,58.0,298.0,298.0,0.0,368.0,377.0,-9.0,9.0,-10.0,-67.0,-9.0
Healthy_018,V1,Healthy,reviewed,False,2.0,3.0,-1.0,86.0,88.0,-2.0,160.0,96.0,64.0,280.0,281.0,-1.0,348.0,351.0,-3.0,-1.0,-2.0,-67.0,-2.0
Healthy_018,V2,Healthy,reviewed,True,0.0,3.0,-3.0,92.0,88.0,4.0,178.0,88.0,90.0,282.0,282.0,0.0,354.0,363.0,-9.0,7.0,-6.0,-99.0,-9.0
Healthy_018,V3,Healthy,reviewed,True,10.0,3.0,7.0,92.0,88.0,4.0,178.0,101.0,77.0,278.0,278.0,0.0,360.0,365.0,-5.0,-3.0,-12.0,-82.0,-5.0
Healthy_018,V4,Healthy,reviewed,False,4.0,3.0,1.0,88.0,88.0,0.0,178.0,136.0,42.0,278.0,279.0,-1.0,360.0,370.0,-10.0,-1.0,-11.0,-52.0,-9.0
Healthy_018,V6,Healthy,reviewed,True,10.0,3.0,7.0,92.0,88.0,4.0,212.0,163.0,49.0,288.0,288.0,0.0,340.0,345.0,-5.0,-3.0,-12.0,-54.0,-5.0
Healthy_019,I,Healthy,reviewed,False,4.0,3.0,1.0,88.0,96.0,-8.0,212.0,149.0,63.0,290.0,291.0,-1.0,354.0,355.0,-1.0,-9.0,-2.0,-64.0,0.0
Healthy_019,II,Healthy,reviewed,True,2.0,3.0,-1.0,100.0,96.0,4.0,200.0,135.0,65.0,284.0,285.0,-1.0,366.0,364.0,2.0,5.0,3.0,-63.0,3.0
Healthy_019,III,Healthy,reviewed,True,10.0,3.0,7.0,94.0,96.0,-2.0,178.0,135.0,43.0,266.0,265.0,1.0,366.0,377.0,-11.0,-9.0,-18.0,-54.0,-12.0
Healthy_019,aVR,Healthy,reviewed,True,4.0,3.0,1.0,94.0,96.0,-2.0,204.0,135.0,69.0,288.0,288.0,0.0,366.0,374.0,-8.0,-3.0,-9.0,-77.0,-8.0
Healthy_019,aVL,Healthy,reviewed,True,10.0,3.0,7.0,92.0,96.0,-4.0,228.0,195.0,33.0,294.0,294.0,0.0,360.0,370.0,-10.0,-11.0,-17.0,-43.0,-10.0
Healthy_019,aVF,Healthy,reviewed,True,4.0,3.0,1.0,100.0,96.0,4.0,192.0,135.0,57.0,278.0,279.0,-1.0,368.0,369.0,-1.0,3.0,-2.0,-58.0,0.0
Healthy_019,V1,Healthy,reviewed,False,10.0,3.0,7.0,84.0,96.0,-12.0,168.0,109.0,59.0,278.0,279.0,-1.0,342.0,337.0,5.0,-19.0,-2.0,-54.0,6.0
Healthy_019,V3,Healthy,reviewed,False,10.0,3.0,7.0,90.0,96.0,-6.0,176.0,117.0,59.0,276.0,277.0,-1.0,352.0,337.0,15.0,-13.0,8.0,-44.0,16.0
Healthy_019,V4,Healthy,reviewed,True,4.0,3.0,1.0,94.0,96.0,-2.0,182.0,131.0,51.0,276.0,275.0,1.0,352.0,361.0,-9.0,-3.0,-10.0,-60.0,-10.0
Healthy_019,V5,Healthy,reviewed,False,10.0,3.0,7.0,86.0,96.0,-10.0,282.0,187.0,95.0,308.0,308.0,0.0,346.0,337.0,9.0,-17.0,2.0,-86.0,9.0
Healthy_019,V6,Healthy,reviewed,False,10.0,3.0,7.0,86.0,96.0,-10.0,238.0,187.0,51.0,304.0,304.0,0.0,350.0,337.0,13.0,-17.0,6.0,-38.0,13.0
Healthy_020,I,Healthy,reviewed,False,10.0,4.0,6.0,74.0,53.0,21.0,224.0,179.0,45.0,290.0,290.0,0.0,342.0,339.0,3.0,15.0,-3.0,-42.0,3.0
Healthy_020,II,Healthy,reviewed,False,10.0,4.0,6.0,80.0,53.0,27.0,208.0,142.0,66.0,292.0,292.0,0.0,348.0,339.0,9.0,21.0,3.0,-57.0,9.0
InferiorInfarction_001,I,InferiorInfarction,reviewed,True,10.0,3.0,7.0,102.0,100.0,2.0,230.0,205.0,25.0,324.0,323.0,1.0,534.0,572.0,-38.0,-5.0,-45.0,-63.0,-39.0
Healthy_018,V5,Healthy,reviewed,False,10.0,3.0,7.0,84.0,88.0,-4.0,244.0,199.0,45.0,302.0,302.0,0.0,354.0,345.0,9.0,-11.0,2.0,-36.0,9.0
Healthy_020,III,Healthy,reviewed,False,4.0,4.0,0.0,82.0,53.0,29.0,184.0,131.0,53.0,300.0,300.0,0.0,348.0,339.0,9.0,29.0,9.0,-44.0,9.0
Healthy_020,aVR,Healthy,reviewed,False,10.0,4.0,6.0,74.0,53.0,21.0,216.0,137.0,79.0,290.0,291.0,-1.0,346.0,339.0,7.0,15.0,1.0,-72.0,8.0
Healthy_020,aVL,Healthy,reviewed,False,2.0,4.0,-2.0,82.0,53.0,29.0,196.0,123.0,73.0,288.0,289.0,-1.0,346.0,339.0,7.0,31.0,9.0,-66.0,8.0
Healthy_020,aVF,Healthy,reviewed,False,10.0,4.0,6.0,82.0,53.0,29.0,200.0,143.0,57.0,292.0,293.0,-1.0,350.0,339.0,11.0,23.0,5.0,-46.0,12.0
Healthy_020,V1,Healthy,reviewed,False,0.0,4.0,-4.0,70.0,53.0,17.0,158.0,100.0,58.0,276.0,275.0,1.0,342.0,339.0,3.0,21.0,7.0,-55.0,2.0
Healthy_020,V2,Healthy,reviewed,False,10.0,4.0,6.0,70.0,53.0,17.0,166.0,109.0,57.0,274.0,275.0,-1.0,344.0,339.0,5.0,11.0,-1.0,-52.0,6.0
Healthy_020,V4,Healthy,reviewed,False,4.0,4.0,0.0,72.0,53.0,19.0,140.0,148.0,-8.0,294.0,295.0,-1.0,332.0,339.0,-7.0,19.0,-7.0,1.0,-6.0
Healthy_020,V5,Healthy,reviewed,False,10.0,4.0,6.0,74.0,53.0,21.0,228.0,158.0,70.0,296.0,296.0,0.0,342.0,339.0,3.0,15.0,-3.0,-67.0,3.0
Healthy_020,V6,Healthy,reviewed,False,10.0,4.0,6.0,74.0,53.0,21.0,236.0,195.0,41.0,298.0,298.0,0.0,342.0,339.0,3.0,15.0,-3.0,-38.0,3.0
InferiorInfarction_001,II,InferiorInfarction,reviewed,True,10.0,3.0,7.0,108.0,100.0,8.0,232.0,238.0,-6.0,346.0,346.0,0.0,542.0,561.0,-19.0,1.0,-26.0,-13.0,-19.0
InferiorInfarction_001,III,InferiorInfarction,reviewed,True,10.0,3.0,7.0,104.0,100.0,4.0,250.0,205.0,45.0,350.0,349.0,1.0,512.0,515.0,-3.0,-3.0,-10.0,-48.0,-4.0
InferiorInfarction_001,aVL,InferiorInfarction,reviewed,False,10.0,3.0,7.0,68.0,100.0,-32.0,78.0,178.0,-100.0,354.0,354.0,0.0,516.0,521.0,-5.0,-39.0,-12.0,95.0,-5.0
InferiorInfarction_001,aVF,InferiorInfarction,reviewed,True,10.0,3.0,7.0,108.0,100.0,8.0,242.0,201.0,41.0,348.0,348.0,0.0,510.0,531.0,-21.0,1.0,-28.0,-62.0,-21.0
InferiorInfarction_001,V1,InferiorInfarction,reviewed,True,2.0,3.0,-1.0,102.0,100.0,2.0,192.0,102.0,90.0,278.0,279.0,-1.0,378.0,510.0,-132.0,3.0,-131.0,-222.0,-131.0
InferiorInfarction_001,V2,InferiorInfarction,reviewed,True,10.0,3.0,7.0,102.0,100.0,2.0,192.0,102.0,90.0,278.0,277.0,1.0,482.0,525.0,-43.0,-5.0,-50.0,-133.0,-44.0
InferiorInfarction_001,V3,InferiorInfarction,reviewed,True,10.0,3.0,7.0,102.0,100.0,2.0,192.0,102.0,90.0,276.0,277.0,-1.0,464.0,510.0,-46.0,-5.0,-53.0,-136.0,-45.0
InferiorInfarction_001,V4,InferiorInfarction,reviewed,True,10.0,3.0,7.0,102.0,100.0,2.0,198.0,102.0,96.0,280.0,281.0,-1.0,374.0,502.0,-128.0,-5.0,-135.0,-224.0,-127.0
InferiorInfarction_001,V5,InferiorInfarction,reviewed,True,4.0,3.0,1.0,102.0,100.0,2.0,230.0,102.0,128.0,338.0,338.0,0.0,496.0,553.0,-57.0,1.0,-58.0,-185.0,-57.0
InferiorInfarction_001,V6,InferiorInfarction,reviewed,True,10.0,3.0,7.0,122.0,100.0,22.0,220.0,182.0,38.0,290.0,290.0,0.0,548.0,562.0,-14.0,15.0,-21.0,-52.0,-14.0
InferiorInfarction_002,I,InferiorInfarction,reviewed,True,10.0,4.0,6.0,118.0,113.0,5.0,204.0,174.0,30.0,288.0,289.0,-1.0,500.0,572.0,-72.0,-1.0,-78.0,-102.0,-71.0
InferiorInfarction_002,III,InferiorInfarction,reviewed,True,10.0,4.0,6.0,92.0,113.0,-21.0,102.0,150.0,-48.0,280.0,281.0,-1.0,496.0,553.0,-57.0,-27.0,-63.0,-9.0,-56.0
InferiorInfarction_002,aVR,InferiorInfarction,reviewed,True,10.0,4.0,6.0,130.0,113.0,17.0,200.0,152.0,48.0,302.0,301.0,1.0,570.0,588.0,-18.0,11.0,-24.0,-66.0,-19.0
InferiorInfarction_002,aVL,InferiorInfarction,reviewed,False,10.0,4.0,6.0,90.0,113.0,-23.0,214.0,187.0,27.0,284.0,284.0,0.0,362.0,566.0,-204.0,-29.0,-210.0,-231.0,-204.0
InferiorInfarction_002,aVF,InferiorInfarction,reviewed,True,10.0,4.0,6.0,120.0,113.0,7.0,198.0,201.0,-3.0,364.0,365.0,-1.0,514.0,557.0,-43.0,1.0,-49.0,-40.0,-42.0
InferiorInfarction_002,V1,InferiorInfarction,reviewed,True,2.0,4.0,-2.0,122.0,113.0,9.0,208.0,135.0,73.0,284.0,285.0,-1.0,424.0,553.0,-129.0,11.0,-127.0,-202.0,-128.0
InferiorInfarction_002,V2,InferiorInfarction,reviewed,True,2.0,4.0,-2.0,122.0,113.0,9.0,206.0,128.0,78.0,284.0,285.0,-1.0,424.0,561.0,-137.0,11.0,-135.0,-215.0,-136.0
InferiorInfarction_002,V3,InferiorInfarction,reviewed,True,2.0,4.0,-2.0,120.0,113.0,7.0,204.0,116.0,88.0,284.0,284.0,0.0,424.0,564.0,-140.0,9.0,-138.0,-228.0,-140.0
InferiorInfarction_002,V4,InferiorInfarction,reviewed,True,10.0,4.0,6.0,120.0,113.0,7.0,206.0,148.0,58.0,284.0,284.0,0.0,424.0,566.0,-142.0,1.0,-148.0,-200.0,-142.0
InferiorInfarction_002,V5,InferiorInfarction,reviewed,True,10.0,4.0,6.0,118.0,113.0,5.0,270.0,128.0,142.0,318.0,319.0,-1.0,436.0,502.0,-66.0,-1.0,-72.0,-208.0,-65.0
InferiorInfarction_003,I,InferiorInfarction,reviewed,True,4.0,3.0,1.0,118.0,101.0,17.0,210.0,128.0,82.0,344.0,345.0,-1.0,558.0,561.0,-3.0,16.0,-4.0,-85.0,-2.0
InferiorInfarction_003,II,InferiorInfarction,reviewed,True,10.0,3.0,7.0,112.0,101.0,11.0,282.0,195.0,87.0,346.0,346.0,0.0,488.0,550.0,-62.0,4.0,-69.0,-149.0,-62.0
InferiorInfarction_003,III,InferiorInfarction,reviewed,True,10.0,3.0,7.0,106.0,101.0,5.0,180.0,131.0,49.0,286.0,285.0,1.0,452.0,486.0,-34.0,-2.0,-41.0,-83.0,-35.0
InferiorInfarction_003,aVR,InferiorInfarction,reviewed,True,10.0,3.0,7.0,118.0,101.0,17.0,238.0,163.0,75.0,346.0,346.0,0.0,540.0,558.0,-18.0,10.0,-25.0,-93.0,-18.0
InferiorInfarction_003,aVL,InferiorInfarction,reviewed,True,10.0,3.0,7.0,112.0,101.0,11.0,208.0,107.0,101.0,284.0,283.0,1.0,370.0,538.0,-168.0,4.0,-175.0,-269.0,-169.0
InferiorInfarction_003,aVF,InferiorInfarction,reviewed,False,10.0,3.0,7.0,72.0,101.0,-29.0,82.0,109.0,-27.0,348.0,347.0,1.0,478.0,523.0,-45.0,-36.0,-52.0,-18.0,-46.0
InferiorInfarction_003,V1,InferiorInfarction,reviewed,True,0.0,3.0,-3.0,112.0,101.0,11.0,200.0,109.0,91.0,280.0,280.0,0.0,484.0,510.0,-26.0,14.0,-23.0,-117.0,-26.0
InferiorInfarction_003,V3,InferiorInfarction,reviewed,True,10.0,3.0,7.0,112.0,101.0,11.0,208.0,160.0,48.0,288.0,287.0,1.0,466.0,502.0,-36.0,4.0,-43.0,-84.0,-37.0
InferiorInfarction_003,V4,InferiorInfarction,reviewed,True,10.0,3.0,7.0,112.0,101.0,11.0,218.0,162.0,56.0,296.0,295.0,1.0,414.0,506.0,-92.0,4.0,-99.0,-148.0,-93.0
InferiorInfarction_003,V5,InferiorInfarction,reviewed,True,10.0,3.0,7.0,124.0,101.0,23.0,224.0,140.0,84.0,286.0,286.0,0.0,544.0,550.0,-6.0,16.0,-13.0,-90.0,-6.0
InferiorInfarction_003,V6,InferiorInfarction,reviewed,True,4.0,3.0,1.0,130.0,101.0,29.0,224.0,109.0,115.0,290.0,289.0,1.0,546.0,537.0,9.0,28.0,8.0,-106.0,8.0
InferiorInfarction_004,I,InferiorInfarction,reviewed,True,4.0,3.0,1.0,106.0,96.0,10.0,188.0,186.0,2.0,282.0,282.0,0.0,542.0,562.0,-20.0,9.0,-21.0,-22.0,-20.0
InferiorInfarction_004,II,InferiorInfarction,reviewed,True,10.0,3.0,7.0,112.0,96.0,16.0,294.0,205.0,89.0,352.0,352.0,0.0,500.0,538.0,-38.0,9.0,-45.0,-127.0,-38.0
InferiorInfarction_004,III,InferiorInfarction,reviewed,True,10.0,3.0,7.0,106.0,96.0,10.0,226.0,96.0,130.0,278.0,278.0,0.0,478.0,507.0,-29.0,3.0,-36.0,-159.0,-29.0
InferiorInfarction_004,aVR,InferiorInfarction,reviewed,True,4.0,3.0,1.0,118.0,96.0,22.0,282.0,101.0,181.0,352.0,351.0,1.0,552.0,557.0,-5.0,21.0,-6.0,-186.0,-6.0
InferiorInfarction_004,aVL,InferiorInfarction,reviewed,True,10.0,3.0,7.0,104.0,96.0,8.0,204.0,100.0,104.0,280.0,280.0,0.0,342.0,553.0,-211.0,1.0,-218.0,-315.0,-211.0
InferiorInfarction_004,aVF,InferiorInfarction,reviewed,True,10.0,3.0,7.0,110.0,96.0,14.0,198.0,131.0,67.0,352.0,352.0,0.0,496.0,506.0,-10.0,7.0,-17.0,-77.0,-10.0
InferiorInfarction_004,V1,InferiorInfarction,reviewed,True,0.0,3.0,-3.0,106.0,96.0,10.0,196.0,99.0,97.0,284.0,283.0,1.0,454.0,535.0,-81.0,13.0,-78.0,-178.0,-82.0
InferiorInfarction_004,V2,InferiorInfarction,reviewed,True,10.0,3.0,7.0,106.0,96.0,10.0,192.0,99.0,93.0,280.0,280.0,0.0,482.0,525.0,-43.0,3.0,-50.0,-136.0,-43.0
InferiorInfarction_004,V3,InferiorInfarction,reviewed,True,4.0,3.0,1.0,106.0,96.0,10.0,194.0,99.0,95.0,276.0,277.0,-1.0,490.0,549.0,-59.0,9.0,-60.0,-154.0,-58.0
InferiorInfarction_004,V4,InferiorInfarction,reviewed,True,4.0,3.0,1.0,104.0,96.0,8.0,206.0,99.0,107.0,288.0,288.0,0.0,468.0,531.0,-63.0,7.0,-64.0,-170.0,-63.0
InferiorInfarction_004,V5,InferiorInfarction,reviewed,True,10.0,3.0,7.0,104.0,96.0,8.0,114.0,99.0,15.0,276.0,277.0,-1.0,474.0,553.0,-79.0,1.0,-86.0,-94.0,-78.0
InferiorInfarction_005,I,InferiorInfarction,reviewed,True,10.0,4.0,6.0,106.0,96.0,10.0,258.0,214.0,44.0,342.0,341.0,1.0,542.0,550.0,-8.0,4.0,-14.0,-52.0,-9.0
InferiorInfarction_005,II,InferiorInfarction,reviewed,True,10.0,4.0,6.0,106.0,96.0,10.0,244.0,209.0,35.0,344.0,344.0,0.0,540.0,550.0,-10.0,4.0,-16.0,-45.0,-10.0
InferiorInfarction_005,III,InferiorInfarction,reviewed,True,10.0,4.0,6.0,98.0,96.0,2.0,214.0,99.0,115.0,300.0,301.0,-1.0,490.0,495.0,-5.0,-4.0,-11.0,-120.0,-4.0
InferiorInfarction_005,aVR,InferiorInfarction,reviewed,True,4.0,4.0,0.0,110.0,96.0,14.0,254.0,105.0,149.0,344.0,344.0,0.0,546.0,549.0,-3.0,14.0,-3.0,-152.0,-3.0
InferiorInfarction_005,aVL,InferiorInfarction,reviewed,True,10.0,4.0,6.0,104.0,96.0,8.0,260.0,105.0,155.0,302.0,303.0,-1.0,582.0,529.0,53.0,2.0,47.0,-102.0,54.0
InferiorInfarction_005,V1,InferiorInfarction,reviewed,True,0.0,4.0,-4.0,110.0,96.0,14.0,204.0,109.0,95.0,282.0,282.0,0.0,542.0,535.0,7.0,18.0,11.0,-88.0,7.0
InferiorInfarction_005,V2,InferiorInfarction,reviewed,True,0.0,4.0,-4.0,106.0,96.0,10.0,204.0,99.0,105.0,282.0,282.0,0.0,536.0,535.0,1.0,14.0,5.0,-104.0,1.0
InferiorInfarction_005,V3,InferiorInfarction,reviewed,True,10.0,4.0,6.0,104.0,96.0,8.0,208.0,99.0,109.0,284.0,284.0,0.0,476.0,533.0,-57.0,2.0,-63.0,-166.0,-57.0
InferiorInfarction_005,V4,InferiorInfarction,reviewed,True,10.0,4.0,6.0,104.0,96.0,8.0,216.0,107.0,109.0,292.0,293.0,-1.0,480.0,537.0,-57.0,2.0,-63.0,-166.0,-56.0
InferiorInfarction_005,V5,InferiorInfarction,reviewed,True,10.0,4.0,6.0,110.0,96.0,14.0,230.0,99.0,131.0,284.0,284.0,0.0,536.0,550.0,-14.0,8.0,-20.0,-145.0,-14.0
InferiorInfarction_005,V6,InferiorInfarction,reviewed,True,10.0,4.0,6.0,122.0,96.0,26.0,226.0,109.0,117.0,292.0,291.0,1.0,548.0,545.0,3.0,20.0,-3.0,-114.0,2.0
InferiorInfarction_006,I,InferiorInfarction,reviewed,True,10.0,3.0,7.0,102.0,96.0,6.0,186.0,98.0,88.0,288.0,287.0,1.0,394.0,553.0,-159.0,-1.0,-166.0,-247.0,-160.0
InferiorInfarction_006,II,InferiorInfarction,reviewed,False,2.0,3.0,-1.0,68.0,96.0,-28.0,78.0,98.0,-20.0,346.0,346.0,0.0,502.0,539.0,-37.0,-27.0,-36.0,-17.0,-37.0
InferiorInfarction_006,III,InferiorInfarction,reviewed,False,10.0,3.0,7.0,74.0,96.0,-22.0,84.0,98.0,-14.0,346.0,346.0,0.0,506.0,528.0,-22.0,-29.0,-29.0,-8.0,-22.0
InferiorInfarction_006,aVR,InferiorInfarction,reviewed,True,2.0,3.0,-1.0,108.0,96.0,12.0,176.0,98.0,78.0,284.0,283.0,1.0,492.0,546.0,-54.0,13.0,-53.0,-132.0,-55.0
InferiorInfarction_006,aVL,InferiorInfarction,reviewed,True,10.0,3.0,7.0,100.0,96.0,4.0,210.0,98.0,112.0,294.0,294.0,0.0,574.0,530.0,44.0,-3.0,37.0,-68.0,44.0
InferiorInfarction_006,aVF,InferiorInfarction,reviewed,True,10.0,3.0,7.0,104.0,96.0,8.0,242.0,110.0,132.0,346.0,346.0,0.0,506.0,519.0,-13.0,1.0,-20.0,-145.0,-13.0
InferiorInfarction_006,V1,InferiorInfarction,reviewed,True,2.0,3.0,-1.0,108.0,96.0,12.0,200.0,98.0,102.0,280.0,280.0,0.0,540.0,542.0,-2.0,13.0,-1.0,-104.0,-2.0
InferiorInfarction_006,V2,InferiorInfarction,reviewed,True,2.0,3.0,-1.0,104.0,96.0,8.0,196.0,98.0,98.0,280.0,280.0,0.0,538.0,530.0,8.0,9.0,9.0,-90.0,8.0
InferiorInfarction_006,V3,InferiorInfarction,reviewed,True,2.0,3.0,-1.0,104.0,96.0,8.0,196.0,98.0,98.0,278.0,278.0,0.0,418.0,534.0,-116.0,9.0,-115.0,-214.0,-116.0
InferiorInfarction_006,V4,InferiorInfarction,reviewed,True,10.0,3.0,7.0,102.0,96.0,6.0,198.0,98.0,100.0,278.0,277.0,1.0,418.0,547.0,-129.0,-1.0,-136.0,-229.0,-130.0
InferiorInfarction_006,V5,InferiorInfarction,reviewed,False,10.0,3.0,7.0,80.0,96.0,-16.0,90.0,98.0,-8.0,274.0,274.0,0.0,446.0,483.0,-37.0,-23.0,-44.0,-29.0,-37.0
InferiorInfarction_007,I,InferiorInfarction,reviewed,True,10.0,4.0,6.0,104.0,96.0,8.0,230.0,98.0,132.0,284.0,283.0,1.0,536.0,549.0,-13.0,2.0,-19.0,-145.0,-14.0
InferiorInfarction_007,II,InferiorInfarction,reviewed,True,10.0,4.0,6.0,104.0,96.0,8.0,192.0,98.0,94.0,344.0,344.0,0.0,532.0,545.0,-13.0,2.0,-19.0,-107.0,-13.0
InferiorInfarction_007,III,InferiorInfarction,reviewed,True,10.0,4.0,6.0,102.0,96.0,6.0,192.0,98.0,94.0,296.0,295.0,1.0,464.0,518.0,-54.0,0.0,-60.0,-148.0,-55.0
InferiorInfarction_007,aVR,InferiorInfarction,reviewed,True,10.0,4.0,6.0,108.0,96.0,12.0,242.0,100.0,142.0,344.0,343.0,1.0,534.0,537.0,-3.0,6.0,-9.0,-145.0,-4.0
InferiorInfarction_007,aVF,InferiorInfarction,reviewed,True,10.0,4.0,6.0,102.0,96.0,6.0,230.0,98.0,132.0,344.0,344.0,0.0,516.0,545.0,-29.0,0.0,-35.0,-161.0,-29.0
InferiorInfarction_007,V1,InferiorInfarction,reviewed,True,10.0,4.0,6.0,104.0,96.0,8.0,198.0,98.0,100.0,278.0,278.0,0.0,532.0,533.0,-1.0,2.0,-7.0,-101.0,-1.0
InferiorInfarction_007,V3,InferiorInfarction,reviewed,True,10.0,4.0,6.0,102.0,96.0,6.0,206.0,98.0,108.0,284.0,285.0,-1.0,490.0,525.0,-35.0,0.0,-41.0,-143.0,-34.0
InferiorInfarction_007,V4,InferiorInfarction,reviewed,False,10.0,4.0,6.0,86.0,96.0,-10.0,220.0,98.0,122.0,300.0,300.0,0.0,490.0,519.0,-29.0,-16.0,-35.0,-151.0,-29.0
InferiorInfarction_007,V5,InferiorInfarction,reviewed,True,10.0,4.0,6.0,114.0,96.0,18.0,224.0,98.0,126.0,282.0,282.0,0.0,540.0,537.0,3.0,12.0,-3.0,-123.0,3.0
InferiorInfarction_007,V6,InferiorInfarction,reviewed,True,10.0,4.0,6.0,114.0,96.0,18.0,218.0,98.0,120.0,282.0,283.0,-1.0,538.0,537.0,1.0,12.0,-5.0,-119.0,2.0
InferiorInfarction_007,aVL,InferiorInfarction,reviewed,True,10.0,4.0,6.0,102.0,96.0,6.0,218.0,98.0,120.0,292.0,291.0,1.0,340.0,452.0,-112.0,0.0,-118.0,-232.0,-113.0
InferiorInfarction_008,I,InferiorInfarction,reviewed,False,10.0,3.0,7.0,76.0,100.0,-24.0,200.0,131.0,69.0,284.0,284.0,0.0,478.0,533.0,-55.0,-31.0,-62.0,-124.0,-55.0
InferiorInfarction_008,III,InferiorInfarction,reviewed,True,10.0,3.0,7.0,108.0,100.0,8.0,222.0,117.0,105.0,282.0,282.0,0.0,462.0,492.0,-30.0,1.0,-37.0,-135.0,-30.0
InferiorInfarction_008,aVR,InferiorInfarction,reviewed,True,10.0,3.0,7.0,112.0,100.0,12.0,280.0,123.0,157.0,348.0,347.0,1.0,498.0,537.0,-39.0,5.0,-46.0,-196.0,-40.0
InferiorInfarction_008,aVL,InferiorInfarction,reviewed,False,10.0,3.0,7.0,88.0,100.0,-12.0,210.0,166.0,44.0,282.0,283.0,-1.0,336.0,510.0,-174.0,-19.0,-181.0,-218.0,-173.0
InferiorInfarction_008,aVF,InferiorInfarction,reviewed,True,10.0,3.0,7.0,108.0,100.0,8.0,188.0,109.0,79.0,346.0,346.0,0.0,480.0,506.0,-26.0,1.0,-33.0,-105.0,-26.0
InferiorInfarction_008,V1,InferiorInfarction,reviewed,True,2.0,3.0,-1.0,108.0,100.0,8.0,196.0,101.0,95.0,280.0,279.0,1.0,476.0,502.0,-26.0,9.0,-25.0,-121.0,-27.0
InferiorInfarction_008,V2,InferiorInfarction,reviewed,True,10.0,3.0,7.0,108.0,100.0,8.0,194.0,101.0,93.0,278.0,278.0,0.0,480.0,495.0,-15.0,1.0,-22.0,-108.0,-15.0
InferiorInfarction_008,V3,InferiorInfarction,reviewed,True,10.0,3.0,7.0,108.0,100.0,8.0,194.0,101.0,93.0,276.0,276.0,0.0,536.0,538.0,-2.0,1.0,-9.0,-95.0,-2.0
InferiorInfarction_008,V4,InferiorInfarction,reviewed,True,10.0,3.0,7.0,106.0,100.0,6.0,196.0,101.0,95.0,278.0,278.0,0.0,478.0,514.0,-36.0,-1.0,-43.0,-131.0,-36.0
InferiorInfarction_008,V5,InferiorInfarction,reviewed,True,10.0,3.0,7.0,106.0,100.0,6.0,244.0,101.0,143.0,346.0,346.0,0.0,474.0,475.0,-1.0,-1.0,-8.0,-144.0,-1.0
InferiorInfarction_008,V6,InferiorInfarction,reviewed,True,10.0,3.0,7.0,120.0,100.0,20.0,224.0,101.0,123.0,288.0,288.0,0.0,540.0,550.0,-10.0,13.0,-17.0,-133.0,-10.0
InferiorInfarction_009,I,InferiorInfarction,reviewed,True,10.0,3.0,7.0,102.0,92.0,10.0,200.0,187.0,13.0,288.0,288.0,0.0,540.0,550.0,-10.0,3.0,-17.0,-23.0,-10.0
InferiorInfarction_010,I,InferiorInfarction,reviewed,True,10.0,4.0,6.0,106.0,92.0,14.0,194.0,127.0,67.0,278.0,277.0,1.0,536.0,550.0,-14.0,8.0,-20.0,-81.0,-15.0
InferiorInfarction_010,II,InferiorInfarction,reviewed,False,10.0,4.0,6.0,78.0,92.0,-14.0,88.0,96.0,-8.0,350.0,351.0,-1.0,544.0,546.0,-2.0,-20.0,-8.0,6.0,-1.0
InferiorInfarction_009,II,InferiorInfarction,reviewed,True,10.0,3.0,7.0,104.0,92.0,12.0,286.0,193.0,93.0,346.0,346.0,0.0,496.0,557.0,-61.0,5.0,-68.0,-154.0,-61.0
InferiorInfarction_009,III,InferiorInfarction,reviewed,True,10.0,3.0,7.0,100.0,92.0,8.0,214.0,183.0,31.0,286.0,285.0,1.0,374.0,519.0,-145.0,1.0,-152.0,-176.0,-146.0
InferiorInfarction_009,aVR,InferiorInfarction,reviewed,True,10.0,3.0,7.0,108.0,92.0,16.0,190.0,104.0,86.0,288.0,289.0,-1.0,540.0,550.0,-10.0,9.0,-17.0,-96.0,-9.0
InferiorInfarction_009,aVL,InferiorInfarction,reviewed,True,10.0,3.0,7.0,102.0,92.0,10.0,206.0,143.0,63.0,286.0,287.0,-1.0,344.0,545.0,-201.0,3.0,-208.0,-264.0,-200.0
InferiorInfarction_009,aVF,InferiorInfarction,reviewed,True,10.0,3.0,7.0,100.0,92.0,8.0,186.0,99.0,87.0,344.0,344.0,0.0,474.0,519.0,-45.0,1.0,-52.0,-132.0,-45.0
InferiorInfarction_009,V2,InferiorInfarction,reviewed,True,0.0,3.0,-3.0,102.0,92.0,10.0,198.0,99.0,99.0,280.0,279.0,1.0,420.0,535.0,-115.0,13.0,-112.0,-214.0,-116.0
InferiorInfarction_009,V3,InferiorInfarction,reviewed,True,10.0,3.0,7.0,104.0,92.0,12.0,198.0,99.0,99.0,278.0,279.0,-1.0,418.0,537.0,-119.0,5.0,-126.0,-218.0,-118.0
InferiorInfarction_009,V4,InferiorInfarction,reviewed,True,10.0,3.0,7.0,104.0,92.0,12.0,198.0,139.0,59.0,280.0,279.0,1.0,420.0,546.0,-126.0,5.0,-133.0,-185.0,-127.0
InferiorInfarction_009,V5,InferiorInfarction,reviewed,False,10.0,3.0,7.0,82.0,92.0,-10.0,210.0,144.0,66.0,294.0,294.0,0.0,338.0,343.0,-5.0,-17.0,-12.0,-71.0,-5.0
InferiorInfarction_009,V6,InferiorInfarction,reviewed,True,10.0,3.0,7.0,108.0,92.0,16.0,228.0,136.0,92.0,340.0,341.0,-1.0,542.0,546.0,-4.0,9.0,-11.0,-96.0,-3.0
InferiorInfarction_010,III,InferiorInfarction,reviewed,True,10.0,4.0,6.0,102.0,92.0,10.0,220.0,96.0,124.0,278.0,277.0,1.0,486.0,553.0,-67.0,4.0,-73.0,-191.0,-68.0
InferiorInfarction_010,aVL,InferiorInfarction,reviewed,True,10.0,4.0,6.0,100.0,92.0,8.0,208.0,166.0,42.0,278.0,277.0,1.0,350.0,510.0,-160.0,2.0,-166.0,-202.0,-161.0
InferiorInfarction_010,aVF,InferiorInfarction,reviewed,True,10.0,4.0,6.0,104.0,92.0,12.0,238.0,96.0,142.0,278.0,278.0,0.0,538.0,538.0,0.0,6.0,-6.0,-142.0,0.0
InferiorInfarction_010,V1,InferiorInfarction,reviewed,True,0.0,4.0,-4.0,102.0,92.0,10.0,200.0,96.0,104.0,284.0,285.0,-1.0,536.0,537.0,-1.0,14.0,3.0,-105.0,0.0
InferiorInfarction_010,V2,InferiorInfarction,reviewed,True,0.0,4.0,-4.0,102.0,92.0,10.0,198.0,96.0,102.0,282.0,282.0,0.0,422.0,525.0,-103.0,14.0,-99.0,-205.0,-103.0
InferiorInfarction_010,V3,InferiorInfarction,reviewed,True,10.0,4.0,6.0,102.0,92.0,10.0,200.0,96.0,104.0,280.0,280.0,0.0,420.0,538.0,-118.0,4.0,-124.0,-222.0,-118.0
InferiorInfarction_010,V4,InferiorInfarction,reviewed,True,10.0,4.0,6.0,102.0,92.0,10.0,206.0,160.0,46.0,282.0,282.0,0.0,484.0,545.0,-61.0,4.0,-67.0,-107.0,-61.0
InferiorInfarction_010,V5,InferiorInfarction,reviewed,True,10.0,4.0,6.0,102.0,92.0,10.0,224.0,101.0,123.0,282.0,281.0,1.0,482.0,550.0,-68.0,4.0,-74.0,-191.0,-69.0
InferiorInfarction_010,V6,InferiorInfarction,reviewed,True,10.0,4.0,6.0,114.0,92.0,22.0,226.0,107.0,119.0,290.0,290.0,0.0,548.0,550.0,-2.0,16.0,-8.0,-121.0,-2.0
InferiorInfarction_011,I,InferiorInfarction,reviewed,True,4.0,3.0,1.0,120.0,105.0,15.0,278.0,199.0,79.0,322.0,321.0,1.0,558.0,558.0,0.0,14.0,-1.0,-79.0,-1.0
InferiorInfarction_011,II,InferiorInfarction,reviewed,True,10.0,3.0,7.0,120.0,105.0,15.0,242.0,117.0,125.0,348.0,348.0,0.0,558.0,566.0,-8.0,8.0,-15.0,-133.0,-8.0
InferiorInfarction_011,III,InferiorInfarction,reviewed,True,10.0,3.0,7.0,116.0,105.0,11.0,240.0,135.0,105.0,282.0,282.0,0.0,490.0,549.0,-59.0,4.0,-66.0,-164.0,-59.0
InferiorInfarction_011,aVR,InferiorInfarction,reviewed,True,10.0,3.0,7.0,120.0,105.0,15.0,248.0,120.0,128.0,346.0,346.0,0.0,562.0,566.0,-4.0,8.0,-11.0,-132.0,-4.0
InferiorInfarction_011,aVL,InferiorInfarction,reviewed,True,4.0,3.0,1.0,112.0,105.0,7.0,236.0,205.0,31.0,282.0,282.0,0.0,476.0,564.0,-88.0,6.0,-89.0,-119.0,-88.0
InferiorInfarction_011,aVF,InferiorInfarction,reviewed,True,10.0,3.0,7.0,120.0,105.0,15.0,240.0,107.0,133.0,282.0,282.0,0.0,494.0,562.0,-68.0,8.0,-75.0,-201.0,-68.0
InferiorInfarction_011,V1,InferiorInfarction,reviewed,True,0.0,3.0,-3.0,116.0,105.0,11.0,204.0,111.0,93.0,284.0,284.0,0.0,424.0,553.0,-129.0,14.0,-126.0,-222.0,-129.0
InferiorInfarction_011,V2,InferiorInfarction,reviewed,True,0.0,3.0,-3.0,116.0,105.0,11.0,202.0,109.0,93.0,284.0,285.0,-1.0,424.0,561.0,-137.0,14.0,-134.0,-230.0,-136.0
InferiorInfarction_011,V3,InferiorInfarction,reviewed,True,10.0,3.0,7.0,116.0,105.0,11.0,204.0,111.0,93.0,286.0,286.0,0.0,426.0,550.0,-124.0,4.0,-131.0,-217.0,-124.0
InferiorInfarction_011,V5,InferiorInfarction,reviewed,True,10.0,3.0,7.0,126.0,105.0,21.0,242.0,107.0,135.0,350.0,350.0,0.0,554.0,564.0,-10.0,14.0,-17.0,-145.0,-10.0
InferiorInfarction_011,V6,InferiorInfarction,reviewed,True,10.0,3.0,7.0,128.0,105.0,23.0,234.0,183.0,51.0,310.0,311.0,-1.0,566.0,574.0,-8.0,16.0,-15.0,-59.0,-7.0
InferiorInfarction_012,I,InferiorInfarction,reviewed,True,4.0,4.0,0.0,92.0,104.0,-12.0,206.0,142.0,64.0,288.0,288.0,0.0,468.0,571.0,-103.0,-12.0,-103.0,-167.0,-103.0
InferiorInfarction_012,III,InferiorInfarction,reviewed,True,10.0,4.0,6.0,114.0,104.0,10.0,224.0,107.0,117.0,288.0,287.0,1.0,516.0,566.0,-50.0,4.0,-56.0,-167.0,-51.0
InferiorInfarction_012,aVR,InferiorInfarction,reviewed,True,4.0,4.0,0.0,124.0,104.0,20.0,192.0,109.0,83.0,288.0,288.0,0.0,506.0,564.0,-58.0,20.0,-58.0,-141.0,-58.0
InferiorInfarction_012,aVL,InferiorInfarction,reviewed,False,4.0,4.0,0.0,86.0,104.0,-18.0,214.0,162.0,52.0,288.0,287.0,1.0,340.0,557.0,-217.0,-18.0,-217.0,-269.0,-218.0
InferiorInfarction_012,aVF,InferiorInfarction,reviewed,True,10.0,4.0,6.0,118.0,104.0,14.0,238.0,107.0,131.0,286.0,287.0,-1.0,512.0,566.0,-54.0,8.0,-60.0,-185.0,-53.0
InferiorInfarction_012,V1,InferiorInfarction,reviewed,True,0.0,4.0,-4.0,114.0,104.0,10.0,202.0,107.0,95.0,284.0,285.0,-1.0,424.0,566.0,-142.0,14.0,-138.0,-237.0,-141.0
InferiorInfarction_012,V2,InferiorInfarction,reviewed,True,10.0,4.0,6.0,114.0,104.0,10.0,200.0,107.0,93.0,282.0,282.0,0.0,492.0,523.0,-31.0,4.0,-37.0,-124.0,-31.0
InferiorInfarction_012,V3,InferiorInfarction,reviewed,True,4.0,4.0,0.0,116.0,104.0,12.0,200.0,107.0,93.0,280.0,280.0,0.0,420.0,550.0,-130.0,12.0,-130.0,-223.0,-130.0
InferiorInfarction_012,V4,InferiorInfarction,reviewed,True,4.0,4.0,0.0,114.0,104.0,10.0,202.0,123.0,79.0,280.0,279.0,1.0,420.0,553.0,-133.0,10.0,-133.0,-212.0,-134.0
InferiorInfarction_012,V5,InferiorInfarction,reviewed,True,4.0,4.0,0.0,108.0,104.0,4.0,178.0,107.0,71.0,280.0,281.0,-1.0,358.0,361.0,-3.0,4.0,-3.0,-74.0,-2.0
InferiorInfarction_012,V6,InferiorInfarction,reviewed,True,10.0,4.0,6.0,124.0,104.0,20.0,224.0,127.0,97.0,290.0,289.0,1.0,570.0,568.0,2.0,14.0,-4.0,-95.0,1.0
InferiorInfarction_013,I,InferiorInfarction,reviewed,True,10.0,4.0,6.0,116.0,107.0,9.0,236.0,107.0,129.0,340.0,341.0,-1.0,560.0,566.0,-6.0,3.0,-12.0,-135.0,-5.0
InferiorInfarction_013,II,InferiorInfarction,reviewed,True,10.0,4.0,6.0,116.0,107.0,9.0,194.0,107.0,87.0,348.0,348.0,0.0,548.0,558.0,-10.0,3.0,-16.0,-97.0,-10.0
InferiorInfarction_013,III,InferiorInfarction,reviewed,True,10.0,4.0,6.0,92.0,107.0,-15.0,238.0,107.0,131.0,280.0,279.0,1.0,496.0,510.0,-14.0,-21.0,-20.0,-145.0,-15.0
InferiorInfarction_013,aVR,InferiorInfarction,reviewed,True,10.0,4.0,6.0,124.0,107.0,17.0,206.0,107.0,99.0,346.0,347.0,-1.0,558.0,549.0,9.0,11.0,3.0,-90.0,10.0
InferiorInfarction_013,aVL,InferiorInfarction,reviewed,True,10.0,4.0,6.0,108.0,107.0,1.0,216.0,186.0,30.0,278.0,279.0,-1.0,558.0,553.0,5.0,-5.0,-1.0,-25.0,6.0
InferiorInfarction_013,aVF,InferiorInfarction,reviewed,True,10.0,4.0,6.0,112.0,107.0,5.0,250.0,107.0,143.0,350.0,350.0,0.0,502.0,572.0,-70.0,-1.0,-76.0,-213.0,-70.0
InferiorInfarction_013,V1,InferiorInfarction,reviewed,True,2.0,4.0,-2.0,114.0,107.0,7.0,204.0,107.0,97.0,282.0,283.0,-1.0,422.0,546.0,-124.0,9.0,-122.0,-221.0,-123.0
InferiorInfarction_013,V2,InferiorInfarction,reviewed,True,10.0,4.0,6.0,112.0,107.0,5.0,204.0,107.0,97.0,284.0,283.0,1.0,424.0,545.0,-121.0,-1.0,-127.0,-218.0,-122.0
InferiorInfarction_013,V4,InferiorInfarction,reviewed,True,10.0,4.0,6.0,112.0,107.0,5.0,224.0,174.0,50.0,298.0,297.0,1.0,500.0,525.0,-25.0,-1.0,-31.0,-75.0,-26.0
InferiorInfarction_013,V5,InferiorInfarction,reviewed,True,4.0,4.0,0.0,118.0,107.0,11.0,222.0,128.0,94.0,280.0,281.0,-1.0,552.0,566.0,-14.0,11.0,-14.0,-108.0,-13.0
InferiorInfarction_013,V6,InferiorInfarction,reviewed,True,4.0,4.0,0.0,126.0,107.0,19.0,224.0,115.0,109.0,290.0,290.0,0.0,560.0,558.0,2.0,19.0,2.0,-107.0,2.0
InferiorInfarction_014,I,InferiorInfarction,reviewed,True,10.0,4.0,6.0,110.0,100.0,10.0,280.0,128.0,152.0,346.0,345.0,1.0,552.0,568.0,-16.0,4.0,-22.0,-168.0,-17.0
InferiorInfarction_014,II,InferiorInfarction,reviewed,True,10.0,4.0,6.0,114.0,100.0,14.0,232.0,296.0,-64.0,348.0,349.0,-1.0,554.0,545.0,9.0,8.0,3.0,73.0,10.0
InferiorInfarction_014,III,InferiorInfarction,reviewed,True,10.0,4.0,6.0,110.0,100.0,10.0,260.0,104.0,156.0,350.0,350.0,0.0,502.0,562.0,-60.0,4.0,-66.0,-216.0,-60.0
InferiorInfarction_014,aVR,InferiorInfarction,reviewed,True,10.0,4.0,6.0,116.0,100.0,16.0,244.0,123.0,121.0,348.0,349.0,-1.0,554.0,566.0,-12.0,10.0,-18.0,-133.0,-11.0
InferiorInfarction_014,aVL,InferiorInfarction,reviewed,True,10.0,4.0,6.0,106.0,100.0,6.0,216.0,178.0,38.0,278.0,277.0,1.0,532.0,506.0,26.0,0.0,20.0,-12.0,25.0
InferiorInfarction_014,aVF,InferiorInfarction,reviewed,True,10.0,4.0,6.0,112.0,100.0,12.0,222.0,123.0,99.0,350.0,349.0,1.0,550.0,553.0,-3.0,6.0,-9.0,-102.0,-4.0
InferiorInfarction_014,V2,InferiorInfarction,reviewed,True,0.0,4.0,-4.0,108.0,100.0,8.0,202.0,104.0,98.0,280.0,281.0,-1.0,420.0,521.0,-101.0,12.0,-97.0,-199.0,-100.0
InferiorInfarction_014,V3,InferiorInfarction,reviewed,True,10.0,4.0,6.0,108.0,100.0,8.0,204.0,136.0,68.0,284.0,284.0,0.0,544.0,549.0,-5.0,2.0,-11.0,-73.0,-5.0
InferiorInfarction_014,V4,InferiorInfarction,reviewed,True,10.0,4.0,6.0,108.0,100.0,8.0,210.0,144.0,66.0,292.0,292.0,0.0,398.0,535.0,-137.0,2.0,-143.0,-203.0,-137.0
InferiorInfarction_014,V5,InferiorInfarction,reviewed,True,10.0,4.0,6.0,112.0,100.0,12.0,312.0,127.0,185.0,342.0,342.0,0.0,510.0,523.0,-13.0,6.0,-19.0,-198.0,-13.0
InferiorInfarction_014,V6,InferiorInfarction,reviewed,True,4.0,4.0,0.0,120.0,100.0,20.0,224.0,179.0,45.0,286.0,285.0,1.0,556.0,549.0,7.0,20.0,7.0,-38.0,6.0
InferiorInfarction_015,I,InferiorInfarction,reviewed,True,10.0,5.0,5.0,110.0,105.0,5.0,198.0,131.0,67.0,282.0,281.0,1.0,488.0,576.0,-88.0,0.0,-93.0,-155.0,-89.0
InferiorInfarction_015,II,InferiorInfarction,reviewed,True,10.0,5.0,5.0,116.0,105.0,11.0,254.0,107.0,147.0,348.0,348.0,0.0,558.0,574.0,-16.0,6.0,-21.0,-163.0,-16.0
InferiorInfarction_015,III,InferiorInfarction,reviewed,True,10.0,5.0,5.0,110.0,105.0,5.0,220.0,107.0,113.0,278.0,279.0,-1.0,512.0,562.0,-50.0,0.0,-55.0,-163.0,-49.0
InferiorInfarction_015,aVL,InferiorInfarction,reviewed,True,10.0,5.0,5.0,102.0,105.0,-3.0,212.0,107.0,105.0,280.0,280.0,0.0,450.0,523.0,-73.0,-8.0,-78.0,-178.0,-73.0
InferiorInfarction_015,aVF,InferiorInfarction,reviewed,True,10.0,5.0,5.0,114.0,105.0,9.0,230.0,107.0,123.0,278.0,350.0,-72.0,514.0,566.0,-52.0,4.0,-57.0,-175.0,20.0
InferiorInfarction_015,V1,InferiorInfarction,reviewed,True,2.0,5.0,-3.0,110.0,105.0,5.0,198.0,107.0,91.0,280.0,280.0,0.0,420.0,523.0,-103.0,8.0,-100.0,-194.0,-103.0
InferiorInfarction_015,V2,InferiorInfarction,reviewed,True,10.0,5.0,5.0,110.0,105.0,5.0,196.0,107.0,89.0,280.0,279.0,1.0,420.0,553.0,-133.0,0.0,-138.0,-222.0,-134.0
InferiorInfarction_015,V3,InferiorInfarction,reviewed,True,10.0,5.0,5.0,110.0,105.0,5.0,200.0,131.0,69.0,282.0,283.0,-1.0,422.0,566.0,-144.0,0.0,-149.0,-213.0,-143.0
InferiorInfarction_015,V4,InferiorInfarction,reviewed,True,4.0,5.0,-1.0,108.0,105.0,3.0,216.0,156.0,60.0,298.0,298.0,0.0,388.0,506.0,-118.0,4.0,-117.0,-178.0,-118.0
InferiorInfarction_015,V5,InferiorInfarction,reviewed,True,4.0,5.0,-1.0,110.0,105.0,5.0,212.0,107.0,105.0,276.0,275.0,1.0,496.0,506.0,-10.0,6.0,-9.0,-115.0,-11.0
InferiorInfarction_015,V6,InferiorInfarction,reviewed,True,4.0,5.0,-1.0,122.0,105.0,17.0,222.0,174.0,48.0,288.0,289.0,-1.0,564.0,568.0,-4.0,18.0,-3.0,-52.0,-3.0
InferiorInfarction_016,I,InferiorInfarction,reviewed,True,10.0,5.0,5.0,110.0,96.0,14.0,212.0,109.0,103.0,344.0,345.0,-1.0,554.0,550.0,4.0,9.0,-1.0,-99.0,5.0
InferiorInfarction_016,II,InferiorInfarction,reviewed,True,4.0,5.0,-1.0,116.0,96.0,20.0,236.0,131.0,105.0,354.0,353.0,1.0,544.0,538.0,6.0,21.0,7.0,-99.0,5.0
InferiorInfarction_016,III,InferiorInfarction,reviewed,True,4.0,5.0,-1.0,110.0,96.0,14.0,244.0,174.0,70.0,356.0,357.0,-1.0,510.0,525.0,-15.0,15.0,-14.0,-85.0,-14.0
InferiorInfarction_016,aVL,InferiorInfarction,reviewed,True,10.0,5.0,5.0,104.0,96.0,8.0,226.0,102.0,124.0,304.0,305.0,-1.0,584.0,545.0,39.0,3.0,34.0,-85.0,40.0
InferiorInfarction_016,aVF,InferiorInfarction,reviewed,True,4.0,5.0,-1.0,116.0,96.0,20.0,240.0,127.0,113.0,354.0,355.0,-1.0,506.0,538.0,-32.0,21.0,-31.0,-145.0,-31.0
InferiorInfarction_016,V1,InferiorInfarction,reviewed,True,0.0,5.0,-5.0,106.0,96.0,10.0,202.0,102.0,100.0,284.0,283.0,1.0,424.0,535.0,-111.0,15.0,-106.0,-211.0,-112.0
InferiorInfarction_016,V2,InferiorInfarction,reviewed,True,4.0,5.0,-1.0,104.0,96.0,8.0,204.0,101.0,103.0,286.0,285.0,1.0,484.0,538.0,-54.0,9.0,-53.0,-157.0,-55.0
InferiorInfarction_016,V3,InferiorInfarction,reviewed,True,10.0,5.0,5.0,104.0,96.0,8.0,214.0,152.0,62.0,292.0,292.0,0.0,488.0,557.0,-69.0,3.0,-74.0,-131.0,-69.0
InferiorInfarction_016,V4,InferiorInfarction,reviewed,True,10.0,5.0,5.0,104.0,96.0,8.0,226.0,163.0,63.0,302.0,301.0,1.0,362.0,542.0,-180.0,3.0,-185.0,-243.0,-181.0
InferiorInfarction_016,V5,InferiorInfarction,reviewed,True,10.0,5.0,5.0,116.0,96.0,20.0,244.0,187.0,57.0,342.0,343.0,-1.0,552.0,553.0,-1.0,15.0,-6.0,-58.0,0.0
InferiorInfarction_016,V6,InferiorInfarction,reviewed,True,4.0,5.0,-1.0,122.0,96.0,26.0,228.0,179.0,49.0,292.0,291.0,1.0,552.0,562.0,-10.0,27.0,-9.0,-59.0,-11.0
InferiorInfarction_017,I,InferiorInfarction,reviewed,True,10.0,4.0,6.0,128.0,113.0,15.0,286.0,131.0,155.0,358.0,358.0,0.0,576.0,566.0,10.0,9.0,4.0,-145.0,10.0
InferiorInfarction_017,II,InferiorInfarction,reviewed,True,10.0,4.0,6.0,128.0,113.0,15.0,234.0,140.0,94.0,356.0,356.0,0.0,566.0,560.0,6.0,9.0,0.0,-88.0,6.0
InferiorInfarction_017,III,InferiorInfarction,reviewed,True,10.0,4.0,6.0,124.0,113.0,11.0,210.0,124.0,86.0,278.0,278.0,0.0,322.0,553.0,-231.0,5.0,-237.0,-317.0,-231.0
InferiorInfarction_017,aVR,InferiorInfarction,reviewed,True,10.0,4.0,6.0,134.0,113.0,21.0,296.0,126.0,170.0,358.0,357.0,1.0,572.0,566.0,6.0,15.0,0.0,-164.0,5.0
InferiorInfarction_017,aVL,InferiorInfarction,reviewed,True,10.0,4.0,6.0,124.0,113.0,11.0,202.0,136.0,66.0,282.0,282.0,0.0,502.0,576.0,-74.0,5.0,-80.0,-140.0,-74.0
InferiorInfarction_017,aVF,InferiorInfarction,reviewed,True,10.0,4.0,6.0,122.0,113.0,9.0,232.0,134.0,98.0,276.0,275.0,1.0,482.0,517.0,-35.0,3.0,-41.0,-133.0,-36.0
InferiorInfarction_017,V1,InferiorInfarction,reviewed,True,2.0,4.0,-2.0,124.0,113.0,11.0,206.0,116.0,90.0,284.0,281.0,3.0,424.0,570.0,-146.0,13.0,-144.0,-236.0,-149.0
InferiorInfarction_017,V2,InferiorInfarction,reviewed,True,0.0,4.0,-4.0,124.0,113.0,11.0,204.0,116.0,88.0,282.0,283.0,-1.0,422.0,560.0,-138.0,15.0,-134.0,-226.0,-137.0
InferiorInfarction_017,V3,InferiorInfarction,reviewed,True,10.0,4.0,6.0,124.0,113.0,11.0,204.0,116.0,88.0,282.0,282.0,0.0,422.0,560.0,-138.0,5.0,-144.0,-226.0,-138.0
InferiorInfarction_017,V4,InferiorInfarction,reviewed,True,10.0,4.0,6.0,124.0,113.0,11.0,206.0,154.0,52.0,282.0,282.0,0.0,514.0,570.0,-56.0,5.0,-62.0,-108.0,-56.0
InferiorInfarction_017,V5,InferiorInfarction,reviewed,True,10.0,4.0,6.0,122.0,113.0,9.0,204.0,116.0,88.0,280.0,280.0,0.0,356.0,564.0,-208.0,3.0,-214.0,-296.0,-208.0
InferiorInfarction_018,I,InferiorInfarction,reviewed,True,10.0,3.0,7.0,108.0,97.0,11.0,204.0,101.0,103.0,278.0,279.0,-1.0,352.0,546.0,-194.0,4.0,-201.0,-297.0,-193.0
InferiorInfarction_018,II,InferiorInfarction,reviewed,True,10.0,3.0,7.0,110.0,97.0,13.0,244.0,128.0,116.0,358.0,358.0,0.0,544.0,549.0,-5.0,6.0,-12.0,-121.0,-5.0
InferiorInfarction_018,III,InferiorInfarction,reviewed,True,10.0,3.0,7.0,110.0,97.0,13.0,228.0,105.0,123.0,358.0,358.0,0.0,508.0,550.0,-42.0,6.0,-49.0,-165.0,-42.0
InferiorInfarction_018,aVR,InferiorInfarction,reviewed,True,10.0,3.0,7.0,112.0,97.0,15.0,292.0,105.0,187.0,356.0,357.0,-1.0,548.0,545.0,3.0,8.0,-4.0,-184.0,4.0
InferiorInfarction_018,aVL,InferiorInfarction,reviewed,True,10.0,3.0,7.0,110.0,97.0,13.0,212.0,105.0,107.0,276.0,275.0,1.0,512.0,521.0,-9.0,6.0,-16.0,-116.0,-10.0
InferiorInfarction_018,aVF,InferiorInfarction,reviewed,True,10.0,3.0,7.0,110.0,97.0,13.0,260.0,105.0,155.0,358.0,358.0,0.0,504.0,550.0,-46.0,6.0,-53.0,-201.0,-46.0
InferiorInfarction_018,V1,InferiorInfarction,reviewed,True,2.0,3.0,-1.0,110.0,97.0,13.0,202.0,109.0,93.0,286.0,285.0,1.0,490.0,566.0,-76.0,14.0,-75.0,-169.0,-77.0
InferiorInfarction_018,V2,InferiorInfarction,reviewed,True,0.0,3.0,-3.0,110.0,97.0,13.0,202.0,101.0,101.0,284.0,284.0,0.0,424.0,566.0,-142.0,16.0,-139.0,-243.0,-142.0
InferiorInfarction_018,V4,InferiorInfarction,reviewed,True,10.0,3.0,7.0,110.0,97.0,13.0,208.0,107.0,101.0,286.0,285.0,1.0,426.0,443.0,-17.0,6.0,-24.0,-118.0,-18.0
InferiorInfarction_018,V5,InferiorInfarction,reviewed,True,10.0,3.0,7.0,106.0,97.0,9.0,232.0,100.0,132.0,322.0,321.0,1.0,602.0,546.0,56.0,2.0,49.0,-76.0,55.0
InferiorInfarction_018,V6,InferiorInfarction,reviewed,True,10.0,3.0,7.0,120.0,97.0,23.0,242.0,117.0,125.0,308.0,309.0,-1.0,568.0,566.0,2.0,16.0,-5.0,-123.0,3.0
InferiorInfarction_019,I,InferiorInfarction,reviewed,True,4.0,3.0,1.0,116.0,101.0,15.0,190.0,136.0,54.0,284.0,285.0,-1.0,562.0,564.0,-2.0,14.0,-3.0,-56.0,-1.0
InferiorInfarction_019,II,InferiorInfarction,reviewed,True,10.0,3.0,7.0,118.0,101.0,17.0,282.0,144.0,138.0,358.0,359.0,-1.0,518.0,542.0,-24.0,10.0,-31.0,-162.0,-23.0
InferiorInfarction_019,III,InferiorInfarction,reviewed,True,10.0,3.0,7.0,112.0,101.0,11.0,204.0,107.0,97.0,368.0,368.0,0.0,538.0,533.0,5.0,4.0,-2.0,-92.0,5.0
InferiorInfarction_019,aVR,InferiorInfarction,reviewed,True,4.0,3.0,1.0,130.0,101.0,29.0,280.0,120.0,160.0,356.0,356.0,0.0,560.0,574.0,-14.0,28.0,-15.0,-174.0,-14.0
InferiorInfarction_019,aVL,InferiorInfarction,reviewed,True,4.0,3.0,1.0,110.0,101.0,9.0,200.0,105.0,95.0,284.0,284.0,0.0,564.0,581.0,-17.0,8.0,-18.0,-112.0,-17.0
InferiorInfarction_019,aVF,InferiorInfarction,reviewed,True,10.0,3.0,7.0,116.0,101.0,15.0,286.0,136.0,150.0,362.0,361.0,1.0,522.0,529.0,-7.0,8.0,-14.0,-157.0,-8.0
InferiorInfarction_019,V1,InferiorInfarction,reviewed,True,10.0,3.0,7.0,112.0,101.0,11.0,202.0,107.0,95.0,282.0,283.0,-1.0,422.0,529.0,-107.0,4.0,-114.0,-202.0,-106.0
InferiorInfarction_019,V2,InferiorInfarction,reviewed,True,10.0,3.0,7.0,112.0,101.0,11.0,200.0,107.0,93.0,282.0,282.0,0.0,486.0,519.0,-33.0,4.0,-40.0,-126.0,-33.0
InferiorInfarction_019,V3,InferiorInfarction,reviewed,True,10.0,3.0,7.0,112.0,101.0,11.0,198.0,117.0,81.0,280.0,281.0,-1.0,420.0,553.0,-133.0,4.0,-140.0,-214.0,-132.0
InferiorInfarction_019,V4,InferiorInfarction,reviewed,True,4.0,3.0,1.0,112.0,101.0,11.0,202.0,107.0,95.0,282.0,283.0,-1.0,492.0,577.0,-85.0,10.0,-86.0,-180.0,-84.0
InferiorInfarction_019,V6,InferiorInfarction,reviewed,True,10.0,3.0,7.0,130.0,101.0,29.0,224.0,109.0,115.0,290.0,289.0,1.0,564.0,576.0,-12.0,22.0,-19.0,-127.0,-13.0
InferiorInfarction_020,I,InferiorInfarction,reviewed,True,10.0,4.0,6.0,104.0,90.0,14.0,266.0,139.0,127.0,348.0,348.0,0.0,552.0,561.0,-9.0,8.0,-15.0,-136.0,-9.0
InferiorInfarction_020,II,InferiorInfarction,reviewed,True,10.0,4.0,6.0,110.0,90.0,20.0,262.0,93.0,169.0,342.0,343.0,-1.0,542.0,542.0,0.0,14.0,-6.0,-169.0,1.0
InferiorInfarction_020,III,InferiorInfarction,reviewed,True,10.0,4.0,6.0,104.0,90.0,14.0,250.0,93.0,157.0,340.0,339.0,1.0,506.0,525.0,-19.0,8.0,-25.0,-176.0,-20.0
InferiorInfarction_020,aVR,InferiorInfarction,reviewed,True,10.0,4.0,6.0,110.0,90.0,20.0,196.0,113.0,83.0,344.0,344.0,0.0,550.0,549.0,1.0,14.0,-5.0,-82.0,1.0
InferiorInfarction_020,aVL,InferiorInfarction,reviewed,True,10.0,4.0,6.0,96.0,90.0,6.0,228.0,93.0,135.0,332.0,332.0,0.0,504.0,529.0,-25.0,0.0,-31.0,-160.0,-25.0
InferiorInfarction_020,aVF,InferiorInfarction,reviewed,True,10.0,4.0,6.0,104.0,90.0,14.0,258.0,123.0,135.0,342.0,341.0,1.0,506.0,545.0,-39.0,8.0,-45.0,-174.0,-40.0
InferiorInfarction_020,V1,InferiorInfarction,reviewed,True,0.0,4.0,-4.0,100.0,90.0,10.0,198.0,113.0,85.0,282.0,282.0,0.0,542.0,525.0,17.0,14.0,21.0,-68.0,17.0
InferiorInfarction_020,V3,InferiorInfarction,reviewed,True,10.0,4.0,6.0,98.0,90.0,8.0,200.0,131.0,69.0,286.0,285.0,1.0,480.0,542.0,-62.0,2.0,-68.0,-131.0,-63.0
InferiorInfarction_020,V4,InferiorInfarction,reviewed,False,10.0,4.0,6.0,80.0,90.0,-10.0,214.0,148.0,66.0,294.0,294.0,0.0,442.0,502.0,-60.0,-16.0,-66.0,-126.0,-60.0
InferiorInfarction_020,V5,InferiorInfarction,reviewed,True,4.0,4.0,0.0,110.0,90.0,20.0,228.0,152.0,76.0,340.0,340.0,0.0,548.0,561.0,-13.0,20.0,-13.0,-89.0,-13.0
InferiorInfarction_020,V6,InferiorInfarction,reviewed,True,10.0,4.0,6.0,116.0,90.0,26.0,220.0,179.0,41.0,286.0,286.0,0.0,544.0,557.0,-13.0,20.0,-19.0,-54.0,-13.0
InferiorIschemia_001,I,InferiorIschemia,reviewed,False,10.0,3.0,7.0,84.0,80.0,4.0,176.0,123.0,53.0,232.0,231.0,1.0,324.0,343.0,-19.0,-3.0,-26.0,-72.0,-20.0
AnteriorInfarction_017,V3,AnteriorInfarction,reviewed,True,10.0,3.0,7.0,124.0,123.0,1.0,226.0,123.0,103.0,300.0,300.0,0.0,556.0,596.0,-40.0,-6.0,-47.0,-143.0,-40.0
AnteriorIschemia_003,II,AnteriorIschemia,reviewed,False,2.0,3.0,-1.0,86.0,84.0,2.0,204.0,141.0,63.0,286.0,286.0,0.0,358.0,450.0,-92.0,3.0,-91.0,-155.0,-92.0
InferiorInfarction_002,II,InferiorInfarction,reviewed,True,10.0,4.0,6.0,128.0,113.0,15.0,246.0,135.0,111.0,364.0,364.0,0.0,568.0,475.0,93.0,9.0,87.0,-18.0,93.0
InferiorIschemia_001,II,InferiorIschemia,reviewed,False,10.0,3.0,7.0,86.0,80.0,6.0,156.0,105.0,51.0,238.0,237.0,1.0,352.0,350.0,2.0,-1.0,-5.0,-49.0,1.0
InferiorIschemia_001,III,InferiorIschemia,reviewed,False,10.0,3.0,7.0,86.0,80.0,6.0,146.0,107.0,39.0,240.0,244.0,-4.0,352.0,357.0,-5.0,-1.0,-12.0,-44.0,-1.0
InferiorIschemia_001,aVR,InferiorIschemia,reviewed,False,10.0,3.0,7.0,86.0,80.0,6.0,162.0,118.0,44.0,238.0,237.0,1.0,350.0,361.0,-11.0,-1.0,-18.0,-55.0,-12.0
InferiorIschemia_001,aVL,InferiorIschemia,reviewed,False,10.0,3.0,7.0,86.0,80.0,6.0,138.0,118.0,20.0,266.0,265.0,1.0,350.0,365.0,-15.0,-1.0,-22.0,-35.0,-16.0
InferiorIschemia_001,V1,InferiorIschemia,reviewed,False,2.0,3.0,-1.0,84.0,80.0,4.0,188.0,118.0,70.0,280.0,280.0,0.0,340.0,347.0,-7.0,5.0,-6.0,-77.0,-7.0
InferiorIschemia_001,V2,InferiorIschemia,reviewed,False,10.0,3.0,7.0,88.0,80.0,8.0,188.0,113.0,75.0,278.0,278.0,0.0,346.0,343.0,3.0,1.0,-4.0,-72.0,3.0
InferiorIschemia_001,V6,InferiorIschemia,reviewed,False,10.0,3.0,7.0,90.0,80.0,10.0,100.0,81.0,19.0,202.0,201.0,1.0,342.0,334.0,8.0,3.0,1.0,-11.0,7.0
InferiorIschemia_001,V3,InferiorIschemia,reviewed,False,10.0,3.0,7.0,84.0,80.0,4.0,196.0,118.0,78.0,278.0,277.0,1.0,338.0,334.0,4.0,-3.0,-3.0,-74.0,3.0
InferiorIschemia_001,V4,InferiorIschemia,reviewed,False,10.0,3.0,7.0,84.0,80.0,4.0,206.0,118.0,88.0,280.0,281.0,-1.0,330.0,334.0,-4.0,-3.0,-11.0,-92.0,-3.0
InferiorIschemia_001,V5,InferiorIschemia,reviewed,False,4.0,3.0,1.0,86.0,80.0,6.0,184.0,118.0,66.0,228.0,228.0,0.0,338.0,334.0,4.0,5.0,3.0,-62.0,4.0
InferiorIschemia_002,II,InferiorIschemia,reviewed,True,4.0,4.0,0.0,106.0,101.0,5.0,166.0,138.0,28.0,242.0,243.0,-1.0,372.0,367.0,5.0,5.0,5.0,-23.0,6.0
InferiorIschemia_002,III,InferiorIschemia,reviewed,True,4.0,4.0,0.0,104.0,101.0,3.0,162.0,138.0,24.0,208.0,207.0,1.0,366.0,365.0,1.0,3.0,1.0,-23.0,0.0
InferiorIschemia_002,aVR,InferiorIschemia,reviewed,True,10.0,4.0,6.0,106.0,101.0,5.0,174.0,138.0,36.0,272.0,272.0,0.0,374.0,369.0,5.0,-1.0,-1.0,-31.0,5.0
InferiorIschemia_002,aVL,InferiorIschemia,reviewed,True,10.0,4.0,6.0,104.0,101.0,3.0,228.0,201.0,27.0,282.0,282.0,0.0,354.0,363.0,-9.0,-3.0,-15.0,-36.0,-9.0
InferiorIschemia_002,aVF,InferiorIschemia,reviewed,True,4.0,4.0,0.0,106.0,101.0,5.0,162.0,107.0,55.0,214.0,215.0,-1.0,370.0,374.0,-4.0,5.0,-4.0,-59.0,-3.0
InferiorIschemia_002,V1,InferiorIschemia,reviewed,True,2.0,4.0,-2.0,106.0,101.0,5.0,206.0,152.0,54.0,288.0,288.0,0.0,348.0,343.0,5.0,7.0,7.0,-49.0,5.0
InferiorIschemia_002,V2,InferiorIschemia,reviewed,True,2.0,4.0,-2.0,110.0,101.0,9.0,202.0,143.0,59.0,286.0,287.0,-1.0,354.0,343.0,11.0,11.0,13.0,-48.0,12.0
InferiorIschemia_002,V3,InferiorIschemia,reviewed,True,2.0,4.0,-2.0,112.0,101.0,11.0,204.0,138.0,66.0,286.0,286.0,0.0,352.0,355.0,-3.0,13.0,-1.0,-69.0,-3.0
InferiorIschemia_002,V4,InferiorIschemia,reviewed,True,10.0,4.0,6.0,112.0,101.0,11.0,208.0,148.0,60.0,286.0,286.0,0.0,370.0,370.0,0.0,5.0,-6.0,-60.0,0.0
InferiorIschemia_002,V5,InferiorIschemia,reviewed,True,10.0,4.0,6.0,106.0,101.0,5.0,212.0,138.0,74.0,318.0,318.0,0.0,362.0,382.0,-20.0,-1.0,-26.0,-94.0,-20.0
InferiorIschemia_002,V6,InferiorIschemia,reviewed,True,4.0,4.0,0.0,132.0,101.0,31.0,142.0,109.0,33.0,172.0,183.0,-11.0,362.0,370.0,-8.0,31.0,-8.0,-41.0,3.0
InferiorIschemia_003,I,InferiorIschemia,reviewed,True,4.0,4.0,0.0,104.0,85.0,19.0,172.0,97.0,75.0,238.0,236.0,2.0,352.0,338.0,14.0,19.0,14.0,-61.0,12.0
InferiorIschemia_003,II,InferiorIschemia,reviewed,False,10.0,4.0,6.0,90.0,85.0,5.0,158.0,100.0,58.0,252.0,252.0,0.0,352.0,357.0,-5.0,-1.0,-11.0,-63.0,-5.0
InferiorIschemia_003,III,InferiorIschemia,reviewed,False,10.0,4.0,6.0,90.0,85.0,5.0,160.0,113.0,47.0,284.0,285.0,-1.0,352.0,350.0,2.0,-1.0,-4.0,-45.0,3.0
InferiorIschemia_003,aVL,InferiorIschemia,reviewed,True,10.0,4.0,6.0,94.0,85.0,9.0,170.0,123.0,47.0,294.0,293.0,1.0,352.0,359.0,-7.0,3.0,-13.0,-54.0,-8.0
InferiorIschemia_003,aVF,InferiorIschemia,reviewed,False,10.0,4.0,6.0,88.0,85.0,3.0,158.0,113.0,45.0,268.0,267.0,1.0,352.0,355.0,-3.0,-3.0,-9.0,-48.0,-4.0
InferiorIschemia_003,V1,InferiorIschemia,reviewed,True,0.0,4.0,-4.0,94.0,85.0,9.0,198.0,128.0,70.0,282.0,282.0,0.0,346.0,355.0,-9.0,13.0,-5.0,-79.0,-9.0
InferiorIschemia_003,V2,InferiorIschemia,reviewed,False,0.0,4.0,-4.0,90.0,85.0,5.0,198.0,131.0,67.0,282.0,282.0,0.0,348.0,351.0,-3.0,9.0,1.0,-70.0,-3.0
InferiorIschemia_003,V3,InferiorIschemia,reviewed,False,10.0,4.0,6.0,90.0,85.0,5.0,210.0,136.0,74.0,288.0,288.0,0.0,346.0,338.0,8.0,-1.0,2.0,-66.0,8.0
InferiorIschemia_003,V4,InferiorIschemia,reviewed,False,10.0,4.0,6.0,90.0,85.0,5.0,224.0,160.0,64.0,294.0,295.0,-1.0,344.0,343.0,1.0,-1.0,-5.0,-63.0,2.0
InferiorIschemia_003,V6,InferiorIschemia,reviewed,True,4.0,4.0,0.0,116.0,85.0,31.0,126.0,93.0,33.0,200.0,200.0,0.0,334.0,338.0,-4.0,31.0,-4.0,-37.0,-4.0
InferiorIschemia_003,V5,InferiorIschemia,reviewed,True,10.0,4.0,6.0,110.0,85.0,25.0,174.0,113.0,61.0,226.0,225.0,1.0,346.0,338.0,8.0,19.0,2.0,-53.0,7.0
InferiorIschemia_004,II,InferiorIschemia,reviewed,False,10.0,3.0,7.0,88.0,88.0,0.0,148.0,108.0,40.0,238.0,236.0,2.0,358.0,351.0,7.0,-7.0,0.0,-33.0,5.0
InferiorIschemia_004,III,InferiorIschemia,reviewed,False,10.0,3.0,7.0,88.0,88.0,0.0,134.0,95.0,39.0,170.0,170.0,0.0,354.0,350.0,4.0,-7.0,-3.0,-35.0,4.0
InferiorIschemia_004,aVL,InferiorIschemia,reviewed,False,10.0,3.0,7.0,86.0,88.0,-2.0,192.0,155.0,37.0,276.0,275.0,1.0,346.0,357.0,-11.0,-9.0,-18.0,-48.0,-12.0
InferiorIschemia_004,aVF,InferiorIschemia,reviewed,False,10.0,3.0,7.0,88.0,88.0,0.0,140.0,98.0,42.0,206.0,204.0,2.0,356.0,354.0,2.0,-7.0,-5.0,-40.0,0.0
InferiorIschemia_004,V1,InferiorIschemia,reviewed,False,0.0,3.0,-3.0,88.0,88.0,0.0,194.0,119.0,75.0,286.0,287.0,-1.0,350.0,350.0,0.0,3.0,3.0,-75.0,1.0
InferiorIschemia_004,V2,InferiorIschemia,reviewed,False,10.0,3.0,7.0,88.0,88.0,0.0,192.0,122.0,70.0,284.0,283.0,1.0,358.0,350.0,8.0,-7.0,1.0,-62.0,7.0
InferiorIschemia_004,V3,InferiorIschemia,reviewed,True,4.0,3.0,1.0,96.0,88.0,8.0,106.0,130.0,-24.0,136.0,281.0,-145.0,346.0,350.0,-4.0,7.0,-5.0,20.0,141.0
InferiorIschemia_004,V4,InferiorIschemia,reviewed,False,4.0,3.0,1.0,86.0,88.0,-2.0,96.0,193.0,-97.0,160.0,304.0,-144.0,326.0,350.0,-24.0,-3.0,-25.0,73.0,120.0
InferiorIschemia_004,V5,InferiorIschemia,reviewed,False,10.0,3.0,7.0,88.0,88.0,0.0,162.0,174.0,-12.0,234.0,234.0,0.0,344.0,350.0,-6.0,-7.0,-13.0,6.0,-6.0
InferiorIschemia_004,I,InferiorIschemia,reviewed,False,4.0,3.0,1.0,86.0,88.0,-2.0,174.0,92.0,82.0,270.0,271.0,-1.0,348.0,350.0,-2.0,-3.0,-3.0,-84.0,-1.0
InferiorIschemia_004,V6,InferiorIschemia,reviewed,True,10.0,3.0,7.0,108.0,88.0,20.0,118.0,92.0,26.0,200.0,200.0,0.0,346.0,350.0,-4.0,13.0,-11.0,-30.0,-4.0
InferiorIschemia_005,I,InferiorIschemia,reviewed,False,10.0,3.0,7.0,86.0,80.0,6.0,170.0,117.0,53.0,258.0,258.0,0.0,326.0,336.0,-10.0,-1.0,-17.0,-63.0,-10.0
InferiorIschemia_005,II,InferiorIschemia,reviewed,False,10.0,3.0,7.0,86.0,80.0,6.0,162.0,88.0,74.0,248.0,248.0,0.0,354.0,336.0,18.0,-1.0,11.0,-56.0,18.0
InferiorIschemia_005,aVR,InferiorIschemia,reviewed,False,4.0,3.0,1.0,86.0,80.0,6.0,164.0,92.0,72.0,252.0,253.0,-1.0,352.0,351.0,1.0,5.0,0.0,-71.0,2.0
InferiorIschemia_005,aVL,InferiorIschemia,reviewed,False,10.0,3.0,7.0,86.0,80.0,6.0,256.0,84.0,172.0,302.0,303.0,-1.0,346.0,351.0,-5.0,-1.0,-12.0,-177.0,-4.0
InferiorIschemia_005,aVF,InferiorIschemia,reviewed,False,10.0,3.0,7.0,84.0,80.0,4.0,160.0,97.0,63.0,242.0,242.0,0.0,352.0,347.0,5.0,-3.0,-2.0,-58.0,5.0
InferiorIschemia_005,V1,InferiorIschemia,reviewed,True,0.0,3.0,-3.0,94.0,80.0,14.0,210.0,123.0,87.0,284.0,285.0,-1.0,346.0,336.0,10.0,17.0,13.0,-77.0,11.0
InferiorIschemia_005,V2,InferiorIschemia,reviewed,False,0.0,3.0,-3.0,86.0,80.0,6.0,210.0,139.0,71.0,284.0,284.0,0.0,348.0,336.0,12.0,9.0,15.0,-59.0,12.0
InferiorIschemia_005,V3,InferiorIschemia,reviewed,False,10.0,3.0,7.0,84.0,80.0,4.0,218.0,144.0,74.0,286.0,287.0,-1.0,344.0,357.0,-13.0,-3.0,-20.0,-87.0,-12.0
InferiorIschemia_005,V4,InferiorIschemia,reviewed,False,10.0,3.0,7.0,90.0,80.0,10.0,232.0,187.0,45.0,294.0,293.0,1.0,344.0,336.0,8.0,3.0,1.0,-37.0,7.0
InferiorIschemia_005,V6,InferiorIschemia,reviewed,True,10.0,3.0,7.0,98.0,80.0,18.0,108.0,97.0,11.0,204.0,205.0,-1.0,338.0,350.0,-12.0,11.0,-19.0,-23.0,-11.0
InferiorIschemia_005,V5,InferiorIschemia,reviewed,False,10.0,3.0,7.0,86.0,80.0,6.0,178.0,97.0,81.0,224.0,224.0,0.0,344.0,336.0,8.0,-1.0,1.0,-73.0,8.0
InferiorIschemia_006,II,InferiorIschemia,reviewed,False,2.0,3.0,-1.0,84.0,77.0,7.0,148.0,101.0,47.0,252.0,251.0,1.0,352.0,353.0,-1.0,8.0,0.0,-48.0,-2.0
InferiorIschemia_006,III,InferiorIschemia,reviewed,False,10.0,3.0,7.0,82.0,77.0,5.0,140.0,109.0,31.0,224.0,223.0,1.0,350.0,355.0,-5.0,-2.0,-12.0,-36.0,-6.0
InferiorIschemia_006,aVL,InferiorIschemia,reviewed,False,10.0,3.0,7.0,80.0,77.0,3.0,146.0,81.0,65.0,172.0,173.0,-1.0,334.0,332.0,2.0,-4.0,-5.0,-63.0,3.0
InferiorIschemia_006,aVF,InferiorIschemia,reviewed,False,4.0,3.0,1.0,84.0,77.0,7.0,144.0,109.0,35.0,234.0,235.0,-1.0,352.0,351.0,1.0,6.0,0.0,-34.0,2.0
InferiorIschemia_006,V1,InferiorIschemia,reviewed,True,2.0,3.0,-1.0,92.0,77.0,15.0,200.0,117.0,83.0,284.0,283.0,1.0,344.0,351.0,-7.0,16.0,-6.0,-90.0,-8.0
InferiorIschemia_006,V2,InferiorIschemia,reviewed,True,2.0,3.0,-1.0,92.0,77.0,15.0,194.0,109.0,85.0,282.0,282.0,0.0,346.0,361.0,-15.0,16.0,-14.0,-100.0,-15.0
InferiorIschemia_006,V3,InferiorIschemia,reviewed,False,2.0,3.0,-1.0,86.0,77.0,9.0,198.0,131.0,67.0,280.0,281.0,-1.0,340.0,335.0,5.0,10.0,6.0,-62.0,6.0
InferiorIschemia_006,V4,InferiorIschemia,reviewed,False,10.0,3.0,7.0,86.0,77.0,9.0,204.0,144.0,60.0,282.0,281.0,1.0,344.0,334.0,10.0,2.0,3.0,-50.0,9.0
InferiorIschemia_006,V5,InferiorIschemia,reviewed,False,10.0,3.0,7.0,82.0,77.0,5.0,156.0,152.0,4.0,236.0,237.0,-1.0,332.0,335.0,-3.0,-2.0,-10.0,-7.0,-2.0
InferiorIschemia_006,V6,InferiorIschemia,reviewed,True,10.0,3.0,7.0,102.0,77.0,25.0,112.0,101.0,11.0,202.0,201.0,1.0,342.0,332.0,10.0,18.0,3.0,-1.0,9.0
InferiorIschemia_006,I,InferiorIschemia,reviewed,False,10.0,3.0,7.0,82.0,77.0,5.0,182.0,101.0,81.0,270.0,269.0,1.0,336.0,332.0,4.0,-2.0,-3.0,-77.0,3.0
InferiorIschemia_007,II,InferiorIschemia,reviewed,False,10.0,5.0,5.0,88.0,85.0,3.0,158.0,103.0,55.0,214.0,213.0,1.0,344.0,333.0,11.0,-2.0,6.0,-44.0,10.0
InferiorIschemia_007,V3,InferiorIschemia,reviewed,True,10.0,5.0,5.0,92.0,85.0,7.0,226.0,202.0,24.0,286.0,287.0,-1.0,332.0,333.0,-1.0,2.0,-6.0,-25.0,0.0
InferiorIschemia_007,I,InferiorIschemia,reviewed,True,10.0,5.0,5.0,92.0,85.0,7.0,102.0,103.0,-1.0,206.0,205.0,1.0,330.0,333.0,-3.0,2.0,-8.0,-2.0,-4.0
InferiorIschemia_007,aVR,InferiorIschemia,reviewed,True,10.0,5.0,5.0,92.0,85.0,7.0,158.0,103.0,55.0,210.0,210.0,0.0,342.0,333.0,9.0,2.0,4.0,-46.0,9.0
InferiorIschemia_007,aVL,InferiorIschemia,reviewed,False,10.0,5.0,5.0,88.0,85.0,3.0,218.0,103.0,115.0,294.0,294.0,0.0,344.0,333.0,11.0,-2.0,6.0,-104.0,11.0
InferiorIschemia_007,aVF,InferiorIschemia,reviewed,False,10.0,5.0,5.0,88.0,85.0,3.0,162.0,103.0,59.0,218.0,218.0,0.0,346.0,333.0,13.0,-2.0,8.0,-46.0,13.0
InferiorIschemia_007,V1,InferiorIschemia,reviewed,True,10.0,5.0,5.0,92.0,85.0,7.0,206.0,103.0,103.0,280.0,281.0,-1.0,350.0,333.0,17.0,2.0,12.0,-86.0,18.0
InferiorIschemia_007,V2,InferiorIschemia,reviewed,True,10.0,5.0,5.0,98.0,85.0,13.0,212.0,103.0,109.0,282.0,282.0,0.0,346.0,333.0,13.0,8.0,8.0,-96.0,13.0
InferiorIschemia_007,V4,InferiorIschemia,reviewed,False,10.0,5.0,5.0,82.0,85.0,-3.0,92.0,103.0,-11.0,194.0,195.0,-1.0,318.0,333.0,-15.0,-8.0,-20.0,-4.0,-14.0
InferiorIschemia_007,V5,InferiorIschemia,reviewed,True,10.0,5.0,5.0,98.0,85.0,13.0,108.0,103.0,5.0,206.0,207.0,-1.0,310.0,333.0,-23.0,8.0,-28.0,-28.0,-22.0
InferiorIschemia_007,V6,InferiorIschemia,reviewed,True,10.0,5.0,5.0,98.0,85.0,13.0,108.0,103.0,5.0,200.0,201.0,-1.0,326.0,333.0,-7.0,8.0,-12.0,-12.0,-6.0
InferiorIschemia_008,aVR,InferiorIschemia,reviewed,True,10.0,3.0,7.0,98.0,82.0,16.0,170.0,105.0,65.0,258.0,258.0,0.0,352.0,350.0,2.0,9.0,-5.0,-63.0,2.0
InferiorIschemia_008,V3,InferiorIschemia,reviewed,True,10.0,3.0,7.0,96.0,82.0,14.0,186.0,128.0,58.0,278.0,277.0,1.0,328.0,342.0,-14.0,7.0,-21.0,-72.0,-15.0
InferiorIschemia_008,V4,InferiorIschemia,reviewed,False,10.0,3.0,7.0,90.0,82.0,8.0,190.0,131.0,59.0,278.0,278.0,0.0,348.0,342.0,6.0,1.0,-1.0,-53.0,6.0
InferiorIschemia_008,II,InferiorIschemia,reviewed,False,10.0,3.0,7.0,86.0,82.0,4.0,150.0,105.0,45.0,234.0,234.0,0.0,348.0,342.0,6.0,-3.0,-1.0,-39.0,6.0
InferiorIschemia_008,III,InferiorIschemia,reviewed,False,10.0,3.0,7.0,86.0,82.0,4.0,96.0,105.0,-9.0,158.0,157.0,1.0,342.0,342.0,0.0,-3.0,-7.0,9.0,-1.0
InferiorIschemia_008,aVL,InferiorIschemia,reviewed,False,10.0,3.0,7.0,86.0,82.0,4.0,190.0,105.0,85.0,276.0,276.0,0.0,328.0,342.0,-14.0,-3.0,-21.0,-99.0,-14.0
InferiorIschemia_008,aVF,InferiorIschemia,reviewed,False,10.0,3.0,7.0,86.0,82.0,4.0,96.0,105.0,-9.0,212.0,212.0,0.0,346.0,342.0,4.0,-3.0,-3.0,13.0,4.0
InferiorIschemia_008,V1,InferiorIschemia,reviewed,False,2.0,3.0,-1.0,90.0,82.0,8.0,188.0,105.0,83.0,282.0,282.0,0.0,348.0,342.0,6.0,9.0,7.0,-77.0,6.0
InferiorIschemia_008,V2,InferiorIschemia,reviewed,False,10.0,3.0,7.0,90.0,82.0,8.0,184.0,105.0,79.0,280.0,280.0,0.0,352.0,342.0,10.0,1.0,3.0,-69.0,10.0
InferiorIschemia_008,V5,InferiorIschemia,reviewed,False,10.0,3.0,7.0,86.0,82.0,4.0,182.0,105.0,77.0,222.0,223.0,-1.0,336.0,342.0,-6.0,-3.0,-13.0,-83.0,-5.0
InferiorIschemia_008,V6,InferiorIschemia,reviewed,True,4.0,3.0,1.0,106.0,82.0,24.0,116.0,105.0,11.0,202.0,201.0,1.0,340.0,342.0,-2.0,23.0,-3.0,-13.0,-3.0
InferiorIschemia_009,V3,InferiorIschemia,reviewed,False,10.0,3.0,7.0,88.0,77.0,11.0,200.0,135.0,65.0,282.0,282.0,0.0,348.0,350.0,-2.0,4.0,-9.0,-67.0,-2.0
InferiorIschemia_009,V4,InferiorIschemia,reviewed,True,10.0,3.0,7.0,100.0,77.0,23.0,200.0,123.0,77.0,282.0,282.0,0.0,338.0,335.0,3.0,16.0,-4.0,-74.0,3.0
InferiorIschemia_009,V5,InferiorIschemia,reviewed,False,10.0,3.0,7.0,82.0,77.0,5.0,194.0,139.0,55.0,292.0,291.0,1.0,336.0,335.0,1.0,-2.0,-6.0,-54.0,0.0
InferiorIschemia_009,II,InferiorIschemia,reviewed,False,10.0,3.0,7.0,82.0,77.0,5.0,148.0,109.0,39.0,240.0,239.0,1.0,344.0,335.0,9.0,-2.0,2.0,-30.0,8.0
InferiorIschemia_009,III,InferiorIschemia,reviewed,False,10.0,3.0,7.0,86.0,77.0,9.0,210.0,109.0,101.0,282.0,282.0,0.0,334.0,335.0,-1.0,2.0,-8.0,-102.0,-1.0
InferiorIschemia_009,aVR,InferiorIschemia,reviewed,False,10.0,3.0,7.0,84.0,77.0,7.0,174.0,109.0,65.0,268.0,268.0,0.0,348.0,335.0,13.0,0.0,6.0,-52.0,13.0
InferiorIschemia_009,aVL,InferiorIschemia,reviewed,False,10.0,3.0,7.0,86.0,77.0,9.0,196.0,109.0,87.0,278.0,278.0,0.0,340.0,335.0,5.0,2.0,-2.0,-82.0,5.0
InferiorIschemia_009,aVF,InferiorIschemia,reviewed,False,10.0,3.0,7.0,86.0,77.0,9.0,138.0,109.0,29.0,184.0,183.0,1.0,316.0,335.0,-19.0,2.0,-26.0,-48.0,-20.0
InferiorIschemia_009,V1,InferiorIschemia,reviewed,False,2.0,3.0,-1.0,86.0,77.0,9.0,210.0,109.0,101.0,284.0,285.0,-1.0,348.0,335.0,13.0,10.0,14.0,-88.0,14.0
InferiorIschemia_009,V2,InferiorIschemia,reviewed,False,0.0,3.0,-3.0,86.0,77.0,9.0,200.0,109.0,91.0,284.0,283.0,1.0,350.0,335.0,15.0,12.0,18.0,-76.0,14.0
InferiorIschemia_009,V6,InferiorIschemia,reviewed,False,10.0,3.0,7.0,82.0,77.0,5.0,92.0,109.0,-17.0,206.0,206.0,0.0,338.0,335.0,3.0,-2.0,-4.0,20.0,3.0
InferiorIschemia_010,I,InferiorIschemia,reviewed,False,10.0,3.0,7.0,86.0,84.0,2.0,178.0,105.0,73.0,268.0,268.0,0.0,332.0,342.0,-10.0,-5.0,-17.0,-83.0,-10.0
InferiorIschemia_010,aVL,InferiorIschemia,reviewed,False,10.0,3.0,7.0,86.0,84.0,2.0,186.0,103.0,83.0,274.0,274.0,0.0,348.0,350.0,-2.0,-5.0,-9.0,-85.0,-2.0
InferiorIschemia_010,aVF,InferiorIschemia,reviewed,True,10.0,3.0,7.0,94.0,84.0,10.0,104.0,106.0,-2.0,142.0,141.0,1.0,354.0,373.0,-19.0,3.0,-26.0,-17.0,-20.0
InferiorIschemia_010,V1,InferiorIschemia,reviewed,False,0.0,3.0,-3.0,86.0,84.0,2.0,196.0,119.0,77.0,288.0,287.0,1.0,356.0,342.0,14.0,5.0,17.0,-63.0,13.0
InferiorIschemia_010,V2,InferiorIschemia,reviewed,False,0.0,3.0,-3.0,86.0,84.0,2.0,192.0,106.0,86.0,284.0,284.0,0.0,362.0,353.0,9.0,5.0,12.0,-77.0,9.0
InferiorIschemia_010,V3,InferiorIschemia,reviewed,False,10.0,3.0,7.0,90.0,84.0,6.0,200.0,129.0,71.0,282.0,283.0,-1.0,358.0,342.0,16.0,-1.0,9.0,-55.0,17.0
InferiorIschemia_010,V4,InferiorIschemia,reviewed,True,10.0,3.0,7.0,94.0,84.0,10.0,104.0,87.0,17.0,146.0,152.0,-6.0,350.0,342.0,8.0,3.0,1.0,-9.0,14.0
InferiorIschemia_010,V5,InferiorIschemia,reviewed,False,10.0,3.0,7.0,88.0,84.0,4.0,48.0,137.0,-89.0,128.0,287.0,-159.0,338.0,342.0,-4.0,-3.0,-11.0,85.0,155.0
InferiorIschemia_010,V6,InferiorIschemia,reviewed,True,10.0,3.0,7.0,100.0,84.0,16.0,110.0,93.0,17.0,196.0,197.0,-1.0,344.0,342.0,2.0,9.0,-5.0,-15.0,3.0
InferiorIschemia_010,II,InferiorIschemia,reviewed,True,10.0,3.0,7.0,94.0,84.0,10.0,174.0,106.0,68.0,222.0,221.0,1.0,356.0,342.0,14.0,3.0,7.0,-54.0,13.0
InferiorIschemia_010,III,InferiorIschemia,reviewed,False,10.0,3.0,7.0,88.0,84.0,4.0,204.0,106.0,98.0,278.0,278.0,0.0,352.0,342.0,10.0,-3.0,3.0,-88.0,10.0
InferiorIschemia_011,I,InferiorIschemia,reviewed,True,4.0,3.0,1.0,98.0,89.0,9.0,108.0,144.0,-36.0,256.0,256.0,0.0,366.0,371.0,-5.0,8.0,-6.0,31.0,-5.0
InferiorIschemia_011,aVL,InferiorIschemia,reviewed,True,4.0,3.0,1.0,98.0,89.0,9.0,170.0,108.0,62.0,218.0,219.0,-1.0,362.0,365.0,-3.0,8.0,-4.0,-65.0,-2.0
InferiorIschemia_011,V1,InferiorIschemia,reviewed,True,0.0,3.0,-3.0,94.0,89.0,5.0,200.0,132.0,68.0,288.0,288.0,0.0,356.0,346.0,10.0,8.0,13.0,-58.0,10.0
InferiorIschemia_011,V2,InferiorIschemia,reviewed,True,0.0,3.0,-3.0,94.0,89.0,5.0,198.0,132.0,66.0,288.0,288.0,0.0,362.0,346.0,16.0,8.0,19.0,-50.0,16.0
InferiorIschemia_011,V3,InferiorIschemia,reviewed,True,10.0,3.0,7.0,94.0,89.0,5.0,202.0,129.0,73.0,288.0,289.0,-1.0,362.0,346.0,16.0,-2.0,9.0,-57.0,17.0
InferiorIschemia_011,V4,InferiorIschemia,reviewed,True,10.0,3.0,7.0,98.0,89.0,9.0,220.0,150.0,70.0,298.0,298.0,0.0,364.0,371.0,-7.0,2.0,-14.0,-77.0,-7.0
InferiorIschemia_011,V5,InferiorIschemia,reviewed,True,10.0,3.0,7.0,98.0,89.0,9.0,108.0,114.0,-6.0,242.0,241.0,1.0,352.0,346.0,6.0,2.0,-1.0,12.0,5.0
InferiorIschemia_011,V6,InferiorIschemia,reviewed,True,10.0,3.0,7.0,156.0,89.0,67.0,166.0,90.0,76.0,196.0,195.0,1.0,348.0,346.0,2.0,60.0,-5.0,-74.0,1.0
InferiorIschemia_011,II,InferiorIschemia,reviewed,True,10.0,3.0,7.0,102.0,89.0,13.0,170.0,108.0,62.0,222.0,221.0,1.0,360.0,346.0,14.0,6.0,7.0,-48.0,13.0
InferiorIschemia_011,III,InferiorIschemia,reviewed,True,4.0,3.0,1.0,102.0,89.0,13.0,170.0,108.0,62.0,220.0,220.0,0.0,362.0,346.0,16.0,12.0,15.0,-46.0,16.0
InferiorIschemia_011,aVR,InferiorIschemia,reviewed,True,10.0,3.0,7.0,96.0,89.0,7.0,106.0,108.0,-2.0,224.0,224.0,0.0,350.0,346.0,4.0,0.0,-3.0,6.0,4.0
InferiorIschemia_012,I,InferiorIschemia,reviewed,True,4.0,4.0,0.0,94.0,89.0,5.0,194.0,127.0,67.0,280.0,281.0,-1.0,354.0,351.0,3.0,5.0,3.0,-64.0,4.0
InferiorIschemia_012,II,InferiorIschemia,reviewed,True,10.0,4.0,6.0,94.0,89.0,5.0,148.0,109.0,39.0,230.0,230.0,0.0,368.0,377.0,-9.0,-1.0,-15.0,-48.0,-9.0
InferiorIschemia_012,III,InferiorIschemia,reviewed,True,10.0,4.0,6.0,92.0,89.0,3.0,102.0,127.0,-25.0,170.0,171.0,-1.0,362.0,368.0,-6.0,-3.0,-12.0,19.0,-5.0
InferiorIschemia_012,aVL,InferiorIschemia,reviewed,False,10.0,4.0,6.0,90.0,89.0,1.0,210.0,166.0,44.0,284.0,285.0,-1.0,352.0,344.0,8.0,-5.0,2.0,-36.0,9.0
InferiorIschemia_012,aVF,InferiorIschemia,reviewed,True,10.0,4.0,6.0,94.0,89.0,5.0,104.0,104.0,0.0,190.0,190.0,0.0,366.0,381.0,-15.0,-1.0,-21.0,-15.0,-15.0
InferiorIschemia_012,V1,InferiorIschemia,reviewed,True,0.0,4.0,-4.0,94.0,89.0,5.0,196.0,157.0,39.0,288.0,287.0,1.0,352.0,350.0,2.0,9.0,6.0,-37.0,1.0
InferiorIschemia_012,V2,InferiorIschemia,reviewed,True,10.0,4.0,6.0,94.0,89.0,5.0,192.0,122.0,70.0,284.0,284.0,0.0,358.0,398.0,-40.0,-1.0,-46.0,-110.0,-40.0
InferiorIschemia_012,V3,InferiorIschemia,reviewed,True,4.0,4.0,0.0,104.0,89.0,15.0,196.0,133.0,63.0,282.0,282.0,0.0,372.0,375.0,-3.0,15.0,-3.0,-66.0,-3.0
InferiorIschemia_012,V4,InferiorIschemia,reviewed,True,4.0,4.0,0.0,106.0,89.0,17.0,202.0,147.0,55.0,282.0,282.0,0.0,364.0,363.0,1.0,17.0,1.0,-54.0,1.0
InferiorIschemia_012,V5,InferiorIschemia,reviewed,True,4.0,4.0,0.0,94.0,89.0,5.0,104.0,116.0,-12.0,280.0,279.0,1.0,352.0,357.0,-5.0,5.0,-5.0,7.0,-6.0
InferiorIschemia_012,V6,InferiorIschemia,reviewed,True,10.0,4.0,6.0,108.0,89.0,19.0,118.0,92.0,26.0,158.0,157.0,1.0,354.0,357.0,-3.0,13.0,-9.0,-29.0,-4.0
InferiorIschemia_013,I,InferiorIschemia,reviewed,True,10.0,4.0,6.0,94.0,87.0,7.0,172.0,87.0,85.0,260.0,259.0,1.0,324.0,322.0,2.0,1.0,-4.0,-83.0,1.0
InferiorIschemia_013,II,InferiorIschemia,reviewed,False,10.0,4.0,6.0,90.0,87.0,3.0,144.0,98.0,46.0,212.0,211.0,1.0,354.0,341.0,13.0,-3.0,7.0,-33.0,12.0
InferiorIschemia_013,aVL,InferiorIschemia,reviewed,False,10.0,4.0,6.0,90.0,87.0,3.0,156.0,92.0,64.0,312.0,277.0,35.0,350.0,341.0,9.0,-3.0,3.0,-55.0,-26.0
InferiorIschemia_013,V1,InferiorIschemia,reviewed,True,0.0,4.0,-4.0,94.0,87.0,7.0,208.0,135.0,73.0,286.0,286.0,0.0,350.0,341.0,9.0,11.0,13.0,-64.0,9.0
InferiorIschemia_013,V3,InferiorIschemia,reviewed,False,10.0,4.0,6.0,90.0,87.0,3.0,218.0,148.0,70.0,288.0,289.0,-1.0,348.0,341.0,7.0,-3.0,1.0,-63.0,8.0
InferiorIschemia_013,V4,InferiorIschemia,reviewed,False,10.0,4.0,6.0,90.0,87.0,3.0,238.0,193.0,45.0,296.0,297.0,-1.0,344.0,341.0,3.0,-3.0,-3.0,-42.0,4.0
InferiorIschemia_013,V5,InferiorIschemia,reviewed,True,4.0,4.0,0.0,94.0,87.0,7.0,150.0,98.0,52.0,216.0,215.0,1.0,346.0,341.0,5.0,7.0,5.0,-47.0,4.0
InferiorIschemia_013,V6,InferiorIschemia,reviewed,True,4.0,4.0,0.0,100.0,87.0,13.0,110.0,92.0,18.0,196.0,197.0,-1.0,324.0,341.0,-17.0,13.0,-17.0,-35.0,-16.0
InferiorIschemia_013,III,InferiorIschemia,reviewed,False,10.0,4.0,6.0,88.0,87.0,1.0,142.0,98.0,44.0,188.0,188.0,0.0,352.0,341.0,11.0,-5.0,5.0,-33.0,11.0
InferiorIschemia_013,aVR,InferiorIschemia,reviewed,True,10.0,4.0,6.0,94.0,87.0,7.0,150.0,98.0,52.0,222.0,221.0,1.0,354.0,341.0,13.0,1.0,7.0,-39.0,12.0
InferiorIschemia_013,V2,InferiorIschemia,reviewed,False,10.0,4.0,6.0,90.0,87.0,3.0,208.0,98.0,110.0,286.0,286.0,0.0,354.0,341.0,13.0,-3.0,7.0,-97.0,13.0
InferiorIschemia_014,II,InferiorIschemia,reviewed,False,10.0,4.0,6.0,90.0,83.0,7.0,150.0,86.0,64.0,228.0,226.0,2.0,356.0,352.0,4.0,1.0,-2.0,-60.0,2.0
InferiorIschemia_014,III,InferiorIschemia,reviewed,False,10.0,4.0,6.0,88.0,83.0,5.0,146.0,86.0,60.0,216.0,214.0,2.0,354.0,361.0,-7.0,-1.0,-13.0,-67.0,-9.0
InferiorIschemia_014,aVR,InferiorIschemia,reviewed,False,10.0,4.0,6.0,90.0,83.0,7.0,152.0,101.0,51.0,242.0,240.0,2.0,354.0,347.0,7.0,1.0,1.0,-44.0,5.0
InferiorIschemia_014,aVL,InferiorIschemia,reviewed,False,10.0,4.0,6.0,86.0,83.0,3.0,96.0,101.0,-5.0,176.0,175.0,1.0,350.0,347.0,3.0,-3.0,-3.0,8.0,2.0
InferiorIschemia_014,aVF,InferiorIschemia,reviewed,False,10.0,4.0,6.0,90.0,83.0,7.0,148.0,101.0,47.0,222.0,222.0,0.0,354.0,357.0,-3.0,1.0,-9.0,-50.0,-3.0
InferiorIschemia_014,V2,InferiorIschemia,reviewed,False,0.0,4.0,-4.0,90.0,83.0,7.0,204.0,132.0,72.0,284.0,283.0,1.0,346.0,334.0,12.0,11.0,16.0,-60.0,11.0
InferiorIschemia_014,V3,InferiorIschemia,reviewed,False,10.0,4.0,6.0,86.0,83.0,3.0,208.0,141.0,67.0,286.0,286.0,0.0,346.0,347.0,-1.0,-3.0,-7.0,-68.0,-1.0
InferiorIschemia_014,V4,InferiorIschemia,reviewed,False,10.0,4.0,6.0,86.0,83.0,3.0,210.0,138.0,72.0,290.0,291.0,-1.0,346.0,334.0,12.0,-3.0,6.0,-60.0,13.0
InferiorIschemia_014,V5,InferiorIschemia,reviewed,False,10.0,4.0,6.0,90.0,83.0,7.0,146.0,115.0,31.0,232.0,231.0,1.0,342.0,334.0,8.0,1.0,2.0,-23.0,7.0
InferiorIschemia_014,V6,InferiorIschemia,reviewed,True,4.0,4.0,0.0,96.0,83.0,13.0,106.0,101.0,5.0,206.0,207.0,-1.0,312.0,343.0,-31.0,13.0,-31.0,-36.0,-30.0
InferiorIschemia_014,V1,InferiorIschemia,reviewed,False,0.0,4.0,-4.0,90.0,83.0,7.0,204.0,101.0,103.0,284.0,283.0,1.0,342.0,334.0,8.0,11.0,12.0,-95.0,7.0
InferiorIschemia_015,II,InferiorIschemia,reviewed,False,10.0,5.0,5.0,90.0,84.0,6.0,142.0,97.0,45.0,206.0,205.0,1.0,354.0,342.0,12.0,1.0,7.0,-33.0,11.0
InferiorIschemia_015,III,InferiorIschemia,reviewed,False,10.0,5.0,5.0,90.0,84.0,6.0,138.0,92.0,46.0,182.0,181.0,1.0,348.0,347.0,1.0,1.0,-4.0,-45.0,0.0
InferiorIschemia_015,V1,InferiorIschemia,reviewed,True,2.0,5.0,-3.0,92.0,84.0,8.0,202.0,117.0,85.0,284.0,284.0,0.0,346.0,342.0,4.0,11.0,7.0,-81.0,4.0
InferiorIschemia_015,V2,InferiorIschemia,reviewed,True,10.0,5.0,5.0,98.0,84.0,14.0,200.0,139.0,61.0,282.0,283.0,-1.0,352.0,342.0,10.0,9.0,5.0,-51.0,11.0
InferiorIschemia_015,V3,InferiorIschemia,reviewed,True,10.0,5.0,5.0,92.0,84.0,8.0,210.0,144.0,66.0,288.0,287.0,1.0,346.0,342.0,4.0,3.0,-1.0,-62.0,3.0
InferiorIschemia_015,V4,InferiorIschemia,reviewed,False,4.0,5.0,-1.0,82.0,84.0,-2.0,232.0,163.0,69.0,300.0,299.0,1.0,348.0,342.0,6.0,-1.0,7.0,-63.0,5.0
InferiorIschemia_015,I,InferiorIschemia,reviewed,False,10.0,5.0,5.0,88.0,84.0,4.0,178.0,97.0,81.0,270.0,269.0,1.0,334.0,342.0,-8.0,-1.0,-13.0,-89.0,-9.0
InferiorIschemia_015,aVL,InferiorIschemia,reviewed,False,10.0,5.0,5.0,86.0,84.0,2.0,204.0,97.0,107.0,276.0,276.0,0.0,346.0,342.0,4.0,-3.0,-1.0,-103.0,4.0
InferiorIschemia_015,aVF,InferiorIschemia,reviewed,False,10.0,5.0,5.0,90.0,84.0,6.0,140.0,97.0,43.0,194.0,193.0,1.0,350.0,342.0,8.0,1.0,3.0,-35.0,7.0
InferiorIschemia_015,V5,InferiorIschemia,reviewed,False,4.0,5.0,-1.0,88.0,84.0,4.0,186.0,97.0,89.0,214.0,214.0,0.0,346.0,342.0,4.0,5.0,5.0,-85.0,4.0
InferiorIschemia_015,V6,InferiorIschemia,reviewed,True,4.0,5.0,-1.0,92.0,84.0,8.0,102.0,97.0,5.0,196.0,195.0,1.0,344.0,342.0,2.0,9.0,3.0,-3.0,1.0
InferiorIschemia_016,I,InferiorIschemia,reviewed,False,4.0,3.0,1.0,82.0,81.0,1.0,192.0,125.0,67.0,276.0,276.0,0.0,344.0,342.0,2.0,0.0,1.0,-65.0,2.0
InferiorIschemia_016,II,InferiorIschemia,reviewed,True,10.0,3.0,7.0,102.0,81.0,21.0,172.0,138.0,34.0,250.0,249.0,1.0,356.0,342.0,14.0,14.0,7.0,-20.0,13.0
InferiorIschemia_016,aVL,InferiorIschemia,reviewed,False,4.0,3.0,1.0,82.0,81.0,1.0,92.0,81.0,11.0,182.0,182.0,0.0,348.0,342.0,6.0,0.0,5.0,-5.0,6.0
InferiorIschemia_016,V1,InferiorIschemia,reviewed,False,0.0,3.0,-3.0,84.0,81.0,3.0,192.0,111.0,81.0,282.0,282.0,0.0,352.0,342.0,10.0,6.0,13.0,-71.0,10.0
InferiorIschemia_016,V2,InferiorIschemia,reviewed,False,10.0,3.0,7.0,90.0,81.0,9.0,192.0,118.0,74.0,282.0,282.0,0.0,358.0,342.0,16.0,2.0,9.0,-58.0,16.0
InferiorIschemia_016,V3,InferiorIschemia,reviewed,True,10.0,3.0,7.0,98.0,81.0,17.0,208.0,129.0,79.0,284.0,284.0,0.0,344.0,342.0,2.0,10.0,-5.0,-77.0,2.0
InferiorIschemia_016,V4,InferiorIschemia,reviewed,False,10.0,3.0,7.0,86.0,81.0,5.0,96.0,88.0,8.0,198.0,198.0,0.0,334.0,355.0,-21.0,-2.0,-28.0,-29.0,-21.0
InferiorIschemia_016,V6,InferiorIschemia,reviewed,True,10.0,3.0,7.0,92.0,81.0,11.0,102.0,86.0,16.0,208.0,208.0,0.0,346.0,342.0,4.0,4.0,-3.0,-12.0,4.0
InferiorIschemia_016,III,InferiorIschemia,reviewed,False,10.0,3.0,7.0,88.0,81.0,7.0,162.0,88.0,74.0,198.0,198.0,0.0,352.0,342.0,10.0,0.0,3.0,-64.0,10.0
InferiorIschemia_016,aVF,InferiorIschemia,reviewed,True,10.0,3.0,7.0,94.0,81.0,13.0,166.0,88.0,78.0,224.0,225.0,-1.0,354.0,342.0,12.0,6.0,5.0,-66.0,13.0
InferiorIschemia_016,V5,InferiorIschemia,reviewed,False,10.0,3.0,7.0,82.0,81.0,1.0,180.0,88.0,92.0,236.0,236.0,0.0,346.0,342.0,4.0,-6.0,-3.0,-88.0,4.0
InferiorIschemia_017,II,InferiorIschemia,reviewed,False,10.0,4.0,6.0,80.0,75.0,5.0,162.0,96.0,66.0,254.0,253.0,1.0,346.0,336.0,10.0,-1.0,4.0,-56.0,9.0
InferiorIschemia_017,III,InferiorIschemia,reviewed,False,10.0,4.0,6.0,80.0,75.0,5.0,132.0,104.0,28.0,190.0,190.0,0.0,342.0,336.0,6.0,-1.0,0.0,-22.0,6.0
InferiorIschemia_017,V1,InferiorIschemia,reviewed,False,10.0,4.0,6.0,88.0,75.0,13.0,200.0,128.0,72.0,284.0,283.0,1.0,346.0,336.0,10.0,7.0,4.0,-62.0,9.0
InferiorIschemia_017,V2,InferiorIschemia,reviewed,False,10.0,4.0,6.0,88.0,75.0,13.0,210.0,131.0,79.0,290.0,289.0,1.0,348.0,336.0,12.0,7.0,6.0,-67.0,11.0
InferiorIschemia_017,V3,InferiorIschemia,reviewed,False,10.0,4.0,6.0,82.0,75.0,7.0,228.0,144.0,84.0,296.0,296.0,0.0,344.0,336.0,8.0,1.0,2.0,-76.0,8.0
InferiorIschemia_017,V4,InferiorIschemia,reviewed,False,10.0,4.0,6.0,82.0,75.0,7.0,224.0,144.0,80.0,296.0,295.0,1.0,344.0,336.0,8.0,1.0,2.0,-72.0,7.0
InferiorIschemia_017,aVR,InferiorIschemia,reviewed,False,10.0,4.0,6.0,82.0,75.0,7.0,172.0,84.0,88.0,266.0,266.0,0.0,346.0,336.0,10.0,1.0,4.0,-78.0,10.0
InferiorIschemia_017,aVL,InferiorIschemia,reviewed,False,10.0,4.0,6.0,82.0,75.0,7.0,202.0,84.0,118.0,274.0,274.0,0.0,328.0,336.0,-8.0,1.0,-14.0,-126.0,-8.0
InferiorIschemia_017,aVF,InferiorIschemia,reviewed,False,10.0,4.0,6.0,80.0,75.0,5.0,160.0,84.0,76.0,210.0,211.0,-1.0,344.0,336.0,8.0,-1.0,2.0,-68.0,9.0
InferiorIschemia_017,V5,InferiorIschemia,reviewed,False,10.0,4.0,6.0,78.0,75.0,3.0,88.0,84.0,4.0,206.0,205.0,1.0,340.0,336.0,4.0,-3.0,-2.0,0.0,3.0
InferiorIschemia_017,V6,InferiorIschemia,reviewed,False,10.0,4.0,6.0,88.0,75.0,13.0,98.0,84.0,14.0,198.0,198.0,0.0,334.0,336.0,-2.0,7.0,-8.0,-16.0,-2.0
InferiorIschemia_018,III,InferiorIschemia,reviewed,True,4.0,4.0,0.0,98.0,85.0,13.0,168.0,139.0,29.0,302.0,301.0,1.0,354.0,367.0,-13.0,13.0,-13.0,-42.0,-14.0
InferiorIschemia_018,aVR,InferiorIschemia,reviewed,False,10.0,4.0,6.0,90.0,85.0,5.0,182.0,96.0,86.0,278.0,278.0,0.0,352.0,347.0,5.0,-1.0,-1.0,-81.0,5.0
InferiorIschemia_018,aVF,InferiorIschemia,reviewed,True,10.0,4.0,6.0,108.0,85.0,23.0,178.0,123.0,55.0,282.0,281.0,1.0,354.0,357.0,-3.0,17.0,-9.0,-58.0,-4.0
InferiorIschemia_018,V1,InferiorIschemia,reviewed,False,10.0,4.0,6.0,86.0,85.0,1.0,192.0,136.0,56.0,282.0,281.0,1.0,342.0,337.0,5.0,-5.0,-1.0,-51.0,4.0
InferiorIschemia_018,V2,InferiorIschemia,reviewed,False,10.0,4.0,6.0,84.0,85.0,-1.0,204.0,144.0,60.0,288.0,288.0,0.0,348.0,337.0,11.0,-7.0,5.0,-49.0,11.0
InferiorIschemia_018,V3,InferiorIschemia,reviewed,False,4.0,4.0,0.0,78.0,85.0,-7.0,230.0,152.0,78.0,298.0,298.0,0.0,346.0,337.0,9.0,-7.0,9.0,-69.0,9.0
InferiorIschemia_018,V4,InferiorIschemia,reviewed,False,10.0,4.0,6.0,86.0,85.0,1.0,220.0,152.0,68.0,296.0,295.0,1.0,346.0,337.0,9.0,-5.0,3.0,-59.0,8.0
InferiorIschemia_018,V5,InferiorIschemia,reviewed,False,10.0,4.0,6.0,90.0,85.0,5.0,100.0,102.0,-2.0,244.0,243.0,1.0,350.0,337.0,13.0,-1.0,7.0,15.0,12.0
InferiorIschemia_018,I,InferiorIschemia,reviewed,False,10.0,4.0,6.0,90.0,85.0,5.0,186.0,102.0,84.0,276.0,277.0,-1.0,350.0,337.0,13.0,-1.0,7.0,-71.0,14.0
InferiorIschemia_018,aVL,InferiorIschemia,reviewed,True,10.0,4.0,6.0,96.0,85.0,11.0,106.0,102.0,4.0,274.0,274.0,0.0,342.0,337.0,5.0,5.0,-1.0,1.0,5.0
InferiorIschemia_018,V6,InferiorIschemia,reviewed,False,10.0,4.0,6.0,90.0,85.0,5.0,100.0,102.0,-2.0,204.0,204.0,0.0,348.0,337.0,11.0,-1.0,5.0,13.0,11.0
InferiorIschemia_019,II,InferiorIschemia,reviewed,False,10.0,4.0,6.0,86.0,64.0,22.0,164.0,131.0,33.0,214.0,213.0,1.0,344.0,345.0,-1.0,16.0,-7.0,-34.0,-2.0
InferiorIschemia_019,III,InferiorIschemia,reviewed,False,10.0,4.0,6.0,80.0,64.0,16.0,130.0,104.0,26.0,174.0,173.0,1.0,340.0,345.0,-5.0,10.0,-11.0,-31.0,-6.0
InferiorIschemia_019,aVR,InferiorIschemia,reviewed,False,10.0,4.0,6.0,76.0,64.0,12.0,166.0,144.0,22.0,216.0,216.0,0.0,338.0,345.0,-7.0,6.0,-13.0,-29.0,-7.0
InferiorIschemia_019,aVL,InferiorIschemia,reviewed,False,10.0,4.0,6.0,80.0,64.0,16.0,174.0,93.0,81.0,258.0,258.0,0.0,338.0,345.0,-7.0,10.0,-13.0,-88.0,-7.0
InferiorIschemia_019,aVF,InferiorIschemia,reviewed,False,10.0,4.0,6.0,80.0,64.0,16.0,164.0,131.0,33.0,212.0,212.0,0.0,342.0,345.0,-3.0,10.0,-9.0,-36.0,-3.0
InferiorIschemia_019,V1,InferiorIschemia,reviewed,False,10.0,4.0,6.0,90.0,64.0,26.0,204.0,109.0,95.0,284.0,284.0,0.0,350.0,345.0,5.0,20.0,-1.0,-90.0,5.0
InferiorIschemia_019,V2,InferiorIschemia,reviewed,True,4.0,4.0,0.0,116.0,64.0,52.0,214.0,135.0,79.0,284.0,284.0,0.0,350.0,345.0,5.0,52.0,5.0,-74.0,5.0
InferiorIschemia_019,V3,InferiorIschemia,reviewed,False,4.0,4.0,0.0,90.0,64.0,26.0,100.0,92.0,8.0,192.0,191.0,1.0,324.0,345.0,-21.0,26.0,-21.0,-29.0,-22.0
InferiorIschemia_019,V4,InferiorIschemia,reviewed,False,10.0,4.0,6.0,88.0,64.0,24.0,98.0,92.0,6.0,144.0,143.0,1.0,332.0,351.0,-19.0,18.0,-25.0,-25.0,-20.0
InferiorIschemia_019,V5,InferiorIschemia,reviewed,False,10.0,4.0,6.0,80.0,64.0,16.0,158.0,66.0,92.0,206.0,206.0,0.0,332.0,345.0,-13.0,10.0,-19.0,-105.0,-13.0
InferiorIschemia_019,V6,InferiorIschemia,reviewed,False,10.0,4.0,6.0,78.0,64.0,14.0,88.0,72.0,16.0,204.0,206.0,-2.0,326.0,345.0,-19.0,8.0,-25.0,-35.0,-17.0
InferiorIschemia_020,I,InferiorIschemia,reviewed,False,4.0,4.0,0.0,84.0,74.0,10.0,172.0,91.0,81.0,212.0,212.0,0.0,322.0,335.0,-13.0,10.0,-13.0,-94.0,-13.0
InferiorIschemia_020,III,InferiorIschemia,reviewed,False,10.0,4.0,6.0,88.0,74.0,14.0,154.0,95.0,59.0,302.0,302.0,0.0,350.0,341.0,9.0,8.0,3.0,-50.0,9.0
InferiorIschemia_020,aVR,InferiorIschemia,reviewed,False,10.0,4.0,6.0,90.0,74.0,16.0,166.0,99.0,67.0,214.0,219.0,-5.0,350.0,341.0,9.0,10.0,3.0,-58.0,14.0
InferiorIschemia_020,aVL,InferiorIschemia,reviewed,False,4.0,4.0,0.0,84.0,74.0,10.0,182.0,86.0,96.0,258.0,259.0,-1.0,348.0,341.0,7.0,10.0,7.0,-89.0,8.0
InferiorIschemia_020,aVF,InferiorIschemia,reviewed,False,10.0,4.0,6.0,88.0,74.0,14.0,154.0,132.0,22.0,220.0,218.0,2.0,350.0,341.0,9.0,8.0,3.0,-13.0,7.0
InferiorIschemia_020,V1,InferiorIschemia,reviewed,False,0.0,4.0,-4.0,84.0,74.0,10.0,188.0,118.0,70.0,282.0,282.0,0.0,350.0,341.0,9.0,14.0,13.0,-61.0,9.0
InferiorIschemia_020,V2,InferiorIschemia,reviewed,False,10.0,4.0,6.0,88.0,74.0,14.0,192.0,123.0,69.0,284.0,284.0,0.0,350.0,341.0,9.0,8.0,3.0,-60.0,9.0
InferiorIschemia_020,V3,InferiorIschemia,reviewed,False,10.0,4.0,6.0,76.0,74.0,2.0,204.0,133.0,71.0,292.0,291.0,1.0,348.0,341.0,7.0,-4.0,1.0,-64.0,6.0
InferiorIschemia_020,V4,InferiorIschemia,reviewed,False,10.0,4.0,6.0,82.0,74.0,8.0,192.0,169.0,23.0,298.0,299.0,-1.0,346.0,341.0,5.0,2.0,-1.0,-18.0,6.0
InferiorIschemia_020,V5,InferiorIschemia,reviewed,False,10.0,4.0,6.0,90.0,74.0,16.0,160.0,97.0,63.0,204.0,204.0,0.0,342.0,341.0,1.0,10.0,-5.0,-62.0,1.0
InferiorIschemia_020,V6,InferiorIschemia,reviewed,False,10.0,4.0,6.0,88.0,74.0,14.0,98.0,74.0,24.0,200.0,200.0,0.0,322.0,346.0,-24.0,8.0,-30.0,-48.0,-24.0
