record_id,lead,beat_id,disease_class,crop_start,qrs_pattern_pred,order_ok_pred,p_head_prob,seg_emits_p,qrs_anchor,anchor_in_qrs,window_end,read_end,p_onset_pred,p_onset_true,p_onset_err_ms,p_peak_pred,p_peak_true,p_peak_err_ms,p_offset_pred,p_offset_true,p_offset_err_ms,qrs_onset_pred,qrs_onset_true,qrs_onset_err_ms,q_peak_pred,q_peak_true,q_peak_err_ms,r_peak_pred,r_peak_true,r_peak_err_ms,s_peak_pred,s_peak_true,s_peak_err_ms,qrs_offset_pred,qrs_offset_true,qrs_offset_err_ms,t_onset_pred,t_onset_true,t_onset_err_ms,t_peak_pred,t_peak_true,t_peak_err_ms,t_offset_pred,t_offset_true,t_offset_err_ms,qrs_duration_err_ms,qt_interval_err_ms,t_duration_err_ms,t_peak_to_end_err_ms
AnteriorInfarction_003,V3,1,AnteriorInfarction,-606,qRs,1,0.0004,0,628,1,249,500,,,,,,,,,,2,4,-4.0,8,9,-2.0,31,31,0.0,52,,,52,44,16.0,66,49,34.0,162,162,0.0,254,248,12.0,20.0,16.0,-22.0,12.0
AnteriorInfarction_003,I,1,AnteriorInfarction,-606,R,1,0.0003,0,628,1,249,500,,,,,,,,,,2,4,-4.0,,,,7,25,-36.0,,,,50,44,12.0,66,68,-4.0,141,141,0.0,255,251,8.0,16.0,12.0,12.0,8.0
AnteriorInfarction_003,II,1,AnteriorInfarction,-606,R,1,0.0001,0,628,1,249,500,,,,,,,,,,2,4,-4.0,,,,10,24,-28.0,,,,51,44,14.0,65,68,-6.0,142,143,-2.0,256,252,8.0,18.0,12.0,14.0,10.0
AnteriorInfarction_003,III,1,AnteriorInfarction,-606,RS,1,0.0012,0,628,1,249,500,,,,,,,,,,2,4,-4.0,,,,10,17,-14.0,31,31,0.0,51,44,14.0,64,49,30.0,143,143,0.0,257,250,14.0,18.0,18.0,-16.0,14.0
AnteriorInfarction_003,aVR,1,AnteriorInfarction,-606,QS,1,0.0001,0,628,1,249,500,,,,,,,,,,2,4,-4.0,24,24,0.0,,,,,,,51,44,14.0,66,49,34.0,142,142,0.0,254,180,148.0,18.0,152.0,114.0,148.0
AnteriorInfarction_003,V1,1,AnteriorInfarction,-606,rS,1,0.0015,0,628,1,249,500,,,,,,,,,,2,4,-4.0,,20,,6,36,-60.0,20,48,-56.0,51,44,14.0,64,68,-8.0,169,148,42.0,255,271,-32.0,18.0,-28.0,-24.0,-74.0
AnteriorInfarction_003,V2,1,AnteriorInfarction,-606,qRs,1,0.0014,0,628,1,249,500,,,,,,,,,,2,4,-4.0,13,14,-2.0,31,31,0.0,52,50,4.0,52,44,16.0,65,87,-44.0,162,163,-2.0,255,257,-4.0,20.0,0.0,40.0,-2.0
AnteriorInfarction_003,V4,1,AnteriorInfarction,-606,qR,1,0.0003,0,628,1,249,500,,,,,,,,,,2,4,-4.0,8,8,0.0,28,28,0.0,,,,51,44,14.0,67,49,36.0,140,140,0.0,253,220,66.0,18.0,70.0,30.0,66.0
AnteriorInfarction_003,V5,1,AnteriorInfarction,-606,qR,1,0.0008,0,628,1,249,500,,,,,,,,,,2,4,-4.0,6,6,0.0,24,24,0.0,,,,51,44,14.0,70,100,-60.0,154,154,0.0,254,278,-48.0,18.0,-44.0,12.0,-48.0
AnteriorInfarction_003,V6,1,AnteriorInfarction,-606,qRs,1,0.0002,0,628,1,249,500,,,,,,,,,,2,4,-4.0,6,6,0.0,24,24,0.0,32,32,0.0,51,44,14.0,67,79,-24.0,149,149,0.0,256,227,58.0,18.0,62.0,82.0,58.0
AnteriorInfarction_003,aVL,1,AnteriorInfarction,-606,qR,1,0.0006,0,628,1,249,500,,,,,,,,,,2,4,-4.0,14,14,0.0,30,30,0.0,,,,51,44,14.0,66,49,34.0,144,144,0.0,253,250,6.0,18.0,10.0,-28.0,6.0
AnteriorInfarction_003,aVF,1,AnteriorInfarction,-606,Rs,1,0.0002,0,628,1,249,500,,,,,,,,,,2,4,-4.0,,,,10,24,-28.0,31,31,0.0,51,44,14.0,65,49,32.0,143,143,0.0,255,249,12.0,18.0,16.0,-20.0,12.0
AnteriorInfarction_004,V1,1,AnteriorInfarction,-604,rS,1,0.0035,0,637,1,251,500,,,,,,,,,,0,2,-4.0,,,,5,6,-2.0,21,21,0.0,50,46,8.0,57,46,22.0,151,152,-2.0,283,270,26.0,12.0,30.0,4.0,28.0
AnteriorInfarction_004,I,1,AnteriorInfarction,-604,R,1,0.0053,0,637,1,251,500,,,,,,,,,,0,2,-4.0,,,,8,30,-44.0,,51,,50,46,8.0,61,97,-72.0,139,169,-60.0,283,252,62.0,12.0,66.0,134.0,122.0
AnteriorInfarction_004,II,1,AnteriorInfarction,-604,R,1,0.0009,0,637,1,251,500,,,,,,,,,,0,2,-4.0,,,,20,20,0.0,,,,50,46,8.0,59,68,-18.0,142,143,-2.0,281,173,216.0,12.0,220.0,234.0,218.0
AnteriorInfarction_004,III,1,AnteriorInfarction,-604,rS,1,0.003,0,637,1,251,500,,,,,,,,,,0,2,-4.0,,,,5,18,-26.0,34,33,2.0,50,46,8.0,60,51,18.0,147,147,0.0,279,269,20.0,12.0,24.0,2.0,20.0
AnteriorInfarction_004,aVR,1,AnteriorInfarction,-604,QS,1,0.0013,0,637,1,251,500,,,,,,,,,,0,2,-4.0,29,30,-2.0,,,,,,,50,46,8.0,62,75,-26.0,141,141,0.0,282,251,62.0,12.0,66.0,88.0,62.0
AnteriorInfarction_004,aVL,1,AnteriorInfarction,-604,QRS,1,0.0023,0,637,1,251,500,,,,,,,,,,0,2,-4.0,5,5,0.0,8,30,-44.0,50,51,-2.0,50,46,8.0,62,100,-76.0,154,154,0.0,279,265,28.0,12.0,32.0,104.0,28.0
AnteriorInfarction_004,aVF,1,AnteriorInfarction,-604,RS,1,0.0005,0,637,1,251,500,,,,,,,,,,0,2,-4.0,,,,6,19,-26.0,35,36,-2.0,50,46,8.0,62,74,-24.0,144,144,0.0,279,250,58.0,12.0,62.0,82.0,58.0
AnteriorInfarction_004,V2,1,AnteriorInfarction,-604,rS,1,0.0029,0,637,1,251,500,,,,,,,,,,0,2,-4.0,,,,4,12,-16.0,26,26,0.0,50,46,8.0,60,53,14.0,154,155,-2.0,276,262,28.0,12.0,32.0,14.0,30.0
AnteriorInfarction_004,V3,1,AnteriorInfarction,-604,QR,1,0.0019,0,637,1,251,500,,,,,,,,,,0,2,-4.0,9,10,-2.0,20,32,-24.0,,,,50,46,8.0,64,87,-46.0,143,175,-64.0,268,255,26.0,12.0,30.0,72.0,90.0
AnteriorInfarction_004,V4,1,AnteriorInfarction,-604,R,1,0.0022,0,637,1,251,500,,,,,,,,,,0,2,-4.0,,7,,31,31,0.0,,,,50,46,8.0,64,59,10.0,176,170,12.0,276,251,50.0,12.0,54.0,40.0,38.0
AnteriorInfarction_004,V5,1,AnteriorInfarction,-604,R,1,0.0009,0,637,1,251,500,,,,,,,,,,0,2,-4.0,,7,,26,26,0.0,,,,50,46,8.0,64,94,-60.0,148,148,0.0,280,251,58.0,12.0,62.0,118.0,58.0
AnteriorInfarction_004,V6,1,AnteriorInfarction,-604,Rs,1,0.0011,0,637,1,251,500,,,,,,,,,,0,2,-4.0,,4,,20,20,0.0,30,31,-2.0,50,46,8.0,64,62,4.0,144,144,0.0,282,251,62.0,12.0,66.0,58.0,62.0
AnteriorInfarction_005,V3,1,AnteriorInfarction,-605,QRs,1,0.0002,0,638,1,250,500,,,,,,,,,,2,5,-6.0,8,8,0.0,17,31,-28.0,50,,,50,48,4.0,63,89,-52.0,146,146,0.0,251,266,-30.0,10.0,-24.0,22.0,-30.0
AnteriorInfarction_005,I,1,AnteriorInfarction,-605,R,1,0.0,0,638,1,250,500,,,,,,,,,,2,5,-6.0,,,,10,26,-32.0,,,,50,48,4.0,62,72,-20.0,137,137,0.0,252,250,4.0,10.0,10.0,24.0,4.0
AnteriorInfarction_005,II,1,AnteriorInfarction,-605,R,1,0.0,0,638,1,250,500,,,,,,,,,,2,5,-6.0,,,,16,24,-16.0,,44,,50,48,4.0,62,50,24.0,142,142,0.0,258,267,-18.0,10.0,-12.0,-42.0,-18.0
AnteriorInfarction_005,III,1,AnteriorInfarction,-605,RS,1,0.0002,0,638,1,250,500,,,,,,,,,,2,5,-6.0,,,,6,17,-22.0,31,31,0.0,50,48,4.0,62,70,-16.0,147,148,-2.0,259,234,50.0,10.0,56.0,66.0,52.0
AnteriorInfarction_005,aVR,1,AnteriorInfarction,-605,QS,1,0.0,0,638,1,250,500,,,,,,,,,,2,5,-6.0,24,24,0.0,,,,,,,50,48,4.0,63,66,-6.0,140,140,0.0,253,255,-4.0,10.0,2.0,2.0,-4.0
AnteriorInfarction_005,aVL,1,AnteriorInfarction,-605,qrS,1,0.0002,0,638,1,250,500,,,,,,,,,,2,5,-6.0,5,18,-26.0,8,31,-46.0,17,,,50,48,4.0,62,50,24.0,153,153,0.0,250,263,-26.0,10.0,-20.0,-50.0,-26.0
AnteriorInfarction_005,aVF,1,AnteriorInfarction,-605,R,1,0.0,0,638,1,250,500,,,,,,,,,,2,5,-6.0,,,,16,24,-16.0,,38,,50,48,4.0,63,52,22.0,144,144,0.0,258,262,-8.0,10.0,-2.0,-30.0,-8.0
AnteriorInfarction_005,V1,1,AnteriorInfarction,-605,rS,1,0.0004,0,638,1,250,500,,,,,,,,,,2,5,-6.0,,23,,5,33,-56.0,23,48,-50.0,50,48,4.0,61,100,-78.0,137,137,0.0,256,269,-26.0,10.0,-20.0,52.0,-26.0
AnteriorInfarction_005,V2,1,AnteriorInfarction,-605,qRs,1,0.001,0,638,1,250,500,,,,,,,,,,2,5,-6.0,22,22,0.0,31,31,0.0,50,53,-6.0,50,48,4.0,62,87,-50.0,142,142,0.0,255,274,-38.0,10.0,-32.0,12.0,-38.0
AnteriorInfarction_005,V4,1,AnteriorInfarction,-605,qR,1,0.0,0,638,1,250,500,,,,,,,,,,2,5,-6.0,8,8,0.0,29,29,0.0,,,,50,48,4.0,63,58,10.0,144,145,-2.0,251,263,-24.0,10.0,-18.0,-34.0,-22.0
AnteriorInfarction_005,V5,1,AnteriorInfarction,-605,qR,1,0.0,0,638,1,250,500,,,,,,,,,,2,5,-6.0,6,7,-2.0,24,25,-2.0,,,,50,48,4.0,63,101,-76.0,146,172,-52.0,255,254,2.0,10.0,8.0,78.0,54.0
AnteriorInfarction_005,V6,1,AnteriorInfarction,-605,R,1,0.0,0,638,1,250,500,,,,,,,,,,2,5,-6.0,,,,21,22,-2.0,,,,50,48,4.0,63,52,22.0,143,143,0.0,257,263,-12.0,10.0,-6.0,-34.0,-12.0
AnteriorInfarction_006,V5,1,AnteriorInfarction,-611,R,1,0.0,0,627,1,244,500,,,,,,,,,,0,2,-4.0,,,,26,26,0.0,,,,46,43,6.0,59,98,-78.0,169,169,0.0,255,259,-8.0,10.0,-4.0,70.0,-8.0
AnteriorInfarction_006,I,1,AnteriorInfarction,-611,R,1,0.0,0,627,1,244,500,,,,,,,,,,0,2,-4.0,,,,8,29,-42.0,,48,,46,43,6.0,57,102,-90.0,168,168,0.0,253,255,-4.0,10.0,0.0,86.0,-4.0
AnteriorInfarction_006,II,1,AnteriorInfarction,-611,R,1,0.0,0,627,1,244,500,,,,,,,,,,0,2,-4.0,,,,10,25,-30.0,,,,46,43,6.0,56,69,-26.0,140,141,-2.0,257,259,-4.0,10.0,0.0,22.0,-2.0
AnteriorInfarction_006,III,1,AnteriorInfarction,-611,RS,1,0.0,0,627,1,244,500,,,,,,,,,,0,2,-4.0,,,,10,10,0.0,29,29,0.0,47,43,8.0,58,50,16.0,142,142,0.0,253,248,10.0,12.0,14.0,-6.0,10.0
AnteriorInfarction_006,aVR,1,AnteriorInfarction,-611,QS,1,0.0,0,627,1,244,500,,,,,,,,,,0,2,-4.0,25,25,0.0,,,,,,,46,43,6.0,57,62,-10.0,140,140,0.0,257,253,8.0,10.0,12.0,18.0,8.0
AnteriorInfarction_006,aVL,1,AnteriorInfarction,-611,qRs,1,0.0,0,627,1,244,500,,,,,,,,,,0,2,-4.0,10,10,0.0,23,29,-12.0,46,,,46,43,6.0,58,91,-66.0,146,146,0.0,251,254,-6.0,10.0,-2.0,60.0,-6.0
AnteriorInfarction_006,aVF,1,AnteriorInfarction,-611,Rs,1,0.0,0,627,1,244,500,,,,,,,,,,0,2,-4.0,,,,10,10,0.0,29,29,0.0,47,43,8.0,59,50,18.0,141,141,0.0,252,252,0.0,12.0,4.0,-18.0,0.0
AnteriorInfarction_006,V1,1,AnteriorInfarction,-611,rS,1,0.0,0,627,1,244,500,,,,,,,,,,0,2,-4.0,,,,9,9,0.0,23,24,-2.0,46,43,6.0,54,54,0.0,148,148,0.0,255,266,-22.0,10.0,-18.0,-22.0,-22.0
AnteriorInfarction_006,V2,1,AnteriorInfarction,-611,RS,1,0.0,0,627,1,244,500,,,,,,,,,,0,2,-4.0,,,,10,11,-2.0,21,21,0.0,45,43,4.0,57,48,18.0,143,143,0.0,253,267,-28.0,8.0,-24.0,-46.0,-28.0
AnteriorInfarction_006,V3,1,AnteriorInfarction,-611,RS,1,0.0,0,627,1,244,500,,,,,,,,,,1,2,-2.0,,,,11,11,0.0,20,21,-2.0,46,43,6.0,59,70,-22.0,158,158,0.0,248,243,10.0,8.0,12.0,32.0,10.0
AnteriorInfarction_006,V4,1,AnteriorInfarction,-611,RS,1,0.0,0,627,1,244,500,,,,,,,,,,0,2,-4.0,,19,,11,27,-32.0,19,,,46,43,6.0,59,93,-68.0,154,154,0.0,252,248,8.0,10.0,12.0,76.0,8.0
AnteriorInfarction_006,V6,1,AnteriorInfarction,-611,R,1,0.0,0,627,1,244,500,,,,,,,,,,0,2,-4.0,,5,,22,22,0.0,,,,46,43,6.0,58,72,-28.0,147,147,0.0,255,247,16.0,10.0,20.0,44.0,16.0
AnteriorInfarction_007,V3,1,AnteriorInfarction,-608,qR,1,0.0001,0,637,1,247,500,,,,,,,,,,2,3,-2.0,9,9,0.0,27,27,0.0,,,,48,43,10.0,60,50,20.0,141,142,-2.0,243,262,-38.0,12.0,-36.0,-58.0,-36.0
AnteriorInfarction_007,I,1,AnteriorInfarction,-608,qR,1,0.0,0,637,1,247,500,,,,,,,,,,2,3,-2.0,11,11,0.0,23,23,0.0,,,,48,43,10.0,59,48,22.0,165,165,0.0,242,250,-16.0,12.0,-14.0,-38.0,-16.0
AnteriorInfarction_007,II,1,AnteriorInfarction,-608,R,1,0.0,0,637,1,247,500,,,,,,,,,,2,3,-2.0,,,,18,22,-8.0,,,,48,43,10.0,58,70,-24.0,141,141,0.0,244,170,148.0,12.0,150.0,172.0,148.0
AnteriorInfarction_007,III,1,AnteriorInfarction,-608,Rs,1,0.0,0,637,1,247,500,,,,,,,,,,2,3,-2.0,,,,14,14,0.0,29,29,0.0,49,43,12.0,59,50,18.0,141,141,0.0,244,251,-14.0,14.0,-12.0,-32.0,-14.0
AnteriorInfarction_007,aVR,1,AnteriorInfarction,-608,QS,1,0.0,0,637,1,247,500,,,,,,,,,,2,3,-2.0,23,23,0.0,,,,,,,48,43,10.0,59,70,-22.0,141,141,0.0,242,250,-16.0,12.0,-14.0,6.0,-16.0
AnteriorInfarction_007,aVL,1,AnteriorInfarction,-608,QRs,1,0.0,0,637,1,247,500,,,,,,,,,,2,3,-2.0,11,11,0.0,23,28,-10.0,48,,,49,43,12.0,60,94,-68.0,141,142,-2.0,240,250,-20.0,14.0,-18.0,48.0,-18.0
AnteriorInfarction_007,aVF,1,AnteriorInfarction,-608,R,1,0.0,0,637,1,247,500,,,,,,,,,,2,3,-2.0,,,,17,17,0.0,,31,,48,43,10.0,60,70,-20.0,141,141,0.0,244,262,-36.0,12.0,-34.0,-16.0,-36.0
AnteriorInfarction_007,V1,1,AnteriorInfarction,-608,rS,1,0.0002,0,637,1,247,500,,,,,,,,,,2,3,-2.0,,22,,4,33,-58.0,21,,,48,43,10.0,57,48,18.0,149,149,0.0,247,269,-44.0,12.0,-42.0,-62.0,-44.0
AnteriorInfarction_007,V2,1,AnteriorInfarction,-608,qRs,1,0.0005,0,637,1,247,500,,,,,,,,,,2,3,-2.0,10,10,0.0,28,29,-2.0,48,,,48,43,10.0,58,87,-58.0,142,143,-2.0,246,269,-46.0,12.0,-44.0,12.0,-44.0
AnteriorInfarction_007,V5,1,AnteriorInfarction,-608,qR,1,0.0,0,637,1,247,500,,,,,,,,,,2,3,-2.0,7,7,0.0,21,21,0.0,,,,49,43,12.0,60,78,-36.0,145,145,0.0,243,168,150.0,14.0,152.0,186.0,150.0
AnteriorInfarction_007,V6,1,AnteriorInfarction,-608,qR,1,0.0,0,637,1,247,500,,,,,,,,,,2,3,-2.0,6,7,-2.0,21,21,0.0,,,,48,43,10.0,60,50,20.0,145,145,0.0,245,257,-24.0,12.0,-22.0,-44.0,-24.0
AnteriorInfarction_007,V4,1,AnteriorInfarction,-608,qR,1,0.0,0,637,1,247,500,,,,,,,,,,2,3,-2.0,9,9,0.0,25,25,0.0,,,,48,43,10.0,60,50,20.0,140,140,0.0,244,265,-42.0,12.0,-40.0,-62.0,-42.0
AnteriorInfarction_008,V2,1,AnteriorInfarction,-610,rS,1,0.0031,0,637,1,245,500,,,,,,,,,,0,2,-4.0,,,,6,7,-2.0,23,24,-2.0,50,46,8.0,51,52,-2.0,144,144,0.0,269,254,30.0,12.0,34.0,32.0,30.0
AnteriorInfarction_008,I,1,AnteriorInfarction,-610,R,1,0.0019,0,637,1,245,500,,,,,,,,,,0,2,-4.0,,,,28,28,0.0,,,,50,46,8.0,61,100,-78.0,166,167,-2.0,276,252,48.0,12.0,52.0,126.0,50.0
AnteriorInfarction_008,II,1,AnteriorInfarction,-610,R,1,0.0013,0,637,1,245,500,,,,,,,,,,0,2,-4.0,,,,24,25,-2.0,,,,50,46,8.0,61,68,-14.0,143,143,0.0,278,246,64.0,12.0,68.0,78.0,64.0
AnteriorInfarction_008,III,1,AnteriorInfarction,-610,rS,1,0.0009,0,637,1,245,500,,,,,,,,,,0,2,-4.0,,,,10,18,-16.0,30,30,0.0,50,46,8.0,63,52,22.0,147,147,0.0,276,250,52.0,12.0,56.0,30.0,52.0
AnteriorInfarction_008,aVR,1,AnteriorInfarction,-610,QS,1,0.0031,0,637,1,245,500,,,,,,,,,,0,2,-4.0,25,25,0.0,,,,,,,49,46,6.0,63,62,2.0,141,141,0.0,277,263,28.0,10.0,32.0,26.0,28.0
AnteriorInfarction_008,aVF,1,AnteriorInfarction,-610,RS,1,0.0006,0,637,1,245,500,,,,,,,,,,0,2,-4.0,,,,10,19,-18.0,30,31,-2.0,50,46,8.0,64,52,24.0,144,145,-2.0,277,252,50.0,12.0,54.0,26.0,52.0
AnteriorInfarction_008,V3,1,AnteriorInfarction,-610,rS,1,0.003,0,637,1,245,500,,,,,,,,,,0,2,-4.0,,12,,4,27,-46.0,12,,,50,46,8.0,63,52,22.0,157,157,0.0,257,267,-20.0,12.0,-16.0,-42.0,-20.0
AnteriorInfarction_008,V4,1,AnteriorInfarction,-610,qR,1,0.0012,0,637,1,245,500,,,,,,,,,,1,2,-2.0,10,10,0.0,26,26,0.0,,,,50,46,8.0,63,100,-74.0,157,157,0.0,272,246,52.0,10.0,54.0,126.0,52.0
AnteriorInfarction_008,V5,1,AnteriorInfarction,-610,qR,1,0.0007,0,637,1,245,500,,,,,,,,,,0,2,-4.0,8,8,0.0,25,25,0.0,,,,49,46,6.0,64,100,-72.0,168,168,0.0,274,251,46.0,10.0,50.0,118.0,46.0
AnteriorInfarction_008,V6,1,AnteriorInfarction,-610,qR,1,0.0009,0,637,1,245,500,,,,,,,,,,0,2,-4.0,7,7,0.0,23,23,0.0,,,,50,46,8.0,63,75,-24.0,146,146,0.0,276,246,60.0,12.0,64.0,84.0,60.0
AnteriorInfarction_008,aVL,1,AnteriorInfarction,-610,qRs,1,0.001,0,637,1,245,500,,,,,,,,,,0,2,-4.0,16,17,-2.0,29,29,0.0,49,,,49,46,6.0,63,52,22.0,152,153,-2.0,276,261,30.0,10.0,34.0,8.0,32.0
AnteriorInfarction_008,V1,1,AnteriorInfarction,-610,rS,1,0.0033,0,637,1,245,500,,,,,,,,,,0,2,-4.0,,,,7,8,-2.0,24,24,0.0,49,46,6.0,50,52,-4.0,146,146,0.0,277,262,30.0,10.0,34.0,34.0,30.0
AnteriorInfarction_009,V1,1,AnteriorInfarction,-612,rS,1,0.0,0,640,1,243,500,,,,,,,,,,0,2,-4.0,,,,5,9,-8.0,24,24,0.0,45,49,-8.0,53,54,-2.0,160,160,0.0,248,250,-4.0,-4.0,0.0,-2.0,-4.0
AnteriorInfarction_009,I,1,AnteriorInfarction,-612,R,1,0.0,0,640,1,243,500,,,,,,,,,,0,2,-4.0,,,,27,27,0.0,,,,45,49,-8.0,57,99,-84.0,168,168,0.0,249,251,-4.0,-4.0,0.0,80.0,-4.0
AnteriorInfarction_009,II,1,AnteriorInfarction,-612,R,1,0.0,0,640,1,243,500,,,,,,,,,,0,2,-4.0,,,,10,25,-30.0,,35,,45,49,-8.0,58,71,-26.0,142,142,0.0,248,248,0.0,-4.0,4.0,26.0,0.0
AnteriorInfarction_009,III,1,AnteriorInfarction,-612,rS,1,0.0,0,640,1,243,500,,,,,,,,,,0,2,-4.0,,,,5,6,-2.0,29,30,-2.0,45,49,-8.0,56,92,-72.0,143,143,0.0,249,252,-6.0,-4.0,-2.0,66.0,-6.0
AnteriorInfarction_009,aVR,1,AnteriorInfarction,-612,QS,1,0.0,0,640,1,243,500,,,,,,,,,,0,2,-4.0,26,26,0.0,,,,,,,45,49,-8.0,58,64,-12.0,142,142,0.0,250,251,-2.0,-4.0,2.0,10.0,-2.0
AnteriorInfarction_009,aVL,1,AnteriorInfarction,-612,R,1,0.0,0,640,1,243,500,,,,,,,,,,0,2,-4.0,,,,29,29,0.0,,,,45,49,-8.0,58,96,-76.0,167,167,0.0,248,248,0.0,-4.0,4.0,76.0,0.0
AnteriorInfarction_009,aVF,1,AnteriorInfarction,-612,rS,1,0.0,0,640,1,243,500,,,,,,,,,,0,2,-4.0,,,,9,17,-16.0,30,30,0.0,45,49,-8.0,60,87,-54.0,143,143,0.0,247,243,8.0,-4.0,12.0,62.0,8.0
AnteriorInfarction_009,V2,1,AnteriorInfarction,-612,rS,1,0.0,0,640,1,243,500,,,,,,,,,,0,2,-4.0,,,,5,8,-6.0,22,22,0.0,45,49,-8.0,58,54,8.0,140,140,0.0,247,250,-6.0,-4.0,-2.0,-14.0,-6.0
AnteriorInfarction_009,V3,1,AnteriorInfarction,-612,rS,1,0.0,0,640,1,243,500,,,,,,,,,,0,2,-4.0,,,,8,8,0.0,21,22,-2.0,45,49,-8.0,61,56,10.0,138,138,0.0,245,222,46.0,-4.0,50.0,36.0,46.0
AnteriorInfarction_009,V4,1,AnteriorInfarction,-612,RS,1,0.0,0,640,1,243,500,,,,,,,,,,0,2,-4.0,,21,,8,28,-40.0,21,,,45,49,-8.0,62,64,-4.0,138,138,0.0,246,246,0.0,-4.0,4.0,4.0,0.0
AnteriorInfarction_009,V5,1,AnteriorInfarction,-612,R,1,0.0,0,640,1,243,500,,,,,,,,,,0,2,-4.0,,,,26,26,0.0,,,,45,49,-8.0,63,81,-36.0,144,145,-2.0,248,170,156.0,-4.0,160.0,192.0,158.0
AnteriorInfarction_009,V6,1,AnteriorInfarction,-612,Rs,1,0.0,0,640,1,243,500,,,,,,,,,,0,2,-4.0,,,,22,22,0.0,34,34,0.0,45,49,-8.0,63,70,-14.0,145,146,-2.0,249,237,24.0,-4.0,28.0,38.0,26.0
AnteriorInfarction_010,V2,1,AnteriorInfarction,-607,rS,1,0.0224,0,636,1,248,500,,,,,,,,,,1,2,-2.0,,,,4,4,0.0,22,23,-2.0,50,46,8.0,64,48,32.0,153,153,0.0,265,292,-54.0,10.0,-52.0,-86.0,-54.0
AnteriorInfarction_010,I,1,AnteriorInfarction,-607,R,1,0.0023,0,636,1,248,500,,,,,,,,,,1,2,-2.0,,,,10,30,-40.0,,,,49,46,6.0,61,93,-64.0,165,165,0.0,291,252,78.0,8.0,80.0,142.0,78.0
AnteriorInfarction_010,II,1,AnteriorInfarction,-607,R,1,0.0032,0,636,1,248,500,,,,,,,,,,1,2,-2.0,,,,8,21,-26.0,,,,50,46,8.0,60,76,-32.0,143,143,0.0,289,271,36.0,10.0,38.0,68.0,36.0
AnteriorInfarction_010,III,1,AnteriorInfarction,-607,rS,1,0.0033,0,636,1,248,500,,,,,,,,,,1,2,-2.0,,,,6,19,-26.0,32,32,0.0,49,46,6.0,61,83,-44.0,148,148,0.0,285,251,68.0,8.0,70.0,112.0,68.0
AnteriorInfarction_010,aVR,1,AnteriorInfarction,-607,QS,1,0.0013,0,636,1,248,500,,,,,,,,,,1,2,-2.0,28,29,-2.0,,,,,,,49,46,6.0,61,70,-18.0,141,141,0.0,235,253,-36.0,8.0,-34.0,-18.0,-36.0
AnteriorInfarction_010,aVL,1,AnteriorInfarction,-607,QRS,1,0.0018,0,636,1,248,500,,,,,,,,,,1,2,-2.0,5,6,-2.0,10,32,-44.0,49,,,49,46,6.0,61,98,-74.0,154,155,-2.0,287,252,70.0,8.0,72.0,144.0,72.0
AnteriorInfarction_010,aVF,1,AnteriorInfarction,-607,RS,1,0.0008,0,636,1,248,500,,,,,,,,,,0,2,-4.0,,,,7,20,-26.0,33,33,0.0,49,46,6.0,62,72,-20.0,145,145,0.0,290,251,78.0,10.0,82.0,98.0,78.0
AnteriorInfarction_010,V3,1,AnteriorInfarction,-607,QR,1,0.0112,0,636,1,248,500,,,,,,,,,,1,2,-2.0,20,21,-2.0,31,32,-2.0,,,,50,46,8.0,66,96,-60.0,141,141,0.0,242,277,-70.0,10.0,-68.0,-10.0,-70.0
AnteriorInfarction_010,V4,1,AnteriorInfarction,-607,qR,1,0.0047,0,636,1,248,500,,,,,,,,,,1,2,-2.0,11,11,0.0,28,29,-2.0,,,,50,46,8.0,64,53,22.0,142,142,0.0,234,262,-56.0,10.0,-54.0,-78.0,-56.0
AnteriorInfarction_010,V6,1,AnteriorInfarction,-607,Rs,1,0.0026,0,636,1,248,500,,,,,,,,,,1,2,-2.0,,,,20,20,0.0,27,28,-2.0,50,46,8.0,64,74,-20.0,144,144,0.0,288,273,30.0,10.0,32.0,50.0,30.0
AnteriorInfarction_010,V1,1,AnteriorInfarction,-607,rS,1,0.0087,0,636,1,248,500,,,,,,,,,,1,2,-2.0,,,,4,4,0.0,21,22,-2.0,49,46,6.0,57,47,20.0,151,151,0.0,281,269,24.0,8.0,26.0,4.0,24.0
AnteriorInfarction_010,V5,1,AnteriorInfarction,-607,qR,1,0.0005,0,636,1,248,500,,,,,,,,,,1,2,-2.0,7,7,0.0,24,24,0.0,,,,49,46,6.0,63,98,-70.0,148,148,0.0,233,251,-36.0,8.0,-34.0,34.0,-36.0
AnteriorIschemia_001,V3,1,AnteriorIschemia,-613,qR,1,0.0133,0,638,1,242,500,,,,,,,,,,2,2,0.0,8,8,0.0,24,25,-2.0,,,,43,55,-24.0,57,72,-30.0,112,112,0.0,176,167,18.0,-24.0,18.0,48.0,18.0
AnteriorIschemia_001,I,1,AnteriorIschemia,-613,RS,1,0.0075,0,638,1,242,500,,,,,,,,,,2,2,0.0,,12,,7,23,-32.0,12,,,44,55,-22.0,55,55,0.0,164,136,56.0,181,172,18.0,-22.0,18.0,18.0,-38.0
AnteriorIschemia_001,II,1,AnteriorIschemia,-613,R,1,0.0033,0,638,1,242,500,,,,,,,,,,2,2,0.0,,,,16,23,-14.0,,,,44,55,-22.0,56,64,-16.0,142,142,0.0,183,175,16.0,-22.0,16.0,32.0,16.0
AnteriorIschemia_001,III,1,AnteriorIschemia,-613,R,1,0.0097,0,638,1,242,500,,,,,,,,,,2,2,0.0,,,,5,22,-34.0,,62,,45,55,-20.0,54,86,-64.0,144,144,0.0,184,200,-32.0,-20.0,-32.0,32.0,-32.0
AnteriorIschemia_001,aVR,1,AnteriorIschemia,-613,QS,1,0.0045,0,638,1,242,500,,,,,,,,,,2,2,0.0,22,23,-2.0,,,,,,,43,55,-24.0,57,76,-38.0,141,141,0.0,180,172,16.0,-24.0,16.0,54.0,16.0
AnteriorIschemia_001,aVL,1,AnteriorIschemia,-613,qrS,1,0.0047,0,638,1,242,500,,,,,,,,,,2,2,0.0,4,14,-20.0,6,26,-40.0,14,34,-40.0,45,55,-20.0,55,98,-86.0,146,147,-2.0,180,178,4.0,-20.0,4.0,90.0,6.0
AnteriorIschemia_001,aVF,1,AnteriorIschemia,-613,R,1,0.0051,0,638,1,242,500,,,,,,,,,,2,2,0.0,,,,16,22,-12.0,,,,45,55,-20.0,57,68,-22.0,143,143,0.0,180,171,18.0,-20.0,18.0,40.0,18.0
AnteriorIschemia_001,V1,1,AnteriorIschemia,-613,rS,1,0.0079,0,638,1,242,500,,,,,,,,,,2,2,0.0,,,,7,7,0.0,20,19,2.0,43,55,-24.0,51,55,-8.0,135,135,0.0,182,171,22.0,-24.0,22.0,30.0,22.0
AnteriorIschemia_001,V2,1,AnteriorIschemia,-613,rS,1,0.0115,0,638,1,242,500,,,,,,,,,,2,2,0.0,,19,,4,,,19,,,43,55,-24.0,54,55,-2.0,129,129,0.0,181,168,26.0,-24.0,26.0,28.0,26.0
AnteriorIschemia_001,V4,1,AnteriorIschemia,-613,qR,1,0.009,0,638,1,242,500,,,,,,,,,,2,2,0.0,7,8,-2.0,23,23,0.0,,,,44,55,-22.0,57,63,-12.0,128,129,-2.0,177,168,18.0,-22.0,18.0,30.0,20.0
AnteriorIschemia_001,V5,1,AnteriorIschemia,-613,R,1,0.0042,0,638,1,242,500,,,,,,,,,,2,2,0.0,,7,,22,22,0.0,,,,44,55,-22.0,58,87,-58.0,145,146,-2.0,191,172,38.0,-22.0,38.0,96.0,40.0
AnteriorIschemia_001,V6,1,AnteriorIschemia,-613,R,1,0.0025,0,638,1,242,500,,,,,,,,,,2,2,0.0,,,,21,22,-2.0,,,,44,55,-22.0,57,109,-104.0,146,147,-2.0,196,190,12.0,-22.0,12.0,116.0,14.0
AnteriorIschemia_002,aVR,1,AnteriorIschemia,-604,QS,1,0.0,0,637,1,251,500,,,,,,,,,,2,2,0.0,32,32,0.0,,,,,,,53,55,-4.0,61,68,-14.0,144,144,0.0,207,194,26.0,-4.0,26.0,40.0,26.0
AnteriorIschemia_002,I,1,AnteriorIschemia,-604,R,1,0.0,0,637,1,251,500,,,,,,,,,,2,2,0.0,,,,8,33,-50.0,,,,54,55,-2.0,60,60,0.0,132,132,0.0,207,182,50.0,-2.0,50.0,50.0,50.0
AnteriorIschemia_002,II,1,AnteriorIschemia,-604,R,1,0.0,0,637,1,251,500,,,,,,,,,,2,2,0.0,,,,11,32,-42.0,,70,,55,55,0.0,57,97,-80.0,146,146,0.0,205,199,12.0,0.0,12.0,92.0,12.0
AnteriorIschemia_002,III,1,AnteriorIschemia,-604,Rs,1,0.0,0,637,1,251,500,,,,,,,,,,2,2,0.0,,,,11,12,-2.0,55,74,-38.0,55,55,0.0,57,120,-126.0,148,148,0.0,205,199,12.0,0.0,12.0,138.0,12.0
AnteriorIschemia_002,aVL,1,AnteriorIschemia,-604,QR,1,0.0,0,637,1,251,500,,,,,,,,,,2,2,0.0,12,12,0.0,34,35,-2.0,,,,54,55,-2.0,60,72,-24.0,151,100,102.0,206,186,40.0,-2.0,40.0,64.0,-62.0
AnteriorIschemia_002,aVF,1,AnteriorIschemia,-604,Rs,1,0.0,0,637,1,251,500,,,,,,,,,,2,2,0.0,,,,11,12,-2.0,54,72,-36.0,54,55,-2.0,66,109,-86.0,147,147,0.0,206,183,46.0,-2.0,46.0,132.0,46.0
AnteriorIschemia_002,V1,1,AnteriorIschemia,-604,rS,1,0.0,0,637,1,251,500,,,,,,,,,,2,2,0.0,,,,7,12,-10.0,32,32,0.0,54,55,-2.0,55,55,0.0,207,105,204.0,207,174,66.0,-2.0,66.0,66.0,-138.0
AnteriorIschemia_002,V2,1,AnteriorIschemia,-604,RS,1,0.0,0,637,1,251,500,,,,,,,,,,2,2,0.0,,,,11,12,-2.0,31,31,0.0,54,55,-2.0,59,55,8.0,208,126,164.0,208,178,60.0,-2.0,60.0,52.0,-104.0
AnteriorIschemia_002,V3,1,AnteriorIschemia,-604,RS,1,0.0,0,637,1,251,500,,,,,,,,,,2,2,0.0,,31,,12,42,-60.0,31,,,54,55,-2.0,68,64,8.0,206,109,194.0,206,179,54.0,-2.0,54.0,46.0,-140.0
AnteriorIschemia_002,V4,1,AnteriorIschemia,-604,R,1,0.0,0,637,1,251,500,,,,,,,,,,2,2,0.0,,,,16,41,-50.0,,,,54,55,-2.0,66,79,-26.0,164,109,110.0,205,187,36.0,-2.0,36.0,62.0,-74.0
AnteriorIschemia_002,V5,1,AnteriorIschemia,-604,qR,1,0.0,0,637,1,251,500,,,,,,,,,,2,2,0.0,9,9,0.0,31,31,0.0,,,,54,55,-2.0,67,101,-68.0,156,156,0.0,208,180,56.0,-2.0,56.0,124.0,56.0
AnteriorIschemia_002,V6,1,AnteriorIschemia,-604,qR,1,0.0,0,637,1,251,500,,,,,,,,,,2,2,0.0,8,8,0.0,26,26,0.0,,79,,54,55,-2.0,63,113,-100.0,153,153,0.0,210,182,56.0,-2.0,56.0,156.0,56.0
AnteriorIschemia_003,I,1,AnteriorIschemia,-607,R,1,0.0001,0,627,1,248,500,,,,,,,,,,2,2,0.0,,,,8,25,-34.0,,,,47,42,10.0,60,88,-56.0,143,143,0.0,181,171,20.0,10.0,20.0,76.0,20.0
AnteriorIschemia_003,III,1,AnteriorIschemia,-607,RS,1,0.0,0,627,1,248,500,,,,,,,,,,2,2,0.0,,,,10,19,-18.0,31,31,0.0,48,42,12.0,50,97,-94.0,143,144,-2.0,199,184,30.0,12.0,30.0,124.0,32.0
AnteriorIschemia_003,aVR,1,AnteriorIschemia,-607,QS,1,0.0,0,627,1,248,500,,,,,,,,,,2,2,0.0,25,25,0.0,,,,,,,46,42,8.0,59,72,-26.0,143,143,0.0,196,181,30.0,8.0,30.0,56.0,30.0
AnteriorIschemia_003,aVL,1,AnteriorIschemia,-607,qR,1,0.0,0,627,1,248,500,,,,,,,,,,2,2,0.0,10,10,0.0,31,31,0.0,,,,47,42,10.0,61,72,-22.0,143,144,-2.0,193,178,30.0,10.0,30.0,52.0,32.0
AnteriorIschemia_003,aVF,1,AnteriorIschemia,-607,Rs,1,0.0,0,627,1,248,500,,,,,,,,,,2,2,0.0,,,,10,22,-24.0,31,32,-2.0,47,42,10.0,63,93,-60.0,143,144,-2.0,196,181,30.0,10.0,30.0,90.0,32.0
AnteriorIschemia_003,V1,1,AnteriorIschemia,-607,Qr,1,0.0,0,627,1,248,500,,,,,,,,,,2,2,0.0,18,19,-2.0,34,34,0.0,,,,48,42,12.0,49,76,-54.0,115,115,0.0,198,170,56.0,12.0,56.0,110.0,56.0
AnteriorIschemia_003,V2,1,AnteriorIschemia,-607,QR,1,0.0001,0,627,1,248,500,,,,,,,,,,2,2,0.0,14,14,0.0,31,31,0.0,,,,47,42,10.0,53,87,-68.0,115,115,0.0,196,175,42.0,10.0,42.0,110.0,42.0
AnteriorIschemia_003,V3,1,AnteriorIschemia,-607,qR,1,0.0003,0,627,1,248,500,,,,,,,,,,2,2,0.0,9,9,0.0,28,28,0.0,,,,46,42,8.0,61,72,-22.0,112,112,0.0,194,174,40.0,8.0,40.0,62.0,40.0
AnteriorIschemia_003,V4,1,AnteriorIschemia,-607,qR,1,0.0002,0,627,1,248,500,,,,,,,,,,2,2,0.0,8,9,-2.0,27,27,0.0,,,,46,42,8.0,62,80,-36.0,114,114,0.0,192,175,34.0,8.0,34.0,70.0,34.0
AnteriorIschemia_003,V5,1,AnteriorIschemia,-607,qR,1,0.0,0,627,1,248,500,,,,,,,,,,2,2,0.0,6,6,0.0,25,24,2.0,,,,46,42,8.0,61,119,-116.0,152,153,-2.0,196,176,40.0,8.0,40.0,156.0,42.0
AnteriorIschemia_003,V6,1,AnteriorIschemia,-607,Rs,1,0.0,0,627,1,248,500,,,,,,,,,,2,2,0.0,,5,,20,24,-8.0,31,32,-2.0,46,42,8.0,61,72,-22.0,150,150,0.0,198,176,44.0,8.0,44.0,66.0,44.0
AnteriorIschemia_003,II,1,AnteriorIschemia,-607,R,1,0.0,0,627,1,248,500,,,,,,,,,,2,2,0.0,,,,10,22,-24.0,,65,,46,42,8.0,56,71,-30.0,143,143,0.0,194,225,-62.0,8.0,-62.0,-32.0,-62.0
AnteriorIschemia_004,I,1,AnteriorIschemia,-605,R,1,0.0002,0,637,1,250,500,,,,,,,,,,1,2,-2.0,,,,8,29,-42.0,,,,51,57,-12.0,61,57,8.0,136,137,-2.0,183,172,22.0,-10.0,24.0,14.0,24.0
AnteriorIschemia_004,II,1,AnteriorIschemia,-605,R,1,0.0,0,637,1,250,500,,,,,,,,,,1,2,-2.0,,,,19,27,-16.0,,,,53,57,-8.0,60,64,-8.0,143,143,0.0,187,181,12.0,-6.0,14.0,20.0,12.0
AnteriorIschemia_004,III,1,AnteriorIschemia,-605,Rs,1,0.0007,0,637,1,250,500,,,,,,,,,,1,2,-2.0,,,,5,18,-26.0,54,70,-32.0,54,57,-6.0,61,117,-112.0,149,149,0.0,188,202,-28.0,-4.0,-26.0,84.0,-28.0
AnteriorIschemia_004,aVR,1,AnteriorIschemia,-605,QS,1,0.0001,0,637,1,250,500,,,,,,,,,,1,2,-2.0,29,27,4.0,,,,,,,51,57,-12.0,62,64,-4.0,141,141,0.0,185,172,26.0,-10.0,28.0,30.0,26.0
AnteriorIschemia_004,aVL,1,AnteriorIschemia,-605,QRS,1,0.0005,0,637,1,250,500,,,,,,,,,,1,2,-2.0,5,17,-24.0,8,30,-44.0,17,,,53,57,-8.0,61,57,8.0,156,104,104.0,183,181,4.0,-6.0,6.0,-4.0,-100.0
AnteriorIschemia_004,aVF,1,AnteriorIschemia,-605,R,1,0.0002,0,637,1,250,500,,,,,,,,,,1,2,-2.0,,,,6,19,-26.0,,70,,56,57,-2.0,63,98,-70.0,145,146,-2.0,186,178,16.0,0.0,18.0,86.0,18.0
AnteriorIschemia_004,V1,1,AnteriorIschemia,-605,rS,1,0.0003,0,637,1,250,500,,,,,,,,,,1,2,-2.0,,,,5,6,-2.0,22,22,0.0,52,57,-10.0,53,58,-10.0,121,121,0.0,182,189,-14.0,-8.0,-12.0,-4.0,-14.0
AnteriorIschemia_004,V2,1,AnteriorIschemia,-605,rS,1,0.0005,0,637,1,250,500,,,,,,,,,,1,2,-2.0,,,,5,12,-14.0,25,25,0.0,53,57,-8.0,55,64,-18.0,102,102,0.0,183,176,14.0,-6.0,16.0,32.0,14.0
AnteriorIschemia_004,V3,1,AnteriorIschemia,-605,QR,1,0.0009,0,637,1,250,500,,,,,,,,,,1,2,-2.0,9,10,-2.0,20,31,-22.0,,,,51,57,-12.0,64,64,0.0,151,101,100.0,182,182,0.0,-10.0,2.0,0.0,-100.0
AnteriorIschemia_004,V4,1,AnteriorIschemia,-605,R,1,0.0003,0,637,1,250,500,,,,,,,,,,1,2,-2.0,,9,,30,30,0.0,,,,52,57,-10.0,63,57,12.0,182,144,76.0,182,176,12.0,-8.0,14.0,0.0,-64.0
AnteriorIschemia_004,V5,1,AnteriorIschemia,-605,R,1,0.0001,0,637,1,250,500,,,,,,,,,,1,2,-2.0,,7,,26,26,0.0,,,,51,57,-12.0,63,94,-62.0,147,147,0.0,184,175,18.0,-10.0,20.0,80.0,18.0
AnteriorIschemia_004,V6,1,AnteriorIschemia,-605,Rs,1,0.0001,0,637,1,250,500,,,,,,,,,,1,2,-2.0,,4,,20,20,0.0,30,31,-2.0,51,57,-12.0,62,98,-72.0,145,145,0.0,183,175,16.0,-10.0,18.0,88.0,16.0
AnteriorIschemia_005,aVR,1,AnteriorIschemia,-608,QS,1,0.0187,0,643,1,247,500,,,,,,,,,,2,4,-4.0,23,24,-2.0,,,,,,,45,51,-12.0,57,51,12.0,141,141,0.0,204,176,56.0,-8.0,60.0,44.0,56.0
AnteriorIschemia_005,I,1,AnteriorIschemia,-608,R,1,0.038,0,643,1,247,500,,,,,,,,,,2,4,-4.0,,,,9,24,-30.0,,,,45,51,-12.0,56,51,10.0,136,136,0.0,203,169,68.0,-8.0,72.0,58.0,68.0
AnteriorIschemia_005,II,1,AnteriorIschemia,-608,R,1,0.0115,0,643,1,247,500,,,,,,,,,,2,4,-4.0,,,,16,24,-16.0,,,,45,51,-12.0,57,70,-26.0,143,143,0.0,205,177,56.0,-8.0,60.0,82.0,56.0
AnteriorIschemia_005,III,1,AnteriorIschemia,-608,R,1,0.0357,0,643,1,247,500,,,,,,,,,,2,4,-4.0,,,,6,23,-34.0,,67,,45,51,-12.0,56,102,-92.0,147,147,0.0,207,175,64.0,-8.0,68.0,156.0,64.0
AnteriorIschemia_005,aVL,1,AnteriorIschemia,-608,qrS,1,0.0316,0,643,1,247,500,,,,,,,,,,2,4,-4.0,5,6,-2.0,8,8,0.0,17,17,0.0,45,51,-12.0,56,51,10.0,152,152,0.0,205,174,62.0,-8.0,66.0,52.0,62.0
AnteriorIschemia_005,aVF,1,AnteriorIschemia,-608,R,1,0.0197,0,643,1,247,500,,,,,,,,,,2,4,-4.0,,,,16,23,-14.0,,,,45,51,-12.0,58,68,-20.0,145,145,0.0,204,176,56.0,-8.0,60.0,76.0,56.0
AnteriorIschemia_005,V1,1,AnteriorIschemia,-608,rS,1,0.0372,0,643,1,247,500,,,,,,,,,,2,4,-4.0,,22,,4,33,-58.0,22,,,45,51,-12.0,54,58,-8.0,103,104,-2.0,205,167,76.0,-8.0,80.0,84.0,78.0
AnteriorIschemia_005,V2,1,AnteriorIschemia,-608,QR,1,0.0343,0,643,1,247,500,,,,,,,,,,2,4,-4.0,21,21,0.0,31,32,-2.0,,,,45,51,-12.0,55,51,8.0,102,103,-2.0,205,176,58.0,-8.0,62.0,50.0,60.0
AnteriorIschemia_005,V3,1,AnteriorIschemia,-608,QR,1,0.0295,0,643,1,247,500,,,,,,,,,,2,4,-4.0,8,8,0.0,16,27,-22.0,,,,45,51,-12.0,58,57,2.0,203,103,200.0,203,173,60.0,-8.0,64.0,58.0,-140.0
AnteriorIschemia_005,V5,1,AnteriorIschemia,-608,qR,1,0.0278,0,643,1,247,500,,,,,,,,,,2,4,-4.0,6,7,-2.0,24,24,0.0,,,,45,51,-12.0,58,51,14.0,146,146,0.0,208,175,66.0,-8.0,70.0,52.0,66.0
AnteriorIschemia_005,V6,1,AnteriorIschemia,-608,R,1,0.015,0,643,1,247,500,,,,,,,,,,2,4,-4.0,,,,22,22,0.0,,33,,45,51,-12.0,57,100,-86.0,145,145,0.0,210,174,72.0,-8.0,76.0,158.0,72.0
AnteriorIschemia_005,V4,1,AnteriorIschemia,-608,qR,1,0.0332,0,643,1,247,500,,,,,,,,,,2,4,-4.0,8,8,0.0,27,28,-2.0,,,,45,51,-12.0,58,58,0.0,204,105,198.0,204,181,46.0,-8.0,50.0,46.0,-152.0
AnteriorIschemia_006,aVR,1,AnteriorIschemia,-612,QS,1,0.002,0,628,1,243,500,,,,,,,,,,1,2,-2.0,24,24,0.0,,,,,,,45,59,-28.0,59,64,-10.0,139,139,0.0,195,175,40.0,-26.0,42.0,50.0,40.0
AnteriorIschemia_006,I,1,AnteriorIschemia,-612,R,1,0.0043,0,628,1,243,500,,,,,,,,,,1,2,-2.0,,,,8,24,-32.0,,,,45,59,-28.0,57,59,-4.0,135,135,0.0,189,167,44.0,-26.0,46.0,48.0,44.0
AnteriorIschemia_006,II,1,AnteriorIschemia,-612,R,1,0.0016,0,628,1,243,500,,,,,,,,,,1,2,-2.0,,,,10,25,-30.0,,,,45,59,-28.0,57,68,-22.0,141,141,0.0,195,176,38.0,-26.0,40.0,60.0,38.0
AnteriorIschemia_006,III,1,AnteriorIschemia,-612,Rs,1,0.0032,0,628,1,243,500,,,,,,,,,,1,2,-2.0,,,,10,10,0.0,21,68,-94.0,45,59,-28.0,57,111,-108.0,144,144,0.0,192,202,-20.0,-26.0,-18.0,88.0,-20.0
AnteriorIschemia_006,aVL,1,AnteriorIschemia,-612,qRs,1,0.0022,0,628,1,243,500,,,,,,,,,,1,2,-2.0,10,10,0.0,23,23,0.0,34,33,2.0,45,59,-28.0,58,59,-2.0,164,103,122.0,181,200,-38.0,-26.0,-36.0,-36.0,-160.0
AnteriorIschemia_006,aVF,1,AnteriorIschemia,-612,R,1,0.002,0,628,1,243,500,,,,,,,,,,1,2,-2.0,,,,10,25,-30.0,,67,,45,59,-28.0,61,91,-60.0,142,142,0.0,186,182,8.0,-26.0,10.0,68.0,8.0
AnteriorIschemia_006,V1,1,AnteriorIschemia,-612,rS,1,0.003,0,628,1,243,500,,,,,,,,,,1,2,-2.0,,,,9,9,0.0,23,23,0.0,45,59,-28.0,52,60,-16.0,124,125,-2.0,191,168,46.0,-26.0,48.0,62.0,48.0
AnteriorIschemia_006,V2,1,AnteriorIschemia,-612,rS,1,0.0047,0,628,1,243,500,,,,,,,,,,1,2,-2.0,,,,10,10,0.0,22,22,0.0,45,59,-28.0,57,64,-14.0,132,132,0.0,186,171,30.0,-26.0,32.0,44.0,30.0
AnteriorIschemia_006,V3,1,AnteriorIschemia,-612,RS,1,0.0066,0,628,1,243,500,,,,,,,,,,1,2,-2.0,,20,,11,30,-38.0,20,,,45,59,-28.0,61,59,4.0,112,113,-2.0,187,168,38.0,-26.0,40.0,34.0,40.0
AnteriorIschemia_006,V4,1,AnteriorIschemia,-612,RS,1,0.0043,0,628,1,243,500,,,,,,,,,,1,2,-2.0,,19,,11,28,-34.0,19,,,46,59,-26.0,60,64,-8.0,112,112,0.0,187,176,22.0,-24.0,24.0,30.0,22.0
AnteriorIschemia_006,V5,1,AnteriorIschemia,-612,R,1,0.0022,0,628,1,243,500,,,,,,,,,,1,2,-2.0,,6,,25,25,0.0,,,,45,59,-28.0,60,79,-38.0,117,117,0.0,199,172,54.0,-26.0,56.0,92.0,54.0
AnteriorIschemia_006,V6,1,AnteriorIschemia,-612,R,1,0.0011,0,628,1,243,500,,,,,,,,,,1,2,-2.0,,5,,22,22,0.0,,,,45,59,-28.0,58,111,-106.0,147,148,-2.0,202,177,50.0,-26.0,52.0,156.0,52.0
AnteriorIschemia_007,V2,1,AnteriorIschemia,-610,qR,1,0.0,0,638,1,245,500,,,,,,,,,,2,3,-2.0,9,9,0.0,26,26,0.0,,,,43,54,-22.0,49,62,-26.0,189,108,162.0,189,168,42.0,-20.0,44.0,68.0,-120.0
AnteriorIschemia_007,I,1,AnteriorIschemia,-610,rS,1,0.0001,0,638,1,245,500,,,,,,,,,,2,3,-2.0,,11,,7,23,-32.0,11,,,44,54,-20.0,55,62,-14.0,183,144,78.0,183,168,30.0,-18.0,32.0,44.0,-48.0
AnteriorIschemia_007,II,1,AnteriorIschemia,-610,R,1,0.0,0,638,1,245,500,,,,,,,,,,2,3,-2.0,,,,20,21,-2.0,,,,43,54,-22.0,53,96,-86.0,142,143,-2.0,186,173,26.0,-20.0,28.0,112.0,28.0
AnteriorIschemia_007,III,1,AnteriorIschemia,-610,R,1,0.0002,0,638,1,245,500,,,,,,,,,,2,3,-2.0,,,,12,14,-4.0,,66,,43,54,-22.0,49,105,-112.0,142,142,0.0,191,175,32.0,-20.0,34.0,144.0,32.0
AnteriorIschemia_007,aVR,1,AnteriorIschemia,-610,QS,1,0.0,0,638,1,245,500,,,,,,,,,,2,3,-2.0,22,23,-2.0,,,,,,,43,54,-22.0,55,83,-56.0,142,143,-2.0,187,172,30.0,-20.0,32.0,86.0,32.0
AnteriorIschemia_007,aVL,1,AnteriorIschemia,-610,QR,1,0.0001,0,638,1,245,500,,,,,,,,,,2,3,-2.0,11,11,0.0,22,23,-2.0,,,,44,54,-20.0,55,112,-114.0,142,142,0.0,188,172,32.0,-18.0,34.0,146.0,32.0
AnteriorIschemia_007,aVF,1,AnteriorIschemia,-610,R,1,0.0,0,638,1,245,500,,,,,,,,,,2,3,-2.0,,,,17,17,0.0,,70,,43,54,-22.0,58,99,-82.0,142,142,0.0,185,177,16.0,-20.0,18.0,98.0,16.0
AnteriorIschemia_007,V1,1,AnteriorIschemia,-610,rS,1,0.0,0,638,1,245,500,,,,,,,,,,2,3,-2.0,,20,,4,31,-54.0,20,,,44,54,-20.0,46,55,-18.0,111,111,0.0,190,175,30.0,-18.0,32.0,48.0,30.0
AnteriorIschemia_007,V3,1,AnteriorIschemia,-610,qR,1,0.0001,0,638,1,245,500,,,,,,,,,,2,3,-2.0,9,9,0.0,26,26,0.0,,,,43,54,-22.0,57,71,-28.0,188,109,158.0,188,168,40.0,-20.0,42.0,68.0,-118.0
AnteriorIschemia_007,V4,1,AnteriorIschemia,-610,qR,1,0.0001,0,638,1,245,500,,,,,,,,,,2,3,-2.0,8,9,-2.0,24,24,0.0,,,,43,54,-22.0,56,75,-38.0,186,112,148.0,186,168,36.0,-20.0,38.0,74.0,-112.0
AnteriorIschemia_007,V5,1,AnteriorIschemia,-610,qR,1,0.0,0,638,1,245,500,,,,,,,,,,2,3,-2.0,6,7,-2.0,21,21,0.0,,,,43,54,-22.0,57,101,-88.0,146,146,0.0,189,172,34.0,-20.0,36.0,122.0,34.0
AnteriorIschemia_007,V6,1,AnteriorIschemia,-610,R,1,0.0,0,638,1,245,500,,,,,,,,,,2,3,-2.0,,6,,21,21,0.0,,93,,43,54,-22.0,56,115,-118.0,146,147,-2.0,189,171,36.0,-20.0,38.0,154.0,38.0
AnteriorIschemia_008,aVR,1,AnteriorIschemia,-610,QS,1,0.0023,0,636,1,245,500,,,,,,,,,,1,2,-2.0,24,25,-2.0,,,,,,,47,58,-22.0,60,64,-8.0,140,140,0.0,198,172,52.0,-20.0,54.0,60.0,52.0
AnteriorIschemia_008,II,1,AnteriorIschemia,-610,R,1,0.0021,0,636,1,245,500,,,,,,,,,,1,2,-2.0,,,,24,24,0.0,,,,47,58,-22.0,60,64,-8.0,144,144,0.0,200,175,50.0,-20.0,52.0,58.0,50.0
AnteriorIschemia_008,III,1,AnteriorIschemia,-610,Rs,1,0.0095,0,636,1,245,500,,,,,,,,,,1,2,-2.0,,,,18,18,0.0,29,28,2.0,48,58,-20.0,60,101,-82.0,149,150,-2.0,202,176,52.0,-18.0,54.0,134.0,54.0
AnteriorIschemia_008,I,1,AnteriorIschemia,-610,R,1,0.0051,0,636,1,245,500,,,,,,,,,,1,2,-2.0,,,,25,25,0.0,,,,48,58,-20.0,59,62,-6.0,132,132,0.0,196,170,52.0,-18.0,54.0,58.0,52.0
AnteriorIschemia_008,aVL,1,AnteriorIschemia,-610,qR,1,0.004,0,636,1,245,500,,,,,,,,,,1,2,-2.0,17,17,0.0,27,27,0.0,,,,48,58,-20.0,59,66,-14.0,155,104,102.0,191,173,36.0,-18.0,38.0,50.0,-66.0
AnteriorIschemia_008,aVF,1,AnteriorIschemia,-610,R,1,0.0041,0,636,1,245,500,,,,,,,,,,1,2,-2.0,,,,19,24,-10.0,,,,48,58,-20.0,61,102,-82.0,146,147,-2.0,197,178,38.0,-18.0,40.0,120.0,40.0
AnteriorIschemia_008,V1,1,AnteriorIschemia,-610,rS,1,0.006,0,636,1,245,500,,,,,,,,,,1,2,-2.0,,,,7,8,-2.0,23,24,-2.0,47,58,-22.0,57,59,-4.0,135,136,-2.0,198,178,40.0,-20.0,42.0,44.0,42.0
AnteriorIschemia_008,V2,1,AnteriorIschemia,-610,rS,1,0.0102,0,636,1,245,500,,,,,,,,,,1,2,-2.0,,,,6,7,-2.0,23,24,-2.0,47,58,-22.0,59,60,-2.0,129,129,0.0,197,181,32.0,-20.0,34.0,34.0,32.0
AnteriorIschemia_008,V3,1,AnteriorIschemia,-610,qR,1,0.011,0,636,1,245,500,,,,,,,,,,2,2,0.0,13,12,2.0,26,26,0.0,,,,47,58,-22.0,62,66,-8.0,109,109,0.0,197,176,42.0,-22.0,42.0,50.0,42.0
AnteriorIschemia_008,V4,1,AnteriorIschemia,-610,qR,1,0.0068,0,636,1,245,500,,,,,,,,,,2,2,0.0,10,10,0.0,25,25,0.0,,,,48,58,-20.0,61,66,-10.0,110,111,-2.0,194,180,28.0,-20.0,28.0,38.0,30.0
AnteriorIschemia_008,V5,1,AnteriorIschemia,-610,qR,1,0.0019,0,636,1,245,500,,,,,,,,,,1,2,-2.0,7,8,-2.0,24,25,-2.0,,,,47,58,-22.0,61,66,-10.0,146,146,0.0,201,176,50.0,-20.0,52.0,60.0,50.0
AnteriorIschemia_008,V6,1,AnteriorIschemia,-610,qR,1,0.0011,0,636,1,245,500,,,,,,,,,,1,2,-2.0,7,7,0.0,23,23,0.0,,,,47,58,-22.0,60,91,-62.0,147,147,0.0,203,171,64.0,-20.0,66.0,126.0,64.0
AnteriorIschemia_009,V3,1,AnteriorIschemia,-612,rS,1,0.0028,0,639,1,243,500,,,,,,,,,,1,2,-2.0,,21,,5,31,-52.0,21,,,46,55,-18.0,61,59,4.0,112,112,0.0,189,169,40.0,-16.0,42.0,36.0,40.0
AnteriorIschemia_009,I,1,AnteriorIschemia,-612,R,1,0.0027,0,639,1,243,500,,,,,,,,,,1,2,-2.0,,,,25,26,-2.0,,,,46,55,-18.0,57,55,4.0,128,129,-2.0,184,169,30.0,-16.0,32.0,26.0,32.0
AnteriorIschemia_009,II,1,AnteriorIschemia,-612,R,1,0.0013,0,639,1,243,500,,,,,,,,,,1,2,-2.0,,,,25,25,0.0,,,,47,55,-16.0,58,75,-34.0,143,143,0.0,188,169,38.0,-14.0,40.0,72.0,38.0
AnteriorIschemia_009,III,1,AnteriorIschemia,-612,rS,1,0.005,0,639,1,243,500,,,,,,,,,,1,2,-2.0,,,,5,6,-2.0,27,27,0.0,47,55,-16.0,59,64,-10.0,147,103,88.0,194,169,50.0,-14.0,52.0,60.0,-38.0
AnteriorIschemia_009,aVR,1,AnteriorIschemia,-612,QS,1,0.0013,0,639,1,243,500,,,,,,,,,,1,2,-2.0,25,25,0.0,,,,,,,46,55,-18.0,59,64,-10.0,141,141,0.0,189,169,40.0,-16.0,42.0,50.0,40.0
AnteriorIschemia_009,aVL,1,AnteriorIschemia,-612,R,1,0.0034,0,639,1,243,500,,,,,,,,,,1,2,-2.0,,6,,12,27,-30.0,,,,47,55,-16.0,58,55,6.0,178,110,136.0,178,169,18.0,-14.0,20.0,12.0,-118.0
AnteriorIschemia_009,V4,1,AnteriorIschemia,-612,RS,1,0.0022,0,639,1,243,500,,,,,,,,,,1,2,-2.0,,20,,8,27,-38.0,20,,,47,55,-16.0,60,64,-8.0,129,130,-2.0,195,175,40.0,-14.0,42.0,48.0,42.0
AnteriorIschemia_009,V5,1,AnteriorIschemia,-612,R,1,0.0006,0,639,1,243,500,,,,,,,,,,1,2,-2.0,,,,26,26,0.0,,,,46,55,-18.0,60,70,-20.0,144,144,0.0,196,169,54.0,-16.0,56.0,74.0,54.0
AnteriorIschemia_009,V6,1,AnteriorIschemia,-612,R,1,0.0004,0,639,1,243,500,,,,,,,,,,1,2,-2.0,,,,22,22,0.0,,,,47,55,-16.0,59,93,-68.0,146,147,-2.0,196,169,54.0,-14.0,56.0,122.0,56.0
AnteriorIschemia_009,aVF,1,AnteriorIschemia,-612,RS,1,0.0019,0,639,1,243,500,,,,,,,,,,1,2,-2.0,,,,10,18,-16.0,28,29,-2.0,47,55,-16.0,61,64,-6.0,145,145,0.0,181,169,24.0,-14.0,26.0,30.0,24.0
AnteriorIschemia_009,V1,1,AnteriorIschemia,-612,rS,1,0.0038,0,639,1,243,500,,,,,,,,,,1,2,-2.0,,23,,4,,,23,,,46,55,-18.0,56,64,-16.0,97,98,-2.0,187,169,36.0,-16.0,38.0,52.0,38.0
AnteriorIschemia_009,V2,1,AnteriorIschemia,-612,rS,1,0.0029,0,639,1,243,500,,,,,,,,,,1,2,-2.0,,,,5,5,0.0,21,22,-2.0,46,55,-18.0,58,64,-12.0,110,110,0.0,188,169,38.0,-16.0,40.0,50.0,38.0
AnteriorIschemia_010,aVR,1,AnteriorIschemia,-607,QS,1,0.0018,0,637,1,248,500,,,,,,,,,,2,2,0.0,27,27,0.0,,,,,,,50,38,24.0,58,64,-12.0,141,141,0.0,185,174,22.0,24.0,22.0,34.0,22.0
AnteriorIschemia_010,I,1,AnteriorIschemia,-607,R,1,0.0046,0,637,1,248,500,,,,,,,,,,2,2,0.0,,,,9,30,-42.0,,,,50,38,24.0,57,53,8.0,134,134,0.0,192,174,36.0,24.0,36.0,28.0,36.0
AnteriorIschemia_010,II,1,AnteriorIschemia,-607,R,1,0.001,0,637,1,248,500,,,,,,,,,,2,2,0.0,,,,8,27,-38.0,,,,50,38,24.0,56,70,-28.0,144,145,-2.0,193,174,38.0,24.0,38.0,66.0,40.0
AnteriorIschemia_010,III,1,AnteriorIschemia,-607,RS,1,0.0065,0,637,1,248,500,,,,,,,,,,2,2,0.0,,,,6,27,-42.0,33,34,-2.0,50,38,24.0,55,98,-86.0,150,150,0.0,197,174,46.0,24.0,46.0,132.0,46.0
AnteriorIschemia_010,aVL,1,AnteriorIschemia,-607,qRS,1,0.0026,0,637,1,248,500,,,,,,,,,,2,2,0.0,5,18,-26.0,10,31,-42.0,18,,,50,38,24.0,60,82,-44.0,155,104,102.0,192,174,36.0,24.0,36.0,80.0,-66.0
AnteriorIschemia_010,aVF,1,AnteriorIschemia,-607,Rs,1,0.0017,0,637,1,248,500,,,,,,,,,,2,2,0.0,,,,7,27,-40.0,50,,,50,38,24.0,62,68,-12.0,147,147,0.0,188,182,12.0,24.0,12.0,24.0,12.0
AnteriorIschemia_010,V1,1,AnteriorIschemia,-607,rS,1,0.0031,0,637,1,248,500,,,,,,,,,,2,2,0.0,,21,,4,,,21,,,50,38,24.0,51,49,4.0,146,146,0.0,186,174,24.0,24.0,24.0,20.0,24.0
AnteriorIschemia_010,V2,1,AnteriorIschemia,-607,Qr,1,0.006,0,637,1,248,500,,,,,,,,,,2,2,0.0,21,21,0.0,49,,,,,,49,38,22.0,54,64,-20.0,109,110,-2.0,188,174,28.0,22.0,28.0,48.0,30.0
AnteriorIschemia_010,V3,1,AnteriorIschemia,-607,QR,1,0.0077,0,637,1,248,500,,,,,,,,,,2,2,0.0,18,19,-2.0,30,31,-2.0,,,,49,38,22.0,63,64,-2.0,107,107,0.0,185,174,22.0,22.0,22.0,24.0,22.0
AnteriorIschemia_010,V6,1,AnteriorIschemia,-607,Rs,1,0.0014,0,637,1,248,500,,,,,,,,,,2,2,0.0,,,,20,20,0.0,29,29,0.0,50,38,24.0,59,95,-72.0,145,145,0.0,187,174,26.0,24.0,26.0,98.0,26.0
AnteriorIschemia_010,V4,1,AnteriorIschemia,-607,qR,1,0.0044,0,637,1,248,500,,,,,,,,,,2,2,0.0,10,11,-2.0,29,29,0.0,,,,50,38,24.0,62,64,-4.0,145,145,0.0,183,174,18.0,24.0,18.0,22.0,18.0
AnteriorIschemia_010,V5,1,AnteriorIschemia,-607,qR,1,0.0026,0,637,1,248,500,,,,,,,,,,2,2,0.0,7,7,0.0,24,24,0.0,,,,50,38,24.0,62,64,-4.0,147,148,-2.0,185,174,22.0,24.0,22.0,26.0,24.0
Healthy_001,V1,1,Healthy,-614,rS,1,0.0124,0,638,1,241,500,,,,,,,,,,2,2,0.0,,,,6,7,-2.0,19,19,0.0,44,44,0.0,51,50,2.0,138,138,0.0,174,166,16.0,0.0,16.0,14.0,16.0
Healthy_001,I,1,Healthy,-614,R,1,0.0099,0,638,1,241,500,,,,,,,,,,2,2,0.0,,,,9,14,-10.0,,28,,44,44,0.0,56,94,-76.0,145,145,0.0,173,166,14.0,0.0,14.0,90.0,14.0
Healthy_001,II,1,Healthy,-614,R,1,0.0036,0,638,1,241,500,,,,,,,,,,2,2,0.0,,,,22,22,0.0,,,,44,44,0.0,56,69,-26.0,143,144,-2.0,175,176,-2.0,0.0,-2.0,24.0,0.0
Healthy_001,III,1,Healthy,-614,R,1,0.0087,0,638,1,241,500,,,,,,,,,,2,2,0.0,,,,11,22,-22.0,,,,45,44,2.0,57,69,-24.0,141,141,0.0,174,181,-14.0,2.0,-14.0,10.0,-14.0
Healthy_001,aVR,1,Healthy,-614,QS,1,0.0049,0,638,1,241,500,,,,,,,,,,2,2,0.0,22,22,0.0,,,,,,,44,44,0.0,57,69,-24.0,144,144,0.0,174,175,-2.0,0.0,-2.0,22.0,-2.0
Healthy_001,aVL,1,Healthy,-614,qrS,1,0.0073,0,638,1,241,500,,,,,,,,,,2,2,0.0,4,11,-14.0,7,14,-14.0,23,23,0.0,45,44,2.0,57,69,-24.0,134,135,-2.0,173,182,-18.0,2.0,-18.0,6.0,-16.0
Healthy_001,aVF,1,Healthy,-614,R,1,0.0046,0,638,1,241,500,,,,,,,,,,2,2,0.0,,,,11,22,-22.0,,,,45,44,2.0,58,69,-22.0,143,143,0.0,174,185,-22.0,2.0,-22.0,0.0,-22.0
Healthy_001,V2,1,Healthy,-614,rS,1,0.0182,0,638,1,241,500,,,,,,,,,,2,2,0.0,,22,,4,,,22,,,44,44,0.0,53,52,2.0,137,138,-2.0,174,166,16.0,0.0,16.0,14.0,18.0
Healthy_001,V3,1,Healthy,-614,QR,1,0.0157,0,638,1,241,500,,,,,,,,,,2,2,0.0,9,9,0.0,20,20,0.0,,,,44,44,0.0,57,60,-6.0,137,137,0.0,173,166,14.0,0.0,14.0,20.0,14.0
Healthy_001,V5,1,Healthy,-614,qR,1,0.0044,0,638,1,241,500,,,,,,,,,,2,2,0.0,6,,,22,22,0.0,,,,44,44,0.0,58,101,-86.0,149,149,0.0,175,166,18.0,0.0,18.0,104.0,18.0
Healthy_001,V6,1,Healthy,-614,qR,1,0.0033,0,638,1,241,500,,,,,,,,,,2,2,0.0,5,,,21,22,-2.0,,,,44,44,0.0,57,69,-24.0,149,149,0.0,174,171,6.0,0.0,6.0,30.0,6.0
Healthy_001,V4,1,Healthy,-614,qR,1,0.0124,0,638,1,241,500,,,,,,,,,,2,2,0.0,8,8,0.0,21,22,-2.0,,,,44,44,0.0,58,69,-22.0,138,138,0.0,174,166,16.0,0.0,16.0,38.0,16.0
Healthy_002,V2,1,Healthy,-608,rS,1,0.067,0,640,1,247,500,,,,,,,,,,2,2,0.0,,,,6,6,0.0,24,24,0.0,52,64,-24.0,63,72,-18.0,141,141,0.0,183,173,20.0,-24.0,20.0,38.0,20.0
Healthy_002,I,1,Healthy,-608,R,1,0.0561,0,640,1,247,500,,,,,,,,,,2,2,0.0,,,,16,16,0.0,,,,52,64,-24.0,64,72,-16.0,148,148,0.0,183,185,-4.0,-24.0,-4.0,12.0,-4.0
Healthy_002,II,1,Healthy,-608,R,1,0.0349,0,640,1,247,500,,,,,,,,,,1,2,-2.0,,,,10,27,-34.0,,,,52,64,-24.0,64,72,-16.0,147,148,-2.0,184,187,-6.0,-22.0,-4.0,10.0,-4.0
Healthy_002,III,1,Healthy,-608,RS,1,0.059,0,640,1,247,500,,,,,,,,,,2,2,0.0,,16,,10,27,-34.0,16,,,52,64,-24.0,62,72,-20.0,158,158,0.0,183,187,-8.0,-24.0,-8.0,12.0,-8.0
Healthy_002,aVR,1,Healthy,-608,QS,1,0.0381,0,640,1,247,500,,,,,,,,,,2,2,0.0,28,28,0.0,,,,,,,52,64,-24.0,65,72,-14.0,148,148,0.0,183,193,-20.0,-24.0,-20.0,-6.0,-20.0
Healthy_002,aVL,1,Healthy,-608,qRs,1,0.0347,0,640,1,247,500,,,,,,,,,,1,2,-2.0,9,9,0.0,16,16,0.0,37,38,-2.0,53,64,-22.0,64,72,-16.0,148,148,0.0,183,187,-8.0,-20.0,-6.0,8.0,-8.0
Healthy_002,aVF,1,Healthy,-608,Rs,1,0.0418,0,640,1,247,500,,,,,,,,,,2,2,0.0,,16,,10,27,-34.0,16,,,53,64,-22.0,66,72,-12.0,145,146,-2.0,183,193,-20.0,-22.0,-20.0,-8.0,-18.0
Healthy_002,V1,1,Healthy,-608,rS,1,0.047,0,640,1,247,500,,,,,,,,,,2,2,0.0,,,,6,6,0.0,25,25,0.0,52,64,-24.0,61,66,-10.0,140,140,0.0,183,181,4.0,-24.0,4.0,14.0,4.0
Healthy_002,V3,1,Healthy,-608,rS,1,0.0659,0,640,1,247,500,,,,,,,,,,2,2,0.0,,20,,5,,,20,,,52,64,-24.0,66,66,0.0,140,141,-2.0,182,179,6.0,-24.0,6.0,6.0,8.0
Healthy_002,V4,1,Healthy,-608,QR,1,0.0644,0,640,1,247,500,,,,,,,,,,2,2,0.0,17,17,0.0,29,42,-26.0,,,,53,64,-22.0,66,72,-12.0,140,140,0.0,183,193,-20.0,-22.0,-20.0,-8.0,-20.0
Healthy_002,V6,1,Healthy,-608,qR,1,0.045,0,640,1,247,500,,,,,,,,,,2,2,0.0,7,8,-2.0,26,26,0.0,,,,53,64,-22.0,66,126,-120.0,156,156,0.0,183,176,14.0,-22.0,14.0,134.0,14.0
Healthy_002,V5,1,Healthy,-608,qR,1,0.0558,0,640,1,247,500,,,,,,,,,,2,2,0.0,9,9,0.0,28,28,0.0,,,,53,64,-22.0,67,72,-10.0,157,157,0.0,183,173,20.0,-22.0,20.0,30.0,20.0
Healthy_003,aVF,1,Healthy,-614,R,1,0.0,0,628,1,241,500,,,,,,,,,,2,2,0.0,,,,9,21,-24.0,,,,49,47,4.0,65,73,-16.0,142,142,0.0,175,182,-14.0,4.0,-14.0,2.0,-14.0
Healthy_003,I,1,Healthy,-614,R,1,0.0,0,628,1,241,500,,,,,,,,,,2,2,0.0,,,,7,24,-34.0,,,,48,47,2.0,66,73,-14.0,148,148,0.0,174,175,-2.0,2.0,-2.0,12.0,-2.0
Healthy_003,II,1,Healthy,-614,R,1,0.0,0,628,1,241,500,,,,,,,,,,2,2,0.0,,,,9,21,-24.0,,,,49,47,4.0,64,73,-18.0,144,144,0.0,176,178,-4.0,4.0,-4.0,14.0,-4.0
Healthy_003,III,1,Healthy,-614,R,1,0.0001,0,628,1,241,500,,,,,,,,,,2,2,0.0,,,,9,21,-24.0,,,,49,47,4.0,63,73,-20.0,139,139,0.0,175,179,-8.0,4.0,-8.0,12.0,-8.0
Healthy_003,aVR,1,Healthy,-614,QS,1,0.0,0,628,1,241,500,,,,,,,,,,2,2,0.0,21,21,0.0,,,,,,,48,47,2.0,66,73,-14.0,145,146,-2.0,175,178,-6.0,2.0,-6.0,8.0,-4.0
Healthy_003,V1,1,Healthy,-614,rS,1,0.0002,0,628,1,241,500,,,,,,,,,,2,2,0.0,,21,,4,,,22,,,47,47,0.0,54,51,6.0,139,139,0.0,176,169,14.0,0.0,14.0,8.0,14.0
Healthy_003,V2,1,Healthy,-614,Qr,1,0.0005,0,628,1,241,500,,,,,,,,,,2,2,0.0,24,24,0.0,33,33,0.0,,,,47,47,0.0,59,56,6.0,139,139,0.0,175,169,12.0,0.0,12.0,6.0,12.0
Healthy_003,V3,1,Healthy,-614,qR,1,0.0005,0,628,1,241,500,,,,,,,,,,2,2,0.0,8,8,0.0,19,19,0.0,,,,48,47,2.0,65,70,-10.0,144,144,0.0,174,169,10.0,2.0,10.0,20.0,10.0
Healthy_003,V5,1,Healthy,-614,qR,1,0.0,0,628,1,241,500,,,,,,,,,,2,2,0.0,6,6,0.0,24,24,0.0,,,,48,47,2.0,67,81,-28.0,153,153,0.0,175,169,12.0,2.0,12.0,40.0,12.0
Healthy_003,V6,1,Healthy,-614,qR,1,0.0,0,628,1,241,500,,,,,,,,,,2,2,0.0,5,,,23,24,-2.0,,,,49,47,4.0,67,76,-18.0,152,152,0.0,175,169,12.0,4.0,12.0,30.0,12.0
Healthy_003,V4,1,Healthy,-614,qR,1,0.0001,0,628,1,241,500,,,,,,,,,,2,2,0.0,8,9,-2.0,21,22,-2.0,,,,48,47,2.0,66,73,-14.0,149,149,0.0,174,169,10.0,2.0,10.0,24.0,10.0
Healthy_003,aVL,1,Healthy,-614,QRs,1,0.0,0,628,1,241,500,,,,,,,,,,2,2,0.0,9,9,0.0,15,15,0.0,20,,,49,47,4.0,66,73,-14.0,134,134,0.0,174,169,10.0,4.0,10.0,24.0,10.0
Healthy_004,V2,1,Healthy,-609,rS,1,0.0057,0,638,1,246,500,,,,,,,,,,1,2,-2.0,,22,,3,,,22,,,50,45,10.0,63,54,18.0,137,137,0.0,177,174,6.0,12.0,8.0,-12.0,6.0
Healthy_004,I,1,Healthy,-609,R,1,0.0009,0,638,1,246,500,,,,,,,,,,1,2,-2.0,,,,14,14,0.0,,,,57,45,24.0,65,64,2.0,143,143,0.0,177,174,6.0,26.0,8.0,4.0,6.0
Healthy_004,aVF,1,Healthy,-609,R,1,0.0007,0,638,1,246,500,,,,,,,,,,1,2,-2.0,,13,,6,26,-40.0,,,,64,45,38.0,65,70,-10.0,148,148,0.0,177,174,6.0,40.0,8.0,16.0,6.0
Healthy_004,V1,1,Healthy,-609,rS,1,0.0046,0,638,1,246,500,,,,,,,,,,1,2,-2.0,,21,,4,,,20,,,50,45,10.0,62,48,28.0,139,139,0.0,177,174,6.0,12.0,8.0,-22.0,6.0
Healthy_004,V3,1,Healthy,-609,QR,1,0.0044,0,638,1,246,500,,,,,,,,,,1,2,-2.0,10,10,0.0,26,26,0.0,,,,52,45,14.0,65,64,2.0,131,132,-2.0,176,174,4.0,16.0,6.0,2.0,6.0
Healthy_004,V4,1,Healthy,-609,qR,1,0.0021,0,638,1,246,500,,,,,,,,,,1,2,-2.0,10,10,0.0,27,27,0.0,,,,56,45,22.0,65,64,2.0,177,146,62.0,177,174,6.0,24.0,8.0,4.0,-56.0
Healthy_004,II,1,Healthy,-609,R,1,0.0008,0,638,1,246,500,,,,,,,,,,1,2,-2.0,,,,9,26,-34.0,,,,62,45,34.0,63,64,-2.0,144,145,-2.0,178,174,8.0,36.0,10.0,10.0,10.0
Healthy_004,III,1,Healthy,-609,rS,1,0.002,0,638,1,246,500,,,,,,,,,,1,2,-2.0,,14,,5,26,-42.0,13,,,63,45,36.0,64,64,0.0,155,155,0.0,177,174,6.0,38.0,8.0,6.0,6.0
Healthy_004,aVR,1,Healthy,-609,QS,1,0.0007,0,638,1,246,500,,,,,,,,,,1,2,-2.0,25,25,0.0,,,,,,,59,45,28.0,65,64,2.0,144,144,0.0,176,174,4.0,30.0,6.0,2.0,4.0
Healthy_004,aVL,1,Healthy,-609,Rs,1,0.0014,0,638,1,246,500,,,,,,,,,,1,2,-2.0,,,,14,14,0.0,26,27,-2.0,62,45,34.0,64,64,0.0,142,143,-2.0,176,174,4.0,36.0,6.0,4.0,6.0
Healthy_004,V5,1,Healthy,-609,R,1,0.0006,0,638,1,246,500,,,,,,,,,,1,2,-2.0,,,,25,25,0.0,,,,59,45,28.0,65,64,2.0,150,150,0.0,177,174,6.0,30.0,8.0,4.0,6.0
Healthy_004,V6,1,Healthy,-609,R,1,0.0006,0,638,1,246,500,,,,,,,,,,1,2,-2.0,,,,21,21,0.0,,30,,59,45,28.0,65,64,2.0,147,147,0.0,177,174,6.0,30.0,8.0,4.0,6.0
Healthy_005,aVF,1,Healthy,-614,R,1,0.0002,0,627,1,241,500,,,,,,,,,,2,2,0.0,,,,6,23,-34.0,,,,47,37,20.0,61,71,-20.0,146,146,0.0,176,185,-18.0,20.0,-18.0,2.0,-18.0
Healthy_005,I,1,Healthy,-614,R,1,0.0003,0,627,1,241,500,,,,,,,,,,2,2,0.0,,,,14,14,0.0,,,,47,37,20.0,59,72,-26.0,142,142,0.0,175,169,12.0,20.0,12.0,38.0,12.0
Healthy_005,II,1,Healthy,-614,R,1,0.0003,0,627,1,241,500,,,,,,,,,,2,2,0.0,,,,22,23,-2.0,,,,46,37,18.0,60,71,-22.0,145,145,0.0,176,172,8.0,18.0,8.0,30.0,8.0
Healthy_005,aVR,1,Healthy,-614,QS,1,0.0002,0,627,1,241,500,,,,,,,,,,2,2,0.0,22,23,-2.0,,,,,,,47,37,20.0,60,71,-22.0,143,144,-2.0,175,175,0.0,20.0,0.0,22.0,2.0
Healthy_005,aVL,1,Healthy,-614,Rs,1,0.0005,0,627,1,241,500,,,,,,,,,,2,2,0.0,,,,13,14,-2.0,23,24,-2.0,47,37,20.0,60,96,-72.0,157,158,-2.0,175,180,-10.0,20.0,-10.0,62.0,-8.0
Healthy_005,V1,1,Healthy,-614,QS,1,0.0019,0,627,1,241,500,,,,,,,,,,2,2,0.0,21,21,0.0,,,,,,,46,37,18.0,55,50,10.0,139,140,-2.0,176,169,14.0,18.0,14.0,4.0,16.0
Healthy_005,V2,1,Healthy,-614,QS,1,0.0022,0,627,1,241,500,,,,,,,,,,2,2,0.0,21,21,0.0,,,,,,,46,37,18.0,57,51,12.0,140,140,0.0,176,169,14.0,18.0,14.0,2.0,14.0
Healthy_005,V3,1,Healthy,-614,qRs,1,0.0042,0,627,1,241,500,,,,,,,,,,2,2,0.0,9,9,0.0,15,15,0.0,21,21,0.0,46,37,18.0,59,60,-2.0,141,142,-2.0,175,178,-6.0,18.0,-6.0,-4.0,-4.0
Healthy_005,III,1,Healthy,-614,RS,1,0.0013,0,627,1,241,500,,,,,,,,,,2,2,0.0,,13,,5,23,-36.0,9,,,46,37,18.0,60,71,-22.0,150,151,-2.0,177,169,16.0,18.0,16.0,38.0,18.0
Healthy_005,V4,1,Healthy,-614,qR,1,0.0021,0,627,1,241,500,,,,,,,,,,2,2,0.0,8,8,0.0,15,28,-26.0,,,,46,37,18.0,61,71,-20.0,149,149,0.0,175,169,12.0,18.0,12.0,32.0,12.0
Healthy_005,V5,1,Healthy,-614,R,1,0.0001,0,627,1,241,500,,,,,,,,,,2,2,0.0,,,,23,23,0.0,,,,47,37,20.0,61,71,-20.0,150,150,0.0,176,169,14.0,20.0,14.0,34.0,14.0
Healthy_005,V6,1,Healthy,-614,R,1,0.0001,0,627,1,241,500,,,,,,,,,,2,2,0.0,,,,21,21,0.0,,,,47,37,20.0,61,71,-20.0,148,148,0.0,176,169,14.0,20.0,14.0,34.0,14.0
Healthy_006,V1,1,Healthy,-613,rS,1,0.0152,0,638,1,242,500,,,,,,,,,,1,2,-2.0,,,,8,8,0.0,21,22,-2.0,47,39,16.0,58,44,28.0,137,138,-2.0,175,166,18.0,18.0,20.0,-10.0,20.0
Healthy_006,I,1,Healthy,-613,R,1,0.0077,0,638,1,242,500,,,,,,,,,,1,2,-2.0,,,,14,14,0.0,,,,47,39,16.0,61,67,-12.0,145,145,0.0,175,166,18.0,18.0,20.0,30.0,18.0
Healthy_006,II,1,Healthy,-613,R,1,0.0095,0,638,1,242,500,,,,,,,,,,1,2,-2.0,,,,10,24,-28.0,,,,47,39,16.0,60,67,-14.0,142,142,0.0,175,174,2.0,18.0,4.0,16.0,2.0
Healthy_006,III,1,Healthy,-613,rS,1,0.0198,0,638,1,242,500,,,,,,,,,,1,2,-2.0,,14,,5,25,-40.0,14,,,47,39,16.0,60,67,-14.0,131,131,0.0,175,174,2.0,18.0,4.0,16.0,2.0
Healthy_006,aVR,1,Healthy,-613,QS,1,0.009,0,638,1,242,500,,,,,,,,,,1,2,-2.0,23,23,0.0,,,,,,,47,39,16.0,61,67,-12.0,143,144,-2.0,174,179,-10.0,18.0,-8.0,2.0,-8.0
Healthy_006,aVL,1,Healthy,-613,rS,1,0.0124,0,638,1,242,500,,,,,,,,,,1,2,-2.0,,,,7,14,-14.0,25,25,0.0,48,39,18.0,61,98,-74.0,146,146,0.0,174,166,16.0,20.0,18.0,90.0,16.0
Healthy_006,aVF,1,Healthy,-613,Rs,1,0.0085,0,638,1,242,500,,,,,,,,,,1,2,-2.0,,14,,10,24,-28.0,14,,,47,39,16.0,61,67,-12.0,138,139,-2.0,175,182,-14.0,18.0,-12.0,-2.0,-12.0
Healthy_006,V2,1,Healthy,-613,rS,1,0.0274,0,638,1,242,500,,,,,,,,,,1,2,-2.0,,,,5,5,0.0,21,22,-2.0,47,39,16.0,59,53,12.0,138,138,0.0,175,166,18.0,18.0,20.0,6.0,18.0
Healthy_006,V3,1,Healthy,-613,rS,1,0.022,0,638,1,242,500,,,,,,,,,,1,2,-2.0,,22,,4,31,-54.0,21,,,47,39,16.0,62,55,14.0,136,137,-2.0,174,166,16.0,18.0,18.0,2.0,18.0
Healthy_006,V4,1,Healthy,-613,RS,1,0.0223,0,638,1,242,500,,,,,,,,,,1,2,-2.0,,14,,4,28,-48.0,13,,,47,39,16.0,62,62,0.0,134,134,0.0,174,200,-52.0,18.0,-50.0,-52.0,-52.0
Healthy_006,V6,1,Healthy,-613,R,1,0.0055,0,638,1,242,500,,,,,,,,,,1,2,-2.0,,,,22,22,0.0,,,,47,39,16.0,62,68,-12.0,149,149,0.0,175,167,16.0,18.0,18.0,28.0,16.0
Healthy_006,V5,1,Healthy,-613,R,1,0.0076,0,638,1,242,500,,,,,,,,,,1,2,-2.0,,,,17,24,-14.0,,,,47,39,16.0,62,67,-10.0,152,152,0.0,175,166,18.0,18.0,20.0,28.0,18.0
Healthy_007,III,1,Healthy,-615,R,1,0.0017,0,640,1,240,500,,,,,,,,,,2,3,-2.0,,,,10,18,-16.0,,,,51,60,-18.0,61,74,-26.0,140,140,0.0,173,172,2.0,-16.0,4.0,28.0,2.0
Healthy_007,I,1,Healthy,-615,RS,1,0.0004,0,640,1,240,500,,,,,,,,,,2,3,-2.0,,11,,7,21,-28.0,10,,,50,60,-20.0,62,94,-64.0,147,148,-2.0,173,168,10.0,-18.0,12.0,74.0,12.0
Healthy_007,II,1,Healthy,-615,R,1,0.0003,0,640,1,240,500,,,,,,,,,,2,3,-2.0,,,,19,20,-2.0,,,,51,60,-18.0,61,76,-30.0,143,144,-2.0,174,168,12.0,-16.0,14.0,42.0,14.0
Healthy_007,aVR,1,Healthy,-615,QS,1,0.0003,0,640,1,240,500,,,,,,,,,,2,3,-2.0,20,20,0.0,,,,,,,49,60,-22.0,63,74,-22.0,145,145,0.0,173,172,2.0,-20.0,4.0,24.0,2.0
Healthy_007,aVL,1,Healthy,-615,QRs,1,0.0011,0,640,1,240,500,,,,,,,,,,2,3,-2.0,10,11,-2.0,22,22,0.0,28,28,0.0,53,60,-14.0,63,70,-14.0,136,136,0.0,172,168,8.0,-12.0,10.0,22.0,8.0
Healthy_007,V2,1,Healthy,-615,Qr,1,0.0095,0,640,1,240,500,,,,,,,,,,2,3,-2.0,10,10,0.0,24,24,0.0,,,,46,60,-28.0,59,72,-26.0,139,139,0.0,173,174,-2.0,-26.0,0.0,24.0,-2.0
Healthy_007,V3,1,Healthy,-615,QR,1,0.0099,0,640,1,240,500,,,,,,,,,,2,3,-2.0,9,10,-2.0,23,24,-2.0,,,,47,60,-26.0,63,74,-22.0,144,144,0.0,172,168,8.0,-24.0,10.0,30.0,8.0
Healthy_007,V4,1,Healthy,-615,qR,1,0.0023,0,640,1,240,500,,,,,,,,,,2,3,-2.0,9,9,0.0,20,20,0.0,,,,51,60,-18.0,63,100,-74.0,149,148,2.0,172,168,8.0,-16.0,10.0,82.0,6.0
Healthy_007,V5,1,Healthy,-615,qR,1,0.0002,0,640,1,240,500,,,,,,,,,,2,3,-2.0,6,,,20,20,0.0,,,,51,60,-18.0,64,96,-64.0,148,148,0.0,173,168,10.0,-16.0,12.0,74.0,10.0
Healthy_007,V6,1,Healthy,-615,qR,1,0.0002,0,640,1,240,500,,,,,,,,,,2,3,-2.0,6,,,21,21,0.0,,,,51,60,-18.0,63,101,-76.0,149,149,0.0,173,168,10.0,-16.0,12.0,86.0,10.0
Healthy_007,V1,1,Healthy,-615,QS,1,0.0031,0,640,1,240,500,,,,,,,,,,2,3,-2.0,18,18,0.0,,32,,,,,46,60,-28.0,52,74,-44.0,138,138,0.0,173,172,2.0,-26.0,4.0,46.0,2.0
Healthy_007,aVF,1,Healthy,-615,R,1,0.0005,0,640,1,240,500,,,,,,,,,,2,3,-2.0,,,,10,19,-18.0,,,,54,60,-12.0,63,74,-22.0,142,142,0.0,173,168,10.0,-10.0,12.0,32.0,10.0
Healthy_008,II,1,Healthy,-613,R,1,0.0002,0,637,1,242,500,,,,,,,,,,1,2,-2.0,,,,8,23,-30.0,,,,47,47,0.0,59,72,-26.0,145,146,-2.0,175,171,8.0,2.0,10.0,34.0,10.0
Healthy_008,III,1,Healthy,-613,rS,1,0.0004,0,637,1,242,500,,,,,,,,,,1,2,-2.0,,14,,5,22,-34.0,13,,,47,47,0.0,59,82,-46.0,155,155,0.0,175,171,8.0,2.0,10.0,54.0,8.0
Healthy_008,aVR,1,Healthy,-613,QS,1,0.0002,0,637,1,242,500,,,,,,,,,,1,2,-2.0,23,23,0.0,,,,,,,46,47,-2.0,60,72,-24.0,144,144,0.0,174,182,-16.0,0.0,-14.0,8.0,-16.0
Healthy_008,aVL,1,Healthy,-613,Rs,1,0.0003,0,637,1,242,500,,,,,,,,,,1,2,-2.0,,,,14,14,0.0,19,20,-2.0,47,47,0.0,60,90,-60.0,142,143,-2.0,174,171,6.0,2.0,8.0,66.0,8.0
Healthy_008,aVF,1,Healthy,-613,rS,1,0.0001,0,637,1,242,500,,,,,,,,,,1,2,-2.0,,14,,6,22,-32.0,13,,,47,47,0.0,60,70,-20.0,149,149,0.0,175,175,0.0,2.0,2.0,20.0,0.0
Healthy_008,V1,1,Healthy,-613,rS,1,0.0012,0,637,1,242,500,,,,,,,,,,1,2,-2.0,,21,,6,,,21,,,45,47,-4.0,57,47,20.0,137,137,0.0,175,171,8.0,-2.0,10.0,-12.0,8.0
Healthy_008,V2,1,Healthy,-613,rS,1,0.0017,0,637,1,242,500,,,,,,,,,,1,2,-2.0,,16,,4,,,16,,,46,47,-2.0,58,55,6.0,137,137,0.0,175,182,-14.0,0.0,-12.0,-20.0,-14.0
Healthy_008,V3,1,Healthy,-613,QR,1,0.0015,0,637,1,242,500,,,,,,,,,,1,2,-2.0,13,14,-2.0,23,30,-14.0,,,,46,47,-2.0,60,62,-4.0,135,135,0.0,174,171,6.0,0.0,8.0,10.0,6.0
Healthy_008,V4,1,Healthy,-613,qR,1,0.0008,0,637,1,242,500,,,,,,,,,,1,2,-2.0,12,11,2.0,23,23,0.0,,,,46,47,-2.0,60,70,-20.0,134,134,0.0,174,175,-2.0,0.0,0.0,18.0,-2.0
Healthy_008,V5,1,Healthy,-613,qR,1,0.0001,0,637,1,242,500,,,,,,,,,,1,2,-2.0,8,8,0.0,23,23,0.0,,,,46,47,-2.0,60,96,-72.0,150,150,0.0,175,171,8.0,0.0,10.0,80.0,8.0
Healthy_008,V6,1,Healthy,-613,qR,1,0.0001,0,637,1,242,500,,,,,,,,,,1,2,-2.0,6,,,22,23,-2.0,,,,46,47,-2.0,60,87,-54.0,149,149,0.0,174,171,6.0,0.0,8.0,60.0,6.0
Healthy_008,I,1,Healthy,-613,R,1,0.0005,0,637,1,242,500,,,,,,,,,,1,2,-2.0,,,,14,14,0.0,,,,47,47,0.0,60,68,-16.0,143,144,-2.0,174,171,6.0,2.0,8.0,22.0,8.0
Healthy_009,V2,1,Healthy,-613,rS,1,0.0033,0,639,1,242,500,,,,,,,,,,1,2,-2.0,,21,,5,,,21,,,45,43,4.0,55,48,14.0,136,136,0.0,177,179,-4.0,6.0,-2.0,-18.0,-4.0
Healthy_009,I,1,Healthy,-613,R,1,0.0011,0,639,1,242,500,,,,,,,,,,0,2,-4.0,,,,15,23,-16.0,,,,46,43,6.0,57,76,-38.0,145,146,-2.0,177,168,18.0,10.0,22.0,56.0,20.0
Healthy_009,II,1,Healthy,-613,R,1,0.0023,0,639,1,242,500,,,,,,,,,,1,2,-2.0,,12,,6,23,-34.0,,,,46,43,6.0,57,68,-22.0,143,144,-2.0,178,174,8.0,8.0,10.0,30.0,10.0
Healthy_009,III,1,Healthy,-613,rS,1,0.0029,0,639,1,242,500,,,,,,,,,,1,2,-2.0,,15,,5,,,15,,,46,43,6.0,56,72,-32.0,147,147,0.0,178,168,20.0,8.0,22.0,52.0,20.0
Healthy_009,aVR,1,Healthy,-613,QS,1,0.0021,0,639,1,242,500,,,,,,,,,,1,2,-2.0,23,23,0.0,,,,,,,46,43,6.0,58,72,-28.0,145,145,0.0,176,178,-4.0,8.0,-2.0,24.0,-4.0
Healthy_009,aVL,1,Healthy,-613,R,1,0.0015,0,639,1,242,500,,,,,,,,,,0,2,-4.0,,,,15,15,0.0,,,,46,43,6.0,58,85,-54.0,146,146,0.0,176,168,16.0,10.0,20.0,70.0,16.0
Healthy_009,aVF,1,Healthy,-613,rS,1,0.0011,0,639,1,242,500,,,,,,,,,,1,2,-2.0,,15,,5,24,-38.0,14,,,46,43,6.0,58,72,-28.0,135,135,0.0,176,175,2.0,8.0,4.0,30.0,2.0
Healthy_009,V1,1,Healthy,-613,rS,1,0.0035,0,639,1,242,500,,,,,,,,,,1,2,-2.0,,,,8,7,2.0,22,22,0.0,45,43,4.0,53,52,2.0,134,134,0.0,178,168,20.0,6.0,22.0,18.0,20.0
Healthy_009,V3,1,Healthy,-613,rS,1,0.004,0,639,1,242,500,,,,,,,,,,1,2,-2.0,,21,,4,31,-54.0,20,,,46,43,6.0,58,59,-2.0,136,136,0.0,175,170,10.0,8.0,12.0,12.0,10.0
Healthy_009,V4,1,Healthy,-613,rS,1,0.003,0,639,1,242,500,,,,,,,,,,1,2,-2.0,,17,,4,27,-46.0,16,,,46,43,6.0,59,60,-2.0,136,136,0.0,177,165,24.0,8.0,26.0,26.0,24.0
Healthy_009,V5,1,Healthy,-613,qR,1,0.0003,0,639,1,242,500,,,,,,,,,,0,2,-4.0,12,12,0.0,24,25,-2.0,,,,46,43,6.0,59,72,-26.0,145,146,-2.0,178,172,12.0,10.0,16.0,38.0,14.0
Healthy_009,V6,1,Healthy,-613,qR,1,0.0003,0,639,1,242,500,,,,,,,,,,0,2,-4.0,7,7,0.0,22,23,-2.0,,,,47,43,8.0,59,81,-44.0,149,149,0.0,177,168,18.0,12.0,22.0,62.0,18.0
Healthy_010,V1,1,Healthy,-615,rS,1,0.0008,0,644,1,240,500,,,,,,,,,,2,2,0.0,,21,,4,,,21,,,49,50,-2.0,62,51,22.0,142,142,0.0,180,173,14.0,-2.0,14.0,-8.0,14.0
Healthy_010,I,1,Healthy,-615,R,1,0.0003,0,644,1,240,500,,,,,,,,,,2,2,0.0,,,,14,14,0.0,,,,57,50,14.0,65,72,-14.0,142,142,0.0,180,176,8.0,14.0,8.0,22.0,8.0
Healthy_010,II,1,Healthy,-615,R,1,0.0003,0,644,1,240,500,,,,,,,,,,2,2,0.0,,,,7,27,-40.0,,,,62,50,24.0,63,72,-18.0,146,146,0.0,179,184,-10.0,24.0,-10.0,8.0,-10.0
Healthy_010,III,1,Healthy,-615,rS,1,0.0006,0,644,1,240,500,,,,,,,,,,2,2,0.0,,13,,5,27,-44.0,13,,,63,50,26.0,64,76,-24.0,156,156,0.0,179,182,-6.0,26.0,-6.0,18.0,-6.0
Healthy_010,aVR,1,Healthy,-615,QS,1,0.0004,0,644,1,240,500,,,,,,,,,,2,2,0.0,22,22,0.0,,,,,,,51,50,2.0,65,72,-14.0,143,144,-2.0,179,185,-12.0,2.0,-12.0,2.0,-10.0
Healthy_010,aVL,1,Healthy,-615,Rs,1,0.0003,0,644,1,240,500,,,,,,,,,,2,2,0.0,,,,13,14,-2.0,27,27,0.0,60,50,20.0,66,87,-42.0,140,140,0.0,177,175,4.0,20.0,4.0,46.0,4.0
Healthy_010,aVF,1,Healthy,-615,rS,1,0.0001,0,644,1,240,500,,,,,,,,,,2,2,0.0,,13,,6,27,-42.0,13,,,64,50,28.0,65,72,-14.0,151,152,-2.0,178,179,-2.0,28.0,-2.0,12.0,0.0
Healthy_010,V2,1,Healthy,-615,QS,1,0.001,0,644,1,240,500,,,,,,,,,,2,2,0.0,19,19,0.0,,,,,,,50,50,0.0,63,50,26.0,139,140,-2.0,179,173,12.0,0.0,12.0,-14.0,14.0
Healthy_010,V3,1,Healthy,-615,Qr,1,0.0006,0,644,1,240,500,,,,,,,,,,2,2,0.0,14,14,0.0,29,34,-10.0,,,,50,50,0.0,66,68,-4.0,136,136,0.0,178,172,12.0,0.0,12.0,16.0,12.0
Healthy_010,V5,1,Healthy,-615,qR,1,0.0002,0,644,1,240,500,,,,,,,,,,2,2,0.0,8,7,2.0,23,23,0.0,,,,52,50,4.0,65,83,-36.0,150,150,0.0,180,173,14.0,4.0,14.0,50.0,14.0
Healthy_010,V6,1,Healthy,-615,Rs,1,0.0002,0,644,1,240,500,,,,,,,,,,2,2,0.0,,,,20,20,0.0,29,29,0.0,52,50,4.0,64,72,-16.0,147,147,0.0,180,173,14.0,4.0,14.0,30.0,14.0
Healthy_010,V4,1,Healthy,-615,qR,1,0.0007,0,644,1,240,500,,,,,,,,,,2,2,0.0,12,13,-2.0,28,28,0.0,,,,51,50,2.0,66,68,-4.0,146,146,0.0,179,173,12.0,2.0,12.0,16.0,12.0
InferiorInfarction_001,aVR,1,InferiorInfarction,-614,QS,1,0.0,0,626,1,241,500,,,,,,,,,,2,2,0.0,23,23,0.0,,,,,,,50,50,0.0,51,109,-116.0,171,171,0.0,253,279,-52.0,0.0,-52.0,64.0,-52.0
InferiorInfarction_001,I,1,InferiorInfarction,-614,Rs,1,0.0,0,626,1,241,500,,,,,,,,,,2,2,0.0,,11,,7,14,-14.0,51,18,66.0,51,50,2.0,53,103,-100.0,162,162,0.0,253,286,-66.0,2.0,-66.0,34.0,-66.0
InferiorInfarction_001,II,1,InferiorInfarction,-614,R,1,0.0,0,626,1,241,500,,,,,,,,,,1,2,-2.0,,,,11,23,-24.0,,,,49,50,-2.0,50,119,-138.0,173,173,0.0,254,281,-54.0,0.0,-52.0,84.0,-54.0
InferiorInfarction_001,III,1,InferiorInfarction,-614,QR,1,0.0,0,626,1,241,500,,,,,,,,,,1,2,-2.0,6,6,0.0,11,23,-24.0,,,,50,50,0.0,51,103,-104.0,175,175,0.0,255,258,-6.0,2.0,-4.0,98.0,-6.0
InferiorInfarction_001,aVL,1,InferiorInfarction,-614,rS,1,0.0,0,626,1,241,500,,,,,,,,,,2,2,0.0,,,,6,6,0.0,23,23,0.0,51,50,2.0,52,89,-74.0,177,177,0.0,253,261,-16.0,2.0,-16.0,58.0,-16.0
InferiorInfarction_001,aVF,1,InferiorInfarction,-614,qR,1,0.0,0,626,1,241,500,,,,,,,,,,2,2,0.0,6,,,11,23,-24.0,,,,51,50,2.0,52,101,-98.0,174,174,0.0,255,266,-22.0,2.0,-22.0,76.0,-22.0
InferiorInfarction_001,V1,1,InferiorInfarction,-614,RS,1,0.0,0,626,1,241,500,,,,,,,,,,1,2,-2.0,,,,6,7,-2.0,19,19,0.0,49,50,-2.0,50,51,-2.0,139,140,-2.0,252,255,-6.0,0.0,-4.0,-4.0,-4.0
InferiorInfarction_001,V2,1,InferiorInfarction,-614,rS,1,0.0,0,626,1,241,500,,,,,,,,,,1,2,-2.0,,24,,5,,,24,,,49,50,-2.0,50,51,-2.0,139,139,0.0,250,263,-26.0,0.0,-24.0,-24.0,-26.0
InferiorInfarction_001,V3,1,InferiorInfarction,-614,qRs,1,0.0,0,626,1,241,500,,,,,,,,,,1,2,-2.0,9,9,0.0,20,20,0.0,28,28,0.0,51,50,2.0,53,51,4.0,138,139,-2.0,247,255,-16.0,4.0,-14.0,-20.0,-14.0
InferiorInfarction_001,V4,1,InferiorInfarction,-614,qRs,1,0.0,0,626,1,241,500,,,,,,,,,,2,2,0.0,8,8,0.0,21,22,-2.0,33,,,50,50,0.0,55,51,8.0,140,141,-2.0,248,251,-6.0,0.0,-6.0,-14.0,-4.0
InferiorInfarction_001,V5,1,InferiorInfarction,-614,qR,1,0.0,0,626,1,241,500,,,,,,,,,,2,2,0.0,7,,,27,27,0.0,,,,51,50,2.0,53,51,4.0,169,169,0.0,253,277,-48.0,2.0,-48.0,-52.0,-48.0
InferiorInfarction_001,V6,1,InferiorInfarction,-614,Rs,1,0.0,0,626,1,241,500,,,,,,,,,,2,2,0.0,,,,29,29,0.0,51,,,51,50,2.0,52,91,-78.0,145,145,0.0,255,281,-52.0,2.0,-52.0,26.0,-52.0
InferiorInfarction_002,V6,1,InferiorInfarction,-604,qRs,1,0.0015,0,642,1,251,500,,,,,,,,,,2,2,0.0,9,9,0.0,36,35,2.0,60,,,60,57,6.0,70,62,16.0,144,144,0.0,259,291,-64.0,6.0,-64.0,-80.0,-64.0
InferiorInfarction_002,I,1,InferiorInfarction,-604,R,1,0.0029,0,642,1,251,500,,,,,,,,,,2,2,0.0,,,,9,16,-14.0,,72,,59,57,4.0,66,87,-42.0,144,145,-2.0,257,286,-58.0,4.0,-58.0,-16.0,-56.0
InferiorInfarction_002,III,1,InferiorInfarction,-604,qR,1,0.0078,0,642,1,251,500,,,,,,,,,,2,2,0.0,8,16,-16.0,27,28,-2.0,,,,59,57,4.0,65,75,-20.0,140,141,-2.0,263,277,-28.0,4.0,-28.0,-8.0,-26.0
InferiorInfarction_002,aVR,1,InferiorInfarction,-604,QS,1,0.0012,0,642,1,251,500,,,,,,,,,,2,2,0.0,31,32,-2.0,,,,,,,59,57,4.0,68,76,-16.0,151,151,0.0,259,294,-70.0,4.0,-70.0,-54.0,-70.0
InferiorInfarction_002,aVL,1,InferiorInfarction,-604,RS,1,0.0039,0,642,1,251,500,,,,,,,,,,2,2,0.0,,,,8,16,-16.0,26,27,-2.0,59,57,4.0,66,94,-56.0,142,142,0.0,258,283,-50.0,4.0,-50.0,6.0,-50.0
InferiorInfarction_002,aVF,1,InferiorInfarction,-604,QR,1,0.0019,0,642,1,251,500,,,,,,,,,,2,2,0.0,7,8,-2.0,12,31,-38.0,,,,59,57,4.0,68,101,-66.0,158,183,-50.0,264,279,-30.0,4.0,-30.0,36.0,20.0
InferiorInfarction_002,V1,1,InferiorInfarction,-604,rS,1,0.0032,0,642,1,251,500,,,,,,,,,,2,2,0.0,,,,7,7,0.0,31,31,0.0,60,57,6.0,61,68,-14.0,142,143,-2.0,255,277,-44.0,6.0,-44.0,-30.0,-42.0
InferiorInfarction_002,V2,1,InferiorInfarction,-604,rS,1,0.0097,0,642,1,251,500,,,,,,,,,,2,2,0.0,,,,7,7,0.0,31,31,0.0,59,57,4.0,64,64,0.0,142,143,-2.0,255,281,-52.0,4.0,-52.0,-52.0,-50.0
InferiorInfarction_002,V3,1,InferiorInfarction,-604,rS,1,0.0086,0,642,1,251,500,,,,,,,,,,2,2,0.0,,,,6,6,0.0,32,32,0.0,59,57,4.0,69,58,22.0,142,142,0.0,252,282,-60.0,4.0,-60.0,-82.0,-60.0
InferiorInfarction_002,V4,1,InferiorInfarction,-604,QrS,1,0.0038,0,642,1,251,500,,,,,,,,,,2,2,0.0,17,17,0.0,28,,,35,,,59,57,4.0,68,74,-12.0,142,142,0.0,253,283,-60.0,4.0,-60.0,-48.0,-60.0
InferiorInfarction_002,V5,1,InferiorInfarction,-604,qR,1,0.0005,0,642,1,251,500,,,,,,,,,,2,2,0.0,11,11,0.0,31,30,2.0,,,,59,57,4.0,70,64,12.0,159,160,-2.0,257,251,12.0,4.0,12.0,0.0,14.0
InferiorInfarction_002,II,1,InferiorInfarction,-604,R,1,0.0006,0,642,1,251,500,,,,,,,,,,2,2,0.0,,,,12,32,-40.0,,,,59,57,4.0,68,68,0.0,156,182,-52.0,255,238,34.0,4.0,34.0,34.0,86.0
InferiorInfarction_003,V2,1,InferiorInfarction,-614,rS,1,0.0,0,628,1,241,500,,,,,,,,,,1,2,-2.0,,25,,4,,,25,,,53,51,4.0,54,55,-2.0,140,140,0.0,249,267,-36.0,6.0,-34.0,-34.0,-36.0
InferiorInfarction_003,I,1,InferiorInfarction,-614,R,1,0.0,0,628,1,241,500,,,,,,,,,,1,2,-2.0,,,,7,30,-46.0,,,,55,51,8.0,56,64,-16.0,172,173,-2.0,249,281,-64.0,10.0,-62.0,-48.0,-62.0
InferiorInfarction_003,II,1,InferiorInfarction,-614,R,1,0.0,0,628,1,241,500,,,,,,,,,,1,2,-2.0,,,,9,21,-24.0,,64,,54,51,6.0,55,98,-86.0,173,173,0.0,251,275,-48.0,8.0,-46.0,38.0,-48.0
InferiorInfarction_003,III,1,InferiorInfarction,-614,R,1,0.0,0,628,1,241,500,,,,,,,,,,1,2,-2.0,,,,9,21,-24.0,,,,55,51,8.0,56,66,-20.0,143,143,0.0,249,243,12.0,10.0,14.0,32.0,12.0
InferiorInfarction_003,aVR,1,InferiorInfarction,-614,QS,1,0.0,0,628,1,241,500,,,,,,,,,,1,2,-2.0,21,21,0.0,,,,,,,55,51,8.0,56,82,-52.0,173,173,0.0,252,279,-54.0,10.0,-52.0,-2.0,-54.0
InferiorInfarction_003,aVL,1,InferiorInfarction,-614,rS,1,0.0,0,628,1,241,500,,,,,,,,,,1,2,-2.0,,21,,6,33,-54.0,20,,,55,51,8.0,56,54,4.0,142,142,0.0,249,269,-40.0,10.0,-38.0,-44.0,-40.0
InferiorInfarction_003,aVF,1,InferiorInfarction,-614,R,1,0.0,0,628,1,241,500,,,,,,,,,,1,2,-2.0,,,,9,21,-24.0,,,,55,51,8.0,56,55,2.0,143,174,-62.0,250,262,-24.0,10.0,-22.0,-26.0,38.0
InferiorInfarction_003,V1,1,InferiorInfarction,-614,rS,1,0.0,0,628,1,241,500,,,,,,,,,,1,2,-2.0,,,,5,5,0.0,22,21,2.0,53,51,4.0,54,55,-2.0,140,140,0.0,250,255,-10.0,6.0,-8.0,-8.0,-10.0
InferiorInfarction_003,V3,1,InferiorInfarction,-614,qRs,1,0.0,0,628,1,241,500,,,,,,,,,,1,2,-2.0,8,8,0.0,19,19,0.0,37,37,0.0,54,51,6.0,59,80,-42.0,144,144,0.0,247,251,-8.0,8.0,-6.0,34.0,-8.0
InferiorInfarction_003,V4,1,InferiorInfarction,-614,qRs,1,0.0,0,628,1,241,500,,,,,,,,,,1,2,-2.0,8,8,0.0,21,22,-2.0,39,,,54,51,6.0,59,81,-44.0,148,148,0.0,248,253,-10.0,8.0,-8.0,34.0,-10.0
InferiorInfarction_003,V5,1,InferiorInfarction,-614,qR,1,0.0,0,628,1,241,500,,,,,,,,,,1,2,-2.0,8,8,0.0,30,30,0.0,,,,55,51,8.0,56,70,-28.0,143,143,0.0,253,275,-44.0,10.0,-42.0,-16.0,-44.0
InferiorInfarction_003,V6,1,InferiorInfarction,-614,qRs,1,0.0,0,628,1,241,500,,,,,,,,,,1,2,-2.0,5,6,-2.0,32,32,0.0,55,,,55,51,8.0,56,55,2.0,145,145,0.0,252,269,-34.0,10.0,-32.0,-36.0,-34.0
InferiorInfarction_004,V6,1,InferiorInfarction,-609,Rs,1,0.0001,0,622,1,246,500,,,,,,,,,,2,2,0.0,,,,33,33,0.0,53,,,53,48,10.0,54,55,-2.0,168,168,0.0,254,275,-42.0,10.0,-42.0,-40.0,-42.0
InferiorInfarction_004,I,1,InferiorInfarction,-609,R,1,0.0,0,622,1,246,500,,,,,,,,,,2,2,0.0,,,,14,14,0.0,,62,,52,48,8.0,53,93,-80.0,141,141,0.0,256,281,-50.0,8.0,-50.0,30.0,-50.0
InferiorInfarction_004,II,1,InferiorInfarction,-609,R,1,0.0001,0,622,1,246,500,,,,,,,,,,2,2,0.0,,,,26,27,-2.0,,64,,51,48,6.0,52,103,-102.0,176,176,0.0,251,269,-36.0,6.0,-36.0,66.0,-36.0
InferiorInfarction_004,III,1,InferiorInfarction,-609,qR,1,0.0001,0,622,1,246,500,,,,,,,,,,2,2,0.0,7,7,0.0,26,26,0.0,,,,51,48,6.0,52,48,8.0,139,139,0.0,250,254,-8.0,6.0,-8.0,-16.0,-8.0
InferiorInfarction_004,aVR,1,InferiorInfarction,-609,QS,1,0.0001,0,622,1,246,500,,,,,,,,,,2,2,0.0,27,27,0.0,,,,,,,52,48,8.0,53,51,4.0,144,176,-64.0,254,279,-50.0,8.0,-50.0,-54.0,14.0
InferiorInfarction_004,aVL,1,InferiorInfarction,-609,RS,1,0.0,0,622,1,246,500,,,,,,,,,,2,2,0.0,,,,8,14,-12.0,25,26,-2.0,52,48,8.0,53,50,6.0,140,140,0.0,252,277,-50.0,8.0,-50.0,-56.0,-50.0
InferiorInfarction_004,aVF,1,InferiorInfarction,-609,qR,1,0.0001,0,622,1,246,500,,,,,,,,,,2,2,0.0,7,7,0.0,26,26,0.0,,,,53,48,10.0,54,66,-24.0,176,176,0.0,250,253,-6.0,10.0,-6.0,18.0,-6.0
InferiorInfarction_004,V1,1,InferiorInfarction,-609,rS,1,0.0,0,622,1,246,500,,,,,,,,,,2,2,0.0,,21,,4,,,21,,,51,48,6.0,52,50,4.0,142,142,0.0,252,268,-32.0,6.0,-32.0,-36.0,-32.0
InferiorInfarction_004,V2,1,InferiorInfarction,-609,QS,1,0.0,0,622,1,246,500,,,,,,,,,,2,2,0.0,25,25,0.0,,,,,,,51,48,6.0,52,50,4.0,140,140,0.0,248,263,-30.0,6.0,-30.0,-34.0,-30.0
InferiorInfarction_004,V3,1,InferiorInfarction,-609,QRS,1,0.0001,0,622,1,246,500,,,,,,,,,,2,2,0.0,10,10,0.0,24,23,2.0,33,33,0.0,53,48,10.0,54,50,8.0,138,139,-2.0,249,275,-52.0,10.0,-52.0,-60.0,-50.0
InferiorInfarction_004,V4,1,InferiorInfarction,-609,qRs,1,0.0001,0,622,1,246,500,,,,,,,,,,2,2,0.0,9,10,-2.0,26,26,0.0,39,35,8.0,52,48,8.0,57,50,14.0,144,144,0.0,248,266,-36.0,8.0,-36.0,-50.0,-36.0
InferiorInfarction_004,V5,1,InferiorInfarction,-609,R,1,0.0,0,622,1,246,500,,,,,,,,,,2,2,0.0,,,,32,32,0.0,,,,53,48,10.0,54,50,8.0,138,139,-2.0,253,277,-48.0,10.0,-48.0,-56.0,-46.0
InferiorInfarction_005,aVF,1,InferiorInfarction,-608,R,1,0.0,0,621,1,247,500,,,,,,,,,,2,2,0.0,,8,,23,23,0.0,,,,52,48,8.0,53,101,-96.0,172,173,-2.0,252,269,-34.0,8.0,-34.0,62.0,-32.0
InferiorInfarction_005,I,1,InferiorInfarction,-608,Rs,1,0.0,0,621,1,247,500,,,,,,,,,,2,2,0.0,,,,10,32,-44.0,52,64,-24.0,52,48,8.0,53,107,-108.0,247,171,152.0,252,275,-46.0,8.0,-46.0,62.0,-198.0
InferiorInfarction_005,II,1,InferiorInfarction,-608,R,1,0.0,0,621,1,247,500,,,,,,,,,,2,2,0.0,,,,23,23,0.0,,,,50,48,4.0,51,105,-108.0,172,172,0.0,252,275,-46.0,4.0,-46.0,62.0,-46.0
InferiorInfarction_005,III,1,InferiorInfarction,-608,qR,1,0.0,0,621,1,247,500,,,,,,,,,,2,2,0.0,8,8,0.0,23,23,0.0,,,,50,48,4.0,51,50,2.0,173,151,44.0,250,248,4.0,4.0,4.0,2.0,-40.0
InferiorInfarction_005,aVR,1,InferiorInfarction,-608,QS,1,0.0,0,621,1,247,500,,,,,,,,,,2,2,0.0,24,23,2.0,,,,,,,51,48,6.0,52,53,-2.0,172,172,0.0,253,275,-44.0,6.0,-44.0,-42.0,-44.0
InferiorInfarction_005,aVL,1,InferiorInfarction,-608,RS,1,0.0,0,621,1,247,500,,,,,,,,,,2,2,0.0,,,,9,8,2.0,23,22,2.0,52,48,8.0,53,53,0.0,151,152,-2.0,249,265,-32.0,8.0,-32.0,-32.0,-30.0
InferiorInfarction_005,V1,1,InferiorInfarction,-608,rS,1,0.0001,0,621,1,247,500,,,,,,,,,,2,2,0.0,,,,6,6,0.0,23,23,0.0,50,48,4.0,51,55,-8.0,141,141,0.0,250,268,-36.0,4.0,-36.0,-28.0,-36.0
InferiorInfarction_005,V2,1,InferiorInfarction,-608,rS,1,0.0001,0,621,1,247,500,,,,,,,,,,2,2,0.0,,24,,6,,,24,,,50,48,4.0,51,50,2.0,141,141,0.0,249,268,-38.0,4.0,-38.0,-40.0,-38.0
InferiorInfarction_005,V3,1,InferiorInfarction,-608,qRS,1,0.0002,0,621,1,247,500,,,,,,,,,,2,2,0.0,9,9,0.0,15,15,0.0,25,25,0.0,52,48,8.0,53,50,6.0,142,142,0.0,249,267,-36.0,8.0,-36.0,-42.0,-36.0
InferiorInfarction_005,V4,1,InferiorInfarction,-608,qRs,1,0.0001,0,621,1,247,500,,,,,,,,,,2,2,0.0,8,9,-2.0,15,15,0.0,37,37,0.0,52,48,8.0,53,54,-2.0,146,147,-2.0,250,269,-38.0,8.0,-38.0,-36.0,-36.0
InferiorInfarction_005,V5,1,InferiorInfarction,-608,R,1,0.0,0,621,1,247,500,,,,,,,,,,2,2,0.0,,,,31,30,2.0,,,,52,48,8.0,53,50,6.0,142,142,0.0,255,275,-40.0,8.0,-40.0,-46.0,-40.0
InferiorInfarction_005,V6,1,InferiorInfarction,-608,Rs,1,0.0,0,621,1,247,500,,,,,,,,,,2,2,0.0,,,,31,32,-2.0,52,,,52,48,8.0,53,55,-4.0,146,146,0.0,255,273,-36.0,8.0,-36.0,-32.0,-36.0
InferiorInfarction_006,V6,1,InferiorInfarction,-611,Rs,1,0.0001,0,626,1,244,500,,,,,,,,,,1,2,-2.0,,,,28,28,0.0,54,,,54,48,12.0,55,49,12.0,167,167,0.0,253,274,-42.0,14.0,-40.0,-54.0,-42.0
InferiorInfarction_006,I,1,InferiorInfarction,-611,R,1,0.0001,0,626,1,244,500,,,,,,,,,,1,2,-2.0,,,,14,14,0.0,,,,53,48,10.0,54,49,10.0,144,144,0.0,250,277,-54.0,12.0,-52.0,-64.0,-54.0
InferiorInfarction_006,II,1,InferiorInfarction,-611,R,1,0.0,0,626,1,244,500,,,,,,,,,,1,2,-2.0,,,,10,24,-28.0,,,,52,48,8.0,53,49,8.0,173,173,0.0,249,270,-42.0,10.0,-40.0,-50.0,-42.0
InferiorInfarction_006,III,1,InferiorInfarction,-611,rS,1,0.0,0,626,1,244,500,,,,,,,,,,1,2,-2.0,,14,,9,24,-30.0,14,,,52,48,8.0,53,49,8.0,173,173,0.0,253,264,-22.0,10.0,-20.0,-30.0,-22.0
InferiorInfarction_006,aVR,1,InferiorInfarction,-611,QS,1,0.0001,0,626,1,244,500,,,,,,,,,,1,2,-2.0,24,24,0.0,,,,,,,53,48,10.0,54,49,10.0,142,142,0.0,250,273,-46.0,12.0,-44.0,-56.0,-46.0
InferiorInfarction_006,aVL,1,InferiorInfarction,-611,rS,1,0.0,0,626,1,244,500,,,,,,,,,,1,2,-2.0,,,,7,14,-14.0,24,24,0.0,53,48,10.0,54,49,10.0,147,147,0.0,248,265,-34.0,12.0,-32.0,-44.0,-34.0
InferiorInfarction_006,aVF,1,InferiorInfarction,-611,R,1,0.0001,0,626,1,244,500,,,,,,,,,,1,2,-2.0,,14,,10,24,-28.0,,,,54,48,12.0,55,55,0.0,173,173,0.0,250,260,-20.0,14.0,-18.0,-20.0,-20.0
InferiorInfarction_006,V1,1,InferiorInfarction,-611,rS,1,0.0,0,626,1,244,500,,,,,,,,,,1,2,-2.0,,,,8,8,0.0,22,22,0.0,51,48,6.0,52,49,6.0,140,140,0.0,249,271,-44.0,8.0,-42.0,-50.0,-44.0
InferiorInfarction_006,V2,1,InferiorInfarction,-611,rS,1,0.0001,0,626,1,244,500,,,,,,,,,,1,2,-2.0,,,,5,5,0.0,21,22,-2.0,52,48,8.0,53,49,8.0,140,140,0.0,248,265,-34.0,10.0,-32.0,-42.0,-34.0
InferiorInfarction_006,V3,1,InferiorInfarction,-611,rS,1,0.0001,0,626,1,244,500,,,,,,,,,,1,2,-2.0,,,,4,5,-2.0,26,25,2.0,53,48,10.0,61,49,24.0,139,139,0.0,245,267,-44.0,12.0,-42.0,-68.0,-44.0
InferiorInfarction_006,V4,1,InferiorInfarction,-611,rS,1,0.0,0,626,1,244,500,,,,,,,,,,1,2,-2.0,,8,,4,17,-26.0,33,33,0.0,53,48,10.0,60,49,22.0,139,139,0.0,246,274,-56.0,12.0,-54.0,-78.0,-56.0
InferiorInfarction_006,V5,1,InferiorInfarction,-611,R,1,0.002,0,626,1,244,500,,,,,,,,,,1,2,-2.0,,,,17,24,-14.0,,,,55,48,14.0,62,49,26.0,137,137,0.0,245,242,6.0,16.0,8.0,-20.0,6.0
InferiorInfarction_007,V2,1,InferiorInfarction,-612,Qrs,1,0.0001,0,629,1,243,500,,,,,,,,,,3,2,2.0,11,11,0.0,23,24,-2.0,29,28,2.0,48,48,0.0,49,49,0.0,140,140,0.0,241,273,-64.0,-2.0,-66.0,-64.0,-64.0
InferiorInfarction_007,I,1,InferiorInfarction,-612,RS,1,0.0008,0,629,1,243,500,,,,,,,,,,3,2,2.0,,11,,7,29,-44.0,11,,,50,48,4.0,52,49,6.0,142,142,0.0,241,275,-68.0,2.0,-70.0,-74.0,-68.0
InferiorInfarction_007,II,1,InferiorInfarction,-612,R,1,0.0001,0,629,1,243,500,,,,,,,,,,3,2,2.0,,,,20,20,0.0,,,,48,48,0.0,49,49,0.0,172,172,0.0,244,273,-58.0,-2.0,-60.0,-58.0,-58.0
InferiorInfarction_007,III,1,InferiorInfarction,-612,qR,1,0.0,0,629,1,243,500,,,,,,,,,,3,2,2.0,6,,,19,19,0.0,,,,49,48,2.0,50,49,2.0,148,148,0.0,244,259,-30.0,0.0,-32.0,-32.0,-30.0
InferiorInfarction_007,aVR,1,InferiorInfarction,-612,QS,1,0.0001,0,629,1,243,500,,,,,,,,,,3,2,2.0,23,24,-2.0,,,,,,,50,48,4.0,51,50,2.0,172,172,0.0,245,269,-48.0,2.0,-50.0,-50.0,-48.0
InferiorInfarction_007,aVF,1,InferiorInfarction,-612,qR,1,0.0001,0,629,1,243,500,,,,,,,,,,3,2,2.0,6,,,19,20,-2.0,,,,50,48,4.0,52,49,6.0,172,172,0.0,244,273,-58.0,2.0,-60.0,-64.0,-58.0
InferiorInfarction_007,V1,1,InferiorInfarction,-612,QS,1,0.0,0,629,1,243,500,,,,,,,,,,3,2,2.0,18,19,-2.0,,,,,,,48,48,0.0,49,49,0.0,139,139,0.0,241,267,-52.0,-2.0,-54.0,-52.0,-52.0
InferiorInfarction_007,V3,1,InferiorInfarction,-612,qRs,1,0.0,0,629,1,243,500,,,,,,,,,,3,2,2.0,10,10,0.0,23,23,0.0,35,36,-2.0,49,48,2.0,54,49,10.0,142,143,-2.0,241,263,-44.0,0.0,-46.0,-54.0,-42.0
InferiorInfarction_007,V4,1,InferiorInfarction,-612,qR,1,0.0,0,629,1,243,500,,,,,,,,,,3,2,2.0,9,10,-2.0,23,23,0.0,,,,49,48,2.0,54,49,10.0,150,150,0.0,239,260,-42.0,0.0,-44.0,-52.0,-42.0
InferiorInfarction_007,V5,1,InferiorInfarction,-612,qR,1,0.0001,0,629,1,243,500,,,,,,,,,,3,2,2.0,9,9,0.0,24,28,-8.0,,,,50,48,4.0,51,49,4.0,141,141,0.0,247,269,-44.0,2.0,-46.0,-48.0,-44.0
InferiorInfarction_007,V6,1,InferiorInfarction,-612,qR,1,0.0003,0,629,1,243,500,,,,,,,,,,3,2,2.0,10,10,0.0,28,28,0.0,,,,50,48,4.0,51,49,4.0,141,142,-2.0,247,269,-44.0,2.0,-46.0,-48.0,-42.0
InferiorInfarction_007,aVL,1,InferiorInfarction,-612,rS,1,0.0,0,629,1,243,500,,,,,,,,,,3,2,2.0,,17,,7,37,-60.0,17,,,49,48,2.0,54,49,10.0,146,146,0.0,240,226,28.0,0.0,26.0,18.0,28.0
InferiorInfarction_008,II,1,InferiorInfarction,-612,R,1,0.0,0,623,1,243,500,,,,,,,,,,1,2,-2.0,,,,10,23,-26.0,,,,50,50,0.0,51,62,-22.0,173,174,-2.0,257,265,-16.0,2.0,-14.0,6.0,-14.0
InferiorInfarction_008,I,1,InferiorInfarction,-612,R,1,0.0,0,623,1,243,500,,,,,,,,,,1,2,-2.0,,,,7,14,-14.0,,,,51,50,2.0,52,66,-28.0,142,142,0.0,254,267,-26.0,4.0,-24.0,2.0,-26.0
InferiorInfarction_008,III,1,InferiorInfarction,-612,qR,1,0.0,0,623,1,243,500,,,,,,,,,,1,2,-2.0,13,14,-2.0,23,24,-2.0,,,,50,50,0.0,51,59,-16.0,141,141,0.0,260,246,28.0,2.0,30.0,44.0,28.0
InferiorInfarction_008,aVR,1,InferiorInfarction,-612,QS,1,0.0,0,623,1,243,500,,,,,,,,,,1,2,-2.0,23,23,0.0,,,,,,,51,50,2.0,52,62,-20.0,174,174,0.0,255,269,-28.0,4.0,-26.0,-8.0,-28.0
InferiorInfarction_008,aVL,1,InferiorInfarction,-612,RS,1,0.0,0,623,1,243,500,,,,,,,,,,1,2,-2.0,,10,,7,14,-14.0,23,24,-2.0,51,50,2.0,52,83,-62.0,141,142,-2.0,252,255,-6.0,4.0,-4.0,56.0,-4.0
InferiorInfarction_008,aVF,1,InferiorInfarction,-612,qR,1,0.0,0,623,1,243,500,,,,,,,,,,1,2,-2.0,13,14,-2.0,23,23,0.0,,,,51,50,2.0,52,55,-6.0,173,173,0.0,260,253,14.0,4.0,16.0,20.0,14.0
InferiorInfarction_008,V1,1,InferiorInfarction,-612,rS,1,0.0,0,623,1,243,500,,,,,,,,,,1,2,-2.0,,,,6,7,-2.0,21,21,0.0,49,50,-2.0,50,51,-2.0,140,140,0.0,252,251,2.0,0.0,4.0,4.0,2.0
InferiorInfarction_008,V2,1,InferiorInfarction,-612,rS,1,0.0,0,623,1,243,500,,,,,,,,,,1,2,-2.0,,16,,5,,,16,,,50,50,0.0,51,51,0.0,139,139,0.0,249,248,2.0,2.0,4.0,2.0,2.0
InferiorInfarction_008,V3,1,InferiorInfarction,-612,QRs,1,0.0,0,623,1,243,500,,,,,,,,,,1,2,-2.0,13,14,-2.0,22,22,0.0,34,34,0.0,52,50,4.0,53,51,4.0,138,138,0.0,251,269,-36.0,6.0,-34.0,-40.0,-36.0
InferiorInfarction_008,V4,1,InferiorInfarction,-612,qRs,1,0.0,0,623,1,243,500,,,,,,,,,,1,2,-2.0,11,11,0.0,23,23,0.0,38,39,-2.0,52,50,4.0,53,51,4.0,139,139,0.0,251,257,-12.0,6.0,-10.0,-16.0,-12.0
InferiorInfarction_008,V5,1,InferiorInfarction,-612,qR,1,0.0,0,623,1,243,500,,,,,,,,,,1,2,-2.0,9,9,0.0,23,23,0.0,,,,51,50,2.0,52,51,2.0,173,173,0.0,254,238,32.0,4.0,34.0,30.0,32.0
InferiorInfarction_008,V6,1,InferiorInfarction,-612,qRs,1,0.0,0,623,1,243,500,,,,,,,,,,1,2,-2.0,8,,,30,31,-2.0,52,,,52,50,4.0,53,51,4.0,144,144,0.0,255,275,-40.0,6.0,-38.0,-44.0,-40.0
InferiorInfarction_009,V1,1,InferiorInfarction,-611,rS,1,0.0054,0,638,1,244,500,,,,,,,,,,1,2,-2.0,,,,8,7,2.0,24,24,0.0,49,46,6.0,50,50,0.0,140,140,0.0,250,268,-36.0,8.0,-34.0,-36.0,-36.0
InferiorInfarction_009,I,1,InferiorInfarction,-611,R,1,0.0094,0,638,1,244,500,,,,,,,,,,1,2,-2.0,,,,15,27,-24.0,,66,,51,46,10.0,57,94,-74.0,144,144,0.0,249,275,-52.0,12.0,-50.0,22.0,-52.0
InferiorInfarction_009,II,1,InferiorInfarction,-611,R,1,0.0036,0,638,1,244,500,,,,,,,,,,1,2,-2.0,,,,9,25,-32.0,,68,,51,46,10.0,52,97,-90.0,173,173,0.0,248,279,-62.0,12.0,-60.0,28.0,-62.0
InferiorInfarction_009,III,1,InferiorInfarction,-611,Qrs,1,0.0001,0,638,1,244,500,,,,,,,,,,1,2,-2.0,14,15,-2.0,20,19,2.0,30,30,0.0,50,46,8.0,51,92,-82.0,143,143,0.0,250,260,-20.0,10.0,-18.0,62.0,-20.0
InferiorInfarction_009,aVR,1,InferiorInfarction,-611,QS,1,0.0075,0,638,1,244,500,,,,,,,,,,1,2,-2.0,25,25,0.0,,,,,,,52,46,12.0,54,52,4.0,144,145,-2.0,251,275,-48.0,14.0,-46.0,-52.0,-46.0
InferiorInfarction_009,aVL,1,InferiorInfarction,-611,R,1,0.0022,0,638,1,244,500,,,,,,,,,,1,2,-2.0,,,,15,15,0.0,,19,,52,46,12.0,54,72,-36.0,143,144,-2.0,248,273,-50.0,14.0,-48.0,-14.0,-48.0
InferiorInfarction_009,aVF,1,InferiorInfarction,-611,qR,1,0.0003,0,638,1,244,500,,,,,,,,,,1,2,-2.0,14,14,0.0,25,25,0.0,,,,51,46,10.0,53,50,6.0,172,172,0.0,249,260,-22.0,12.0,-20.0,-28.0,-22.0
InferiorInfarction_009,V2,1,InferiorInfarction,-611,rS,1,0.0082,0,638,1,244,500,,,,,,,,,,1,2,-2.0,,,,8,7,2.0,24,23,2.0,50,46,8.0,51,50,2.0,140,140,0.0,249,268,-38.0,10.0,-36.0,-40.0,-38.0
InferiorInfarction_009,V3,1,InferiorInfarction,-611,rS,1,0.0153,0,638,1,244,500,,,,,,,,,,1,2,-2.0,,22,,4,,,22,,,50,46,8.0,58,50,16.0,139,140,-2.0,248,269,-42.0,10.0,-40.0,-58.0,-40.0
InferiorInfarction_009,V4,1,InferiorInfarction,-611,rS,1,0.0089,0,638,1,244,500,,,,,,,,,,1,2,-2.0,,14,,4,25,-42.0,35,35,0.0,51,46,10.0,59,70,-22.0,140,140,0.0,248,273,-50.0,12.0,-48.0,-28.0,-50.0
InferiorInfarction_009,V5,1,InferiorInfarction,-611,qR,1,0.0015,0,638,1,244,500,,,,,,,,,,1,2,-2.0,7,,,24,25,-2.0,,,,51,46,10.0,53,72,-38.0,147,147,0.0,250,172,156.0,12.0,158.0,194.0,156.0
InferiorInfarction_009,V6,1,InferiorInfarction,-611,qR,1,0.0064,0,638,1,244,500,,,,,,,,,,1,2,-2.0,7,7,0.0,25,25,0.0,,,,51,46,10.0,59,68,-18.0,170,171,-2.0,250,273,-46.0,12.0,-44.0,-28.0,-44.0
InferiorInfarction_010,aVR,1,InferiorInfarction,-608,QS,1,0.0021,0,639,1,247,500,,,,,,,,,,2,2,0.0,28,28,0.0,,,,,,,51,46,10.0,52,48,8.0,175,175,0.0,253,275,-44.0,10.0,-44.0,-52.0,-44.0
InferiorInfarction_010,I,1,InferiorInfarction,-608,R,1,0.0018,0,639,1,247,500,,,,,,,,,,2,2,0.0,,,,13,32,-38.0,,,,51,46,10.0,52,64,-24.0,139,139,0.0,254,275,-42.0,10.0,-42.0,-18.0,-42.0
InferiorInfarction_010,II,1,InferiorInfarction,-608,qR,1,0.0014,0,639,1,247,500,,,,,,,,,,2,2,0.0,12,13,-2.0,27,27,0.0,,,,50,46,8.0,51,48,6.0,175,176,-2.0,252,273,-42.0,8.0,-42.0,-48.0,-40.0
InferiorInfarction_010,III,1,InferiorInfarction,-608,qR,1,0.0016,0,639,1,247,500,,,,,,,,,,2,2,0.0,13,13,0.0,26,27,-2.0,,,,49,46,6.0,50,48,4.0,139,139,0.0,255,277,-44.0,6.0,-44.0,-48.0,-44.0
InferiorInfarction_010,aVL,1,InferiorInfarction,-608,RS,1,0.0001,0,639,1,247,500,,,,,,,,,,2,2,0.0,,,,13,13,0.0,24,24,0.0,51,46,10.0,52,83,-62.0,139,139,0.0,252,255,-6.0,10.0,-6.0,56.0,-6.0
InferiorInfarction_010,aVF,1,InferiorInfarction,-608,qR,1,0.001,0,639,1,247,500,,,,,,,,,,2,2,0.0,12,13,-2.0,27,27,0.0,,,,51,46,10.0,52,48,8.0,139,139,0.0,252,269,-34.0,10.0,-34.0,-42.0,-34.0
InferiorInfarction_010,V1,1,InferiorInfarction,-608,rS,1,0.0027,0,639,1,247,500,,,,,,,,,,2,2,0.0,,27,,4,,,26,,,49,46,6.0,50,48,4.0,142,143,-2.0,253,269,-32.0,6.0,-32.0,-36.0,-30.0
InferiorInfarction_010,V2,1,InferiorInfarction,-608,QS,1,0.0012,0,639,1,247,500,,,,,,,,,,2,2,0.0,26,26,0.0,,,,,,,49,46,6.0,50,48,4.0,141,141,0.0,252,263,-22.0,6.0,-22.0,-26.0,-22.0
InferiorInfarction_010,V3,1,InferiorInfarction,-608,Qr,1,0.0035,0,639,1,247,500,,,,,,,,,,3,2,2.0,14,14,0.0,51,,,,,,51,46,10.0,53,48,10.0,140,140,0.0,252,269,-34.0,8.0,-36.0,-44.0,-34.0
InferiorInfarction_010,V4,1,InferiorInfarction,-608,QRs,1,0.004,0,639,1,247,500,,,,,,,,,,3,2,2.0,12,13,-2.0,29,29,0.0,38,38,0.0,50,46,8.0,55,80,-50.0,141,141,0.0,251,273,-44.0,6.0,-46.0,6.0,-44.0
InferiorInfarction_010,V5,1,InferiorInfarction,-608,qR,1,0.0017,0,639,1,247,500,,,,,,,,,,2,2,0.0,9,10,-2.0,30,30,0.0,,,,50,46,8.0,57,51,12.0,141,141,0.0,254,275,-42.0,8.0,-42.0,-54.0,-42.0
InferiorInfarction_010,V6,1,InferiorInfarction,-608,Rs,1,0.002,0,639,1,247,500,,,,,,,,,,2,2,0.0,,,,31,32,-2.0,50,,,50,46,8.0,59,54,10.0,145,145,0.0,253,275,-44.0,8.0,-44.0,-54.0,-44.0
InferiorIschemia_001,aVF,1,InferiorIschemia,-614,qR,1,0.0014,0,642,1,241,500,,,,,,,,,,2,2,0.0,6,,,11,23,-24.0,,,,44,40,8.0,57,53,8.0,184,119,130.0,184,180,8.0,8.0,8.0,0.0,-122.0
InferiorIschemia_001,I,1,InferiorIschemia,-614,R,1,0.0015,0,642,1,241,500,,,,,,,,,,1,2,-2.0,,11,,7,14,-14.0,,18,,43,40,6.0,54,62,-16.0,165,116,98.0,182,172,20.0,8.0,22.0,36.0,-78.0
InferiorIschemia_001,II,1,InferiorIschemia,-614,R,1,0.0007,0,642,1,241,500,,,,,,,,,,1,2,-2.0,,,,23,23,0.0,,,,43,40,6.0,45,53,-16.0,187,119,136.0,187,175,24.0,8.0,26.0,40.0,-112.0
InferiorIschemia_001,III,1,InferiorIschemia,-614,QR,1,0.0026,0,642,1,241,500,,,,,,,,,,1,2,-2.0,6,,,11,23,-24.0,,,,45,40,10.0,47,54,-14.0,184,122,124.0,184,179,10.0,12.0,12.0,24.0,-114.0
InferiorIschemia_001,aVR,1,InferiorIschemia,-614,QS,1,0.0011,0,642,1,241,500,,,,,,,,,,1,2,-2.0,22,22,0.0,,,,,,,43,40,6.0,54,59,-10.0,185,119,132.0,185,181,8.0,8.0,10.0,18.0,-124.0
InferiorIschemia_001,aVL,1,InferiorIschemia,-614,rS,1,0.0017,0,642,1,241,500,,,,,,,,,,1,2,-2.0,,,,6,6,0.0,23,23,0.0,43,40,6.0,56,59,-6.0,182,133,98.0,182,183,-2.0,8.0,0.0,4.0,-100.0
InferiorIschemia_001,V1,1,InferiorIschemia,-614,RS,1,0.0033,0,642,1,241,500,,,,,,,,,,1,2,-2.0,,,,6,7,-2.0,19,19,0.0,42,40,4.0,48,59,-22.0,140,140,0.0,182,174,16.0,6.0,18.0,38.0,16.0
InferiorIschemia_001,V2,1,InferiorIschemia,-614,rS,1,0.0048,0,642,1,241,500,,,,,,,,,,1,2,-2.0,,24,,5,,,23,,,42,40,4.0,54,57,-6.0,139,139,0.0,181,172,18.0,6.0,20.0,24.0,18.0
InferiorIschemia_001,V6,1,InferiorIschemia,-614,qR,1,0.0011,0,642,1,241,500,,,,,,,,,,1,2,-2.0,5,,,28,28,0.0,,,,43,40,6.0,56,41,30.0,191,101,180.0,191,167,48.0,8.0,50.0,18.0,-132.0
InferiorIschemia_001,V3,1,InferiorIschemia,-614,qRs,1,0.0052,0,642,1,241,500,,,,,,,,,,1,2,-2.0,9,9,0.0,20,20,0.0,27,,,43,40,6.0,58,59,-2.0,139,139,0.0,178,167,22.0,8.0,24.0,24.0,22.0
InferiorIschemia_001,V4,1,InferiorIschemia,-614,qR,1,0.0035,0,642,1,241,500,,,,,,,,,,2,2,0.0,8,8,0.0,21,22,-2.0,,,,43,40,6.0,57,59,-4.0,140,141,-2.0,180,167,26.0,6.0,26.0,30.0,28.0
InferiorIschemia_001,V5,1,InferiorIschemia,-614,qR,1,0.0015,0,642,1,241,500,,,,,,,,,,1,2,-2.0,7,,,24,24,0.0,,,,43,40,6.0,57,59,-4.0,190,114,152.0,190,167,46.0,8.0,48.0,50.0,-106.0
InferiorIschemia_002,I,1,InferiorIschemia,-604,R,1,0.0065,0,643,1,251,500,,,,,,,,,,2,2,0.0,,,,16,16,0.0,,,,55,51,8.0,62,57,10.0,141,141,0.0,182,183,-2.0,8.0,-2.0,-12.0,-2.0
InferiorIschemia_002,II,1,InferiorIschemia,-604,R,1,0.0046,0,643,1,251,500,,,,,,,,,,2,2,0.0,,7,,12,32,-40.0,,,,55,51,8.0,56,69,-26.0,187,122,130.0,187,184,6.0,8.0,6.0,32.0,-124.0
InferiorIschemia_002,III,1,InferiorIschemia,-604,qR,1,0.0122,0,643,1,251,500,,,,,,,,,,2,2,0.0,15,16,-2.0,28,28,0.0,,,,54,51,6.0,55,69,-28.0,142,104,76.0,184,183,2.0,6.0,2.0,30.0,-74.0
InferiorIschemia_002,aVR,1,InferiorIschemia,-604,QS,1,0.0059,0,643,1,251,500,,,,,,,,,,2,2,0.0,31,32,-2.0,,,,,,,55,51,8.0,62,69,-14.0,136,136,0.0,182,185,-6.0,8.0,-6.0,8.0,-6.0
InferiorIschemia_002,aVL,1,InferiorIschemia,-604,RS,1,0.006,0,643,1,251,500,,,,,,,,,,2,2,0.0,,,,9,16,-14.0,27,27,0.0,54,51,6.0,61,101,-80.0,141,141,0.0,182,182,0.0,6.0,0.0,80.0,0.0
InferiorIschemia_002,aVF,1,InferiorIschemia,-604,qR,1,0.0082,0,643,1,251,500,,,,,,,,,,2,2,0.0,15,16,-2.0,31,31,0.0,,,,55,51,8.0,63,54,18.0,185,108,154.0,185,187,-4.0,8.0,-4.0,-22.0,-158.0
InferiorIschemia_002,V1,1,InferiorIschemia,-604,rS,1,0.0151,0,643,1,251,500,,,,,,,,,,2,2,0.0,,,,7,7,0.0,31,31,0.0,54,51,6.0,55,76,-42.0,144,144,0.0,181,172,18.0,6.0,18.0,60.0,18.0
InferiorIschemia_002,V2,1,InferiorIschemia,-604,rS,1,0.0132,0,643,1,251,500,,,,,,,,,,2,2,0.0,,,,7,7,0.0,31,31,0.0,54,51,6.0,60,72,-24.0,143,144,-2.0,180,172,16.0,6.0,16.0,40.0,18.0
InferiorIschemia_002,V3,1,InferiorIschemia,-604,rS,1,0.0143,0,643,1,251,500,,,,,,,,,,2,2,0.0,,,,6,7,-2.0,32,32,0.0,55,51,8.0,67,69,-4.0,143,143,0.0,178,178,0.0,8.0,0.0,4.0,0.0
InferiorIschemia_002,V4,1,InferiorIschemia,-604,Qrs,1,0.012,0,643,1,251,500,,,,,,,,,,2,2,0.0,17,17,0.0,28,42,-28.0,35,,,55,51,8.0,65,74,-18.0,143,143,0.0,179,185,-12.0,8.0,-12.0,6.0,-12.0
InferiorIschemia_002,V5,1,InferiorIschemia,-604,qR,1,0.0056,0,643,1,251,500,,,,,,,,,,2,2,0.0,10,11,-2.0,31,31,0.0,,,,56,51,10.0,65,69,-8.0,159,159,0.0,183,191,-16.0,10.0,-16.0,-8.0,-16.0
InferiorIschemia_002,V6,1,InferiorIschemia,-604,qR,1,0.004,0,643,1,251,500,,,,,,,,,,2,2,0.0,11,10,2.0,35,36,-2.0,,,,56,51,10.0,64,55,18.0,145,92,106.0,184,185,-2.0,10.0,-2.0,-20.0,-108.0
InferiorIschemia_003,aVR,1,InferiorIschemia,-614,QS,1,0.0004,0,628,1,241,500,,,,,,,,,,1,2,-2.0,21,21,0.0,,,,,,,45,43,4.0,46,57,-22.0,177,124,106.0,177,180,-6.0,6.0,-4.0,16.0,-112.0
InferiorIschemia_003,I,1,InferiorIschemia,-614,R,1,0.0005,0,628,1,241,500,,,,,,,,,,1,2,-2.0,,,,7,28,-42.0,,,,45,43,4.0,46,49,-6.0,178,118,120.0,178,169,18.0,6.0,20.0,24.0,-102.0
InferiorIschemia_003,II,1,InferiorIschemia,-614,R,1,0.0002,0,628,1,241,500,,,,,,,,,,1,2,-2.0,,,,9,21,-24.0,,,,45,43,4.0,46,50,-8.0,177,126,102.0,177,179,-4.0,6.0,-2.0,4.0,-106.0
InferiorIschemia_003,III,1,InferiorIschemia,-614,R,1,0.0015,0,628,1,241,500,,,,,,,,,,1,2,-2.0,,,,9,21,-24.0,,,,45,43,4.0,46,57,-22.0,142,143,-2.0,177,175,4.0,6.0,6.0,26.0,6.0
InferiorIschemia_003,aVL,1,InferiorIschemia,-614,rS,1,0.0008,0,628,1,241,500,,,,,,,,,,1,2,-2.0,,21,,6,31,-50.0,21,,,45,43,4.0,46,62,-32.0,147,147,0.0,177,180,-6.0,6.0,-4.0,26.0,-6.0
InferiorIschemia_003,aVF,1,InferiorIschemia,-614,R,1,0.0004,0,628,1,241,500,,,,,,,,,,1,2,-2.0,,,,9,21,-24.0,,,,45,43,4.0,46,57,-22.0,134,134,0.0,177,178,-2.0,6.0,0.0,20.0,-2.0
InferiorIschemia_003,V1,1,InferiorIschemia,-614,rS,1,0.0017,0,628,1,241,500,,,,,,,,,,1,2,-2.0,,,,5,5,0.0,22,21,2.0,45,43,4.0,46,64,-36.0,141,141,0.0,177,178,-2.0,6.0,0.0,34.0,-2.0
InferiorIschemia_003,V2,1,InferiorIschemia,-614,rS,1,0.0026,0,628,1,241,500,,,,,,,,,,1,2,-2.0,,9,,4,19,-30.0,25,25,0.0,45,43,4.0,46,66,-40.0,141,141,0.0,176,176,0.0,6.0,2.0,40.0,0.0
InferiorIschemia_003,V3,1,InferiorIschemia,-614,qRs,1,0.0032,0,628,1,241,500,,,,,,,,,,1,2,-2.0,8,8,0.0,19,19,0.0,31,,,44,43,2.0,50,68,-36.0,144,144,0.0,175,169,12.0,4.0,14.0,48.0,12.0
InferiorIschemia_003,V4,1,InferiorIschemia,-614,qR,1,0.0019,0,628,1,241,500,,,,,,,,,,1,2,-2.0,8,8,0.0,21,22,-2.0,,,,45,43,4.0,47,80,-66.0,147,148,-2.0,176,172,8.0,6.0,10.0,74.0,10.0
InferiorIschemia_003,V6,1,InferiorIschemia,-614,qR,1,0.0005,0,628,1,241,500,,,,,,,,,,1,2,-2.0,6,6,0.0,30,31,-2.0,,,,45,43,4.0,46,47,-2.0,152,100,104.0,178,169,18.0,6.0,20.0,20.0,-86.0
InferiorIschemia_003,V5,1,InferiorIschemia,-614,qR,1,0.0007,0,628,1,241,500,,,,,,,,,,1,2,-2.0,7,8,-2.0,29,30,-2.0,,,,45,43,4.0,47,57,-20.0,177,113,128.0,177,169,16.0,6.0,18.0,36.0,-112.0
InferiorIschemia_004,aVR,1,InferiorIschemia,-609,QS,1,0.0012,0,642,1,246,500,,,,,,,,,,1,2,-2.0,27,27,0.0,,,,,,,43,44,-2.0,48,49,-2.0,184,128,112.0,184,175,18.0,0.0,20.0,20.0,-94.0
InferiorIschemia_004,II,1,InferiorIschemia,-609,R,1,0.001,0,642,1,246,500,,,,,,,,,,1,2,-2.0,,,,10,27,-34.0,,,,44,44,0.0,45,54,-18.0,183,118,130.0,183,176,14.0,2.0,16.0,32.0,-116.0
InferiorIschemia_004,III,1,InferiorIschemia,-609,qR,1,0.0062,0,642,1,246,500,,,,,,,,,,1,2,-2.0,13,14,-2.0,26,26,0.0,,,,45,44,2.0,46,48,-4.0,139,85,108.0,185,175,20.0,4.0,22.0,24.0,-88.0
InferiorIschemia_004,aVL,1,InferiorIschemia,-609,RS,1,0.0027,0,642,1,246,500,,,,,,,,,,1,2,-2.0,,,,8,14,-12.0,25,26,-2.0,44,44,0.0,46,78,-64.0,138,138,0.0,183,179,8.0,2.0,10.0,72.0,8.0
InferiorIschemia_004,aVF,1,InferiorIschemia,-609,qR,1,0.002,0,642,1,246,500,,,,,,,,,,1,2,-2.0,7,,,26,26,0.0,,,,43,44,-2.0,48,49,-2.0,183,102,162.0,183,177,12.0,0.0,14.0,14.0,-150.0
InferiorIschemia_004,V1,1,InferiorIschemia,-609,rS,1,0.0058,0,642,1,246,500,,,,,,,,,,1,2,-2.0,,,,4,5,-2.0,21,21,0.0,44,44,0.0,45,60,-30.0,143,144,-2.0,184,175,18.0,2.0,20.0,48.0,20.0
InferiorIschemia_004,V2,1,InferiorIschemia,-609,rS,1,0.0053,0,642,1,246,500,,,,,,,,,,1,2,-2.0,,25,,3,,,25,,,44,44,0.0,46,61,-30.0,142,142,0.0,183,175,16.0,2.0,18.0,46.0,16.0
InferiorIschemia_004,V3,1,InferiorIschemia,-609,QRs,1,0.0038,0,642,1,246,500,,,,,,,,,,1,2,-2.0,10,10,0.0,24,25,-2.0,33,33,0.0,44,44,0.0,53,65,-24.0,141,141,0.0,181,175,12.0,2.0,14.0,36.0,12.0
InferiorIschemia_004,V4,1,InferiorIschemia,-609,qR,1,0.003,0,642,1,246,500,,,,,,,,,,1,2,-2.0,9,10,-2.0,26,26,0.0,,,,43,44,-2.0,49,97,-96.0,80,152,-144.0,181,175,12.0,0.0,14.0,108.0,156.0
InferiorIschemia_004,V5,1,InferiorIschemia,-609,R,1,0.0014,0,642,1,246,500,,,,,,,,,,1,2,-2.0,,,,31,31,0.0,,,,44,44,0.0,49,87,-76.0,184,117,134.0,184,175,18.0,2.0,20.0,94.0,-116.0
InferiorIschemia_004,I,1,InferiorIschemia,-609,R,1,0.0016,0,642,1,246,500,,,,,,,,,,1,2,-2.0,,,,14,14,0.0,,,,44,44,0.0,46,46,0.0,135,136,-2.0,183,175,16.0,2.0,18.0,16.0,18.0
InferiorIschemia_004,V6,1,InferiorIschemia,-609,R,1,0.001,0,642,1,246,500,,,,,,,,,,1,2,-2.0,,,,32,32,0.0,,,,45,44,2.0,46,46,0.0,185,100,170.0,185,175,20.0,4.0,22.0,20.0,-150.0
InferiorIschemia_005,III,1,InferiorIschemia,-611,qR,1,0.0061,0,624,1,244,500,,,,,,,,,,2,2,0.0,8,8,0.0,23,23,0.0,,,,42,40,4.0,43,44,-2.0,176,150,52.0,176,168,16.0,4.0,16.0,18.0,-36.0
InferiorIschemia_005,I,1,InferiorIschemia,-611,R,1,0.0008,0,624,1,244,500,,,,,,,,,,2,2,0.0,,,,11,11,0.0,,,,43,40,6.0,44,59,-30.0,129,129,0.0,176,168,16.0,6.0,16.0,46.0,16.0
InferiorIschemia_005,II,1,InferiorIschemia,-611,R,1,0.0013,0,624,1,244,500,,,,,,,,,,2,2,0.0,,,,23,23,0.0,,,,42,40,4.0,43,44,-2.0,176,124,104.0,176,168,16.0,4.0,16.0,18.0,-88.0
InferiorIschemia_005,aVR,1,InferiorIschemia,-611,QS,1,0.0021,0,624,1,244,500,,,,,,,,,,2,2,0.0,23,23,0.0,,,,,,,42,40,4.0,43,46,-6.0,176,127,98.0,176,176,0.0,4.0,0.0,6.0,-98.0
InferiorIschemia_005,aVL,1,InferiorIschemia,-611,RS,1,0.0027,0,624,1,244,500,,,,,,,,,,2,2,0.0,,,,10,11,-2.0,23,23,0.0,42,40,4.0,43,42,2.0,151,152,-2.0,176,176,0.0,4.0,0.0,-2.0,2.0
InferiorIschemia_005,aVF,1,InferiorIschemia,-611,R,1,0.0028,0,624,1,244,500,,,,,,,,,,2,2,0.0,,8,,23,23,0.0,,,,43,40,6.0,44,49,-10.0,176,121,110.0,176,174,4.0,6.0,4.0,14.0,-106.0
InferiorIschemia_005,V1,1,InferiorIschemia,-611,rS,1,0.01,0,624,1,244,500,,,,,,,,,,2,2,0.0,,,,6,6,0.0,21,21,0.0,42,40,4.0,43,62,-38.0,142,143,-2.0,175,168,14.0,4.0,14.0,52.0,16.0
InferiorIschemia_005,V2,1,InferiorIschemia,-611,rS,1,0.0111,0,624,1,244,500,,,,,,,,,,2,2,0.0,,24,,6,,,24,,,42,40,4.0,43,70,-54.0,142,142,0.0,175,168,14.0,4.0,14.0,68.0,14.0
InferiorIschemia_005,V3,1,InferiorIschemia,-611,qRs,1,0.0112,0,624,1,244,500,,,,,,,,,,2,2,0.0,9,9,0.0,15,15,0.0,25,25,0.0,43,40,6.0,44,72,-56.0,143,144,-2.0,174,179,-10.0,6.0,-10.0,46.0,-8.0
InferiorIschemia_005,V4,1,InferiorIschemia,-611,qR,1,0.0065,0,624,1,244,500,,,,,,,,,,2,2,0.0,8,8,0.0,15,15,0.0,,,,43,40,6.0,44,94,-100.0,147,147,0.0,174,168,12.0,6.0,12.0,112.0,12.0
InferiorIschemia_005,V6,1,InferiorIschemia,-611,R,1,0.0018,0,624,1,244,500,,,,,,,,,,2,2,0.0,,,,13,29,-32.0,,,,43,40,6.0,44,49,-10.0,176,103,146.0,176,175,2.0,6.0,2.0,12.0,-144.0
InferiorIschemia_005,V5,1,InferiorIschemia,-611,R,1,0.0026,0,624,1,244,500,,,,,,,,,,2,2,0.0,,,,15,30,-30.0,,,,43,40,6.0,44,49,-10.0,175,112,126.0,175,168,14.0,6.0,14.0,24.0,-112.0
InferiorIschemia_006,aVR,1,InferiorIschemia,-611,QS,1,0.0057,0,626,1,244,500,,,,,,,,,,1,2,-2.0,24,24,0.0,,,,,,,50,39,22.0,59,51,16.0,132,132,0.0,177,175,4.0,24.0,6.0,-12.0,4.0
InferiorIschemia_006,II,1,InferiorIschemia,-611,R,1,0.0062,0,626,1,244,500,,,,,,,,,,1,2,-2.0,,,,10,24,-28.0,,,,51,39,24.0,59,51,16.0,177,126,102.0,177,177,0.0,26.0,2.0,-16.0,-102.0
InferiorIschemia_006,III,1,InferiorIschemia,-611,rS,1,0.027,0,626,1,244,500,,,,,,,,,,1,2,-2.0,,14,,9,24,-30.0,14,,,51,39,24.0,59,55,8.0,177,112,130.0,177,178,-2.0,26.0,0.0,-10.0,-132.0
InferiorIschemia_006,aVL,1,InferiorIschemia,-611,rS,1,0.0095,0,626,1,244,500,,,,,,,,,,1,2,-2.0,,,,7,14,-14.0,24,24,0.0,50,39,22.0,59,41,36.0,138,87,102.0,177,166,22.0,24.0,24.0,-14.0,-80.0
InferiorIschemia_006,aVF,1,InferiorIschemia,-611,R,1,0.0151,0,626,1,244,500,,,,,,,,,,1,2,-2.0,,14,,10,25,-30.0,,,,51,39,24.0,61,55,12.0,177,118,118.0,177,176,2.0,26.0,4.0,-10.0,-116.0
InferiorIschemia_006,V1,1,InferiorIschemia,-611,rS,1,0.0159,0,626,1,244,500,,,,,,,,,,1,2,-2.0,,,,8,8,0.0,22,22,0.0,48,39,18.0,49,59,-20.0,142,142,0.0,176,176,0.0,20.0,2.0,20.0,0.0
InferiorIschemia_006,V2,1,InferiorIschemia,-611,rS,1,0.0139,0,626,1,244,500,,,,,,,,,,1,2,-2.0,,,,5,8,-6.0,21,22,-2.0,49,39,20.0,59,55,8.0,141,141,0.0,175,181,-12.0,22.0,-10.0,-20.0,-12.0
InferiorIschemia_006,V3,1,InferiorIschemia,-611,rS,1,0.013,0,626,1,244,500,,,,,,,,,,1,2,-2.0,,,,4,5,-2.0,21,21,0.0,50,39,22.0,62,66,-8.0,140,141,-2.0,174,168,12.0,24.0,14.0,20.0,14.0
InferiorIschemia_006,V4,1,InferiorIschemia,-611,RS,1,0.0117,0,626,1,244,500,,,,,,,,,,1,2,-2.0,,8,,4,24,-40.0,33,33,0.0,49,39,20.0,61,72,-22.0,141,141,0.0,174,167,14.0,22.0,16.0,36.0,14.0
InferiorIschemia_006,V5,1,InferiorIschemia,-611,R,1,0.0099,0,626,1,244,500,,,,,,,,,,1,2,-2.0,,,,17,24,-14.0,,,,50,39,22.0,61,76,-30.0,177,119,116.0,177,168,18.0,24.0,20.0,48.0,-98.0
InferiorIschemia_006,V6,1,InferiorIschemia,-611,R,1,0.0081,0,626,1,244,500,,,,,,,,,,1,2,-2.0,,,,27,27,0.0,,,,51,39,24.0,61,51,20.0,177,101,152.0,177,166,22.0,26.0,24.0,2.0,-130.0
InferiorIschemia_006,I,1,InferiorIschemia,-611,R,1,0.0058,0,626,1,244,500,,,,,,,,,,1,2,-2.0,,,,14,14,0.0,,,,50,39,22.0,60,51,18.0,135,135,0.0,176,166,20.0,24.0,22.0,2.0,20.0
InferiorIschemia_007,III,1,InferiorIschemia,-612,qR,1,0.0011,0,629,1,243,500,,,,,,,,,,2,3,-2.0,7,7,0.0,19,20,-2.0,,,,43,43,0.0,44,52,-16.0,145,146,-2.0,176,167,18.0,2.0,20.0,34.0,20.0
InferiorIschemia_007,II,1,InferiorIschemia,-612,qR,1,0.0003,0,629,1,243,500,,,,,,,,,,2,3,-2.0,6,,,20,24,-8.0,,,,43,43,0.0,44,52,-16.0,179,107,144.0,179,167,24.0,2.0,26.0,40.0,-120.0
InferiorIschemia_007,V3,1,InferiorIschemia,-612,qRs,1,0.0033,0,629,1,243,500,,,,,,,,,,2,3,-2.0,10,10,0.0,23,23,0.0,35,,,43,43,0.0,51,101,-100.0,143,144,-2.0,174,167,14.0,2.0,16.0,114.0,16.0
InferiorIschemia_007,I,1,InferiorIschemia,-612,RS,1,0.0004,0,629,1,243,500,,,,,,,,,,2,3,-2.0,,11,,7,24,-34.0,11,,,44,43,2.0,46,52,-12.0,149,103,92.0,177,167,20.0,4.0,22.0,32.0,-72.0
InferiorIschemia_007,aVR,1,InferiorIschemia,-612,QS,1,0.0005,0,629,1,243,500,,,,,,,,,,2,3,-2.0,23,24,-2.0,,,,,,,44,43,2.0,45,52,-14.0,176,105,142.0,176,167,18.0,4.0,20.0,32.0,-124.0
InferiorIschemia_007,aVL,1,InferiorIschemia,-612,rS,1,0.0007,0,629,1,243,500,,,,,,,,,,2,3,-2.0,,,,7,7,0.0,18,18,0.0,45,43,4.0,46,52,-12.0,147,147,0.0,176,167,18.0,6.0,20.0,30.0,18.0
InferiorIschemia_007,aVF,1,InferiorIschemia,-612,qR,1,0.0005,0,629,1,243,500,,,,,,,,,,3,3,0.0,7,7,0.0,20,20,0.0,,,,45,43,4.0,46,52,-12.0,176,109,134.0,176,167,18.0,4.0,18.0,30.0,-116.0
InferiorIschemia_007,V1,1,InferiorIschemia,-612,rS,1,0.0022,0,629,1,243,500,,,,,,,,,,2,3,-2.0,,19,,5,,,19,,,44,43,2.0,45,52,-14.0,140,141,-2.0,176,167,18.0,4.0,20.0,32.0,20.0
InferiorIschemia_007,V2,1,InferiorIschemia,-612,Qrs,1,0.0032,0,629,1,243,500,,,,,,,,,,2,3,-2.0,10,11,-2.0,22,23,-2.0,28,28,0.0,44,43,2.0,46,52,-12.0,141,141,0.0,175,167,16.0,4.0,18.0,28.0,16.0
InferiorIschemia_007,V4,1,InferiorIschemia,-612,qR,1,0.002,0,629,1,243,500,,,,,,,,,,2,3,-2.0,9,10,-2.0,23,23,0.0,,,,43,43,0.0,49,52,-6.0,97,98,-2.0,175,167,16.0,2.0,18.0,22.0,18.0
InferiorIschemia_007,V5,1,InferiorIschemia,-612,qR,1,0.0008,0,629,1,243,500,,,,,,,,,,2,3,-2.0,10,10,0.0,24,25,-2.0,,,,43,43,0.0,48,52,-8.0,148,104,88.0,178,167,22.0,2.0,24.0,30.0,-66.0
InferiorIschemia_007,V6,1,InferiorIschemia,-612,qR,1,0.0006,0,629,1,243,500,,,,,,,,,,2,3,-2.0,10,10,0.0,27,27,0.0,,,,44,43,2.0,45,52,-14.0,145,101,88.0,179,167,24.0,4.0,26.0,38.0,-64.0
InferiorIschemia_008,I,1,InferiorIschemia,-612,R,1,0.0001,0,637,1,243,500,,,,,,,,,,1,2,-2.0,,,,14,14,0.0,,,,44,41,6.0,56,53,6.0,135,135,0.0,183,171,24.0,8.0,26.0,18.0,24.0
InferiorIschemia_008,aVR,1,InferiorIschemia,-612,QS,1,0.0001,0,637,1,243,500,,,,,,,,,,1,2,-2.0,23,23,0.0,,,,,,,44,41,6.0,56,53,6.0,183,129,108.0,183,175,16.0,8.0,18.0,10.0,-92.0
InferiorIschemia_008,V3,1,InferiorIschemia,-612,QRs,1,0.0004,0,637,1,243,500,,,,,,,,,,1,2,-2.0,13,14,-2.0,22,22,0.0,34,,,44,41,6.0,59,64,-10.0,139,139,0.0,178,171,14.0,8.0,16.0,24.0,14.0
InferiorIschemia_008,V4,1,InferiorIschemia,-612,qR,1,0.0002,0,637,1,243,500,,,,,,,,,,1,2,-2.0,11,11,0.0,23,23,0.0,,,,44,41,6.0,58,66,-16.0,139,139,0.0,179,171,16.0,8.0,18.0,32.0,16.0
InferiorIschemia_008,II,1,InferiorIschemia,-612,R,1,0.0,0,637,1,243,500,,,,,,,,,,1,2,-2.0,,,,23,23,0.0,,,,44,41,6.0,45,53,-16.0,183,117,132.0,183,171,24.0,8.0,26.0,40.0,-108.0
InferiorIschemia_008,III,1,InferiorIschemia,-612,QR,1,0.0005,0,637,1,243,500,,,,,,,,,,1,2,-2.0,13,14,-2.0,23,23,0.0,,,,44,41,6.0,45,53,-16.0,140,79,122.0,182,171,22.0,8.0,24.0,38.0,-100.0
InferiorIschemia_008,aVL,1,InferiorIschemia,-612,RS,1,0.0002,0,637,1,243,500,,,,,,,,,,1,2,-2.0,,,,13,14,-2.0,23,24,-2.0,45,41,8.0,47,53,-12.0,138,138,0.0,182,171,22.0,10.0,24.0,34.0,22.0
InferiorIschemia_008,aVF,1,InferiorIschemia,-612,qR,1,0.0001,0,637,1,243,500,,,,,,,,,,1,2,-2.0,13,14,-2.0,23,23,0.0,,,,44,41,6.0,58,53,10.0,181,106,150.0,181,171,20.0,8.0,22.0,10.0,-130.0
InferiorIschemia_008,V1,1,InferiorIschemia,-612,rS,1,0.0006,0,637,1,243,500,,,,,,,,,,1,2,-2.0,,,,6,7,-2.0,21,21,0.0,45,41,8.0,46,53,-14.0,141,141,0.0,181,171,20.0,10.0,22.0,34.0,20.0
InferiorIschemia_008,V2,1,InferiorIschemia,-612,rS,1,0.0006,0,637,1,243,500,,,,,,,,,,1,2,-2.0,,16,,5,,,16,,,44,41,6.0,56,53,6.0,140,140,0.0,180,171,18.0,8.0,20.0,12.0,18.0
InferiorIschemia_008,V5,1,InferiorIschemia,-612,qR,1,0.0001,0,637,1,243,500,,,,,,,,,,1,2,-2.0,8,9,-2.0,23,23,0.0,,,,45,41,8.0,58,53,10.0,184,112,144.0,184,171,26.0,10.0,28.0,16.0,-118.0
InferiorIschemia_008,V6,1,InferiorIschemia,-612,qR,1,0.0001,0,637,1,243,500,,,,,,,,,,1,2,-2.0,7,8,-2.0,29,30,-2.0,,,,45,41,8.0,57,53,8.0,184,101,166.0,184,171,26.0,10.0,28.0,18.0,-140.0
InferiorIschemia_009,I,1,InferiorIschemia,-611,R,1,0.0072,0,638,1,244,500,,,,,,,,,,1,2,-2.0,,,,15,25,-20.0,,,,43,39,8.0,56,76,-40.0,138,138,0.0,188,168,40.0,10.0,42.0,80.0,40.0
InferiorIschemia_009,V3,1,InferiorIschemia,-611,rS,1,0.0073,0,638,1,244,500,,,,,,,,,,1,2,-2.0,,17,,4,,,21,,,43,39,8.0,60,68,-16.0,141,141,0.0,177,175,4.0,10.0,6.0,20.0,4.0
InferiorIschemia_009,V4,1,InferiorIschemia,-611,rS,1,0.0057,0,638,1,244,500,,,,,,,,,,1,2,-2.0,,14,,4,26,-44.0,14,35,-42.0,43,39,8.0,59,62,-6.0,141,141,0.0,178,168,20.0,10.0,22.0,26.0,20.0
InferiorIschemia_009,V5,1,InferiorIschemia,-611,qR,1,0.0039,0,638,1,244,500,,,,,,,,,,1,2,-2.0,11,11,0.0,24,25,-2.0,,,,43,39,8.0,59,70,-22.0,146,146,0.0,182,168,28.0,10.0,30.0,50.0,28.0
InferiorIschemia_009,II,1,InferiorIschemia,-611,R,1,0.0018,0,638,1,244,500,,,,,,,,,,1,2,-2.0,,,,9,25,-32.0,,,,43,39,8.0,51,55,-8.0,184,120,128.0,184,168,32.0,10.0,34.0,40.0,-96.0
InferiorIschemia_009,III,1,InferiorIschemia,-611,Qrs,1,0.0175,0,638,1,244,500,,,,,,,,,,1,2,-2.0,14,15,-2.0,20,19,2.0,29,29,0.0,42,39,6.0,53,55,-4.0,141,141,0.0,185,168,34.0,8.0,36.0,38.0,34.0
InferiorIschemia_009,aVR,1,InferiorIschemia,-611,QS,1,0.0022,0,638,1,244,500,,,,,,,,,,1,2,-2.0,25,25,0.0,,,,,,,43,39,8.0,56,55,2.0,134,134,0.0,183,168,30.0,10.0,32.0,28.0,30.0
InferiorIschemia_009,aVL,1,InferiorIschemia,-611,R,1,0.0087,0,638,1,244,500,,,,,,,,,,1,2,-2.0,,,,14,15,-2.0,,41,,42,39,6.0,56,55,2.0,139,139,0.0,184,168,32.0,8.0,34.0,30.0,32.0
InferiorIschemia_009,aVF,1,InferiorIschemia,-611,qR,1,0.0047,0,638,1,244,500,,,,,,,,,,1,2,-2.0,14,14,0.0,25,25,0.0,,,,42,39,6.0,57,55,4.0,183,92,182.0,183,168,30.0,8.0,32.0,26.0,-152.0
InferiorIschemia_009,V1,1,InferiorIschemia,-611,rS,1,0.0129,0,638,1,244,500,,,,,,,,,,1,2,-2.0,,,,8,9,-2.0,24,24,0.0,43,39,8.0,53,55,-4.0,142,143,-2.0,179,168,22.0,10.0,24.0,26.0,24.0
InferiorIschemia_009,V2,1,InferiorIschemia,-611,rS,1,0.0089,0,638,1,244,500,,,,,,,,,,1,2,-2.0,,,,5,7,-4.0,23,23,0.0,43,39,8.0,57,55,4.0,142,142,0.0,178,168,20.0,10.0,22.0,16.0,20.0
InferiorIschemia_009,V6,1,InferiorIschemia,-611,qR,1,0.0027,0,638,1,244,500,,,,,,,,,,1,2,-2.0,8,8,0.0,24,24,0.0,,,,43,39,8.0,57,55,4.0,188,103,170.0,188,168,40.0,10.0,42.0,36.0,-130.0
InferiorIschemia_010,aVR,1,InferiorIschemia,-608,QS,1,0.0012,0,642,1,247,500,,,,,,,,,,2,2,0.0,28,28,0.0,,,,,,,45,42,6.0,47,53,-12.0,183,127,112.0,183,171,24.0,6.0,24.0,36.0,-88.0
InferiorIschemia_010,I,1,InferiorIschemia,-608,R,1,0.0028,0,642,1,247,500,,,,,,,,,,2,2,0.0,,,,13,33,-40.0,,,,45,42,6.0,46,53,-14.0,134,134,0.0,184,171,26.0,6.0,26.0,40.0,26.0
InferiorIschemia_010,aVL,1,InferiorIschemia,-608,RS,1,0.0019,0,642,1,247,500,,,,,,,,,,1,2,-2.0,,,,13,13,0.0,24,25,-2.0,45,42,6.0,46,52,-12.0,137,137,0.0,182,175,14.0,8.0,16.0,26.0,14.0
InferiorIschemia_010,aVF,1,InferiorIschemia,-608,qR,1,0.0011,0,642,1,247,500,,,,,,,,,,1,2,-2.0,12,13,-2.0,27,27,0.0,,,,44,42,4.0,49,53,-8.0,141,71,140.0,182,187,-10.0,6.0,-8.0,-2.0,-150.0
InferiorIschemia_010,V1,1,InferiorIschemia,-608,rS,1,0.0047,0,642,1,247,500,,,,,,,,,,2,2,0.0,,26,,5,,,26,,,45,42,6.0,46,60,-28.0,144,144,0.0,182,171,22.0,6.0,22.0,50.0,22.0
InferiorIschemia_010,V2,1,InferiorIschemia,-608,QS,1,0.0037,0,642,1,247,500,,,,,,,,,,2,2,0.0,26,26,0.0,,,,,,,45,42,6.0,46,53,-14.0,142,142,0.0,181,177,8.0,6.0,8.0,22.0,8.0
InferiorIschemia_010,V3,1,InferiorIschemia,-608,QS,1,0.0039,0,642,1,247,500,,,,,,,,,,2,2,0.0,13,13,0.0,,,,,,,44,42,4.0,54,65,-22.0,141,142,-2.0,179,171,16.0,4.0,16.0,38.0,18.0
InferiorIschemia_010,V4,1,InferiorIschemia,-608,QR,1,0.003,0,642,1,247,500,,,,,,,,,,2,2,0.0,12,13,-2.0,29,29,0.0,,,,44,42,4.0,50,44,12.0,144,76,136.0,181,171,20.0,4.0,20.0,8.0,-116.0
InferiorIschemia_010,V5,1,InferiorIschemia,-608,qR,1,0.0012,0,642,1,247,500,,,,,,,,,,2,2,0.0,9,10,-2.0,30,30,0.0,,,,45,42,6.0,50,69,-38.0,143,144,-2.0,184,171,26.0,6.0,26.0,64.0,28.0
InferiorIschemia_010,V6,1,InferiorIschemia,-608,R,1,0.001,0,642,1,247,500,,,,,,,,,,2,2,0.0,,,,32,32,0.0,,,,45,42,6.0,47,47,0.0,150,99,102.0,184,171,26.0,6.0,26.0,26.0,-76.0
InferiorIschemia_010,II,1,InferiorIschemia,-608,qR,1,0.0008,0,642,1,247,500,,,,,,,,,,2,2,0.0,12,13,-2.0,27,28,-2.0,,,,45,42,6.0,46,53,-14.0,183,111,144.0,183,171,24.0,6.0,24.0,38.0,-120.0
InferiorIschemia_010,III,1,InferiorIschemia,-608,qR,1,0.003,0,642,1,247,500,,,,,,,,,,1,2,-2.0,12,13,-2.0,26,27,-2.0,,,,44,42,4.0,45,53,-16.0,139,139,0.0,183,171,24.0,6.0,26.0,40.0,24.0
AnteriorInfarction_001,I,1,AnteriorInfarction,-613,RS,1,0.0248,0,638,1,242,500,,,,,,,,,,1,0,2.0,,13,,7,30,-46.0,12,,,48,42,12.0,60,46,28.0,162,161,2.0,260,249,22.0,10.0,20.0,-6.0,20.0
AnteriorInfarction_001,III,1,AnteriorInfarction,-613,rS,1,0.025,0,638,1,242,500,,,,,,,,,,1,0,2.0,,,,5,16,-22.0,30,30,0.0,48,42,12.0,60,46,28.0,143,143,0.0,203,251,-96.0,10.0,-98.0,-124.0,-96.0
AnteriorInfarction_001,aVR,1,AnteriorInfarction,-613,QS,1,0.0265,0,638,1,242,500,,,,,,,,,,1,0,2.0,23,23,0.0,,,,,,,48,42,12.0,60,76,-32.0,140,140,0.0,275,255,40.0,10.0,38.0,72.0,40.0
AnteriorInfarction_001,aVL,1,AnteriorInfarction,-613,QRs,1,0.0263,0,638,1,242,500,,,,,,,,,,1,0,2.0,14,14,0.0,30,30,0.0,44,,,47,42,10.0,61,46,30.0,145,145,0.0,206,252,-92.0,8.0,-94.0,-122.0,-92.0
AnteriorInfarction_001,aVF,1,AnteriorInfarction,-613,Rs,1,0.0097,0,638,1,242,500,,,,,,,,,,1,0,2.0,,,,16,23,-14.0,30,30,0.0,47,42,10.0,61,46,30.0,142,143,-2.0,237,234,6.0,8.0,4.0,-24.0,8.0
AnteriorInfarction_001,V2,1,AnteriorInfarction,-613,rS,1,0.064,0,638,1,242,500,,,,,,,,,,1,0,2.0,,,,4,5,-2.0,19,19,0.0,48,42,12.0,60,56,8.0,140,140,0.0,264,262,4.0,10.0,2.0,-4.0,4.0
AnteriorInfarction_001,V3,1,AnteriorInfarction,-613,qR,1,0.0502,0,638,1,242,500,,,,,,,,,,1,0,2.0,8,8,0.0,25,25,0.0,,,,48,42,12.0,62,139,-154.0,156,156,0.0,205,269,-128.0,10.0,-130.0,26.0,-128.0
AnteriorInfarction_001,V4,1,AnteriorInfarction,-613,qR,1,0.0309,0,638,1,242,500,,,,,,,,,,1,0,2.0,7,8,-2.0,23,23,0.0,,,,47,42,10.0,62,46,32.0,130,133,-6.0,274,253,42.0,8.0,40.0,10.0,48.0
AnteriorInfarction_001,V5,1,AnteriorInfarction,-613,qR,1,0.0186,0,638,1,242,500,,,,,,,,,,1,0,2.0,7,7,0.0,22,22,0.0,,,,47,42,10.0,62,96,-68.0,152,152,0.0,277,251,52.0,8.0,50.0,120.0,52.0
AnteriorInfarction_001,V6,1,AnteriorInfarction,-613,R,1,0.0159,0,638,1,242,500,,,,,,,,,,1,0,2.0,,5,,21,22,-2.0,,,,47,42,10.0,61,46,30.0,147,147,0.0,279,252,54.0,8.0,52.0,24.0,54.0
AnteriorInfarction_001,II,1,AnteriorInfarction,-613,R,1,0.0105,0,638,1,242,500,,,,,,,,,,1,0,2.0,,,,23,23,0.0,,,,47,42,10.0,55,46,18.0,142,142,0.0,205,172,66.0,8.0,64.0,48.0,66.0
AnteriorInfarction_001,V1,1,AnteriorInfarction,-613,rS,1,0.0564,0,638,1,242,500,,,,,,,,,,1,0,2.0,,,,7,7,0.0,20,20,0.0,47,42,10.0,58,46,24.0,141,142,-2.0,261,262,-2.0,8.0,-4.0,-26.0,0.0
AnteriorInfarction_002,V1,1,AnteriorInfarction,-603,rS,1,0.0229,0,636,1,252,500,,,,,,,,,,0,2,-4.0,,,,7,12,-10.0,33,33,0.0,58,57,2.0,76,66,20.0,153,153,0.0,252,277,-50.0,6.0,-46.0,-70.0,-50.0
AnteriorInfarction_002,I,1,AnteriorInfarction,-603,R,1,0.0207,0,636,1,252,500,,,,,,,,,,0,2,-4.0,,,,8,34,-52.0,,,,58,57,2.0,83,143,-120.0,172,172,0.0,251,277,-52.0,6.0,-48.0,68.0,-52.0
AnteriorInfarction_002,II,1,AnteriorInfarction,-603,R,1,0.0118,0,636,1,252,500,,,,,,,,,,0,2,-4.0,,,,11,12,-2.0,,,,59,57,4.0,80,61,38.0,145,145,0.0,247,281,-68.0,8.0,-64.0,-106.0,-68.0
AnteriorInfarction_002,III,1,AnteriorInfarction,-603,RS,1,0.0172,0,636,1,252,500,,,,,,,,,,0,2,-4.0,,,,11,12,-2.0,35,35,0.0,58,57,2.0,80,61,38.0,146,147,-2.0,260,281,-42.0,6.0,-38.0,-80.0,-40.0
AnteriorInfarction_002,aVR,1,AnteriorInfarction,-603,QS,1,0.007,0,636,1,252,500,,,,,,,,,,0,2,-4.0,32,32,0.0,,,,,,,59,57,4.0,81,78,6.0,144,144,0.0,249,263,-28.0,8.0,-24.0,-34.0,-28.0
AnteriorInfarction_002,aVL,1,AnteriorInfarction,-603,qRs,1,0.0178,0,636,1,252,500,,,,,,,,,,0,2,-4.0,12,12,0.0,35,35,0.0,58,56,4.0,58,57,2.0,83,61,44.0,149,149,0.0,256,283,-54.0,6.0,-50.0,-98.0,-54.0
AnteriorInfarction_002,aVF,1,AnteriorInfarction,-603,Rs,1,0.0086,0,636,1,252,500,,,,,,,,,,0,2,-4.0,,,,11,12,-2.0,35,36,-2.0,58,57,2.0,83,61,44.0,145,146,-2.0,252,279,-54.0,6.0,-50.0,-98.0,-52.0
AnteriorInfarction_002,V2,1,AnteriorInfarction,-603,RS,1,0.0207,0,636,1,252,500,,,,,,,,,,0,2,-4.0,,,,7,12,-10.0,33,33,0.0,59,57,4.0,77,65,24.0,151,151,0.0,255,282,-54.0,8.0,-50.0,-78.0,-54.0
AnteriorInfarction_002,V3,1,AnteriorInfarction,-603,RS,1,0.0078,0,636,1,252,500,,,,,,,,,,0,2,-4.0,,,,7,12,-10.0,33,34,-2.0,59,57,4.0,83,155,-144.0,176,176,0.0,250,283,-66.0,8.0,-62.0,78.0,-66.0
AnteriorInfarction_002,V4,1,AnteriorInfarction,-603,R,1,0.0101,0,636,1,252,500,,,,,,,,,,0,2,-4.0,,8,,4,42,-76.0,,,,59,57,4.0,84,61,46.0,239,161,156.0,247,282,-70.0,8.0,-66.0,-116.0,-226.0
AnteriorInfarction_002,V5,1,AnteriorInfarction,-603,qR,1,0.0093,0,636,1,252,500,,,,,,,,,,0,2,-4.0,9,9,0.0,32,32,0.0,,,,59,57,4.0,83,61,44.0,158,156,4.0,250,275,-50.0,8.0,-46.0,-94.0,-54.0
AnteriorInfarction_002,V6,1,AnteriorInfarction,-603,qR,1,0.0127,0,636,1,252,500,,,,,,,,,,0,2,-4.0,8,8,0.0,26,26,0.0,,,,59,57,4.0,82,61,42.0,153,153,0.0,249,277,-56.0,8.0,-52.0,-98.0,-56.0
