record_id,lead,disease_class,query_lead,matched,p_onset_pred,p_onset_err_ms,p_peak_pred,p_peak_err_ms,p_offset_pred,p_offset_err_ms,qrs_onset_pred,qrs_onset_err_ms,q_peak_pred,q_peak_err_ms,r_peak_pred,r_peak_err_ms,s_peak_pred,s_peak_err_ms,qrs_offset_pred,qrs_offset_err_ms,t_onset_pred,t_onset_err_ms,t_peak_pred,t_peak_err_ms,t_offset_pred,t_offset_err_ms
mc_avblock_test_run_S64_run_000089,V4,avblock,I,0,506.0,2.0,522.0,-30.0,555.0,2.0,614.0,-6.0,,,630.0,0.0,641.0,0.0,661.0,6.0,663.0,-20.0,743.0,0.0,787.0,8.0
mc_mi_LCX_1p0_ant_train_run_S73_run_000007,aVR,mi,I,0,533.0,12.0,556.0,2.0,568.0,16.0,593.0,-8.0,605.0,0.0,613.0,0.0,,,667.0,78.0,668.0,-28.0,734.0,0.0,797.0,40.0
mc_fam_train_run_S73_000041,III,fam,I,0,487.0,0.0,551.0,-12.0,588.0,-2.0,589.0,0.0,,,613.0,2.0,629.0,0.0,649.0,8.0,651.0,-116.0,747.0,0.0,786.0,6.0
mc_mi_LAD_0p3_train_run_S69_run_000038,V1,mi,I,0,485.0,-44.0,534.0,-4.0,562.0,0.0,579.0,36.0,590.0,2.0,599.0,0.0,609.0,0.0,627.0,-24.0,,,,,,
mc_lbbb_train_run_S74_run_000026,V6,lbbb,I,0,529.0,0.0,564.0,26.0,586.0,0.0,597.0,-4.0,,,634.0,0.0,661.0,8.0,661.0,6.0,662.0,-6.0,725.0,0.0,796.0,6.0
mc_lae_train_run_S74_000114,V4,lae,I,0,549.0,-2.0,578.0,0.0,600.0,14.0,614.0,2.0,,,626.0,-2.0,643.0,0.0,664.0,4.0,666.0,-4.0,746.0,-2.0,799.0,14.0
mc_sinus_train_run_S65_run_000068,III,sinus,I,0,547.0,0.0,571.0,-4.0,610.0,2.0,611.0,-24.0,,,633.0,-2.0,647.0,0.0,673.0,4.0,675.0,-6.0,751.0,0.0,805.0,6.0
mc_avblock_train_run_S73_run_000027,V3,avblock,I,0,497.0,-12.0,519.0,-2.0,555.0,14.0,616.0,-6.0,,,626.0,-2.0,640.0,0.0,663.0,-6.0,670.0,-28.0,753.0,0.0,795.0,14.0
mc_lae_train_run_S64_000004,aVL,lae,I,0,534.0,-10.0,574.0,0.0,592.0,6.0,601.0,-2.0,624.0,22.0,637.0,26.0,,,657.0,4.0,663.0,-2.0,750.0,0.0,799.0,8.0
mc_lae_test_run_S62_000059,V6,lae,I,0,544.0,-2.0,584.0,0.0,608.0,16.0,609.0,2.0,,,637.0,0.0,,,665.0,4.0,670.0,-4.0,744.0,-54.0,807.0,8.0
mc_avblock_train_run_S66_run_000097,II,avblock,I,0,510.0,12.0,538.0,4.0,556.0,-12.0,617.0,-18.0,,,640.0,0.0,657.0,0.0,674.0,6.0,676.0,-4.0,767.0,0.0,819.0,12.0
mc_avblock_train_run_S72_run_000054,III,avblock,I,0,496.0,-4.0,526.0,14.0,537.0,-4.0,606.0,-8.0,,,623.0,0.0,637.0,0.0,654.0,2.0,660.0,0.0,746.0,0.0,801.0,14.0
mc_avblock_train_run_S73_run_000027,V5,avblock,I,0,501.0,4.0,537.0,0.0,560.0,2.0,621.0,-4.0,,,634.0,0.0,648.0,0.0,668.0,6.0,675.0,-2.0,765.0,0.0,800.0,14.0
mc_avblock_train_run_S69_run_000029,V4,avblock,I,0,510.0,-6.0,543.0,12.0,564.0,6.0,626.0,-2.0,,,639.0,0.0,650.0,0.0,667.0,4.0,673.0,0.0,762.0,0.0,800.0,8.0
mc_avblock_train_run_S66_run_000090,II,avblock,I,0,511.0,2.0,540.0,-2.0,561.0,4.0,613.0,-26.0,,,641.0,0.0,658.0,0.0,670.0,-4.0,675.0,-8.0,763.0,0.0,808.0,8.0
mc_avblock_validation_run_S63_run_000040,V3,avblock,I,0,510.0,-2.0,547.0,2.0,571.0,2.0,622.0,-4.0,,,639.0,0.0,652.0,0.0,666.0,-12.0,674.0,-96.0,767.0,0.0,803.0,10.0
mc_avblock_train_run_S69_run_000002,aVR,avblock,I,0,500.0,8.0,533.0,4.0,547.0,-4.0,620.0,-6.0,637.0,,651.0,28.0,,,669.0,4.0,670.0,-6.0,764.0,-2.0,800.0,4.0
mc_avblock_train_run_S72_run_000094,aVL,avblock,I,0,514.0,-4.0,537.0,0.0,564.0,10.0,634.0,2.0,649.0,,661.0,24.0,,,675.0,2.0,680.0,-2.0,769.0,0.0,812.0,10.0
mc_avblock_validation_run_S67_run_000039,aVF,avblock,I,0,496.0,-6.0,525.0,-2.0,550.0,6.0,618.0,-4.0,,,633.0,0.0,648.0,0.0,661.0,-8.0,668.0,0.0,766.0,0.0,797.0,2.0
mc_avblock_train_run_S74_run_000086,aVF,avblock,I,0,516.0,-6.0,556.0,22.0,573.0,14.0,623.0,-8.0,,,640.0,0.0,658.0,0.0,677.0,6.0,679.0,-4.0,767.0,0.0,806.0,4.0
mc_avblock_train_run_S74_run_000003,II,avblock,I,0,496.0,8.0,528.0,0.0,550.0,-2.0,610.0,-6.0,,,631.0,0.0,647.0,0.0,666.0,4.0,667.0,-4.0,763.0,4.0,802.0,6.0
mc_avblock_train_run_S74_run_000006,III,avblock,I,0,502.0,0.0,523.0,-20.0,563.0,18.0,621.0,-6.0,,,642.0,0.0,660.0,0.0,676.0,4.0,677.0,-6.0,780.0,4.0,816.0,10.0
mc_fam_train_run_S73_000041,II,fam,I,0,487.0,-80.0,551.0,-6.0,588.0,28.0,589.0,-18.0,,,613.0,0.0,628.0,0.0,649.0,4.0,651.0,-6.0,749.0,0.0,786.0,6.0
mc_fam_train_run_S66_000045,V1,fam,I,0,541.0,-2.0,565.0,0.0,602.0,26.0,611.0,-2.0,632.0,-2.0,657.0,,,,657.0,4.0,659.0,-6.0,754.0,0.0,802.0,4.0
mc_fam_train_run_S73_000066,aVR,fam,I,0,513.0,-62.0,582.0,0.0,609.0,-22.0,610.0,-22.0,634.0,,648.0,28.0,,,669.0,6.0,671.0,-4.0,772.0,0.0,807.0,10.0
mc_fam_train_run_S70_000115,II,fam,I,0,548.0,-4.0,580.0,4.0,603.0,4.0,609.0,-18.0,,,630.0,0.0,642.0,0.0,667.0,8.0,669.0,-4.0,756.0,0.0,805.0,8.0
mc_fam_train_run_S70_000048,II,fam,I,0,517.0,2.0,549.0,12.0,580.0,16.0,581.0,-8.0,,,606.0,0.0,629.0,2.0,637.0,0.0,642.0,2.0,762.0,0.0,803.0,8.0
mc_fam_train_run_S70_000057,V6,fam,I,0,520.0,-74.0,587.0,0.0,622.0,38.0,623.0,-6.0,,,645.0,0.0,,,667.0,0.0,669.0,-10.0,770.0,0.0,802.0,8.0
mc_fam_train_run_S70_000019,III,fam,I,0,526.0,-64.0,583.0,-2.0,624.0,12.0,625.0,-4.0,,,645.0,0.0,657.0,0.0,673.0,4.0,680.0,0.0,776.0,0.0,808.0,-2.0
mc_fam_train_run_S73_000054,aVR,fam,I,0,545.0,2.0,581.0,-4.0,609.0,4.0,610.0,-16.0,635.0,,656.0,40.0,,,667.0,6.0,672.0,-2.0,759.0,2.0,803.0,10.0
mc_fam_validation_run_S63_000083,aVF,fam,I,0,513.0,-30.0,550.0,0.0,593.0,0.0,594.0,-4.0,,,610.0,0.0,626.0,0.0,643.0,-8.0,649.0,-24.0,753.0,0.0,788.0,8.0
mc_fam_train_run_S73_000126,II,fam,I,0,538.0,0.0,565.0,0.0,606.0,14.0,607.0,-2.0,,,625.0,0.0,637.0,0.0,656.0,4.0,657.0,-6.0,740.0,0.0,793.0,6.0
mc_avblock_test_run_S64_run_000089,V4,avblock,II,0,507.0,4.0,522.0,-30.0,555.0,2.0,614.0,-6.0,,,630.0,0.0,641.0,0.0,662.0,8.0,663.0,-20.0,743.0,0.0,787.0,8.0
mc_mi_LCX_1p0_ant_train_run_S73_run_000007,aVR,mi,II,0,531.0,8.0,556.0,2.0,575.0,30.0,591.0,-12.0,605.0,0.0,613.0,0.0,,,635.0,14.0,674.0,-16.0,734.0,0.0,796.0,38.0
mc_fam_train_run_S73_000041,III,fam,II,0,486.0,-2.0,551.0,-12.0,589.0,0.0,590.0,2.0,,,613.0,2.0,629.0,0.0,649.0,8.0,651.0,-116.0,747.0,0.0,786.0,6.0
mc_mi_LAD_0p3_train_run_S69_run_000038,V1,mi,II,0,,,,,,,578.0,34.0,590.0,2.0,599.0,0.0,609.0,0.0,627.0,-24.0,,,,,,
mc_lbbb_train_run_S74_run_000026,V6,lbbb,II,0,529.0,0.0,564.0,26.0,586.0,0.0,597.0,-4.0,,,634.0,0.0,661.0,8.0,661.0,6.0,662.0,-6.0,725.0,0.0,796.0,6.0
mc_lae_train_run_S74_000114,V4,lae,II,0,549.0,-2.0,578.0,0.0,600.0,14.0,615.0,4.0,,,626.0,-2.0,643.0,0.0,664.0,4.0,666.0,-4.0,746.0,-2.0,799.0,14.0
mc_sinus_train_run_S65_run_000068,III,sinus,II,0,547.0,0.0,571.0,-4.0,610.0,2.0,611.0,-24.0,,,633.0,-2.0,647.0,0.0,673.0,4.0,675.0,-6.0,751.0,0.0,806.0,8.0
mc_avblock_train_run_S73_run_000027,V3,avblock,II,0,497.0,-12.0,519.0,-2.0,553.0,10.0,617.0,-4.0,,,626.0,-2.0,640.0,0.0,663.0,-6.0,670.0,-28.0,753.0,0.0,795.0,14.0
mc_lae_train_run_S64_000004,aVL,lae,II,0,534.0,-10.0,574.0,0.0,592.0,6.0,601.0,-2.0,624.0,22.0,637.0,26.0,,,657.0,4.0,663.0,-2.0,750.0,0.0,798.0,6.0
mc_lae_test_run_S62_000059,V6,lae,II,0,544.0,-2.0,584.0,0.0,608.0,16.0,609.0,2.0,,,637.0,0.0,,,665.0,4.0,670.0,-4.0,744.0,-54.0,807.0,8.0
mc_avblock_train_run_S66_run_000097,II,avblock,II,1,510.0,12.0,538.0,4.0,556.0,-12.0,622.0,-8.0,,,640.0,0.0,657.0,0.0,674.0,6.0,676.0,-4.0,767.0,0.0,819.0,12.0
mc_avblock_train_run_S72_run_000054,III,avblock,II,0,496.0,-4.0,526.0,14.0,537.0,-4.0,607.0,-6.0,,,623.0,0.0,637.0,0.0,654.0,2.0,660.0,0.0,746.0,0.0,801.0,14.0
mc_avblock_train_run_S73_run_000027,V5,avblock,II,0,501.0,4.0,537.0,0.0,559.0,0.0,622.0,-2.0,,,634.0,0.0,648.0,0.0,668.0,6.0,675.0,-2.0,765.0,0.0,800.0,14.0
mc_avblock_train_run_S69_run_000029,V4,avblock,II,0,510.0,-6.0,543.0,12.0,564.0,6.0,627.0,0.0,,,639.0,0.0,650.0,0.0,667.0,4.0,672.0,-2.0,762.0,0.0,800.0,8.0
mc_avblock_train_run_S66_run_000090,II,avblock,II,1,511.0,2.0,540.0,-2.0,560.0,2.0,622.0,-8.0,,,641.0,0.0,658.0,0.0,670.0,-4.0,675.0,-8.0,763.0,0.0,808.0,8.0
mc_avblock_validation_run_S63_run_000040,V3,avblock,II,0,510.0,-2.0,547.0,2.0,571.0,2.0,622.0,-4.0,,,639.0,0.0,652.0,0.0,665.0,-14.0,674.0,-96.0,767.0,0.0,803.0,10.0
mc_avblock_train_run_S69_run_000002,aVR,avblock,II,0,501.0,10.0,533.0,4.0,546.0,-6.0,620.0,-6.0,637.0,,651.0,28.0,,,669.0,4.0,670.0,-6.0,764.0,-2.0,799.0,2.0
mc_avblock_train_run_S72_run_000094,aVL,avblock,II,0,514.0,-4.0,537.0,0.0,563.0,8.0,635.0,4.0,649.0,,661.0,24.0,,,675.0,2.0,680.0,-2.0,769.0,0.0,812.0,10.0
mc_avblock_validation_run_S67_run_000039,aVF,avblock,II,0,496.0,-6.0,525.0,-2.0,549.0,4.0,619.0,-2.0,,,633.0,0.0,648.0,0.0,661.0,-8.0,668.0,0.0,766.0,0.0,797.0,2.0
mc_avblock_train_run_S74_run_000086,aVF,avblock,II,0,517.0,-4.0,556.0,22.0,572.0,12.0,623.0,-8.0,,,640.0,0.0,658.0,0.0,677.0,6.0,679.0,-4.0,767.0,0.0,806.0,4.0
mc_avblock_train_run_S74_run_000003,II,avblock,II,1,496.0,8.0,528.0,0.0,550.0,-2.0,609.0,-8.0,,,631.0,0.0,647.0,0.0,666.0,4.0,667.0,-4.0,763.0,4.0,802.0,6.0
mc_avblock_train_run_S74_run_000006,III,avblock,II,0,502.0,0.0,523.0,-20.0,563.0,18.0,621.0,-6.0,,,642.0,0.0,660.0,0.0,676.0,4.0,677.0,-6.0,780.0,4.0,816.0,10.0
mc_fam_train_run_S73_000041,II,fam,II,1,486.0,-82.0,551.0,-6.0,589.0,30.0,590.0,-16.0,,,613.0,0.0,628.0,0.0,649.0,4.0,651.0,-6.0,749.0,0.0,786.0,6.0
mc_fam_train_run_S66_000045,V1,fam,II,0,541.0,-2.0,565.0,0.0,600.0,22.0,611.0,-2.0,632.0,-2.0,657.0,,,,657.0,4.0,659.0,-6.0,754.0,0.0,802.0,4.0
mc_fam_train_run_S73_000066,aVR,fam,II,0,509.0,-70.0,582.0,0.0,616.0,-8.0,617.0,-8.0,634.0,,648.0,28.0,,,669.0,6.0,671.0,-4.0,772.0,0.0,807.0,10.0
mc_fam_train_run_S70_000115,II,fam,II,1,548.0,-4.0,580.0,4.0,604.0,6.0,609.0,-18.0,,,630.0,0.0,642.0,0.0,667.0,8.0,669.0,-4.0,756.0,0.0,806.0,10.0
mc_fam_train_run_S70_000048,II,fam,II,1,517.0,2.0,549.0,12.0,580.0,16.0,581.0,-8.0,,,606.0,0.0,629.0,2.0,636.0,-2.0,642.0,2.0,762.0,0.0,803.0,8.0
mc_fam_train_run_S70_000057,V6,fam,II,0,516.0,-82.0,587.0,0.0,622.0,38.0,623.0,-6.0,,,645.0,0.0,,,667.0,0.0,669.0,-10.0,770.0,0.0,802.0,8.0
mc_fam_train_run_S70_000019,III,fam,II,0,524.0,-68.0,583.0,-2.0,626.0,16.0,627.0,0.0,,,645.0,0.0,657.0,0.0,673.0,4.0,679.0,-2.0,776.0,0.0,808.0,-2.0
mc_fam_train_run_S73_000054,aVR,fam,II,0,545.0,2.0,581.0,-4.0,609.0,4.0,610.0,-16.0,635.0,,656.0,40.0,,,667.0,6.0,672.0,-2.0,759.0,2.0,803.0,10.0
mc_fam_validation_run_S63_000083,aVF,fam,II,0,516.0,-24.0,550.0,0.0,593.0,0.0,594.0,-4.0,,,610.0,0.0,626.0,0.0,643.0,-8.0,649.0,-24.0,753.0,0.0,789.0,10.0
mc_fam_train_run_S73_000126,II,fam,II,1,538.0,0.0,565.0,0.0,606.0,14.0,607.0,-2.0,,,625.0,0.0,637.0,0.0,656.0,4.0,657.0,-6.0,740.0,0.0,793.0,6.0
mc_avblock_test_run_S64_run_000089,V4,avblock,III,0,507.0,4.0,522.0,-30.0,554.0,0.0,614.0,-6.0,,,630.0,0.0,641.0,0.0,662.0,8.0,663.0,-20.0,743.0,0.0,787.0,8.0
mc_mi_LCX_1p0_ant_train_run_S73_run_000007,aVR,mi,III,0,537.0,20.0,545.0,-20.0,546.0,-28.0,596.0,-2.0,605.0,0.0,613.0,0.0,,,633.0,10.0,675.0,-14.0,734.0,0.0,796.0,38.0
mc_fam_train_run_S73_000041,III,fam,III,1,488.0,2.0,551.0,-12.0,588.0,-2.0,589.0,0.0,,,613.0,2.0,629.0,0.0,649.0,8.0,651.0,-116.0,747.0,0.0,786.0,6.0
mc_mi_LAD_0p3_train_run_S69_run_000038,V1,mi,III,0,488.0,-38.0,534.0,-4.0,564.0,4.0,578.0,34.0,590.0,2.0,599.0,0.0,609.0,0.0,629.0,-20.0,,,,,,
mc_lbbb_train_run_S74_run_000026,V6,lbbb,III,0,529.0,0.0,564.0,26.0,586.0,0.0,597.0,-4.0,,,634.0,0.0,661.0,8.0,661.0,6.0,662.0,-6.0,725.0,0.0,796.0,6.0
mc_lae_train_run_S74_000114,V4,lae,III,0,550.0,0.0,578.0,0.0,599.0,12.0,616.0,6.0,,,626.0,-2.0,643.0,0.0,664.0,4.0,666.0,-4.0,746.0,-2.0,799.0,14.0
mc_sinus_train_run_S65_run_000068,III,sinus,III,1,547.0,0.0,571.0,-4.0,610.0,2.0,611.0,-24.0,,,633.0,-2.0,647.0,0.0,673.0,4.0,675.0,-6.0,751.0,0.0,806.0,8.0
mc_avblock_train_run_S73_run_000027,V3,avblock,III,0,497.0,-12.0,519.0,-2.0,551.0,6.0,617.0,-4.0,,,626.0,-2.0,640.0,0.0,663.0,-6.0,670.0,-28.0,753.0,0.0,795.0,14.0
mc_lae_train_run_S64_000004,aVL,lae,III,0,535.0,-8.0,574.0,0.0,591.0,4.0,601.0,-2.0,624.0,22.0,637.0,26.0,,,657.0,4.0,663.0,-2.0,750.0,0.0,798.0,6.0
mc_lae_test_run_S62_000059,V6,lae,III,0,544.0,-2.0,584.0,0.0,608.0,16.0,609.0,2.0,,,637.0,0.0,,,665.0,4.0,670.0,-4.0,744.0,-54.0,807.0,8.0
mc_avblock_train_run_S66_run_000097,II,avblock,III,0,511.0,14.0,538.0,4.0,556.0,-12.0,621.0,-10.0,,,640.0,0.0,657.0,0.0,674.0,6.0,676.0,-4.0,767.0,0.0,821.0,16.0
mc_avblock_train_run_S72_run_000054,III,avblock,III,1,496.0,-4.0,526.0,14.0,536.0,-6.0,606.0,-8.0,,,623.0,0.0,637.0,0.0,654.0,2.0,660.0,0.0,746.0,0.0,800.0,12.0
mc_avblock_train_run_S73_run_000027,V5,avblock,III,0,502.0,6.0,537.0,0.0,556.0,-6.0,622.0,-2.0,,,634.0,0.0,648.0,0.0,668.0,6.0,675.0,-2.0,765.0,0.0,800.0,14.0
mc_avblock_train_run_S69_run_000029,V4,avblock,III,0,510.0,-6.0,543.0,12.0,564.0,6.0,626.0,-2.0,,,639.0,0.0,650.0,0.0,667.0,4.0,673.0,0.0,762.0,0.0,800.0,8.0
mc_avblock_train_run_S66_run_000090,II,avblock,III,0,512.0,4.0,540.0,-2.0,560.0,2.0,622.0,-8.0,,,641.0,0.0,658.0,0.0,670.0,-4.0,675.0,-8.0,763.0,0.0,809.0,10.0
mc_avblock_validation_run_S63_run_000040,V3,avblock,III,0,510.0,-2.0,547.0,2.0,571.0,2.0,622.0,-4.0,,,639.0,0.0,652.0,0.0,665.0,-14.0,671.0,-102.0,767.0,0.0,803.0,10.0
mc_avblock_train_run_S69_run_000002,aVR,avblock,III,0,502.0,12.0,533.0,4.0,546.0,-6.0,620.0,-6.0,637.0,,651.0,28.0,,,669.0,4.0,670.0,-6.0,764.0,-2.0,799.0,2.0
mc_avblock_train_run_S72_run_000094,aVL,avblock,III,0,515.0,-2.0,537.0,0.0,563.0,8.0,635.0,4.0,649.0,,661.0,24.0,,,675.0,2.0,680.0,-2.0,769.0,0.0,811.0,8.0
mc_avblock_validation_run_S67_run_000039,aVF,avblock,III,0,496.0,-6.0,525.0,-2.0,548.0,2.0,619.0,-2.0,,,633.0,0.0,648.0,0.0,661.0,-8.0,668.0,0.0,766.0,0.0,797.0,2.0
mc_avblock_train_run_S74_run_000086,aVF,avblock,III,0,517.0,-4.0,556.0,22.0,572.0,12.0,623.0,-8.0,,,640.0,0.0,658.0,0.0,677.0,6.0,679.0,-4.0,767.0,0.0,806.0,4.0
mc_avblock_train_run_S74_run_000003,II,avblock,III,0,497.0,10.0,528.0,0.0,549.0,-4.0,608.0,-10.0,,,631.0,0.0,647.0,0.0,666.0,4.0,667.0,-4.0,763.0,4.0,802.0,6.0
mc_avblock_train_run_S74_run_000006,III,avblock,III,1,502.0,0.0,523.0,-20.0,563.0,18.0,621.0,-6.0,,,642.0,0.0,660.0,0.0,676.0,4.0,677.0,-6.0,780.0,4.0,816.0,10.0
mc_fam_train_run_S73_000041,II,fam,III,0,488.0,-78.0,551.0,-6.0,588.0,28.0,589.0,-18.0,,,613.0,0.0,628.0,0.0,649.0,4.0,651.0,-6.0,749.0,0.0,786.0,6.0
mc_fam_train_run_S66_000045,V1,fam,III,0,541.0,-2.0,565.0,0.0,596.0,14.0,611.0,-2.0,632.0,-2.0,656.0,,,,656.0,2.0,661.0,-2.0,754.0,0.0,803.0,6.0
mc_fam_train_run_S73_000066,aVR,fam,III,0,510.0,-68.0,582.0,0.0,609.0,-22.0,610.0,-22.0,634.0,,648.0,28.0,,,669.0,6.0,671.0,-4.0,772.0,0.0,807.0,10.0
mc_fam_train_run_S70_000115,II,fam,III,0,549.0,-2.0,580.0,4.0,601.0,0.0,612.0,-12.0,,,630.0,0.0,642.0,0.0,665.0,4.0,671.0,0.0,756.0,0.0,805.0,8.0
mc_fam_train_run_S70_000048,II,fam,III,0,517.0,2.0,549.0,12.0,580.0,16.0,581.0,-8.0,,,606.0,0.0,629.0,2.0,636.0,-2.0,642.0,2.0,762.0,0.0,803.0,8.0
mc_fam_train_run_S70_000057,V6,fam,III,0,516.0,-82.0,587.0,0.0,621.0,36.0,623.0,-6.0,,,645.0,0.0,,,667.0,0.0,669.0,-10.0,770.0,0.0,802.0,8.0
mc_fam_train_run_S70_000019,III,fam,III,1,526.0,-64.0,583.0,-2.0,626.0,16.0,627.0,0.0,,,645.0,0.0,657.0,0.0,673.0,4.0,680.0,0.0,776.0,0.0,809.0,0.0
mc_fam_train_run_S73_000054,aVR,fam,III,0,546.0,4.0,581.0,-4.0,609.0,4.0,610.0,-16.0,635.0,,656.0,40.0,,,667.0,6.0,672.0,-2.0,759.0,2.0,803.0,10.0
mc_fam_validation_run_S63_000083,aVF,fam,III,0,523.0,-10.0,550.0,0.0,592.0,-2.0,593.0,-6.0,,,610.0,0.0,626.0,0.0,643.0,-8.0,649.0,-24.0,753.0,0.0,788.0,8.0
mc_fam_train_run_S73_000126,II,fam,III,0,539.0,2.0,565.0,0.0,606.0,14.0,607.0,-2.0,,,625.0,0.0,637.0,0.0,656.0,4.0,657.0,-6.0,740.0,0.0,793.0,6.0
mc_avblock_test_run_S64_run_000089,V4,avblock,aVR,0,507.0,4.0,522.0,-30.0,555.0,2.0,614.0,-6.0,,,630.0,0.0,641.0,0.0,661.0,6.0,663.0,-20.0,743.0,0.0,788.0,10.0
mc_mi_LCX_1p0_ant_train_run_S73_run_000007,aVR,mi,aVR,1,532.0,10.0,556.0,2.0,575.0,30.0,595.0,-4.0,605.0,0.0,613.0,0.0,,,633.0,10.0,676.0,-12.0,734.0,0.0,795.0,36.0
mc_fam_train_run_S73_000041,III,fam,aVR,0,487.0,0.0,551.0,-12.0,590.0,2.0,591.0,4.0,,,613.0,2.0,629.0,0.0,649.0,8.0,651.0,-116.0,747.0,0.0,786.0,6.0
mc_mi_LAD_0p3_train_run_S69_run_000038,V1,mi,aVR,0,484.0,-46.0,534.0,-4.0,562.0,0.0,579.0,36.0,590.0,2.0,599.0,0.0,609.0,0.0,627.0,-24.0,,,,,,
mc_lbbb_train_run_S74_run_000026,V6,lbbb,aVR,0,529.0,0.0,564.0,26.0,586.0,0.0,597.0,-4.0,,,634.0,0.0,661.0,8.0,661.0,6.0,662.0,-6.0,725.0,0.0,796.0,6.0
mc_lae_train_run_S74_000114,V4,lae,aVR,0,549.0,-2.0,578.0,0.0,600.0,14.0,615.0,4.0,,,626.0,-2.0,643.0,0.0,664.0,4.0,666.0,-4.0,746.0,-2.0,799.0,14.0
mc_sinus_train_run_S65_run_000068,III,sinus,aVR,0,547.0,0.0,571.0,-4.0,609.0,0.0,610.0,-26.0,,,633.0,-2.0,647.0,0.0,673.0,4.0,675.0,-6.0,751.0,0.0,805.0,6.0
mc_avblock_train_run_S73_run_000027,V3,avblock,aVR,0,497.0,-12.0,519.0,-2.0,554.0,12.0,617.0,-4.0,,,626.0,-2.0,640.0,0.0,663.0,-6.0,670.0,-28.0,753.0,0.0,795.0,14.0
mc_lae_train_run_S64_000004,aVL,lae,aVR,0,534.0,-10.0,574.0,0.0,592.0,6.0,601.0,-2.0,624.0,22.0,637.0,26.0,,,657.0,4.0,663.0,-2.0,750.0,0.0,798.0,6.0
mc_lae_test_run_S62_000059,V6,lae,aVR,0,544.0,-2.0,584.0,0.0,608.0,16.0,609.0,2.0,,,637.0,0.0,,,665.0,4.0,670.0,-4.0,744.0,-54.0,807.0,8.0
mc_avblock_train_run_S66_run_000097,II,avblock,aVR,0,510.0,12.0,538.0,4.0,556.0,-12.0,622.0,-8.0,,,640.0,0.0,657.0,0.0,672.0,2.0,677.0,-2.0,767.0,0.0,818.0,10.0
mc_avblock_train_run_S72_run_000054,III,avblock,aVR,0,496.0,-4.0,526.0,14.0,537.0,-4.0,607.0,-6.0,,,623.0,0.0,637.0,0.0,654.0,2.0,660.0,0.0,746.0,0.0,800.0,12.0
mc_avblock_train_run_S73_run_000027,V5,avblock,aVR,0,502.0,6.0,537.0,0.0,559.0,0.0,622.0,-2.0,,,634.0,0.0,648.0,0.0,668.0,6.0,675.0,-2.0,765.0,0.0,800.0,14.0
mc_avblock_train_run_S69_run_000029,V4,avblock,aVR,0,510.0,-6.0,543.0,12.0,564.0,6.0,627.0,0.0,,,639.0,0.0,650.0,0.0,667.0,4.0,673.0,0.0,762.0,0.0,800.0,8.0
mc_avblock_train_run_S66_run_000090,II,avblock,aVR,0,511.0,2.0,540.0,-2.0,560.0,2.0,623.0,-6.0,,,641.0,0.0,658.0,0.0,670.0,-4.0,675.0,-8.0,763.0,0.0,807.0,6.0
mc_avblock_validation_run_S63_run_000040,V3,avblock,aVR,0,510.0,-2.0,547.0,2.0,571.0,2.0,622.0,-4.0,,,639.0,0.0,652.0,0.0,665.0,-14.0,677.0,-90.0,767.0,0.0,802.0,8.0
mc_avblock_train_run_S69_run_000002,aVR,avblock,aVR,1,501.0,10.0,533.0,4.0,547.0,-4.0,620.0,-6.0,637.0,,651.0,28.0,,,669.0,4.0,670.0,-6.0,764.0,-2.0,799.0,2.0
mc_avblock_train_run_S72_run_000094,aVL,avblock,aVR,0,514.0,-4.0,537.0,0.0,563.0,8.0,635.0,4.0,649.0,,661.0,24.0,,,675.0,2.0,680.0,-2.0,769.0,0.0,812.0,10.0
mc_avblock_validation_run_S67_run_000039,aVF,avblock,aVR,0,496.0,-6.0,525.0,-2.0,549.0,4.0,619.0,-2.0,,,633.0,0.0,648.0,0.0,661.0,-8.0,668.0,0.0,766.0,0.0,797.0,2.0
mc_avblock_train_run_S74_run_000086,aVF,avblock,aVR,0,517.0,-4.0,556.0,22.0,572.0,12.0,624.0,-6.0,,,640.0,0.0,658.0,0.0,677.0,6.0,679.0,-4.0,767.0,0.0,806.0,4.0
mc_avblock_train_run_S74_run_000003,II,avblock,aVR,0,496.0,8.0,528.0,0.0,550.0,-2.0,610.0,-6.0,,,631.0,0.0,647.0,0.0,666.0,4.0,667.0,-4.0,763.0,4.0,802.0,6.0
mc_avblock_train_run_S74_run_000006,III,avblock,aVR,0,502.0,0.0,523.0,-20.0,563.0,18.0,621.0,-6.0,,,642.0,0.0,660.0,0.0,676.0,4.0,677.0,-6.0,780.0,4.0,816.0,10.0
mc_fam_train_run_S73_000041,II,fam,aVR,0,487.0,-80.0,551.0,-6.0,590.0,32.0,591.0,-14.0,,,613.0,0.0,628.0,0.0,649.0,4.0,651.0,-6.0,749.0,0.0,786.0,6.0
mc_fam_train_run_S66_000045,V1,fam,aVR,0,541.0,-2.0,565.0,0.0,600.0,22.0,611.0,-2.0,632.0,-2.0,657.0,,,,657.0,4.0,659.0,-6.0,754.0,0.0,801.0,2.0
mc_fam_train_run_S73_000066,aVR,fam,aVR,1,511.0,-66.0,582.0,0.0,616.0,-8.0,617.0,-8.0,634.0,,648.0,28.0,,,667.0,2.0,672.0,-2.0,772.0,0.0,807.0,10.0
mc_fam_train_run_S70_000115,II,fam,aVR,0,548.0,-4.0,580.0,4.0,604.0,6.0,609.0,-18.0,,,630.0,0.0,642.0,0.0,665.0,4.0,670.0,-2.0,756.0,0.0,805.0,8.0
mc_fam_train_run_S70_000048,II,fam,aVR,0,517.0,2.0,549.0,12.0,580.0,16.0,581.0,-8.0,,,606.0,0.0,629.0,2.0,636.0,-2.0,642.0,2.0,762.0,0.0,803.0,8.0
mc_fam_train_run_S70_000057,V6,fam,aVR,0,519.0,-76.0,587.0,0.0,622.0,38.0,623.0,-6.0,,,645.0,0.0,,,667.0,0.0,669.0,-10.0,770.0,0.0,801.0,6.0
mc_fam_train_run_S70_000019,III,fam,aVR,0,524.0,-68.0,583.0,-2.0,627.0,18.0,628.0,2.0,,,645.0,0.0,657.0,0.0,673.0,4.0,680.0,0.0,776.0,0.0,808.0,-2.0
mc_fam_train_run_S73_000054,aVR,fam,aVR,1,545.0,2.0,581.0,-4.0,609.0,4.0,610.0,-16.0,635.0,,656.0,40.0,,,667.0,6.0,672.0,-2.0,759.0,2.0,803.0,10.0
mc_fam_validation_run_S63_000083,aVF,fam,aVR,0,517.0,-22.0,550.0,0.0,593.0,0.0,594.0,-4.0,,,610.0,0.0,626.0,0.0,642.0,-10.0,649.0,-24.0,753.0,0.0,788.0,8.0
mc_fam_train_run_S73_000126,II,fam,aVR,0,538.0,0.0,565.0,0.0,606.0,14.0,607.0,-2.0,,,625.0,0.0,637.0,0.0,656.0,4.0,657.0,-6.0,740.0,0.0,793.0,6.0
mc_avblock_test_run_S64_run_000089,V4,avblock,aVL,0,507.0,4.0,522.0,-30.0,554.0,0.0,614.0,-6.0,,,630.0,0.0,641.0,0.0,661.0,6.0,663.0,-20.0,743.0,0.0,787.0,8.0
mc_mi_LCX_1p0_ant_train_run_S73_run_000007,aVR,mi,aVL,0,535.0,16.0,556.0,2.0,564.0,8.0,596.0,-2.0,605.0,0.0,613.0,0.0,,,633.0,10.0,665.0,-34.0,734.0,0.0,796.0,38.0
mc_fam_train_run_S73_000041,III,fam,aVL,0,490.0,6.0,551.0,-12.0,588.0,-2.0,589.0,0.0,,,613.0,2.0,629.0,0.0,649.0,8.0,651.0,-116.0,747.0,0.0,786.0,6.0
mc_mi_LAD_0p3_train_run_S69_run_000038,V1,mi,aVL,0,489.0,-36.0,534.0,-4.0,560.0,-4.0,578.0,34.0,590.0,2.0,599.0,0.0,609.0,0.0,628.0,-22.0,,,,,,
mc_lbbb_train_run_S74_run_000026,V6,lbbb,aVL,0,529.0,0.0,564.0,26.0,586.0,0.0,597.0,-4.0,,,634.0,0.0,661.0,8.0,661.0,6.0,662.0,-6.0,725.0,0.0,795.0,4.0
mc_lae_train_run_S74_000114,V4,lae,aVL,0,550.0,0.0,578.0,0.0,599.0,12.0,617.0,8.0,,,626.0,-2.0,643.0,0.0,664.0,4.0,666.0,-4.0,746.0,-2.0,799.0,14.0
mc_sinus_train_run_S65_run_000068,III,sinus,aVL,0,547.0,0.0,571.0,-4.0,609.0,0.0,610.0,-26.0,,,633.0,-2.0,647.0,0.0,673.0,4.0,675.0,-6.0,751.0,0.0,805.0,6.0
mc_avblock_train_run_S73_run_000027,V3,avblock,aVL,0,497.0,-12.0,519.0,-2.0,551.0,6.0,617.0,-4.0,,,626.0,-2.0,640.0,0.0,663.0,-6.0,670.0,-28.0,753.0,0.0,795.0,14.0
mc_lae_train_run_S64_000004,aVL,lae,aVL,1,534.0,-10.0,574.0,0.0,591.0,4.0,601.0,-2.0,624.0,22.0,637.0,26.0,,,657.0,4.0,663.0,-2.0,750.0,0.0,798.0,6.0
mc_lae_test_run_S62_000059,V6,lae,aVL,0,544.0,-2.0,584.0,0.0,608.0,16.0,609.0,2.0,,,637.0,0.0,,,665.0,4.0,670.0,-4.0,744.0,-54.0,807.0,8.0
mc_avblock_train_run_S66_run_000097,II,avblock,aVL,0,511.0,14.0,538.0,4.0,556.0,-12.0,621.0,-10.0,,,640.0,0.0,657.0,0.0,674.0,6.0,676.0,-4.0,767.0,0.0,820.0,14.0
mc_avblock_train_run_S72_run_000054,III,avblock,aVL,0,496.0,-4.0,526.0,14.0,536.0,-6.0,606.0,-8.0,,,623.0,0.0,637.0,0.0,654.0,2.0,660.0,0.0,746.0,0.0,800.0,12.0
mc_avblock_train_run_S73_run_000027,V5,avblock,aVL,0,502.0,6.0,537.0,0.0,556.0,-6.0,622.0,-2.0,,,634.0,0.0,648.0,0.0,668.0,6.0,675.0,-2.0,765.0,0.0,800.0,14.0
mc_avblock_train_run_S69_run_000029,V4,avblock,aVL,0,510.0,-6.0,543.0,12.0,564.0,6.0,626.0,-2.0,,,639.0,0.0,650.0,0.0,667.0,4.0,673.0,0.0,762.0,0.0,800.0,8.0
mc_avblock_train_run_S66_run_000090,II,avblock,aVL,0,512.0,4.0,540.0,-2.0,560.0,2.0,622.0,-8.0,,,641.0,0.0,658.0,0.0,670.0,-4.0,675.0,-8.0,763.0,0.0,809.0,10.0
mc_avblock_validation_run_S63_run_000040,V3,avblock,aVL,0,510.0,-2.0,547.0,2.0,571.0,2.0,622.0,-4.0,,,639.0,0.0,652.0,0.0,665.0,-14.0,671.0,-102.0,767.0,0.0,802.0,8.0
mc_avblock_train_run_S69_run_000002,aVR,avblock,aVL,0,501.0,10.0,533.0,4.0,546.0,-6.0,620.0,-6.0,637.0,,651.0,28.0,,,669.0,4.0,670.0,-6.0,764.0,-2.0,799.0,2.0
mc_avblock_train_run_S72_run_000094,aVL,avblock,aVL,1,515.0,-2.0,537.0,0.0,563.0,8.0,634.0,2.0,649.0,,661.0,24.0,,,675.0,2.0,680.0,-2.0,769.0,0.0,811.0,8.0
mc_avblock_validation_run_S67_run_000039,aVF,avblock,aVL,0,496.0,-6.0,525.0,-2.0,548.0,2.0,618.0,-4.0,,,633.0,0.0,648.0,0.0,661.0,-8.0,668.0,0.0,766.0,0.0,797.0,2.0
mc_avblock_train_run_S74_run_000086,aVF,avblock,aVL,0,517.0,-4.0,556.0,22.0,573.0,14.0,623.0,-8.0,,,640.0,0.0,658.0,0.0,677.0,6.0,679.0,-4.0,767.0,0.0,806.0,4.0
mc_avblock_train_run_S74_run_000003,II,avblock,aVL,0,496.0,8.0,528.0,0.0,550.0,-2.0,608.0,-10.0,,,631.0,0.0,647.0,0.0,666.0,4.0,667.0,-4.0,763.0,4.0,802.0,6.0
mc_avblock_train_run_S74_run_000006,III,avblock,aVL,0,502.0,0.0,523.0,-20.0,563.0,18.0,621.0,-6.0,,,642.0,0.0,660.0,0.0,676.0,4.0,677.0,-6.0,780.0,4.0,815.0,8.0
mc_fam_train_run_S73_000041,II,fam,aVL,0,490.0,-74.0,551.0,-6.0,588.0,28.0,589.0,-18.0,,,613.0,0.0,628.0,0.0,649.0,4.0,651.0,-6.0,749.0,0.0,786.0,6.0
mc_fam_train_run_S66_000045,V1,fam,aVL,0,541.0,-2.0,565.0,0.0,595.0,12.0,611.0,-2.0,632.0,-2.0,656.0,,,,656.0,2.0,661.0,-2.0,754.0,0.0,803.0,6.0
mc_fam_train_run_S73_000066,aVR,fam,aVL,0,515.0,-58.0,582.0,0.0,609.0,-22.0,610.0,-22.0,634.0,,648.0,28.0,,,667.0,2.0,672.0,-2.0,772.0,0.0,807.0,10.0
mc_fam_train_run_S70_000115,II,fam,aVL,0,548.0,-4.0,580.0,4.0,601.0,0.0,610.0,-16.0,,,630.0,0.0,642.0,0.0,665.0,4.0,671.0,0.0,756.0,0.0,805.0,8.0
mc_fam_train_run_S70_000048,II,fam,aVL,0,517.0,2.0,549.0,12.0,581.0,18.0,583.0,-4.0,,,606.0,0.0,629.0,2.0,636.0,-2.0,642.0,2.0,762.0,0.0,803.0,8.0
mc_fam_train_run_S70_000057,V6,fam,aVL,0,520.0,-74.0,587.0,0.0,622.0,38.0,623.0,-6.0,,,645.0,0.0,,,667.0,0.0,669.0,-10.0,770.0,0.0,801.0,6.0
mc_fam_train_run_S70_000019,III,fam,aVL,0,530.0,-56.0,583.0,-2.0,627.0,18.0,628.0,2.0,,,645.0,0.0,657.0,0.0,673.0,4.0,680.0,0.0,776.0,0.0,808.0,-2.0
mc_fam_train_run_S73_000054,aVR,fam,aVL,0,546.0,4.0,581.0,-4.0,608.0,2.0,609.0,-18.0,635.0,,656.0,40.0,,,667.0,6.0,672.0,-2.0,759.0,2.0,803.0,10.0
mc_fam_validation_run_S63_000083,aVF,fam,aVL,0,522.0,-12.0,550.0,0.0,593.0,0.0,594.0,-4.0,,,610.0,0.0,626.0,0.0,643.0,-8.0,649.0,-24.0,753.0,0.0,788.0,8.0
mc_fam_train_run_S73_000126,II,fam,aVL,0,539.0,2.0,565.0,0.0,606.0,14.0,607.0,-2.0,,,625.0,0.0,637.0,0.0,656.0,4.0,657.0,-6.0,740.0,0.0,793.0,6.0
mc_avblock_test_run_S64_run_000089,V4,avblock,aVF,0,507.0,4.0,522.0,-30.0,555.0,2.0,614.0,-6.0,,,630.0,0.0,641.0,0.0,661.0,6.0,663.0,-20.0,743.0,0.0,787.0,8.0
mc_mi_LCX_1p0_ant_train_run_S73_run_000007,aVR,mi,aVF,0,534.0,14.0,556.0,2.0,567.0,14.0,595.0,-4.0,605.0,0.0,613.0,0.0,,,634.0,12.0,678.0,-8.0,734.0,0.0,795.0,36.0
mc_fam_train_run_S73_000041,III,fam,aVF,0,486.0,-2.0,551.0,-12.0,588.0,-2.0,589.0,0.0,,,613.0,2.0,629.0,0.0,649.0,8.0,651.0,-116.0,747.0,0.0,786.0,6.0
mc_mi_LAD_0p3_train_run_S69_run_000038,V1,mi,aVF,0,485.0,-44.0,534.0,-4.0,562.0,0.0,578.0,34.0,590.0,2.0,599.0,0.0,609.0,0.0,628.0,-22.0,,,,,,
mc_lbbb_train_run_S74_run_000026,V6,lbbb,aVF,0,529.0,0.0,564.0,26.0,586.0,0.0,597.0,-4.0,,,634.0,0.0,661.0,8.0,661.0,6.0,662.0,-6.0,725.0,0.0,796.0,6.0
mc_lae_train_run_S74_000114,V4,lae,aVF,0,549.0,-2.0,578.0,0.0,600.0,14.0,615.0,4.0,,,626.0,-2.0,643.0,0.0,664.0,4.0,666.0,-4.0,746.0,-2.0,799.0,14.0
mc_sinus_train_run_S65_run_000068,III,sinus,aVF,0,547.0,0.0,571.0,-4.0,610.0,2.0,611.0,-24.0,,,633.0,-2.0,647.0,0.0,673.0,4.0,675.0,-6.0,751.0,0.0,806.0,8.0
mc_avblock_train_run_S73_run_000027,V3,avblock,aVF,0,497.0,-12.0,519.0,-2.0,552.0,8.0,617.0,-4.0,,,626.0,-2.0,640.0,0.0,663.0,-6.0,670.0,-28.0,753.0,0.0,795.0,14.0
mc_lae_train_run_S64_000004,aVL,lae,aVF,0,534.0,-10.0,574.0,0.0,591.0,4.0,601.0,-2.0,624.0,22.0,637.0,26.0,,,657.0,4.0,663.0,-2.0,750.0,0.0,798.0,6.0
mc_lae_test_run_S62_000059,V6,lae,aVF,0,544.0,-2.0,584.0,0.0,608.0,16.0,609.0,2.0,,,637.0,0.0,,,665.0,4.0,671.0,-2.0,744.0,-54.0,807.0,8.0
mc_avblock_train_run_S66_run_000097,II,avblock,aVF,0,510.0,12.0,538.0,4.0,556.0,-12.0,622.0,-8.0,,,640.0,0.0,657.0,0.0,674.0,6.0,676.0,-4.0,767.0,0.0,819.0,12.0
mc_avblock_train_run_S72_run_000054,III,avblock,aVF,0,496.0,-4.0,526.0,14.0,537.0,-4.0,607.0,-6.0,,,623.0,0.0,637.0,0.0,654.0,2.0,660.0,0.0,746.0,0.0,800.0,12.0
mc_avblock_train_run_S73_run_000027,V5,avblock,aVF,0,502.0,6.0,537.0,0.0,559.0,0.0,622.0,-2.0,,,634.0,0.0,648.0,0.0,668.0,6.0,675.0,-2.0,765.0,0.0,800.0,14.0
mc_avblock_train_run_S69_run_000029,V4,avblock,aVF,0,510.0,-6.0,543.0,12.0,564.0,6.0,626.0,-2.0,,,639.0,0.0,650.0,0.0,667.0,4.0,673.0,0.0,762.0,0.0,800.0,8.0
mc_avblock_train_run_S66_run_000090,II,avblock,aVF,0,512.0,4.0,540.0,-2.0,560.0,2.0,622.0,-8.0,,,641.0,0.0,658.0,0.0,670.0,-4.0,675.0,-8.0,763.0,0.0,808.0,8.0
mc_avblock_validation_run_S63_run_000040,V3,avblock,aVF,0,510.0,-2.0,547.0,2.0,571.0,2.0,622.0,-4.0,,,639.0,0.0,652.0,0.0,665.0,-14.0,673.0,-98.0,767.0,0.0,803.0,10.0
mc_avblock_train_run_S69_run_000002,aVR,avblock,aVF,0,501.0,10.0,533.0,4.0,546.0,-6.0,620.0,-6.0,637.0,,651.0,28.0,,,669.0,4.0,670.0,-6.0,764.0,-2.0,799.0,2.0
mc_avblock_train_run_S72_run_000094,aVL,avblock,aVF,0,515.0,-2.0,537.0,0.0,563.0,8.0,635.0,4.0,649.0,,661.0,24.0,,,675.0,2.0,680.0,-2.0,769.0,0.0,811.0,8.0
mc_avblock_validation_run_S67_run_000039,aVF,avblock,aVF,1,496.0,-6.0,525.0,-2.0,549.0,4.0,619.0,-2.0,,,633.0,0.0,648.0,0.0,661.0,-8.0,668.0,0.0,766.0,0.0,797.0,2.0
mc_avblock_train_run_S74_run_000086,aVF,avblock,aVF,1,517.0,-4.0,556.0,22.0,573.0,14.0,623.0,-8.0,,,640.0,0.0,658.0,0.0,677.0,6.0,679.0,-4.0,767.0,0.0,806.0,4.0
mc_avblock_train_run_S74_run_000003,II,avblock,aVF,0,496.0,8.0,528.0,0.0,550.0,-2.0,609.0,-8.0,,,631.0,0.0,647.0,0.0,666.0,4.0,667.0,-4.0,763.0,4.0,802.0,6.0
mc_avblock_train_run_S74_run_000006,III,avblock,aVF,0,502.0,0.0,523.0,-20.0,563.0,18.0,621.0,-6.0,,,642.0,0.0,660.0,0.0,676.0,4.0,677.0,-6.0,780.0,4.0,816.0,10.0
mc_fam_train_run_S73_000041,II,fam,aVF,0,486.0,-82.0,551.0,-6.0,588.0,28.0,589.0,-18.0,,,613.0,0.0,628.0,0.0,649.0,4.0,651.0,-6.0,749.0,0.0,786.0,6.0
mc_fam_train_run_S66_000045,V1,fam,aVF,0,541.0,-2.0,565.0,0.0,600.0,22.0,611.0,-2.0,632.0,-2.0,656.0,,,,656.0,2.0,661.0,-2.0,754.0,0.0,802.0,4.0
mc_fam_train_run_S73_000066,aVR,fam,aVF,0,509.0,-70.0,582.0,0.0,613.0,-14.0,614.0,-14.0,634.0,,648.0,28.0,,,669.0,6.0,671.0,-4.0,772.0,0.0,807.0,10.0
mc_fam_train_run_S70_000115,II,fam,aVF,0,548.0,-4.0,580.0,4.0,603.0,4.0,609.0,-18.0,,,630.0,0.0,642.0,0.0,666.0,6.0,671.0,0.0,756.0,0.0,806.0,10.0
mc_fam_train_run_S70_000048,II,fam,aVF,0,517.0,2.0,549.0,12.0,580.0,16.0,581.0,-8.0,,,606.0,0.0,629.0,2.0,636.0,-2.0,642.0,2.0,762.0,0.0,803.0,8.0
mc_fam_train_run_S70_000057,V6,fam,aVF,0,516.0,-82.0,587.0,0.0,622.0,38.0,623.0,-6.0,,,645.0,0.0,,,667.0,0.0,669.0,-10.0,770.0,0.0,802.0,8.0
mc_fam_train_run_S70_000019,III,fam,aVF,0,526.0,-64.0,583.0,-2.0,627.0,18.0,628.0,2.0,,,645.0,0.0,657.0,0.0,673.0,4.0,680.0,0.0,776.0,0.0,808.0,-2.0
mc_fam_train_run_S73_000054,aVR,fam,aVF,0,545.0,2.0,581.0,-4.0,609.0,4.0,610.0,-16.0,635.0,,656.0,40.0,,,667.0,6.0,672.0,-2.0,759.0,2.0,803.0,10.0
mc_fam_validation_run_S63_000083,aVF,fam,aVF,1,522.0,-12.0,550.0,0.0,593.0,0.0,594.0,-4.0,,,610.0,0.0,626.0,0.0,643.0,-8.0,649.0,-24.0,753.0,0.0,788.0,8.0
mc_fam_train_run_S73_000126,II,fam,aVF,0,538.0,0.0,565.0,0.0,606.0,14.0,607.0,-2.0,,,625.0,0.0,637.0,0.0,656.0,4.0,657.0,-6.0,740.0,0.0,793.0,6.0
mc_avblock_test_run_S64_run_000089,V4,avblock,V1,0,507.0,4.0,522.0,-30.0,555.0,2.0,614.0,-6.0,,,630.0,0.0,641.0,0.0,661.0,6.0,663.0,-20.0,743.0,0.0,787.0,8.0
mc_mi_LCX_1p0_ant_train_run_S73_run_000007,aVR,mi,V1,0,533.0,12.0,556.0,2.0,565.0,10.0,596.0,-2.0,605.0,0.0,613.0,0.0,,,633.0,10.0,676.0,-12.0,734.0,0.0,793.0,32.0
mc_fam_train_run_S73_000041,III,fam,V1,0,489.0,4.0,551.0,-12.0,589.0,0.0,590.0,2.0,,,613.0,2.0,629.0,0.0,649.0,8.0,651.0,-116.0,747.0,0.0,786.0,6.0
mc_mi_LAD_0p3_train_run_S69_run_000038,V1,mi,V1,1,489.0,-36.0,534.0,-4.0,561.0,-2.0,578.0,34.0,590.0,2.0,599.0,0.0,609.0,0.0,626.0,-26.0,,,,,,
mc_lbbb_train_run_S74_run_000026,V6,lbbb,V1,0,529.0,0.0,564.0,26.0,586.0,0.0,597.0,-4.0,,,634.0,0.0,661.0,8.0,661.0,6.0,662.0,-6.0,725.0,0.0,796.0,6.0
mc_lae_train_run_S74_000114,V4,lae,V1,0,550.0,0.0,578.0,0.0,598.0,10.0,616.0,6.0,,,626.0,-2.0,643.0,0.0,664.0,4.0,666.0,-4.0,746.0,-2.0,798.0,12.0
mc_sinus_train_run_S65_run_000068,III,sinus,V1,0,547.0,0.0,571.0,-4.0,609.0,0.0,610.0,-26.0,,,633.0,-2.0,647.0,0.0,673.0,4.0,675.0,-6.0,751.0,0.0,805.0,6.0
mc_avblock_train_run_S73_run_000027,V3,avblock,V1,0,497.0,-12.0,519.0,-2.0,551.0,6.0,618.0,-2.0,,,626.0,-2.0,640.0,0.0,663.0,-6.0,670.0,-28.0,753.0,0.0,794.0,12.0
mc_lae_train_run_S64_000004,aVL,lae,V1,0,535.0,-8.0,574.0,0.0,591.0,4.0,601.0,-2.0,624.0,22.0,637.0,26.0,,,657.0,4.0,663.0,-2.0,750.0,0.0,798.0,6.0
mc_lae_test_run_S62_000059,V6,lae,V1,0,544.0,-2.0,584.0,0.0,608.0,16.0,609.0,2.0,,,637.0,0.0,,,665.0,4.0,670.0,-4.0,744.0,-54.0,807.0,8.0
mc_avblock_train_run_S66_run_000097,II,avblock,V1,0,511.0,14.0,538.0,4.0,556.0,-12.0,622.0,-8.0,,,640.0,0.0,657.0,0.0,672.0,2.0,677.0,-2.0,767.0,0.0,819.0,12.0
mc_avblock_train_run_S72_run_000054,III,avblock,V1,0,496.0,-4.0,526.0,14.0,536.0,-6.0,607.0,-6.0,,,623.0,0.0,637.0,0.0,654.0,2.0,660.0,0.0,746.0,0.0,800.0,12.0
mc_avblock_train_run_S73_run_000027,V5,avblock,V1,0,502.0,6.0,537.0,0.0,556.0,-6.0,623.0,0.0,,,634.0,0.0,648.0,0.0,668.0,6.0,675.0,-2.0,765.0,0.0,800.0,14.0
mc_avblock_train_run_S69_run_000029,V4,avblock,V1,0,511.0,-4.0,543.0,12.0,564.0,6.0,627.0,0.0,,,639.0,0.0,650.0,0.0,667.0,4.0,673.0,0.0,762.0,0.0,799.0,6.0
mc_avblock_train_run_S66_run_000090,II,avblock,V1,0,512.0,4.0,540.0,-2.0,561.0,4.0,623.0,-6.0,,,641.0,0.0,658.0,0.0,670.0,-4.0,675.0,-8.0,763.0,0.0,808.0,8.0
mc_avblock_validation_run_S63_run_000040,V3,avblock,V1,0,510.0,-2.0,547.0,2.0,571.0,2.0,622.0,-4.0,,,639.0,0.0,652.0,0.0,665.0,-14.0,683.0,-78.0,767.0,0.0,802.0,8.0
mc_avblock_train_run_S69_run_000002,aVR,avblock,V1,0,502.0,12.0,533.0,4.0,547.0,-4.0,620.0,-6.0,637.0,,651.0,28.0,,,669.0,4.0,670.0,-6.0,764.0,-2.0,799.0,2.0
mc_avblock_train_run_S72_run_000094,aVL,avblock,V1,0,515.0,-2.0,537.0,0.0,563.0,8.0,635.0,4.0,649.0,,661.0,24.0,,,675.0,2.0,680.0,-2.0,769.0,0.0,811.0,8.0
mc_avblock_validation_run_S67_run_000039,aVF,avblock,V1,0,496.0,-6.0,525.0,-2.0,549.0,4.0,619.0,-2.0,,,633.0,0.0,648.0,0.0,661.0,-8.0,668.0,0.0,766.0,0.0,796.0,0.0
mc_avblock_train_run_S74_run_000086,aVF,avblock,V1,0,517.0,-4.0,556.0,22.0,571.0,10.0,624.0,-6.0,,,640.0,0.0,658.0,0.0,677.0,6.0,679.0,-4.0,767.0,0.0,806.0,4.0
mc_avblock_train_run_S74_run_000003,II,avblock,V1,0,497.0,10.0,528.0,0.0,550.0,-2.0,610.0,-6.0,,,631.0,0.0,647.0,0.0,666.0,4.0,667.0,-4.0,763.0,4.0,802.0,6.0
mc_avblock_train_run_S74_run_000006,III,avblock,V1,0,502.0,0.0,523.0,-20.0,563.0,18.0,621.0,-6.0,,,642.0,0.0,660.0,0.0,676.0,4.0,677.0,-6.0,780.0,4.0,815.0,8.0
mc_fam_train_run_S73_000041,II,fam,V1,0,489.0,-76.0,551.0,-6.0,589.0,30.0,590.0,-16.0,,,613.0,0.0,628.0,0.0,649.0,4.0,651.0,-6.0,749.0,0.0,786.0,6.0
mc_fam_train_run_S66_000045,V1,fam,V1,1,542.0,0.0,565.0,0.0,595.0,12.0,611.0,-2.0,632.0,-2.0,,,,,655.0,0.0,660.0,-4.0,754.0,0.0,803.0,6.0
mc_fam_train_run_S73_000066,aVR,fam,V1,0,512.0,-64.0,582.0,0.0,615.0,-10.0,616.0,-10.0,634.0,,648.0,28.0,,,667.0,2.0,672.0,-2.0,772.0,0.0,807.0,10.0
mc_fam_train_run_S70_000115,II,fam,V1,0,549.0,-2.0,580.0,4.0,601.0,0.0,613.0,-10.0,,,630.0,0.0,642.0,0.0,665.0,4.0,671.0,0.0,756.0,0.0,804.0,6.0
mc_fam_train_run_S70_000048,II,fam,V1,0,517.0,2.0,549.0,12.0,581.0,18.0,582.0,-6.0,,,606.0,0.0,629.0,2.0,636.0,-2.0,643.0,4.0,762.0,0.0,803.0,8.0
mc_fam_train_run_S70_000057,V6,fam,V1,0,523.0,-68.0,587.0,0.0,621.0,36.0,623.0,-6.0,,,645.0,0.0,,,667.0,0.0,669.0,-10.0,770.0,0.0,801.0,6.0
mc_fam_train_run_S70_000019,III,fam,V1,0,536.0,-44.0,583.0,-2.0,627.0,18.0,628.0,2.0,,,645.0,0.0,657.0,0.0,673.0,4.0,680.0,0.0,776.0,0.0,808.0,-2.0
mc_fam_train_run_S73_000054,aVR,fam,V1,0,546.0,4.0,581.0,-4.0,605.0,-4.0,612.0,-12.0,635.0,,656.0,40.0,,,667.0,6.0,672.0,-2.0,759.0,2.0,803.0,10.0
mc_fam_validation_run_S63_000083,aVF,fam,V1,0,528.0,0.0,550.0,0.0,592.0,-2.0,594.0,-4.0,,,610.0,0.0,626.0,0.0,642.0,-10.0,649.0,-24.0,753.0,0.0,787.0,6.0
mc_fam_train_run_S73_000126,II,fam,V1,0,539.0,2.0,565.0,0.0,606.0,14.0,607.0,-2.0,,,625.0,0.0,637.0,0.0,656.0,4.0,657.0,-6.0,740.0,0.0,793.0,6.0
mc_avblock_test_run_S64_run_000089,V4,avblock,V2,0,507.0,4.0,522.0,-30.0,554.0,0.0,615.0,-4.0,,,630.0,0.0,641.0,0.0,661.0,6.0,663.0,-20.0,743.0,0.0,786.0,6.0
mc_mi_LCX_1p0_ant_train_run_S73_run_000007,aVR,mi,V2,0,533.0,12.0,556.0,2.0,567.0,14.0,596.0,-2.0,605.0,0.0,613.0,0.0,,,632.0,8.0,675.0,-14.0,734.0,0.0,794.0,34.0
mc_fam_train_run_S73_000041,III,fam,V2,0,492.0,10.0,551.0,-12.0,586.0,-6.0,588.0,-2.0,,,613.0,2.0,629.0,0.0,649.0,8.0,651.0,-116.0,747.0,0.0,786.0,6.0
mc_mi_LAD_0p3_train_run_S69_run_000038,V1,mi,V2,0,491.0,-32.0,534.0,-4.0,561.0,-2.0,578.0,34.0,590.0,2.0,599.0,0.0,609.0,0.0,627.0,-24.0,641.0,-32.0,777.0,68.0,777.0,-198.0
mc_lbbb_train_run_S74_run_000026,V6,lbbb,V2,0,529.0,0.0,564.0,26.0,586.0,0.0,597.0,-4.0,,,634.0,0.0,661.0,8.0,661.0,6.0,662.0,-6.0,725.0,0.0,796.0,6.0
mc_lae_train_run_S74_000114,V4,lae,V2,0,550.0,0.0,578.0,0.0,598.0,10.0,615.0,4.0,,,626.0,-2.0,643.0,0.0,664.0,4.0,666.0,-4.0,746.0,-2.0,798.0,12.0
mc_sinus_train_run_S65_run_000068,III,sinus,V2,0,547.0,0.0,571.0,-4.0,609.0,0.0,610.0,-26.0,,,633.0,-2.0,647.0,0.0,673.0,4.0,675.0,-6.0,751.0,0.0,805.0,6.0
mc_avblock_train_run_S73_run_000027,V3,avblock,V2,0,498.0,-10.0,519.0,-2.0,551.0,6.0,618.0,-2.0,,,626.0,-2.0,640.0,0.0,663.0,-6.0,670.0,-28.0,753.0,0.0,794.0,12.0
mc_lae_train_run_S64_000004,aVL,lae,V2,0,535.0,-8.0,574.0,0.0,590.0,2.0,602.0,0.0,624.0,22.0,637.0,26.0,,,657.0,4.0,663.0,-2.0,750.0,0.0,798.0,6.0
mc_lae_test_run_S62_000059,V6,lae,V2,0,544.0,-2.0,584.0,0.0,608.0,16.0,609.0,2.0,,,637.0,0.0,,,665.0,4.0,670.0,-4.0,744.0,-54.0,807.0,8.0
mc_avblock_train_run_S66_run_000097,II,avblock,V2,0,511.0,14.0,538.0,4.0,556.0,-12.0,622.0,-8.0,,,640.0,0.0,657.0,0.0,672.0,2.0,677.0,-2.0,767.0,0.0,820.0,14.0
mc_avblock_train_run_S72_run_000054,III,avblock,V2,0,496.0,-4.0,526.0,14.0,536.0,-6.0,607.0,-6.0,,,623.0,0.0,637.0,0.0,654.0,2.0,660.0,0.0,746.0,0.0,799.0,10.0
mc_avblock_train_run_S73_run_000027,V5,avblock,V2,0,503.0,8.0,537.0,0.0,556.0,-6.0,623.0,0.0,,,634.0,0.0,648.0,0.0,668.0,6.0,675.0,-2.0,765.0,0.0,799.0,12.0
mc_avblock_train_run_S69_run_000029,V4,avblock,V2,0,511.0,-4.0,543.0,12.0,564.0,6.0,627.0,0.0,,,639.0,0.0,650.0,0.0,667.0,4.0,673.0,0.0,762.0,0.0,799.0,6.0
mc_avblock_train_run_S66_run_000090,II,avblock,V2,0,512.0,4.0,540.0,-2.0,561.0,4.0,623.0,-6.0,,,641.0,0.0,658.0,0.0,670.0,-4.0,675.0,-8.0,763.0,0.0,809.0,10.0
mc_avblock_validation_run_S63_run_000040,V3,avblock,V2,0,510.0,-2.0,547.0,2.0,571.0,2.0,623.0,-2.0,,,639.0,0.0,652.0,0.0,665.0,-14.0,676.0,-92.0,767.0,0.0,802.0,8.0
mc_avblock_train_run_S69_run_000002,aVR,avblock,V2,0,503.0,14.0,533.0,4.0,545.0,-8.0,620.0,-6.0,637.0,,651.0,28.0,,,669.0,4.0,671.0,-4.0,764.0,-2.0,798.0,0.0
mc_avblock_train_run_S72_run_000094,aVL,avblock,V2,0,515.0,-2.0,537.0,0.0,563.0,8.0,635.0,4.0,649.0,,661.0,24.0,,,675.0,2.0,680.0,-2.0,769.0,0.0,810.0,6.0
mc_avblock_validation_run_S67_run_000039,aVF,avblock,V2,0,496.0,-6.0,525.0,-2.0,549.0,4.0,619.0,-2.0,,,633.0,0.0,648.0,0.0,661.0,-8.0,668.0,0.0,766.0,0.0,797.0,2.0
mc_avblock_train_run_S74_run_000086,aVF,avblock,V2,0,517.0,-4.0,556.0,22.0,571.0,10.0,624.0,-6.0,,,640.0,0.0,658.0,0.0,677.0,6.0,679.0,-4.0,767.0,0.0,805.0,2.0
mc_avblock_train_run_S74_run_000003,II,avblock,V2,0,497.0,10.0,528.0,0.0,549.0,-4.0,610.0,-6.0,,,631.0,0.0,647.0,0.0,666.0,4.0,667.0,-4.0,763.0,4.0,802.0,6.0
mc_avblock_train_run_S74_run_000006,III,avblock,V2,0,502.0,0.0,523.0,-20.0,563.0,18.0,621.0,-6.0,,,642.0,0.0,660.0,0.0,676.0,4.0,677.0,-6.0,780.0,4.0,815.0,8.0
mc_fam_train_run_S73_000041,II,fam,V2,0,492.0,-70.0,551.0,-6.0,586.0,24.0,588.0,-20.0,,,613.0,0.0,628.0,0.0,649.0,4.0,651.0,-6.0,749.0,0.0,786.0,6.0
mc_fam_train_run_S66_000045,V1,fam,V2,0,542.0,0.0,565.0,0.0,593.0,8.0,611.0,-2.0,632.0,-2.0,,,,,655.0,0.0,660.0,-4.0,754.0,0.0,803.0,6.0
mc_fam_train_run_S73_000066,aVR,fam,V2,0,513.0,-62.0,582.0,0.0,610.0,-20.0,611.0,-20.0,634.0,,648.0,28.0,,,667.0,2.0,672.0,-2.0,772.0,0.0,807.0,10.0
mc_fam_train_run_S70_000115,II,fam,V2,0,549.0,-2.0,580.0,4.0,600.0,-2.0,613.0,-10.0,,,630.0,0.0,642.0,0.0,665.0,4.0,671.0,0.0,756.0,0.0,804.0,6.0
mc_fam_train_run_S70_000048,II,fam,V2,0,517.0,2.0,549.0,12.0,583.0,22.0,584.0,-2.0,,,606.0,0.0,629.0,2.0,636.0,-2.0,643.0,4.0,762.0,0.0,803.0,8.0
mc_fam_train_run_S70_000057,V6,fam,V2,0,522.0,-70.0,587.0,0.0,621.0,36.0,623.0,-6.0,,,645.0,0.0,,,667.0,0.0,669.0,-10.0,770.0,0.0,801.0,6.0
mc_fam_train_run_S70_000019,III,fam,V2,0,534.0,-48.0,583.0,-2.0,627.0,18.0,628.0,2.0,,,645.0,0.0,657.0,0.0,673.0,4.0,680.0,0.0,776.0,0.0,808.0,-2.0
mc_fam_train_run_S73_000054,aVR,fam,V2,0,547.0,6.0,581.0,-4.0,603.0,-8.0,614.0,-8.0,635.0,,656.0,40.0,,,667.0,6.0,672.0,-2.0,759.0,2.0,803.0,10.0
mc_fam_validation_run_S63_000083,aVF,fam,V2,0,529.0,2.0,550.0,0.0,590.0,-6.0,595.0,-2.0,,,610.0,0.0,626.0,0.0,642.0,-10.0,649.0,-24.0,753.0,0.0,788.0,8.0
mc_fam_train_run_S73_000126,II,fam,V2,0,539.0,2.0,565.0,0.0,606.0,14.0,607.0,-2.0,,,625.0,0.0,637.0,0.0,656.0,4.0,657.0,-6.0,740.0,0.0,793.0,6.0
mc_avblock_test_run_S64_run_000089,V4,avblock,V3,0,507.0,4.0,522.0,-30.0,554.0,0.0,614.0,-6.0,,,630.0,0.0,641.0,0.0,661.0,6.0,663.0,-20.0,743.0,0.0,786.0,6.0
mc_mi_LCX_1p0_ant_train_run_S73_run_000007,aVR,mi,V3,0,508.0,-38.0,556.0,2.0,569.0,18.0,596.0,-2.0,605.0,0.0,613.0,0.0,,,632.0,8.0,677.0,-10.0,734.0,0.0,793.0,32.0
mc_fam_train_run_S73_000041,III,fam,V3,0,489.0,4.0,551.0,-12.0,588.0,-2.0,589.0,0.0,,,613.0,2.0,629.0,0.0,649.0,8.0,651.0,-116.0,747.0,0.0,786.0,6.0
mc_mi_LAD_0p3_train_run_S69_run_000038,V1,mi,V3,0,490.0,-34.0,534.0,-4.0,562.0,0.0,579.0,36.0,590.0,2.0,599.0,0.0,609.0,0.0,627.0,-24.0,641.0,-32.0,778.0,70.0,778.0,-196.0
mc_lbbb_train_run_S74_run_000026,V6,lbbb,V3,0,529.0,0.0,564.0,26.0,586.0,0.0,597.0,-4.0,,,634.0,0.0,661.0,8.0,661.0,6.0,663.0,-4.0,725.0,0.0,796.0,6.0
mc_lae_train_run_S74_000114,V4,lae,V3,0,550.0,0.0,578.0,0.0,598.0,10.0,614.0,2.0,,,626.0,-2.0,643.0,0.0,664.0,4.0,666.0,-4.0,746.0,-2.0,798.0,12.0
mc_sinus_train_run_S65_run_000068,III,sinus,V3,0,547.0,0.0,571.0,-4.0,609.0,0.0,610.0,-26.0,,,633.0,-2.0,647.0,0.0,673.0,4.0,675.0,-6.0,751.0,0.0,805.0,6.0
mc_avblock_train_run_S73_run_000027,V3,avblock,V3,1,499.0,-8.0,519.0,-2.0,550.0,4.0,617.0,-4.0,,,626.0,-2.0,640.0,0.0,663.0,-6.0,670.0,-28.0,753.0,0.0,794.0,12.0
mc_lae_train_run_S64_000004,aVL,lae,V3,0,535.0,-8.0,574.0,0.0,591.0,4.0,602.0,0.0,624.0,22.0,637.0,26.0,,,657.0,4.0,663.0,-2.0,750.0,0.0,798.0,6.0
mc_lae_test_run_S62_000059,V6,lae,V3,0,544.0,-2.0,584.0,0.0,608.0,16.0,609.0,2.0,,,637.0,0.0,,,665.0,4.0,670.0,-4.0,744.0,-54.0,807.0,8.0
mc_avblock_train_run_S66_run_000097,II,avblock,V3,0,512.0,16.0,538.0,4.0,556.0,-12.0,622.0,-8.0,,,640.0,0.0,657.0,0.0,672.0,2.0,677.0,-2.0,767.0,0.0,820.0,14.0
mc_avblock_train_run_S72_run_000054,III,avblock,V3,0,496.0,-4.0,526.0,14.0,536.0,-6.0,607.0,-6.0,,,623.0,0.0,637.0,0.0,654.0,2.0,660.0,0.0,746.0,0.0,799.0,10.0
mc_avblock_train_run_S73_run_000027,V5,avblock,V3,0,504.0,10.0,537.0,0.0,556.0,-6.0,622.0,-2.0,,,634.0,0.0,648.0,0.0,668.0,6.0,675.0,-2.0,765.0,0.0,799.0,12.0
mc_avblock_train_run_S69_run_000029,V4,avblock,V3,0,511.0,-4.0,543.0,12.0,563.0,4.0,627.0,0.0,,,639.0,0.0,650.0,0.0,667.0,4.0,673.0,0.0,762.0,0.0,799.0,6.0
mc_avblock_train_run_S66_run_000090,II,avblock,V3,0,512.0,4.0,540.0,-2.0,561.0,4.0,622.0,-8.0,,,641.0,0.0,658.0,0.0,670.0,-4.0,675.0,-8.0,763.0,0.0,808.0,8.0
mc_avblock_validation_run_S63_run_000040,V3,avblock,V3,1,510.0,-2.0,547.0,2.0,570.0,0.0,622.0,-4.0,,,639.0,0.0,652.0,0.0,665.0,-14.0,674.0,-96.0,767.0,0.0,802.0,8.0
mc_avblock_train_run_S69_run_000002,aVR,avblock,V3,0,504.0,16.0,533.0,4.0,545.0,-8.0,620.0,-6.0,637.0,,651.0,28.0,,,669.0,4.0,670.0,-6.0,764.0,-2.0,798.0,0.0
mc_avblock_train_run_S72_run_000094,aVL,avblock,V3,0,515.0,-2.0,537.0,0.0,562.0,6.0,635.0,4.0,649.0,,661.0,24.0,,,675.0,2.0,680.0,-2.0,769.0,0.0,810.0,6.0
mc_avblock_validation_run_S67_run_000039,aVF,avblock,V3,0,496.0,-6.0,525.0,-2.0,548.0,2.0,619.0,-2.0,,,633.0,0.0,648.0,0.0,661.0,-8.0,668.0,0.0,766.0,0.0,797.0,2.0
mc_avblock_train_run_S74_run_000086,aVF,avblock,V3,0,517.0,-4.0,556.0,22.0,570.0,8.0,624.0,-6.0,,,640.0,0.0,658.0,0.0,677.0,6.0,679.0,-4.0,767.0,0.0,805.0,2.0
mc_avblock_train_run_S74_run_000003,II,avblock,V3,0,499.0,14.0,528.0,0.0,549.0,-4.0,610.0,-6.0,,,631.0,0.0,647.0,0.0,666.0,4.0,667.0,-4.0,763.0,4.0,802.0,6.0
mc_avblock_train_run_S74_run_000006,III,avblock,V3,0,502.0,0.0,523.0,-20.0,563.0,18.0,621.0,-6.0,,,642.0,0.0,660.0,0.0,676.0,4.0,677.0,-6.0,780.0,4.0,815.0,8.0
mc_fam_train_run_S73_000041,II,fam,V3,0,489.0,-76.0,551.0,-6.0,588.0,28.0,589.0,-18.0,,,613.0,0.0,628.0,0.0,649.0,4.0,651.0,-6.0,749.0,0.0,786.0,6.0
mc_fam_train_run_S66_000045,V1,fam,V3,0,541.0,-2.0,565.0,0.0,593.0,8.0,611.0,-2.0,632.0,-2.0,,,,,655.0,0.0,661.0,-2.0,754.0,0.0,802.0,4.0
mc_fam_train_run_S73_000066,aVR,fam,V3,0,509.0,-70.0,582.0,0.0,612.0,-16.0,613.0,-16.0,634.0,,648.0,28.0,,,667.0,2.0,672.0,-2.0,772.0,0.0,807.0,10.0
mc_fam_train_run_S70_000115,II,fam,V3,0,549.0,-2.0,580.0,4.0,601.0,0.0,613.0,-10.0,,,630.0,0.0,642.0,0.0,665.0,4.0,671.0,0.0,756.0,0.0,804.0,6.0
mc_fam_train_run_S70_000048,II,fam,V3,0,516.0,0.0,549.0,12.0,581.0,18.0,582.0,-6.0,,,606.0,0.0,629.0,2.0,636.0,-2.0,642.0,2.0,762.0,0.0,803.0,8.0
mc_fam_train_run_S70_000057,V6,fam,V3,0,516.0,-82.0,587.0,0.0,621.0,36.0,623.0,-6.0,,,645.0,0.0,,,666.0,-2.0,671.0,-6.0,770.0,0.0,801.0,6.0
mc_fam_train_run_S70_000019,III,fam,V3,0,524.0,-68.0,583.0,-2.0,624.0,12.0,625.0,-4.0,,,645.0,0.0,657.0,0.0,673.0,4.0,680.0,0.0,776.0,0.0,808.0,-2.0
mc_fam_train_run_S73_000054,aVR,fam,V3,0,546.0,4.0,581.0,-4.0,606.0,-2.0,611.0,-14.0,635.0,,656.0,40.0,,,667.0,6.0,672.0,-2.0,759.0,2.0,803.0,10.0
mc_fam_validation_run_S63_000083,aVF,fam,V3,0,528.0,0.0,550.0,0.0,590.0,-6.0,595.0,-2.0,,,610.0,0.0,626.0,0.0,642.0,-10.0,649.0,-24.0,753.0,0.0,788.0,8.0
mc_fam_train_run_S73_000126,II,fam,V3,0,539.0,2.0,565.0,0.0,606.0,14.0,607.0,-2.0,,,625.0,0.0,637.0,0.0,656.0,4.0,657.0,-6.0,740.0,0.0,793.0,6.0
mc_avblock_test_run_S64_run_000089,V4,avblock,V4,1,507.0,4.0,522.0,-30.0,555.0,2.0,614.0,-6.0,,,630.0,0.0,641.0,0.0,661.0,6.0,663.0,-20.0,743.0,0.0,787.0,8.0
mc_mi_LCX_1p0_ant_train_run_S73_run_000007,aVR,mi,V4,0,508.0,-38.0,556.0,2.0,575.0,30.0,596.0,-2.0,605.0,0.0,613.0,0.0,,,632.0,8.0,678.0,-8.0,734.0,0.0,794.0,34.0
mc_fam_train_run_S73_000041,III,fam,V4,0,487.0,0.0,551.0,-12.0,589.0,0.0,590.0,2.0,,,613.0,2.0,629.0,0.0,649.0,8.0,651.0,-116.0,747.0,0.0,786.0,6.0
mc_mi_LAD_0p3_train_run_S69_run_000038,V1,mi,V4,0,485.0,-44.0,534.0,-4.0,562.0,0.0,578.0,34.0,590.0,2.0,599.0,0.0,609.0,0.0,627.0,-24.0,641.0,-32.0,776.0,66.0,776.0,-200.0
mc_lbbb_train_run_S74_run_000026,V6,lbbb,V4,0,529.0,0.0,564.0,26.0,586.0,0.0,598.0,-2.0,,,634.0,0.0,661.0,8.0,661.0,6.0,662.0,-6.0,725.0,0.0,796.0,6.0
mc_lae_train_run_S74_000114,V4,lae,V4,1,550.0,0.0,578.0,0.0,599.0,12.0,616.0,6.0,,,626.0,-2.0,643.0,0.0,664.0,4.0,666.0,-4.0,746.0,-2.0,798.0,12.0
mc_sinus_train_run_S65_run_000068,III,sinus,V4,0,547.0,0.0,571.0,-4.0,610.0,2.0,611.0,-24.0,,,633.0,-2.0,647.0,0.0,673.0,4.0,675.0,-6.0,751.0,0.0,805.0,6.0
mc_avblock_train_run_S73_run_000027,V3,avblock,V4,0,498.0,-10.0,519.0,-2.0,552.0,8.0,616.0,-6.0,,,626.0,-2.0,640.0,0.0,663.0,-6.0,670.0,-28.0,753.0,0.0,795.0,14.0
mc_lae_train_run_S64_000004,aVL,lae,V4,0,534.0,-10.0,574.0,0.0,591.0,4.0,601.0,-2.0,624.0,22.0,637.0,26.0,,,657.0,4.0,663.0,-2.0,750.0,0.0,798.0,6.0
mc_lae_test_run_S62_000059,V6,lae,V4,0,544.0,-2.0,584.0,0.0,608.0,16.0,609.0,2.0,,,637.0,0.0,,,665.0,4.0,670.0,-4.0,744.0,-54.0,807.0,8.0
mc_avblock_train_run_S66_run_000097,II,avblock,V4,0,510.0,12.0,538.0,4.0,556.0,-12.0,622.0,-8.0,,,640.0,0.0,657.0,0.0,672.0,2.0,677.0,-2.0,767.0,0.0,819.0,12.0
mc_avblock_train_run_S72_run_000054,III,avblock,V4,0,496.0,-4.0,526.0,14.0,537.0,-4.0,607.0,-6.0,,,623.0,0.0,637.0,0.0,654.0,2.0,660.0,0.0,746.0,0.0,800.0,12.0
mc_avblock_train_run_S73_run_000027,V5,avblock,V4,0,503.0,8.0,537.0,0.0,558.0,-2.0,622.0,-2.0,,,634.0,0.0,648.0,0.0,668.0,6.0,675.0,-2.0,765.0,0.0,800.0,14.0
mc_avblock_train_run_S69_run_000029,V4,avblock,V4,1,511.0,-4.0,543.0,12.0,564.0,6.0,627.0,0.0,,,639.0,0.0,650.0,0.0,667.0,4.0,673.0,0.0,762.0,0.0,799.0,6.0
mc_avblock_train_run_S66_run_000090,II,avblock,V4,0,511.0,2.0,540.0,-2.0,560.0,2.0,622.0,-8.0,,,641.0,0.0,658.0,0.0,670.0,-4.0,675.0,-8.0,763.0,0.0,807.0,6.0
mc_avblock_validation_run_S63_run_000040,V3,avblock,V4,0,510.0,-2.0,547.0,2.0,571.0,2.0,622.0,-4.0,,,639.0,0.0,652.0,0.0,665.0,-14.0,675.0,-94.0,767.0,0.0,802.0,8.0
mc_avblock_train_run_S69_run_000002,aVR,avblock,V4,0,503.0,14.0,533.0,4.0,546.0,-6.0,620.0,-6.0,637.0,,651.0,28.0,,,669.0,4.0,670.0,-6.0,764.0,-2.0,799.0,2.0
mc_avblock_train_run_S72_run_000094,aVL,avblock,V4,0,514.0,-4.0,537.0,0.0,562.0,6.0,635.0,4.0,649.0,,661.0,24.0,,,675.0,2.0,680.0,-2.0,769.0,0.0,811.0,8.0
mc_avblock_validation_run_S67_run_000039,aVF,avblock,V4,0,496.0,-6.0,525.0,-2.0,549.0,4.0,619.0,-2.0,,,633.0,0.0,648.0,0.0,661.0,-8.0,668.0,0.0,766.0,0.0,797.0,2.0
mc_avblock_train_run_S74_run_000086,aVF,avblock,V4,0,517.0,-4.0,556.0,22.0,571.0,10.0,624.0,-6.0,,,640.0,0.0,658.0,0.0,677.0,6.0,679.0,-4.0,767.0,0.0,805.0,2.0
mc_avblock_train_run_S74_run_000003,II,avblock,V4,0,497.0,10.0,528.0,0.0,549.0,-4.0,610.0,-6.0,,,631.0,0.0,647.0,0.0,666.0,4.0,667.0,-4.0,763.0,4.0,802.0,6.0
mc_avblock_train_run_S74_run_000006,III,avblock,V4,0,502.0,0.0,523.0,-20.0,563.0,18.0,621.0,-6.0,,,642.0,0.0,660.0,0.0,676.0,4.0,677.0,-6.0,780.0,4.0,815.0,8.0
mc_fam_train_run_S73_000041,II,fam,V4,0,487.0,-80.0,551.0,-6.0,589.0,30.0,590.0,-16.0,,,613.0,0.0,628.0,0.0,649.0,4.0,651.0,-6.0,749.0,0.0,786.0,6.0
mc_fam_train_run_S66_000045,V1,fam,V4,0,541.0,-2.0,565.0,0.0,600.0,22.0,611.0,-2.0,632.0,-2.0,656.0,,,,656.0,2.0,661.0,-2.0,754.0,0.0,801.0,2.0
mc_fam_train_run_S73_000066,aVR,fam,V4,0,510.0,-68.0,582.0,0.0,617.0,-6.0,618.0,-6.0,634.0,,648.0,28.0,,,667.0,2.0,672.0,-2.0,772.0,0.0,807.0,10.0
mc_fam_train_run_S70_000115,II,fam,V4,0,548.0,-4.0,580.0,4.0,602.0,2.0,613.0,-10.0,,,630.0,0.0,642.0,0.0,665.0,4.0,671.0,0.0,756.0,0.0,805.0,8.0
mc_fam_train_run_S70_000048,II,fam,V4,0,517.0,2.0,549.0,12.0,581.0,18.0,582.0,-6.0,,,606.0,0.0,629.0,2.0,636.0,-2.0,642.0,2.0,762.0,0.0,803.0,8.0
mc_fam_train_run_S70_000057,V6,fam,V4,0,520.0,-74.0,587.0,0.0,622.0,38.0,623.0,-6.0,,,645.0,0.0,,,666.0,-2.0,671.0,-6.0,770.0,0.0,801.0,6.0
mc_fam_train_run_S70_000019,III,fam,V4,0,526.0,-64.0,583.0,-2.0,626.0,16.0,627.0,0.0,,,645.0,0.0,657.0,0.0,673.0,4.0,680.0,0.0,776.0,0.0,808.0,-2.0
mc_fam_train_run_S73_000054,aVR,fam,V4,0,545.0,2.0,581.0,-4.0,609.0,4.0,610.0,-16.0,635.0,,656.0,40.0,,,667.0,6.0,672.0,-2.0,759.0,2.0,803.0,10.0
mc_fam_validation_run_S63_000083,aVF,fam,V4,0,520.0,-16.0,550.0,0.0,592.0,-2.0,594.0,-4.0,,,610.0,0.0,626.0,0.0,642.0,-10.0,649.0,-24.0,753.0,0.0,788.0,8.0
mc_fam_train_run_S73_000126,II,fam,V4,0,538.0,0.0,565.0,0.0,606.0,14.0,607.0,-2.0,,,625.0,0.0,637.0,0.0,656.0,4.0,657.0,-6.0,740.0,0.0,793.0,6.0
mc_avblock_test_run_S64_run_000089,V4,avblock,V5,0,507.0,4.0,522.0,-30.0,555.0,2.0,614.0,-6.0,,,630.0,0.0,641.0,0.0,661.0,6.0,663.0,-20.0,743.0,0.0,788.0,10.0
mc_mi_LCX_1p0_ant_train_run_S73_run_000007,aVR,mi,V5,0,508.0,-38.0,556.0,2.0,582.0,44.0,583.0,-28.0,605.0,0.0,613.0,0.0,,,634.0,12.0,676.0,-12.0,734.0,0.0,795.0,36.0
mc_fam_train_run_S73_000041,III,fam,V5,0,487.0,0.0,551.0,-12.0,589.0,0.0,590.0,2.0,,,613.0,2.0,629.0,0.0,649.0,8.0,651.0,-116.0,747.0,0.0,786.0,6.0
mc_mi_LAD_0p3_train_run_S69_run_000038,V1,mi,V5,0,485.0,-44.0,534.0,-4.0,562.0,0.0,579.0,36.0,590.0,2.0,599.0,0.0,609.0,0.0,627.0,-24.0,,,,,,
mc_lbbb_train_run_S74_run_000026,V6,lbbb,V5,0,529.0,0.0,564.0,26.0,586.0,0.0,597.0,-4.0,,,634.0,0.0,661.0,8.0,661.0,6.0,662.0,-6.0,725.0,0.0,796.0,6.0
mc_lae_train_run_S74_000114,V4,lae,V5,0,549.0,-2.0,578.0,0.0,600.0,14.0,614.0,2.0,,,626.0,-2.0,643.0,0.0,664.0,4.0,666.0,-4.0,746.0,-2.0,799.0,14.0
mc_sinus_train_run_S65_run_000068,III,sinus,V5,0,547.0,0.0,571.0,-4.0,610.0,2.0,611.0,-24.0,,,633.0,-2.0,647.0,0.0,673.0,4.0,675.0,-6.0,751.0,0.0,805.0,6.0
mc_avblock_train_run_S73_run_000027,V3,avblock,V5,0,497.0,-12.0,519.0,-2.0,553.0,10.0,616.0,-6.0,,,626.0,-2.0,640.0,0.0,663.0,-6.0,670.0,-28.0,753.0,0.0,795.0,14.0
mc_lae_train_run_S64_000004,aVL,lae,V5,0,534.0,-10.0,574.0,0.0,592.0,6.0,601.0,-2.0,624.0,22.0,637.0,26.0,,,657.0,4.0,663.0,-2.0,750.0,0.0,798.0,6.0
mc_lae_test_run_S62_000059,V6,lae,V5,0,544.0,-2.0,584.0,0.0,608.0,16.0,609.0,2.0,,,637.0,0.0,,,665.0,4.0,670.0,-4.0,744.0,-54.0,807.0,8.0
mc_avblock_train_run_S66_run_000097,II,avblock,V5,0,510.0,12.0,538.0,4.0,556.0,-12.0,622.0,-8.0,,,640.0,0.0,657.0,0.0,674.0,6.0,676.0,-4.0,767.0,0.0,819.0,12.0
mc_avblock_train_run_S72_run_000054,III,avblock,V5,0,496.0,-4.0,526.0,14.0,537.0,-4.0,607.0,-6.0,,,623.0,0.0,637.0,0.0,654.0,2.0,660.0,0.0,746.0,0.0,801.0,14.0
mc_avblock_train_run_S73_run_000027,V5,avblock,V5,1,502.0,6.0,537.0,0.0,559.0,0.0,622.0,-2.0,,,634.0,0.0,648.0,0.0,668.0,6.0,675.0,-2.0,765.0,0.0,800.0,14.0
mc_avblock_train_run_S69_run_000029,V4,avblock,V5,0,510.0,-6.0,543.0,12.0,564.0,6.0,627.0,0.0,,,639.0,0.0,650.0,0.0,667.0,4.0,673.0,0.0,762.0,0.0,800.0,8.0
mc_avblock_train_run_S66_run_000090,II,avblock,V5,0,511.0,2.0,540.0,-2.0,561.0,4.0,622.0,-8.0,,,641.0,0.0,658.0,0.0,670.0,-4.0,675.0,-8.0,763.0,0.0,807.0,6.0
mc_avblock_validation_run_S63_run_000040,V3,avblock,V5,0,510.0,-2.0,547.0,2.0,571.0,2.0,622.0,-4.0,,,639.0,0.0,652.0,0.0,665.0,-14.0,675.0,-94.0,767.0,0.0,803.0,10.0
mc_avblock_train_run_S69_run_000002,aVR,avblock,V5,0,501.0,10.0,533.0,4.0,547.0,-4.0,620.0,-6.0,637.0,,651.0,28.0,,,669.0,4.0,670.0,-6.0,764.0,-2.0,799.0,2.0
mc_avblock_train_run_S72_run_000094,aVL,avblock,V5,0,514.0,-4.0,537.0,0.0,563.0,8.0,634.0,2.0,649.0,,661.0,24.0,,,675.0,2.0,680.0,-2.0,769.0,0.0,812.0,10.0
mc_avblock_validation_run_S67_run_000039,aVF,avblock,V5,0,496.0,-6.0,525.0,-2.0,550.0,6.0,618.0,-4.0,,,633.0,0.0,648.0,0.0,661.0,-8.0,668.0,0.0,766.0,0.0,797.0,2.0
mc_avblock_train_run_S74_run_000086,aVF,avblock,V5,0,517.0,-4.0,556.0,22.0,572.0,12.0,623.0,-8.0,,,640.0,0.0,658.0,0.0,677.0,6.0,679.0,-4.0,767.0,0.0,806.0,4.0
mc_avblock_train_run_S74_run_000003,II,avblock,V5,0,496.0,8.0,528.0,0.0,550.0,-2.0,609.0,-8.0,,,631.0,0.0,647.0,0.0,666.0,4.0,667.0,-4.0,763.0,4.0,802.0,6.0
mc_avblock_train_run_S74_run_000006,III,avblock,V5,0,502.0,0.0,523.0,-20.0,563.0,18.0,621.0,-6.0,,,642.0,0.0,660.0,0.0,676.0,4.0,677.0,-6.0,780.0,4.0,816.0,10.0
mc_fam_train_run_S73_000041,II,fam,V5,0,487.0,-80.0,551.0,-6.0,589.0,30.0,590.0,-16.0,,,613.0,0.0,628.0,0.0,649.0,4.0,651.0,-6.0,749.0,0.0,786.0,6.0
mc_fam_train_run_S66_000045,V1,fam,V5,0,541.0,-2.0,565.0,0.0,601.0,24.0,611.0,-2.0,632.0,-2.0,657.0,,,,657.0,4.0,659.0,-6.0,754.0,0.0,802.0,4.0
mc_fam_train_run_S73_000066,aVR,fam,V5,0,510.0,-68.0,582.0,0.0,612.0,-16.0,613.0,-16.0,634.0,,648.0,28.0,,,669.0,6.0,671.0,-4.0,772.0,0.0,807.0,10.0
mc_fam_train_run_S70_000115,II,fam,V5,0,548.0,-4.0,580.0,4.0,603.0,4.0,609.0,-18.0,,,630.0,0.0,642.0,0.0,667.0,8.0,669.0,-4.0,756.0,0.0,806.0,10.0
mc_fam_train_run_S70_000048,II,fam,V5,0,517.0,2.0,549.0,12.0,581.0,18.0,582.0,-6.0,,,606.0,0.0,629.0,2.0,637.0,0.0,642.0,2.0,762.0,0.0,803.0,8.0
mc_fam_train_run_S70_000057,V6,fam,V5,0,520.0,-74.0,587.0,0.0,622.0,38.0,623.0,-6.0,,,645.0,0.0,,,667.0,0.0,669.0,-10.0,770.0,0.0,802.0,8.0
mc_fam_train_run_S70_000019,III,fam,V5,0,526.0,-64.0,583.0,-2.0,627.0,18.0,628.0,2.0,,,645.0,0.0,657.0,0.0,673.0,4.0,679.0,-2.0,776.0,0.0,808.0,-2.0
mc_fam_train_run_S73_000054,aVR,fam,V5,0,545.0,2.0,581.0,-4.0,609.0,4.0,610.0,-16.0,635.0,,656.0,40.0,,,667.0,6.0,672.0,-2.0,759.0,2.0,803.0,10.0
mc_fam_validation_run_S63_000083,aVF,fam,V5,0,518.0,-20.0,550.0,0.0,593.0,0.0,594.0,-4.0,,,610.0,0.0,626.0,0.0,643.0,-8.0,649.0,-24.0,753.0,0.0,788.0,8.0
mc_fam_train_run_S73_000126,II,fam,V5,0,538.0,0.0,565.0,0.0,606.0,14.0,607.0,-2.0,,,625.0,0.0,637.0,0.0,656.0,4.0,657.0,-6.0,740.0,0.0,793.0,6.0
mc_avblock_test_run_S64_run_000089,V4,avblock,V6,0,507.0,4.0,522.0,-30.0,555.0,2.0,614.0,-6.0,,,630.0,0.0,641.0,0.0,661.0,6.0,663.0,-20.0,743.0,0.0,788.0,10.0
mc_mi_LCX_1p0_ant_train_run_S73_run_000007,aVR,mi,V6,0,508.0,-38.0,556.0,2.0,581.0,42.0,582.0,-30.0,605.0,0.0,613.0,0.0,,,634.0,12.0,673.0,-18.0,734.0,0.0,796.0,38.0
mc_fam_train_run_S73_000041,III,fam,V6,0,488.0,2.0,551.0,-12.0,588.0,-2.0,589.0,0.0,,,613.0,2.0,629.0,0.0,649.0,8.0,651.0,-116.0,747.0,0.0,786.0,6.0
mc_mi_LAD_0p3_train_run_S69_run_000038,V1,mi,V6,0,484.0,-46.0,534.0,-4.0,562.0,0.0,579.0,36.0,590.0,2.0,599.0,0.0,609.0,0.0,627.0,-24.0,,,,,,
mc_lbbb_train_run_S74_run_000026,V6,lbbb,V6,1,529.0,0.0,564.0,26.0,586.0,0.0,597.0,-4.0,,,634.0,0.0,661.0,8.0,661.0,6.0,662.0,-6.0,725.0,0.0,796.0,6.0
mc_lae_train_run_S74_000114,V4,lae,V6,0,549.0,-2.0,578.0,0.0,600.0,14.0,614.0,2.0,,,626.0,-2.0,643.0,0.0,664.0,4.0,666.0,-4.0,746.0,-2.0,799.0,14.0
mc_sinus_train_run_S65_run_000068,III,sinus,V6,0,547.0,0.0,571.0,-4.0,609.0,0.0,610.0,-26.0,,,633.0,-2.0,647.0,0.0,673.0,4.0,675.0,-6.0,751.0,0.0,805.0,6.0
mc_avblock_train_run_S73_run_000027,V3,avblock,V6,0,497.0,-12.0,519.0,-2.0,554.0,12.0,617.0,-4.0,,,626.0,-2.0,640.0,0.0,663.0,-6.0,670.0,-28.0,753.0,0.0,795.0,14.0
mc_lae_train_run_S64_000004,aVL,lae,V6,0,534.0,-10.0,574.0,0.0,592.0,6.0,601.0,-2.0,624.0,22.0,637.0,26.0,,,657.0,4.0,663.0,-2.0,750.0,0.0,798.0,6.0
mc_lae_test_run_S62_000059,V6,lae,V6,1,544.0,-2.0,584.0,0.0,608.0,16.0,609.0,2.0,,,637.0,0.0,,,665.0,4.0,670.0,-4.0,744.0,-54.0,807.0,8.0
mc_avblock_train_run_S66_run_000097,II,avblock,V6,0,510.0,12.0,538.0,4.0,556.0,-12.0,622.0,-8.0,,,640.0,0.0,657.0,0.0,674.0,6.0,676.0,-4.0,767.0,0.0,819.0,12.0
mc_avblock_train_run_S72_run_000054,III,avblock,V6,0,496.0,-4.0,526.0,14.0,537.0,-4.0,607.0,-6.0,,,623.0,0.0,637.0,0.0,654.0,2.0,660.0,0.0,746.0,0.0,801.0,14.0
mc_avblock_train_run_S73_run_000027,V5,avblock,V6,0,502.0,6.0,537.0,0.0,560.0,2.0,623.0,0.0,,,634.0,0.0,648.0,0.0,668.0,6.0,675.0,-2.0,765.0,0.0,801.0,16.0
mc_avblock_train_run_S69_run_000029,V4,avblock,V6,0,511.0,-4.0,543.0,12.0,564.0,6.0,627.0,0.0,,,639.0,0.0,650.0,0.0,667.0,4.0,673.0,0.0,762.0,0.0,800.0,8.0
mc_avblock_train_run_S66_run_000090,II,avblock,V6,0,511.0,2.0,540.0,-2.0,560.0,2.0,622.0,-8.0,,,641.0,0.0,658.0,0.0,670.0,-4.0,675.0,-8.0,763.0,0.0,807.0,6.0
mc_avblock_validation_run_S63_run_000040,V3,avblock,V6,0,510.0,-2.0,547.0,2.0,571.0,2.0,622.0,-4.0,,,639.0,0.0,652.0,0.0,665.0,-14.0,675.0,-94.0,767.0,0.0,803.0,10.0
mc_avblock_train_run_S69_run_000002,aVR,avblock,V6,0,500.0,8.0,533.0,4.0,546.0,-6.0,620.0,-6.0,637.0,,651.0,28.0,,,669.0,4.0,670.0,-6.0,764.0,-2.0,799.0,2.0
mc_avblock_train_run_S72_run_000094,aVL,avblock,V6,0,514.0,-4.0,537.0,0.0,563.0,8.0,635.0,4.0,649.0,,661.0,24.0,,,675.0,2.0,680.0,-2.0,769.0,0.0,812.0,10.0
mc_avblock_validation_run_S67_run_000039,aVF,avblock,V6,0,496.0,-6.0,525.0,-2.0,550.0,6.0,618.0,-4.0,,,633.0,0.0,648.0,0.0,661.0,-8.0,668.0,0.0,766.0,0.0,797.0,2.0
mc_avblock_train_run_S74_run_000086,aVF,avblock,V6,0,517.0,-4.0,556.0,22.0,573.0,14.0,623.0,-8.0,,,640.0,0.0,658.0,0.0,677.0,6.0,679.0,-4.0,767.0,0.0,806.0,4.0
mc_avblock_train_run_S74_run_000003,II,avblock,V6,0,496.0,8.0,528.0,0.0,551.0,0.0,610.0,-6.0,,,631.0,0.0,647.0,0.0,666.0,4.0,667.0,-4.0,763.0,4.0,802.0,6.0
mc_avblock_train_run_S74_run_000006,III,avblock,V6,0,502.0,0.0,523.0,-20.0,563.0,18.0,621.0,-6.0,,,642.0,0.0,660.0,0.0,676.0,4.0,677.0,-6.0,780.0,4.0,816.0,10.0
mc_fam_train_run_S73_000041,II,fam,V6,0,488.0,-78.0,551.0,-6.0,588.0,28.0,589.0,-18.0,,,613.0,0.0,628.0,0.0,649.0,4.0,651.0,-6.0,749.0,0.0,786.0,6.0
mc_fam_train_run_S66_000045,V1,fam,V6,0,541.0,-2.0,565.0,0.0,600.0,22.0,611.0,-2.0,632.0,-2.0,657.0,,,,657.0,4.0,659.0,-6.0,754.0,0.0,801.0,2.0
mc_fam_train_run_S73_000066,aVR,fam,V6,0,512.0,-64.0,582.0,0.0,610.0,-20.0,611.0,-20.0,634.0,,648.0,28.0,,,669.0,6.0,671.0,-4.0,772.0,0.0,807.0,10.0
mc_fam_train_run_S70_000115,II,fam,V6,0,548.0,-4.0,580.0,4.0,603.0,4.0,608.0,-20.0,,,630.0,0.0,642.0,0.0,665.0,4.0,670.0,-2.0,756.0,0.0,806.0,10.0
mc_fam_train_run_S70_000048,II,fam,V6,0,517.0,2.0,549.0,12.0,580.0,16.0,581.0,-8.0,,,606.0,0.0,629.0,2.0,637.0,0.0,642.0,2.0,762.0,0.0,803.0,8.0
mc_fam_train_run_S70_000057,V6,fam,V6,1,521.0,-72.0,587.0,0.0,622.0,38.0,623.0,-6.0,,,645.0,0.0,,,667.0,0.0,669.0,-10.0,770.0,0.0,802.0,8.0
mc_fam_train_run_S70_000019,III,fam,V6,0,528.0,-60.0,583.0,-2.0,626.0,16.0,627.0,0.0,,,645.0,0.0,657.0,0.0,673.0,4.0,679.0,-2.0,776.0,0.0,808.0,-2.0
mc_fam_train_run_S73_000054,aVR,fam,V6,0,545.0,2.0,581.0,-4.0,609.0,4.0,610.0,-16.0,635.0,,656.0,40.0,,,667.0,6.0,672.0,-2.0,759.0,2.0,803.0,10.0
mc_fam_validation_run_S63_000083,aVF,fam,V6,0,520.0,-16.0,550.0,0.0,593.0,0.0,594.0,-4.0,,,610.0,0.0,626.0,0.0,643.0,-8.0,649.0,-24.0,753.0,0.0,788.0,8.0
mc_fam_train_run_S73_000126,II,fam,V6,0,538.0,0.0,565.0,0.0,606.0,14.0,607.0,-2.0,,,625.0,0.0,637.0,0.0,656.0,4.0,657.0,-6.0,740.0,0.0,793.0,6.0
mc_fam_test_run_S62_000066,III,fam,I,0,555.0,-2.0,578.0,0.0,619.0,26.0,620.0,-4.0,,,638.0,0.0,657.0,2.0,670.0,8.0,676.0,-4.0,770.0,0.0,809.0,6.0
mc_fam_train_run_S72_000059,aVF,fam,I,0,549.0,-4.0,570.0,-2.0,605.0,-2.0,616.0,-6.0,,,632.0,0.0,646.0,0.0,664.0,4.0,670.0,0.0,750.0,0.0,796.0,-18.0
mc_fam_test_run_S62_000120,III,fam,I,0,555.0,0.0,579.0,-2.0,612.0,6.0,613.0,6.0,,,640.0,0.0,658.0,0.0,669.0,6.0,674.0,-2.0,767.0,0.0,805.0,6.0
mc_iab_train_run_S74_000052,III,iab,I,0,503.0,0.0,549.0,68.0,561.0,4.0,567.0,-16.0,592.0,0.0,607.0,0.0,620.0,2.0,634.0,4.0,639.0,-2.0,713.0,0.0,791.0,8.0
mc_iab_train_run_S69_000022,V2,iab,I,0,490.0,-2.0,511.0,16.0,546.0,16.0,547.0,-6.0,570.0,-2.0,,,,,597.0,4.0,599.0,-4.0,689.0,0.0,747.0,10.0
mc_iab_train_run_S66_000041,V3,iab,I,0,555.0,-16.0,578.0,0.0,604.0,6.0,620.0,2.0,638.0,-2.0,665.0,,,,665.0,2.0,666.0,-6.0,752.0,0.0,803.0,14.0
mc_iab_train_run_S66_000013,III,iab,I,0,547.0,-4.0,585.0,32.0,593.0,4.0,612.0,-6.0,,,629.0,0.0,644.0,0.0,666.0,4.0,671.0,-2.0,755.0,0.0,795.0,16.0
mc_iab_validation_run_S63_000056,III,iab,I,0,550.0,8.0,602.0,74.0,608.0,6.0,626.0,-4.0,638.0,2.0,645.0,0.0,652.0,0.0,669.0,4.0,675.0,0.0,772.0,0.0,814.0,12.0
mc_iab_test_run_S62_000008,II,iab,I,0,544.0,-10.0,573.0,0.0,591.0,4.0,617.0,4.0,,,635.0,0.0,,,666.0,4.0,671.0,6.0,756.0,0.0,802.0,12.0
mc_iab_train_run_S69_000121,II,iab,I,0,560.0,-2.0,578.0,0.0,610.0,16.0,611.0,-8.0,640.0,0.0,,,,,658.0,2.0,663.0,-2.0,763.0,0.0,802.0,6.0
mc_iab_train_run_S67_000066,III,iab,I,0,558.0,0.0,586.0,0.0,612.0,6.0,631.0,-2.0,,,646.0,0.0,658.0,0.0,673.0,4.0,680.0,2.0,772.0,0.0,816.0,10.0
mc_iab_train_run_S73_000113,II,iab,I,0,542.0,0.0,573.0,-2.0,601.0,4.0,621.0,-2.0,,,639.0,0.0,654.0,0.0,676.0,6.0,678.0,-6.0,761.0,0.0,811.0,-4.0
mc_iab_train_run_S70_000049,V5,iab,I,0,552.0,-6.0,564.0,-14.0,606.0,-2.0,628.0,-6.0,,,644.0,0.0,657.0,0.0,676.0,2.0,678.0,-6.0,766.0,0.0,807.0,-2.0
mc_iab_train_run_S74_000068,aVF,iab,I,0,522.0,-4.0,535.0,-2.0,583.0,-2.0,608.0,6.0,,,625.0,0.0,639.0,0.0,655.0,-2.0,661.0,-4.0,763.0,0.0,805.0,10.0
mc_iab_train_run_S72_000067,aVF,iab,I,0,508.0,-50.0,567.0,0.0,585.0,-2.0,604.0,32.0,,,619.0,0.0,632.0,2.0,648.0,4.0,654.0,-2.0,757.0,0.0,793.0,12.0
mc_iab_train_run_S70_000099,II,iab,I,0,566.0,0.0,597.0,0.0,616.0,8.0,633.0,-6.0,,,650.0,0.0,668.0,0.0,678.0,-8.0,684.0,-40.0,777.0,0.0,807.0,8.0
mc_lae_train_run_S74_000047,III,lae,I,0,534.0,-4.0,550.0,-16.0,593.0,24.0,612.0,-2.0,624.0,0.0,641.0,0.0,,,662.0,4.0,667.0,-2.0,767.0,0.0,803.0,-12.0
mc_lae_train_run_S66_000026,V1,lae,I,0,529.0,-16.0,546.0,-44.0,596.0,10.0,604.0,-16.0,639.0,0.0,,,,,663.0,2.0,668.0,-2.0,754.0,0.0,806.0,-4.0
mc_lae_train_run_S64_000004,III,lae,I,0,549.0,-8.0,567.0,0.0,606.0,6.0,615.0,-24.0,,,639.0,0.0,652.0,0.0,671.0,4.0,677.0,-2.0,764.0,0.0,812.0,6.0
mc_lae_train_run_S66_000085,V4,lae,I,0,548.0,-8.0,575.0,14.0,600.0,4.0,609.0,-16.0,,,630.0,0.0,645.0,0.0,664.0,0.0,671.0,-6.0,755.0,0.0,804.0,0.0
mc_lae_train_run_S74_000027,II,lae,I,0,528.0,0.0,566.0,0.0,603.0,6.0,604.0,-18.0,,,634.0,0.0,648.0,0.0,665.0,2.0,670.0,-2.0,780.0,0.0,812.0,8.0
mc_lae_test_run_S62_000081,III,lae,I,0,558.0,8.0,571.0,4.0,601.0,-6.0,620.0,-4.0,,,634.0,0.0,645.0,0.0,665.0,4.0,671.0,-2.0,750.0,0.0,794.0,12.0
mc_lae_test_run_S62_000059,aVR,lae,I,0,546.0,-2.0,581.0,0.0,610.0,18.0,611.0,-20.0,637.0,,,,,,667.0,4.0,672.0,-4.0,775.0,2.0,809.0,8.0
mc_lae_train_run_S70_000116,aVF,lae,I,0,562.0,4.0,584.0,0.0,600.0,-4.0,621.0,6.0,,,637.0,0.0,650.0,0.0,665.0,-12.0,672.0,-20.0,751.0,4.0,788.0,-10.0
mc_lae_train_run_S74_000114,III,lae,I,0,558.0,-10.0,572.0,-28.0,609.0,14.0,623.0,-10.0,,,643.0,0.0,662.0,2.0,673.0,4.0,675.0,-4.0,773.0,0.0,808.0,14.0
mc_lae_train_run_S74_000036,V1,lae,I,0,524.0,-4.0,541.0,-36.0,594.0,0.0,606.0,-8.0,620.0,0.0,636.0,0.0,649.0,0.0,661.0,4.0,662.0,-6.0,771.0,0.0,804.0,-10.0
mc_lae_train_run_S74_000070,aVF,lae,I,0,552.0,-2.0,583.0,0.0,616.0,20.0,617.0,-14.0,,,642.0,0.0,659.0,0.0,672.0,8.0,673.0,-4.0,779.0,0.0,815.0,12.0
mc_lae_validation_run_S63_000064,III,lae,I,0,537.0,-8.0,554.0,-34.0,607.0,14.0,608.0,-2.0,,,625.0,0.0,639.0,0.0,657.0,6.0,663.0,0.0,760.0,2.0,809.0,-2.0
mc_lae_train_run_S74_000088,aVF,lae,I,0,557.0,0.0,586.0,0.0,626.0,28.0,627.0,-6.0,,,644.0,0.0,661.0,0.0,678.0,4.0,680.0,-4.0,782.0,0.0,819.0,10.0
mc_lbbb_test_run_S64_run_000005,aVF,lbbb,I,0,543.0,-2.0,564.0,0.0,598.0,0.0,612.0,-4.0,620.0,-2.0,642.0,0.0,,,662.0,6.0,664.0,-4.0,753.0,0.0,802.0,8.0
mc_lbbb_validation_run_S63_run_000087,V5,lbbb,I,0,539.0,0.0,575.0,0.0,595.0,0.0,607.0,-2.0,,,639.0,0.0,,,659.0,4.0,660.0,-6.0,766.0,0.0,800.0,4.0
mc_lbbb_train_run_S66_run_000012,V2,lbbb,I,0,524.0,0.0,551.0,16.0,551.0,-64.0,552.0,-88.0,,,569.0,,631.0,,656.0,2.0,657.0,-8.0,743.0,0.0,790.0,-4.0
mc_fam_test_run_S62_000066,III,fam,II,0,554.0,-4.0,578.0,0.0,619.0,26.0,620.0,-4.0,,,638.0,0.0,657.0,2.0,670.0,8.0,675.0,-6.0,770.0,0.0,809.0,6.0
mc_fam_train_run_S72_000059,aVF,fam,II,0,549.0,-4.0,570.0,-2.0,605.0,-2.0,616.0,-6.0,,,632.0,0.0,646.0,0.0,664.0,4.0,670.0,0.0,750.0,0.0,795.0,-20.0
mc_fam_test_run_S62_000120,III,fam,II,0,555.0,0.0,579.0,-2.0,613.0,8.0,614.0,8.0,,,640.0,0.0,658.0,0.0,668.0,4.0,674.0,-2.0,767.0,0.0,806.0,8.0
mc_iab_train_run_S74_000052,III,iab,II,0,503.0,0.0,549.0,68.0,561.0,4.0,567.0,-16.0,592.0,0.0,607.0,0.0,620.0,2.0,636.0,8.0,637.0,-6.0,713.0,0.0,791.0,8.0
mc_iab_train_run_S69_000022,V2,iab,II,0,490.0,-2.0,511.0,16.0,545.0,14.0,547.0,-6.0,570.0,-2.0,,,,,597.0,4.0,599.0,-4.0,689.0,0.0,747.0,10.0
mc_iab_train_run_S66_000041,V3,iab,II,0,555.0,-16.0,578.0,0.0,604.0,6.0,619.0,0.0,638.0,-2.0,665.0,,,,665.0,2.0,666.0,-6.0,752.0,0.0,803.0,14.0
mc_iab_train_run_S66_000013,III,iab,II,0,547.0,-4.0,585.0,32.0,593.0,4.0,608.0,-14.0,,,629.0,0.0,644.0,0.0,666.0,4.0,671.0,-2.0,755.0,0.0,795.0,16.0
mc_iab_validation_run_S63_000056,III,iab,II,0,550.0,8.0,602.0,74.0,608.0,6.0,626.0,-4.0,638.0,2.0,645.0,0.0,652.0,0.0,669.0,4.0,675.0,0.0,772.0,0.0,814.0,12.0
mc_iab_test_run_S62_000008,II,iab,II,1,544.0,-10.0,573.0,0.0,590.0,2.0,617.0,4.0,,,635.0,0.0,,,666.0,4.0,671.0,6.0,756.0,0.0,802.0,12.0
mc_iab_train_run_S69_000121,II,iab,II,1,560.0,-2.0,578.0,0.0,611.0,18.0,612.0,-6.0,640.0,0.0,,,,,660.0,6.0,662.0,-4.0,763.0,0.0,802.0,6.0
mc_iab_train_run_S67_000066,III,iab,II,0,558.0,0.0,586.0,0.0,614.0,10.0,631.0,-2.0,,,646.0,0.0,658.0,0.0,673.0,4.0,679.0,0.0,772.0,0.0,816.0,10.0
mc_iab_train_run_S73_000113,II,iab,II,1,542.0,0.0,573.0,-2.0,601.0,4.0,621.0,-2.0,,,639.0,0.0,654.0,0.0,676.0,6.0,678.0,-6.0,761.0,0.0,811.0,-4.0
mc_iab_train_run_S70_000049,V5,iab,II,0,552.0,-6.0,564.0,-14.0,606.0,-2.0,628.0,-6.0,,,644.0,0.0,657.0,0.0,676.0,2.0,678.0,-6.0,766.0,0.0,807.0,-2.0
mc_iab_train_run_S74_000068,aVF,iab,II,0,522.0,-4.0,535.0,-2.0,584.0,0.0,608.0,6.0,,,625.0,0.0,639.0,0.0,655.0,-2.0,661.0,-4.0,763.0,0.0,805.0,10.0
mc_iab_train_run_S72_000067,aVF,iab,II,0,508.0,-50.0,567.0,0.0,585.0,-2.0,604.0,32.0,,,619.0,0.0,632.0,2.0,648.0,4.0,654.0,-2.0,757.0,0.0,793.0,12.0
mc_iab_train_run_S70_000099,II,iab,II,1,565.0,-2.0,597.0,0.0,616.0,8.0,633.0,-6.0,,,650.0,0.0,668.0,0.0,678.0,-8.0,684.0,-40.0,777.0,0.0,807.0,8.0
mc_lae_train_run_S74_000047,III,lae,II,0,535.0,-2.0,550.0,-16.0,593.0,24.0,611.0,-4.0,624.0,0.0,641.0,0.0,,,662.0,4.0,667.0,-2.0,767.0,0.0,803.0,-12.0
mc_lae_train_run_S66_000026,V1,lae,II,0,529.0,-16.0,546.0,-44.0,596.0,10.0,604.0,-16.0,639.0,0.0,,,,,663.0,2.0,668.0,-2.0,754.0,0.0,806.0,-4.0
mc_lae_train_run_S64_000004,III,lae,II,0,548.0,-10.0,567.0,0.0,606.0,6.0,615.0,-24.0,,,639.0,0.0,652.0,0.0,671.0,4.0,677.0,-2.0,764.0,0.0,812.0,6.0
mc_lae_train_run_S66_000085,V4,lae,II,0,548.0,-8.0,575.0,14.0,601.0,6.0,609.0,-16.0,,,630.0,0.0,645.0,0.0,664.0,0.0,670.0,-8.0,755.0,0.0,804.0,0.0
mc_lae_train_run_S74_000027,II,lae,II,1,528.0,0.0,566.0,0.0,602.0,4.0,610.0,-6.0,,,634.0,0.0,648.0,0.0,665.0,2.0,670.0,-2.0,780.0,0.0,812.0,8.0
mc_lae_test_run_S62_000081,III,lae,II,0,558.0,8.0,571.0,4.0,601.0,-6.0,620.0,-4.0,,,634.0,0.0,645.0,0.0,665.0,4.0,671.0,-2.0,750.0,0.0,793.0,10.0
mc_lae_test_run_S62_000059,aVR,lae,II,0,546.0,-2.0,581.0,0.0,610.0,18.0,611.0,-20.0,637.0,,,,,,667.0,4.0,672.0,-4.0,775.0,2.0,809.0,8.0
mc_lae_train_run_S70_000116,aVF,lae,II,0,562.0,4.0,584.0,0.0,600.0,-4.0,620.0,4.0,,,637.0,0.0,650.0,0.0,665.0,-12.0,672.0,-20.0,751.0,4.0,787.0,-12.0
mc_lae_train_run_S74_000114,III,lae,II,0,558.0,-10.0,572.0,-28.0,610.0,16.0,625.0,-6.0,,,643.0,0.0,662.0,2.0,673.0,4.0,675.0,-4.0,773.0,0.0,807.0,12.0
mc_lae_train_run_S74_000036,V1,lae,II,0,524.0,-4.0,541.0,-36.0,595.0,2.0,605.0,-10.0,620.0,0.0,636.0,0.0,649.0,0.0,661.0,4.0,663.0,-4.0,771.0,0.0,804.0,-10.0
mc_lae_train_run_S74_000070,aVF,lae,II,0,552.0,-2.0,583.0,0.0,616.0,20.0,617.0,-14.0,,,642.0,0.0,659.0,0.0,672.0,8.0,673.0,-4.0,779.0,0.0,815.0,12.0
mc_lae_validation_run_S63_000064,III,lae,II,0,537.0,-8.0,554.0,-34.0,607.0,14.0,608.0,-2.0,,,625.0,0.0,639.0,0.0,657.0,6.0,663.0,0.0,760.0,2.0,810.0,0.0
mc_lae_train_run_S74_000088,aVF,lae,II,0,557.0,0.0,586.0,0.0,626.0,28.0,627.0,-6.0,,,644.0,0.0,661.0,0.0,678.0,4.0,680.0,-4.0,782.0,0.0,819.0,10.0
mc_lbbb_test_run_S64_run_000005,aVF,lbbb,II,0,543.0,-2.0,564.0,0.0,598.0,0.0,612.0,-4.0,620.0,-2.0,642.0,0.0,,,662.0,6.0,663.0,-6.0,753.0,0.0,802.0,8.0
mc_lbbb_validation_run_S63_run_000087,V5,lbbb,II,0,539.0,0.0,575.0,0.0,595.0,0.0,607.0,-2.0,,,639.0,0.0,,,659.0,4.0,660.0,-6.0,766.0,0.0,801.0,6.0
mc_lbbb_train_run_S66_run_000012,V2,lbbb,II,0,524.0,0.0,551.0,16.0,554.0,-58.0,555.0,-82.0,,,569.0,,631.0,,656.0,2.0,657.0,-8.0,743.0,0.0,791.0,-2.0
mc_fam_test_run_S62_000066,III,fam,III,1,555.0,-2.0,578.0,0.0,619.0,26.0,620.0,-4.0,,,638.0,0.0,657.0,2.0,670.0,8.0,676.0,-4.0,770.0,0.0,810.0,8.0
mc_fam_train_run_S72_000059,aVF,fam,III,0,551.0,0.0,570.0,-2.0,604.0,-4.0,616.0,-6.0,,,632.0,0.0,646.0,0.0,664.0,4.0,670.0,0.0,750.0,0.0,794.0,-22.0
mc_fam_test_run_S62_000120,III,fam,III,1,555.0,0.0,579.0,-2.0,613.0,8.0,614.0,8.0,,,640.0,0.0,658.0,0.0,668.0,4.0,674.0,-2.0,767.0,0.0,806.0,8.0
mc_iab_train_run_S74_000052,III,iab,III,1,503.0,0.0,549.0,68.0,560.0,2.0,567.0,-16.0,592.0,0.0,607.0,0.0,620.0,2.0,634.0,4.0,639.0,-2.0,713.0,0.0,791.0,8.0
mc_iab_train_run_S69_000022,V2,iab,III,0,490.0,-2.0,511.0,16.0,543.0,10.0,549.0,-2.0,570.0,-2.0,,,,,597.0,4.0,599.0,-4.0,689.0,0.0,746.0,8.0
mc_iab_train_run_S66_000041,V3,iab,III,0,556.0,-14.0,578.0,0.0,603.0,4.0,620.0,2.0,638.0,-2.0,664.0,,,,664.0,0.0,665.0,-8.0,752.0,0.0,803.0,14.0
mc_iab_train_run_S66_000013,III,iab,III,1,547.0,-4.0,585.0,32.0,592.0,2.0,613.0,-4.0,,,629.0,0.0,644.0,0.0,666.0,4.0,671.0,-2.0,755.0,0.0,795.0,16.0
mc_iab_validation_run_S63_000056,III,iab,III,1,551.0,10.0,602.0,74.0,606.0,2.0,626.0,-4.0,638.0,2.0,645.0,0.0,652.0,0.0,669.0,4.0,675.0,0.0,772.0,0.0,813.0,10.0
mc_iab_test_run_S62_000008,II,iab,III,0,544.0,-10.0,573.0,0.0,590.0,2.0,617.0,4.0,,,635.0,0.0,,,666.0,4.0,671.0,6.0,756.0,0.0,802.0,12.0
mc_iab_train_run_S69_000121,II,iab,III,0,560.0,-2.0,578.0,0.0,611.0,18.0,612.0,-6.0,640.0,0.0,,,,,658.0,2.0,663.0,-2.0,763.0,0.0,802.0,6.0
mc_iab_train_run_S67_000066,III,iab,III,1,558.0,0.0,586.0,0.0,612.0,6.0,631.0,-2.0,,,646.0,0.0,658.0,0.0,673.0,4.0,679.0,0.0,772.0,0.0,816.0,10.0
mc_iab_train_run_S73_000113,II,iab,III,0,542.0,0.0,573.0,-2.0,601.0,4.0,621.0,-2.0,,,639.0,0.0,654.0,0.0,676.0,6.0,678.0,-6.0,761.0,0.0,812.0,-2.0
mc_iab_train_run_S70_000049,V5,iab,III,0,552.0,-6.0,564.0,-14.0,605.0,-4.0,629.0,-4.0,,,644.0,0.0,657.0,0.0,676.0,2.0,678.0,-6.0,766.0,0.0,806.0,-4.0
mc_iab_train_run_S74_000068,aVF,iab,III,0,523.0,-2.0,535.0,-2.0,583.0,-2.0,608.0,6.0,,,625.0,0.0,639.0,0.0,655.0,-2.0,661.0,-4.0,763.0,0.0,805.0,10.0
mc_iab_train_run_S72_000067,aVF,iab,III,0,514.0,-38.0,567.0,0.0,585.0,-2.0,604.0,32.0,,,619.0,0.0,632.0,2.0,648.0,4.0,654.0,-2.0,757.0,0.0,793.0,12.0
mc_iab_train_run_S70_000099,II,iab,III,0,566.0,0.0,597.0,0.0,615.0,6.0,633.0,-6.0,,,650.0,0.0,668.0,0.0,678.0,-8.0,684.0,-40.0,777.0,0.0,807.0,8.0
mc_lae_train_run_S74_000047,III,lae,III,1,537.0,2.0,550.0,-16.0,590.0,18.0,611.0,-4.0,624.0,0.0,641.0,0.0,,,662.0,4.0,667.0,-2.0,767.0,0.0,802.0,-14.0
mc_lae_train_run_S66_000026,V1,lae,III,0,530.0,-14.0,546.0,-44.0,595.0,8.0,608.0,-8.0,639.0,0.0,,,,,663.0,2.0,668.0,-2.0,754.0,0.0,806.0,-4.0
mc_lae_train_run_S64_000004,III,lae,III,1,549.0,-8.0,567.0,0.0,605.0,4.0,615.0,-24.0,,,639.0,0.0,652.0,0.0,671.0,4.0,677.0,-2.0,764.0,0.0,812.0,6.0
mc_lae_train_run_S66_000085,V4,lae,III,0,549.0,-6.0,575.0,14.0,599.0,2.0,611.0,-12.0,,,630.0,0.0,645.0,0.0,664.0,0.0,671.0,-6.0,755.0,0.0,804.0,0.0
mc_lae_train_run_S74_000027,II,lae,III,0,528.0,0.0,566.0,0.0,602.0,4.0,610.0,-6.0,,,634.0,0.0,648.0,0.0,665.0,2.0,670.0,-2.0,780.0,0.0,812.0,8.0
mc_lae_test_run_S62_000081,III,lae,III,1,561.0,14.0,571.0,4.0,600.0,-8.0,620.0,-4.0,,,634.0,0.0,645.0,0.0,665.0,4.0,671.0,-2.0,750.0,0.0,793.0,10.0
mc_lae_test_run_S62_000059,aVR,lae,III,0,546.0,-2.0,581.0,0.0,610.0,18.0,611.0,-20.0,637.0,,,,,,667.0,4.0,673.0,-2.0,775.0,2.0,809.0,8.0
mc_lae_train_run_S70_000116,aVF,lae,III,0,563.0,6.0,584.0,0.0,599.0,-6.0,621.0,6.0,,,637.0,0.0,650.0,0.0,665.0,-12.0,672.0,-20.0,751.0,4.0,787.0,-12.0
mc_lae_train_run_S74_000114,III,lae,III,1,559.0,-8.0,572.0,-28.0,608.0,12.0,625.0,-6.0,,,643.0,0.0,662.0,2.0,673.0,4.0,675.0,-4.0,773.0,0.0,807.0,12.0
mc_lae_train_run_S74_000036,V1,lae,III,0,524.0,-4.0,541.0,-36.0,593.0,-2.0,605.0,-10.0,620.0,0.0,636.0,0.0,649.0,0.0,661.0,4.0,663.0,-4.0,771.0,0.0,804.0,-10.0
mc_lae_train_run_S74_000070,aVF,lae,III,0,552.0,-2.0,583.0,0.0,615.0,18.0,616.0,-16.0,,,642.0,0.0,659.0,0.0,672.0,8.0,673.0,-4.0,779.0,0.0,815.0,12.0
mc_lae_validation_run_S63_000064,III,lae,III,1,537.0,-8.0,554.0,-34.0,607.0,14.0,608.0,-2.0,,,625.0,0.0,639.0,0.0,657.0,6.0,663.0,0.0,760.0,2.0,810.0,0.0
mc_lae_train_run_S74_000088,aVF,lae,III,0,557.0,0.0,586.0,0.0,627.0,30.0,628.0,-4.0,,,644.0,0.0,661.0,0.0,678.0,4.0,680.0,-4.0,782.0,0.0,819.0,10.0
mc_lbbb_test_run_S64_run_000005,aVF,lbbb,III,0,543.0,-2.0,564.0,0.0,598.0,0.0,613.0,-2.0,620.0,-2.0,642.0,0.0,,,662.0,6.0,664.0,-4.0,753.0,0.0,802.0,8.0
mc_lbbb_validation_run_S63_run_000087,V5,lbbb,III,0,539.0,0.0,575.0,0.0,595.0,0.0,607.0,-2.0,,,639.0,0.0,,,659.0,4.0,660.0,-6.0,766.0,0.0,801.0,6.0
mc_lbbb_train_run_S66_run_000012,V2,lbbb,III,0,524.0,0.0,543.0,0.0,548.0,-70.0,549.0,-94.0,551.0,-158.0,569.0,,631.0,,656.0,2.0,657.0,-8.0,743.0,0.0,791.0,-2.0
mc_fam_test_run_S62_000066,III,fam,aVR,0,554.0,-4.0,578.0,0.0,619.0,26.0,620.0,-4.0,,,638.0,0.0,657.0,2.0,670.0,8.0,676.0,-4.0,770.0,0.0,809.0,6.0
mc_fam_train_run_S72_000059,aVF,fam,aVR,0,549.0,-4.0,570.0,-2.0,604.0,-4.0,616.0,-6.0,,,632.0,0.0,646.0,0.0,664.0,4.0,670.0,0.0,750.0,0.0,796.0,-18.0
mc_fam_test_run_S62_000120,III,fam,aVR,0,555.0,0.0,579.0,-2.0,613.0,8.0,614.0,8.0,,,640.0,0.0,658.0,0.0,668.0,4.0,674.0,-2.0,767.0,0.0,805.0,6.0
mc_iab_train_run_S74_000052,III,iab,aVR,0,503.0,0.0,549.0,68.0,561.0,4.0,567.0,-16.0,592.0,0.0,607.0,0.0,620.0,2.0,634.0,4.0,639.0,-2.0,713.0,0.0,791.0,8.0
mc_iab_train_run_S69_000022,V2,iab,aVR,0,490.0,-2.0,511.0,16.0,547.0,18.0,548.0,-4.0,570.0,-2.0,,,,,597.0,4.0,599.0,-4.0,689.0,0.0,747.0,10.0
mc_iab_train_run_S66_000041,V3,iab,aVR,0,555.0,-16.0,578.0,0.0,604.0,6.0,620.0,2.0,638.0,-2.0,665.0,,,,665.0,2.0,666.0,-6.0,752.0,0.0,803.0,14.0
mc_iab_train_run_S66_000013,III,iab,aVR,0,547.0,-4.0,585.0,32.0,593.0,4.0,613.0,-4.0,,,629.0,0.0,644.0,0.0,666.0,4.0,671.0,-2.0,755.0,0.0,795.0,16.0
mc_iab_validation_run_S63_000056,III,iab,aVR,0,550.0,8.0,602.0,74.0,609.0,8.0,626.0,-4.0,638.0,2.0,645.0,0.0,652.0,0.0,669.0,4.0,675.0,0.0,772.0,0.0,813.0,10.0
mc_iab_test_run_S62_000008,II,iab,aVR,0,544.0,-10.0,573.0,0.0,590.0,2.0,617.0,4.0,,,635.0,0.0,,,666.0,4.0,671.0,6.0,756.0,0.0,802.0,12.0
mc_iab_train_run_S69_000121,II,iab,aVR,0,560.0,-2.0,578.0,0.0,611.0,18.0,612.0,-6.0,640.0,0.0,,,,,658.0,2.0,663.0,-2.0,763.0,0.0,802.0,6.0
mc_iab_train_run_S67_000066,III,iab,aVR,0,558.0,0.0,586.0,0.0,612.0,6.0,631.0,-2.0,,,646.0,0.0,658.0,0.0,673.0,4.0,679.0,0.0,772.0,0.0,815.0,8.0
mc_iab_train_run_S73_000113,II,iab,aVR,0,542.0,0.0,573.0,-2.0,601.0,4.0,621.0,-2.0,,,639.0,0.0,654.0,0.0,676.0,6.0,678.0,-6.0,761.0,0.0,811.0,-4.0
mc_iab_train_run_S70_000049,V5,iab,aVR,0,552.0,-6.0,564.0,-14.0,606.0,-2.0,629.0,-4.0,,,644.0,0.0,657.0,0.0,676.0,2.0,678.0,-6.0,766.0,0.0,807.0,-2.0
mc_iab_train_run_S74_000068,aVF,iab,aVR,0,522.0,-4.0,535.0,-2.0,584.0,0.0,608.0,6.0,,,625.0,0.0,639.0,0.0,655.0,-2.0,661.0,-4.0,763.0,0.0,805.0,10.0
mc_iab_train_run_S72_000067,aVF,iab,aVR,0,504.0,-58.0,567.0,0.0,585.0,-2.0,604.0,32.0,,,619.0,0.0,632.0,2.0,648.0,4.0,654.0,-2.0,757.0,0.0,793.0,12.0
mc_iab_train_run_S70_000099,II,iab,aVR,0,565.0,-2.0,597.0,0.0,616.0,8.0,634.0,-4.0,,,650.0,0.0,668.0,0.0,677.0,-10.0,684.0,-40.0,777.0,0.0,807.0,8.0
mc_lae_train_run_S74_000047,III,lae,aVR,0,534.0,-4.0,550.0,-16.0,593.0,24.0,612.0,-2.0,624.0,0.0,641.0,0.0,,,662.0,4.0,667.0,-2.0,767.0,0.0,802.0,-14.0
mc_lae_train_run_S66_000026,V1,lae,aVR,0,529.0,-16.0,546.0,-44.0,596.0,10.0,604.0,-16.0,639.0,0.0,,,,,663.0,2.0,668.0,-2.0,754.0,0.0,806.0,-4.0
mc_lae_train_run_S64_000004,III,lae,aVR,0,548.0,-10.0,567.0,0.0,606.0,6.0,615.0,-24.0,,,639.0,0.0,652.0,0.0,671.0,4.0,677.0,-2.0,764.0,0.0,812.0,6.0
mc_lae_train_run_S66_000085,V4,lae,aVR,0,548.0,-8.0,575.0,14.0,600.0,4.0,610.0,-14.0,,,630.0,0.0,645.0,0.0,664.0,0.0,671.0,-6.0,755.0,0.0,804.0,0.0
mc_lae_train_run_S74_000027,II,lae,aVR,0,528.0,0.0,566.0,0.0,601.0,2.0,610.0,-6.0,,,634.0,0.0,648.0,0.0,665.0,2.0,670.0,-2.0,780.0,0.0,812.0,8.0
mc_lae_test_run_S62_000081,III,lae,aVR,0,558.0,8.0,571.0,4.0,601.0,-6.0,620.0,-4.0,,,634.0,0.0,645.0,0.0,665.0,4.0,671.0,-2.0,750.0,0.0,793.0,10.0
mc_lae_test_run_S62_000059,aVR,lae,aVR,1,546.0,-2.0,581.0,0.0,610.0,18.0,611.0,-20.0,637.0,,,,,,667.0,4.0,672.0,-4.0,775.0,2.0,809.0,8.0
mc_lae_train_run_S70_000116,aVF,lae,aVR,0,562.0,4.0,584.0,0.0,600.0,-4.0,621.0,6.0,,,637.0,0.0,650.0,0.0,665.0,-12.0,672.0,-20.0,751.0,4.0,787.0,-12.0
mc_lae_train_run_S74_000114,III,lae,aVR,0,558.0,-10.0,572.0,-28.0,609.0,14.0,624.0,-8.0,,,643.0,0.0,662.0,2.0,673.0,4.0,675.0,-4.0,773.0,0.0,807.0,12.0
mc_lae_train_run_S74_000036,V1,lae,aVR,0,524.0,-4.0,541.0,-36.0,594.0,0.0,606.0,-8.0,620.0,0.0,636.0,0.0,649.0,0.0,661.0,4.0,662.0,-6.0,771.0,0.0,804.0,-10.0
mc_lae_train_run_S74_000070,aVF,lae,aVR,0,552.0,-2.0,583.0,0.0,616.0,20.0,617.0,-14.0,,,642.0,0.0,659.0,0.0,672.0,8.0,673.0,-4.0,779.0,0.0,815.0,12.0
mc_lae_validation_run_S63_000064,III,lae,aVR,0,537.0,-8.0,554.0,-34.0,607.0,14.0,608.0,-2.0,,,625.0,0.0,639.0,0.0,657.0,6.0,663.0,0.0,760.0,2.0,808.0,-4.0
mc_lae_train_run_S74_000088,aVF,lae,aVR,0,557.0,0.0,586.0,0.0,626.0,28.0,627.0,-6.0,,,644.0,0.0,661.0,0.0,678.0,4.0,680.0,-4.0,782.0,0.0,819.0,10.0
mc_lbbb_test_run_S64_run_000005,aVF,lbbb,aVR,0,543.0,-2.0,564.0,0.0,598.0,0.0,613.0,-2.0,620.0,-2.0,642.0,0.0,,,662.0,6.0,664.0,-4.0,753.0,0.0,802.0,8.0
mc_lbbb_validation_run_S63_run_000087,V5,lbbb,aVR,0,539.0,0.0,575.0,0.0,595.0,0.0,607.0,-2.0,,,639.0,0.0,,,658.0,2.0,659.0,-8.0,766.0,0.0,801.0,6.0
mc_lbbb_train_run_S66_run_000012,V2,lbbb,aVR,0,524.0,0.0,551.0,16.0,553.0,-60.0,554.0,-84.0,561.0,-138.0,569.0,,631.0,,656.0,2.0,657.0,-8.0,743.0,0.0,791.0,-2.0
mc_fam_test_run_S62_000066,III,fam,aVL,0,555.0,-2.0,578.0,0.0,619.0,26.0,620.0,-4.0,,,638.0,0.0,657.0,2.0,670.0,8.0,676.0,-4.0,770.0,0.0,809.0,6.0
mc_fam_train_run_S72_000059,aVF,fam,aVL,0,550.0,-2.0,570.0,-2.0,605.0,-2.0,616.0,-6.0,,,632.0,0.0,646.0,0.0,664.0,4.0,670.0,0.0,750.0,0.0,795.0,-20.0
mc_fam_test_run_S62_000120,III,fam,aVL,0,555.0,0.0,579.0,-2.0,613.0,8.0,614.0,8.0,,,640.0,0.0,658.0,0.0,668.0,4.0,674.0,-2.0,767.0,0.0,805.0,6.0
mc_iab_train_run_S74_000052,III,iab,aVL,0,503.0,0.0,549.0,68.0,560.0,2.0,567.0,-16.0,592.0,0.0,607.0,0.0,620.0,2.0,635.0,6.0,637.0,-6.0,713.0,0.0,791.0,8.0
mc_iab_train_run_S69_000022,V2,iab,aVL,0,490.0,-2.0,511.0,16.0,544.0,12.0,549.0,-2.0,570.0,-2.0,,,,,597.0,4.0,599.0,-4.0,689.0,0.0,747.0,10.0
mc_iab_train_run_S66_000041,V3,iab,aVL,0,556.0,-14.0,578.0,0.0,603.0,4.0,620.0,2.0,638.0,-2.0,665.0,,,,665.0,2.0,666.0,-6.0,752.0,0.0,803.0,14.0
mc_iab_train_run_S66_000013,III,iab,aVL,0,547.0,-4.0,585.0,32.0,592.0,2.0,614.0,-2.0,,,629.0,0.0,644.0,0.0,666.0,4.0,671.0,-2.0,755.0,0.0,795.0,16.0
mc_iab_validation_run_S63_000056,III,iab,aVL,0,550.0,8.0,602.0,74.0,607.0,4.0,626.0,-4.0,638.0,2.0,645.0,0.0,652.0,0.0,669.0,4.0,675.0,0.0,772.0,0.0,813.0,10.0
mc_iab_test_run_S62_000008,II,iab,aVL,0,544.0,-10.0,573.0,0.0,590.0,2.0,617.0,4.0,,,635.0,0.0,,,666.0,4.0,671.0,6.0,756.0,0.0,802.0,12.0
mc_iab_train_run_S69_000121,II,iab,aVL,0,560.0,-2.0,578.0,0.0,611.0,18.0,612.0,-6.0,640.0,0.0,,,,,658.0,2.0,663.0,-2.0,763.0,0.0,802.0,6.0
mc_iab_train_run_S67_000066,III,iab,aVL,0,558.0,0.0,586.0,0.0,612.0,6.0,631.0,-2.0,,,646.0,0.0,658.0,0.0,673.0,4.0,679.0,0.0,772.0,0.0,815.0,8.0
mc_iab_train_run_S73_000113,II,iab,aVL,0,542.0,0.0,573.0,-2.0,601.0,4.0,621.0,-2.0,,,639.0,0.0,654.0,0.0,676.0,6.0,678.0,-6.0,761.0,0.0,811.0,-4.0
mc_iab_train_run_S70_000049,V5,iab,aVL,0,552.0,-6.0,564.0,-14.0,606.0,-2.0,629.0,-4.0,,,644.0,0.0,657.0,0.0,676.0,2.0,678.0,-6.0,766.0,0.0,806.0,-4.0
mc_iab_train_run_S74_000068,aVF,iab,aVL,0,522.0,-4.0,535.0,-2.0,583.0,-2.0,608.0,6.0,,,625.0,0.0,639.0,0.0,655.0,-2.0,661.0,-4.0,763.0,0.0,805.0,10.0
mc_iab_train_run_S72_000067,aVF,iab,aVL,0,508.0,-50.0,567.0,0.0,585.0,-2.0,604.0,32.0,,,619.0,0.0,632.0,2.0,648.0,4.0,654.0,-2.0,757.0,0.0,793.0,12.0
mc_iab_train_run_S70_000099,II,iab,aVL,0,566.0,0.0,597.0,0.0,615.0,6.0,633.0,-6.0,,,650.0,0.0,668.0,0.0,678.0,-8.0,684.0,-40.0,777.0,0.0,807.0,8.0
mc_lae_train_run_S74_000047,III,lae,aVL,0,536.0,0.0,550.0,-16.0,591.0,20.0,612.0,-2.0,624.0,0.0,641.0,0.0,,,662.0,4.0,667.0,-2.0,767.0,0.0,802.0,-14.0
mc_lae_train_run_S66_000026,V1,lae,aVL,0,530.0,-14.0,546.0,-44.0,595.0,8.0,608.0,-8.0,639.0,0.0,,,,,663.0,2.0,668.0,-2.0,754.0,0.0,806.0,-4.0
mc_lae_train_run_S64_000004,III,lae,aVL,0,549.0,-8.0,567.0,0.0,605.0,4.0,615.0,-24.0,,,639.0,0.0,652.0,0.0,671.0,4.0,677.0,-2.0,764.0,0.0,812.0,6.0
mc_lae_train_run_S66_000085,V4,lae,aVL,0,549.0,-6.0,575.0,14.0,599.0,2.0,610.0,-14.0,,,630.0,0.0,645.0,0.0,664.0,0.0,672.0,-4.0,755.0,0.0,804.0,0.0
mc_lae_train_run_S74_000027,II,lae,aVL,0,528.0,0.0,566.0,0.0,601.0,2.0,611.0,-4.0,,,634.0,0.0,648.0,0.0,665.0,2.0,670.0,-2.0,780.0,0.0,812.0,8.0
mc_lae_test_run_S62_000081,III,lae,aVL,0,560.0,12.0,571.0,4.0,600.0,-8.0,620.0,-4.0,,,634.0,0.0,645.0,0.0,665.0,4.0,671.0,-2.0,750.0,0.0,793.0,10.0
mc_lae_test_run_S62_000059,aVR,lae,aVL,0,546.0,-2.0,581.0,0.0,610.0,18.0,611.0,-20.0,637.0,,,,,,667.0,4.0,672.0,-4.0,775.0,2.0,809.0,8.0
mc_lae_train_run_S70_000116,aVF,lae,aVL,0,563.0,6.0,584.0,0.0,599.0,-6.0,621.0,6.0,,,637.0,0.0,650.0,0.0,665.0,-12.0,672.0,-20.0,751.0,4.0,787.0,-12.0
mc_lae_train_run_S74_000114,III,lae,aVL,0,559.0,-8.0,572.0,-28.0,608.0,12.0,625.0,-6.0,,,643.0,0.0,662.0,2.0,673.0,4.0,675.0,-4.0,773.0,0.0,807.0,12.0
mc_lae_train_run_S74_000036,V1,lae,aVL,0,524.0,-4.0,541.0,-36.0,593.0,-2.0,605.0,-10.0,620.0,0.0,636.0,0.0,649.0,0.0,661.0,4.0,663.0,-4.0,771.0,0.0,804.0,-10.0
mc_lae_train_run_S74_000070,aVF,lae,aVL,0,552.0,-2.0,583.0,0.0,616.0,20.0,617.0,-14.0,,,642.0,0.0,659.0,0.0,672.0,8.0,673.0,-4.0,779.0,0.0,814.0,10.0
mc_lae_validation_run_S63_000064,III,lae,aVL,0,537.0,-8.0,554.0,-34.0,607.0,14.0,608.0,-2.0,,,625.0,0.0,639.0,0.0,657.0,6.0,663.0,0.0,760.0,2.0,808.0,-4.0
mc_lae_train_run_S74_000088,aVF,lae,aVL,0,557.0,0.0,586.0,0.0,623.0,22.0,628.0,-4.0,,,644.0,0.0,661.0,0.0,678.0,4.0,680.0,-4.0,782.0,0.0,819.0,10.0
mc_lbbb_test_run_S64_run_000005,aVF,lbbb,aVL,0,543.0,-2.0,564.0,0.0,598.0,0.0,613.0,-2.0,620.0,-2.0,642.0,0.0,,,662.0,6.0,664.0,-4.0,753.0,0.0,802.0,8.0
mc_lbbb_validation_run_S63_run_000087,V5,lbbb,aVL,0,539.0,0.0,575.0,0.0,595.0,0.0,607.0,-2.0,,,639.0,0.0,,,659.0,4.0,660.0,-6.0,766.0,0.0,801.0,6.0
mc_lbbb_train_run_S66_run_000012,V2,lbbb,aVL,0,525.0,2.0,551.0,16.0,551.0,-64.0,552.0,-88.0,,,569.0,,631.0,,656.0,2.0,657.0,-8.0,743.0,0.0,790.0,-4.0
mc_fam_test_run_S62_000066,III,fam,aVF,0,555.0,-2.0,578.0,0.0,619.0,26.0,620.0,-4.0,,,638.0,0.0,657.0,2.0,670.0,8.0,676.0,-4.0,770.0,0.0,810.0,8.0
mc_fam_train_run_S72_000059,aVF,fam,aVF,1,550.0,-2.0,570.0,-2.0,604.0,-4.0,616.0,-6.0,,,632.0,0.0,646.0,0.0,664.0,4.0,670.0,0.0,750.0,0.0,794.0,-22.0
mc_fam_test_run_S62_000120,III,fam,aVF,0,555.0,0.0,579.0,-2.0,613.0,8.0,614.0,8.0,,,640.0,0.0,658.0,0.0,668.0,4.0,674.0,-2.0,767.0,0.0,805.0,6.0
mc_iab_train_run_S74_000052,III,iab,aVF,0,503.0,0.0,549.0,68.0,561.0,4.0,566.0,-18.0,592.0,0.0,607.0,0.0,620.0,2.0,634.0,4.0,639.0,-2.0,713.0,0.0,791.0,8.0
mc_iab_train_run_S69_000022,V2,iab,aVF,0,490.0,-2.0,511.0,16.0,545.0,14.0,547.0,-6.0,570.0,-2.0,,,,,597.0,4.0,599.0,-4.0,689.0,0.0,747.0,10.0
mc_iab_train_run_S66_000041,V3,iab,aVF,0,556.0,-14.0,578.0,0.0,603.0,4.0,620.0,2.0,638.0,-2.0,665.0,,,,665.0,2.0,666.0,-6.0,752.0,0.0,803.0,14.0
mc_iab_train_run_S66_000013,III,iab,aVF,0,547.0,-4.0,585.0,32.0,593.0,4.0,613.0,-4.0,,,629.0,0.0,644.0,0.0,666.0,4.0,671.0,-2.0,755.0,0.0,795.0,16.0
mc_iab_validation_run_S63_000056,III,iab,aVF,0,550.0,8.0,602.0,74.0,607.0,4.0,626.0,-4.0,638.0,2.0,645.0,0.0,652.0,0.0,669.0,4.0,675.0,0.0,772.0,0.0,813.0,10.0
mc_iab_test_run_S62_000008,II,iab,aVF,0,544.0,-10.0,573.0,0.0,590.0,2.0,616.0,2.0,,,635.0,0.0,,,666.0,4.0,671.0,6.0,756.0,0.0,802.0,12.0
mc_iab_train_run_S69_000121,II,iab,aVF,0,560.0,-2.0,578.0,0.0,611.0,18.0,612.0,-6.0,640.0,0.0,,,,,658.0,2.0,663.0,-2.0,763.0,0.0,802.0,6.0
mc_iab_train_run_S67_000066,III,iab,aVF,0,558.0,0.0,586.0,0.0,612.0,6.0,631.0,-2.0,,,646.0,0.0,658.0,0.0,673.0,4.0,679.0,0.0,772.0,0.0,816.0,10.0
mc_iab_train_run_S73_000113,II,iab,aVF,0,542.0,0.0,573.0,-2.0,601.0,4.0,621.0,-2.0,,,639.0,0.0,654.0,0.0,676.0,6.0,678.0,-6.0,761.0,0.0,811.0,-4.0
mc_iab_train_run_S70_000049,V5,iab,aVF,0,552.0,-6.0,564.0,-14.0,606.0,-2.0,629.0,-4.0,,,644.0,0.0,657.0,0.0,675.0,0.0,680.0,-2.0,766.0,0.0,806.0,-4.0
mc_iab_train_run_S74_000068,aVF,iab,aVF,1,523.0,-2.0,535.0,-2.0,583.0,-2.0,608.0,6.0,,,625.0,0.0,639.0,0.0,655.0,-2.0,661.0,-4.0,763.0,0.0,805.0,10.0
mc_iab_train_run_S72_000067,aVF,iab,aVF,1,507.0,-52.0,567.0,0.0,585.0,-2.0,604.0,32.0,,,619.0,0.0,632.0,2.0,648.0,4.0,654.0,-2.0,757.0,0.0,793.0,12.0
mc_iab_train_run_S70_000099,II,iab,aVF,0,566.0,0.0,597.0,0.0,615.0,6.0,633.0,-6.0,,,650.0,0.0,668.0,0.0,678.0,-8.0,684.0,-40.0,777.0,0.0,807.0,8.0
mc_lae_train_run_S74_000047,III,lae,aVF,0,535.0,-2.0,550.0,-16.0,592.0,22.0,611.0,-4.0,624.0,0.0,641.0,0.0,,,662.0,4.0,667.0,-2.0,767.0,0.0,803.0,-12.0
mc_lae_train_run_S66_000026,V1,lae,aVF,0,530.0,-14.0,546.0,-44.0,596.0,10.0,604.0,-16.0,639.0,0.0,,,,,663.0,2.0,668.0,-2.0,754.0,0.0,806.0,-4.0
mc_lae_train_run_S64_000004,III,lae,aVF,0,549.0,-8.0,567.0,0.0,605.0,4.0,615.0,-24.0,,,639.0,0.0,652.0,0.0,671.0,4.0,677.0,-2.0,764.0,0.0,812.0,6.0
mc_lae_train_run_S66_000085,V4,lae,aVF,0,549.0,-6.0,575.0,14.0,600.0,4.0,610.0,-14.0,,,630.0,0.0,645.0,0.0,664.0,0.0,671.0,-6.0,755.0,0.0,804.0,0.0
mc_lae_train_run_S74_000027,II,lae,aVF,0,528.0,0.0,566.0,0.0,601.0,2.0,608.0,-10.0,,,634.0,0.0,648.0,0.0,665.0,2.0,670.0,-2.0,780.0,0.0,812.0,8.0
mc_lae_test_run_S62_000081,III,lae,aVF,0,559.0,10.0,571.0,4.0,600.0,-8.0,620.0,-4.0,,,634.0,0.0,645.0,0.0,665.0,4.0,671.0,-2.0,750.0,0.0,793.0,10.0
mc_lae_test_run_S62_000059,aVR,lae,aVF,0,546.0,-2.0,581.0,0.0,610.0,18.0,611.0,-20.0,637.0,,,,,,667.0,4.0,673.0,-2.0,775.0,2.0,809.0,8.0
mc_lae_train_run_S70_000116,aVF,lae,aVF,1,562.0,4.0,584.0,0.0,600.0,-4.0,621.0,6.0,,,637.0,0.0,650.0,0.0,665.0,-12.0,672.0,-20.0,751.0,4.0,787.0,-12.0
mc_lae_train_run_S74_000114,III,lae,aVF,0,558.0,-10.0,572.0,-28.0,609.0,14.0,623.0,-10.0,,,643.0,0.0,662.0,2.0,673.0,4.0,675.0,-4.0,773.0,0.0,807.0,12.0
mc_lae_train_run_S74_000036,V1,lae,aVF,0,524.0,-4.0,541.0,-36.0,594.0,0.0,605.0,-10.0,620.0,0.0,636.0,0.0,649.0,0.0,661.0,4.0,663.0,-4.0,771.0,0.0,804.0,-10.0
mc_lae_train_run_S74_000070,aVF,lae,aVF,1,552.0,-2.0,583.0,0.0,616.0,20.0,617.0,-14.0,,,642.0,0.0,659.0,0.0,672.0,8.0,673.0,-4.0,779.0,0.0,815.0,12.0
mc_lae_validation_run_S63_000064,III,lae,aVF,0,537.0,-8.0,554.0,-34.0,607.0,14.0,608.0,-2.0,,,625.0,0.0,639.0,0.0,657.0,6.0,663.0,0.0,760.0,2.0,809.0,-2.0
mc_lae_train_run_S74_000088,aVF,lae,aVF,1,557.0,0.0,586.0,0.0,625.0,26.0,627.0,-6.0,,,644.0,0.0,661.0,0.0,678.0,4.0,680.0,-4.0,782.0,0.0,819.0,10.0
mc_lbbb_test_run_S64_run_000005,aVF,lbbb,aVF,1,543.0,-2.0,564.0,0.0,598.0,0.0,613.0,-2.0,620.0,-2.0,642.0,0.0,,,661.0,4.0,666.0,0.0,753.0,0.0,802.0,8.0
mc_lbbb_validation_run_S63_run_000087,V5,lbbb,aVF,0,539.0,0.0,575.0,0.0,595.0,0.0,607.0,-2.0,,,639.0,0.0,,,659.0,4.0,660.0,-6.0,766.0,0.0,801.0,6.0
mc_lbbb_train_run_S66_run_000012,V2,lbbb,aVF,0,524.0,0.0,551.0,16.0,551.0,-64.0,552.0,-88.0,,,569.0,,631.0,,656.0,2.0,657.0,-8.0,743.0,0.0,791.0,-2.0
mc_fam_test_run_S62_000066,III,fam,V1,0,555.0,-2.0,578.0,0.0,619.0,26.0,620.0,-4.0,,,638.0,0.0,657.0,2.0,670.0,8.0,676.0,-4.0,770.0,0.0,809.0,6.0
mc_fam_train_run_S72_000059,aVF,fam,V1,0,551.0,0.0,570.0,-2.0,601.0,-10.0,616.0,-6.0,,,632.0,0.0,646.0,0.0,664.0,4.0,670.0,0.0,750.0,0.0,793.0,-24.0
mc_fam_test_run_S62_000120,III,fam,V1,0,555.0,0.0,579.0,-2.0,613.0,8.0,614.0,8.0,,,640.0,0.0,658.0,0.0,668.0,4.0,674.0,-2.0,767.0,0.0,805.0,6.0
mc_iab_train_run_S74_000052,III,iab,V1,0,503.0,0.0,549.0,68.0,559.0,0.0,567.0,-16.0,592.0,0.0,607.0,0.0,620.0,2.0,634.0,4.0,639.0,-2.0,713.0,0.0,791.0,8.0
mc_iab_train_run_S69_000022,V2,iab,V1,0,490.0,-2.0,511.0,16.0,544.0,12.0,549.0,-2.0,570.0,-2.0,,,,,597.0,4.0,599.0,-4.0,689.0,0.0,746.0,8.0
mc_iab_train_run_S66_000041,V3,iab,V1,0,556.0,-14.0,578.0,0.0,603.0,4.0,620.0,2.0,638.0,-2.0,665.0,,,,665.0,2.0,666.0,-6.0,752.0,0.0,802.0,12.0
mc_iab_train_run_S66_000013,III,iab,V1,0,547.0,-4.0,585.0,32.0,592.0,2.0,614.0,-2.0,,,629.0,0.0,644.0,0.0,665.0,2.0,671.0,-2.0,755.0,0.0,794.0,14.0
mc_iab_validation_run_S63_000056,III,iab,V1,0,551.0,10.0,602.0,74.0,607.0,4.0,626.0,-4.0,638.0,2.0,645.0,0.0,652.0,0.0,669.0,4.0,675.0,0.0,772.0,0.0,813.0,10.0
mc_iab_test_run_S62_000008,II,iab,V1,0,545.0,-8.0,573.0,0.0,590.0,2.0,617.0,4.0,,,635.0,0.0,,,666.0,4.0,671.0,6.0,756.0,0.0,801.0,10.0
mc_iab_train_run_S69_000121,II,iab,V1,0,560.0,-2.0,578.0,0.0,611.0,18.0,612.0,-6.0,640.0,0.0,,,,,658.0,2.0,663.0,-2.0,763.0,0.0,802.0,6.0
mc_iab_train_run_S67_000066,III,iab,V1,0,558.0,0.0,586.0,0.0,611.0,4.0,631.0,-2.0,,,646.0,0.0,658.0,0.0,673.0,4.0,679.0,0.0,772.0,0.0,816.0,10.0
mc_iab_train_run_S73_000113,II,iab,V1,0,542.0,0.0,573.0,-2.0,600.0,2.0,621.0,-2.0,,,639.0,0.0,654.0,0.0,676.0,6.0,678.0,-6.0,761.0,0.0,811.0,-4.0
mc_iab_train_run_S70_000049,V5,iab,V1,0,553.0,-4.0,564.0,-14.0,606.0,-2.0,629.0,-4.0,,,644.0,0.0,657.0,0.0,676.0,2.0,678.0,-6.0,766.0,0.0,806.0,-4.0
mc_iab_train_run_S74_000068,aVF,iab,V1,0,523.0,-2.0,535.0,-2.0,583.0,-2.0,608.0,6.0,,,625.0,0.0,639.0,0.0,655.0,-2.0,662.0,-2.0,763.0,0.0,805.0,10.0
mc_iab_train_run_S72_000067,aVF,iab,V1,0,510.0,-46.0,567.0,0.0,585.0,-2.0,604.0,32.0,,,619.0,0.0,632.0,2.0,648.0,4.0,654.0,-2.0,757.0,0.0,793.0,12.0
mc_iab_train_run_S70_000099,II,iab,V1,0,566.0,0.0,597.0,0.0,615.0,6.0,634.0,-4.0,,,650.0,0.0,668.0,0.0,678.0,-8.0,684.0,-40.0,777.0,0.0,807.0,8.0
mc_lae_train_run_S74_000047,III,lae,V1,0,537.0,2.0,550.0,-16.0,589.0,16.0,611.0,-4.0,624.0,0.0,641.0,0.0,,,662.0,4.0,667.0,-2.0,767.0,0.0,802.0,-14.0
mc_lae_train_run_S66_000026,V1,lae,V1,1,531.0,-12.0,568.0,0.0,594.0,6.0,608.0,-8.0,639.0,0.0,,,,,663.0,2.0,668.0,-2.0,754.0,0.0,806.0,-4.0
mc_lae_train_run_S64_000004,III,lae,V1,0,549.0,-8.0,567.0,0.0,604.0,2.0,616.0,-22.0,,,639.0,0.0,652.0,0.0,671.0,4.0,677.0,-2.0,764.0,0.0,812.0,6.0
mc_lae_train_run_S66_000085,V4,lae,V1,0,549.0,-6.0,575.0,14.0,599.0,2.0,611.0,-12.0,,,630.0,0.0,645.0,0.0,664.0,0.0,671.0,-6.0,755.0,0.0,803.0,-2.0
mc_lae_train_run_S74_000027,II,lae,V1,0,528.0,0.0,566.0,0.0,601.0,2.0,611.0,-4.0,,,634.0,0.0,648.0,0.0,665.0,2.0,670.0,-2.0,780.0,0.0,811.0,6.0
mc_lae_test_run_S62_000081,III,lae,V1,0,562.0,16.0,571.0,4.0,599.0,-10.0,620.0,-4.0,,,634.0,0.0,645.0,0.0,665.0,4.0,671.0,-2.0,750.0,0.0,792.0,8.0
mc_lae_test_run_S62_000059,aVR,lae,V1,0,546.0,-2.0,581.0,0.0,610.0,18.0,611.0,-20.0,637.0,,,,,,667.0,4.0,672.0,-4.0,775.0,2.0,809.0,8.0
mc_lae_train_run_S70_000116,aVF,lae,V1,0,563.0,6.0,584.0,0.0,599.0,-6.0,621.0,6.0,,,637.0,0.0,650.0,0.0,665.0,-12.0,672.0,-20.0,751.0,4.0,787.0,-12.0
mc_lae_train_run_S74_000114,III,lae,V1,0,559.0,-8.0,572.0,-28.0,607.0,10.0,625.0,-6.0,,,643.0,0.0,662.0,2.0,673.0,4.0,675.0,-4.0,773.0,0.0,807.0,12.0
mc_lae_train_run_S74_000036,V1,lae,V1,1,525.0,-2.0,541.0,-36.0,592.0,-4.0,605.0,-10.0,620.0,0.0,636.0,0.0,649.0,0.0,661.0,4.0,663.0,-4.0,771.0,0.0,804.0,-10.0
mc_lae_train_run_S74_000070,aVF,lae,V1,0,552.0,-2.0,583.0,0.0,621.0,30.0,622.0,-4.0,,,642.0,0.0,659.0,0.0,672.0,8.0,673.0,-4.0,779.0,0.0,815.0,12.0
mc_lae_validation_run_S63_000064,III,lae,V1,0,537.0,-8.0,554.0,-34.0,607.0,14.0,608.0,-2.0,,,625.0,0.0,639.0,0.0,657.0,6.0,663.0,0.0,760.0,2.0,808.0,-4.0
mc_lae_train_run_S74_000088,aVF,lae,V1,0,557.0,0.0,586.0,0.0,620.0,16.0,628.0,-4.0,,,644.0,0.0,661.0,0.0,678.0,4.0,680.0,-4.0,782.0,0.0,819.0,10.0
mc_lbbb_test_run_S64_run_000005,aVF,lbbb,V1,0,543.0,-2.0,564.0,0.0,598.0,0.0,613.0,-2.0,620.0,-2.0,642.0,0.0,,,661.0,4.0,666.0,0.0,753.0,0.0,802.0,8.0
mc_lbbb_validation_run_S63_run_000087,V5,lbbb,V1,0,539.0,0.0,575.0,0.0,595.0,0.0,607.0,-2.0,,,639.0,0.0,,,659.0,4.0,660.0,-6.0,766.0,0.0,801.0,6.0
mc_lbbb_train_run_S66_run_000012,V2,lbbb,V1,0,525.0,2.0,543.0,0.0,550.0,-66.0,551.0,-90.0,,,554.0,,631.0,,656.0,2.0,657.0,-8.0,743.0,0.0,791.0,-2.0
mc_fam_test_run_S62_000066,III,fam,V2,0,554.0,-4.0,578.0,0.0,619.0,26.0,620.0,-4.0,,,638.0,0.0,657.0,2.0,670.0,8.0,676.0,-4.0,770.0,0.0,809.0,6.0
mc_fam_train_run_S72_000059,aVF,fam,V2,0,552.0,2.0,570.0,-2.0,602.0,-8.0,616.0,-6.0,,,632.0,0.0,646.0,0.0,664.0,4.0,670.0,0.0,750.0,0.0,792.0,-26.0
mc_fam_test_run_S62_000120,III,fam,V2,0,555.0,0.0,579.0,-2.0,613.0,8.0,614.0,8.0,,,640.0,0.0,658.0,0.0,668.0,4.0,674.0,-2.0,767.0,0.0,805.0,6.0
mc_iab_train_run_S74_000052,III,iab,V2,0,503.0,0.0,549.0,68.0,559.0,0.0,566.0,-18.0,592.0,0.0,607.0,0.0,620.0,2.0,634.0,4.0,639.0,-2.0,713.0,0.0,791.0,8.0
mc_iab_train_run_S69_000022,V2,iab,V2,1,490.0,-2.0,511.0,16.0,543.0,10.0,549.0,-2.0,570.0,-2.0,,,,,597.0,4.0,599.0,-4.0,689.0,0.0,746.0,8.0
mc_iab_train_run_S66_000041,V3,iab,V2,0,557.0,-12.0,578.0,0.0,603.0,4.0,620.0,2.0,638.0,-2.0,665.0,,,,665.0,2.0,666.0,-6.0,752.0,0.0,802.0,12.0
mc_iab_train_run_S66_000013,III,iab,V2,0,547.0,-4.0,585.0,32.0,592.0,2.0,613.0,-4.0,,,629.0,0.0,644.0,0.0,665.0,2.0,671.0,-2.0,755.0,0.0,794.0,14.0
mc_iab_validation_run_S63_000056,III,iab,V2,0,552.0,12.0,602.0,74.0,606.0,2.0,626.0,-4.0,638.0,2.0,645.0,0.0,652.0,0.0,669.0,4.0,675.0,0.0,772.0,0.0,813.0,10.0
mc_iab_test_run_S62_000008,II,iab,V2,0,545.0,-8.0,573.0,0.0,589.0,0.0,617.0,4.0,,,635.0,0.0,,,666.0,4.0,671.0,6.0,756.0,0.0,801.0,10.0
mc_iab_train_run_S69_000121,II,iab,V2,0,560.0,-2.0,578.0,0.0,611.0,18.0,612.0,-6.0,640.0,0.0,,,,,658.0,2.0,663.0,-2.0,763.0,0.0,802.0,6.0
mc_iab_train_run_S67_000066,III,iab,V2,0,558.0,0.0,586.0,0.0,611.0,4.0,631.0,-2.0,,,646.0,0.0,658.0,0.0,673.0,4.0,679.0,0.0,772.0,0.0,815.0,8.0
mc_iab_train_run_S73_000113,II,iab,V2,0,542.0,0.0,573.0,-2.0,599.0,0.0,621.0,-2.0,,,639.0,0.0,654.0,0.0,674.0,2.0,679.0,-4.0,761.0,0.0,811.0,-4.0
mc_iab_train_run_S70_000049,V5,iab,V2,0,553.0,-4.0,564.0,-14.0,605.0,-4.0,629.0,-4.0,,,644.0,0.0,657.0,0.0,676.0,2.0,678.0,-6.0,766.0,0.0,805.0,-6.0
mc_iab_train_run_S74_000068,aVF,iab,V2,0,523.0,-2.0,535.0,-2.0,583.0,-2.0,608.0,6.0,,,625.0,0.0,639.0,0.0,655.0,-2.0,661.0,-4.0,763.0,0.0,805.0,10.0
mc_iab_train_run_S72_000067,aVF,iab,V2,0,522.0,-22.0,567.0,0.0,585.0,-2.0,604.0,32.0,,,619.0,0.0,632.0,2.0,648.0,4.0,654.0,-2.0,757.0,0.0,793.0,12.0
mc_iab_train_run_S70_000099,II,iab,V2,0,566.0,0.0,597.0,0.0,614.0,4.0,634.0,-4.0,,,650.0,0.0,668.0,0.0,677.0,-10.0,684.0,-40.0,777.0,0.0,807.0,8.0
mc_lae_train_run_S74_000047,III,lae,V2,0,539.0,6.0,550.0,-16.0,587.0,12.0,611.0,-4.0,624.0,0.0,641.0,0.0,,,662.0,4.0,667.0,-2.0,767.0,0.0,802.0,-14.0
mc_lae_train_run_S66_000026,V1,lae,V2,0,532.0,-10.0,568.0,0.0,594.0,6.0,609.0,-6.0,639.0,0.0,,,,,663.0,2.0,668.0,-2.0,754.0,0.0,805.0,-6.0
mc_lae_train_run_S64_000004,III,lae,V2,0,549.0,-8.0,567.0,0.0,604.0,2.0,616.0,-22.0,,,639.0,0.0,652.0,0.0,671.0,4.0,677.0,-2.0,764.0,0.0,812.0,6.0
mc_lae_train_run_S66_000085,V4,lae,V2,0,550.0,-4.0,575.0,14.0,599.0,2.0,612.0,-10.0,,,630.0,0.0,645.0,0.0,664.0,0.0,671.0,-6.0,755.0,0.0,803.0,-2.0
mc_lae_train_run_S74_000027,II,lae,V2,0,528.0,0.0,566.0,0.0,601.0,2.0,610.0,-6.0,,,634.0,0.0,648.0,0.0,665.0,2.0,670.0,-2.0,780.0,0.0,811.0,6.0
mc_lae_test_run_S62_000081,III,lae,V2,0,562.0,16.0,571.0,4.0,599.0,-10.0,620.0,-4.0,,,634.0,0.0,645.0,0.0,665.0,4.0,671.0,-2.0,750.0,0.0,792.0,8.0
mc_lae_test_run_S62_000059,aVR,lae,V2,0,546.0,-2.0,581.0,0.0,609.0,16.0,610.0,-22.0,637.0,,,,,,667.0,4.0,672.0,-4.0,775.0,2.0,809.0,8.0
mc_lae_train_run_S70_000116,aVF,lae,V2,0,564.0,8.0,584.0,0.0,599.0,-6.0,621.0,6.0,,,637.0,0.0,650.0,0.0,664.0,-14.0,672.0,-20.0,751.0,4.0,786.0,-14.0
mc_lae_train_run_S74_000114,III,lae,V2,0,559.0,-8.0,572.0,-28.0,607.0,10.0,624.0,-8.0,,,643.0,0.0,662.0,2.0,673.0,4.0,675.0,-4.0,773.0,0.0,807.0,12.0
mc_lae_train_run_S74_000036,V1,lae,V2,0,526.0,0.0,559.0,0.0,589.0,-10.0,605.0,-10.0,620.0,0.0,636.0,0.0,649.0,0.0,661.0,4.0,662.0,-6.0,771.0,0.0,804.0,-10.0
mc_lae_train_run_S74_000070,aVF,lae,V2,0,552.0,-2.0,583.0,0.0,621.0,30.0,622.0,-4.0,,,642.0,0.0,659.0,0.0,671.0,6.0,673.0,-4.0,779.0,0.0,815.0,12.0
mc_lae_validation_run_S63_000064,III,lae,V2,0,537.0,-8.0,554.0,-34.0,607.0,14.0,608.0,-2.0,,,625.0,0.0,639.0,0.0,657.0,6.0,663.0,0.0,760.0,2.0,808.0,-4.0
mc_lae_train_run_S74_000088,aVF,lae,V2,0,557.0,0.0,586.0,0.0,623.0,22.0,628.0,-4.0,,,644.0,0.0,661.0,0.0,678.0,4.0,680.0,-4.0,782.0,0.0,819.0,10.0
mc_lbbb_test_run_S64_run_000005,aVF,lbbb,V2,0,544.0,0.0,564.0,0.0,598.0,0.0,613.0,-2.0,620.0,-2.0,642.0,0.0,,,660.0,2.0,665.0,-2.0,753.0,0.0,802.0,8.0
mc_lbbb_validation_run_S63_run_000087,V5,lbbb,V2,0,539.0,0.0,575.0,0.0,595.0,0.0,607.0,-2.0,,,639.0,0.0,,,658.0,2.0,659.0,-8.0,766.0,0.0,800.0,4.0
mc_lbbb_train_run_S66_run_000012,V2,lbbb,V2,1,524.0,0.0,543.0,0.0,549.0,-68.0,550.0,-92.0,551.0,-158.0,569.0,,631.0,,656.0,2.0,657.0,-8.0,743.0,0.0,791.0,-2.0
mc_fam_test_run_S62_000066,III,fam,V3,0,554.0,-4.0,578.0,0.0,619.0,26.0,620.0,-4.0,,,638.0,0.0,657.0,2.0,670.0,8.0,676.0,-4.0,770.0,0.0,809.0,6.0
mc_fam_train_run_S72_000059,aVF,fam,V3,0,551.0,0.0,570.0,-2.0,605.0,-2.0,616.0,-6.0,,,632.0,0.0,646.0,0.0,664.0,4.0,670.0,0.0,750.0,0.0,792.0,-26.0
mc_fam_test_run_S62_000120,III,fam,V3,0,555.0,0.0,579.0,-2.0,612.0,6.0,613.0,6.0,,,640.0,0.0,658.0,0.0,668.0,4.0,674.0,-2.0,767.0,0.0,805.0,6.0
mc_iab_train_run_S74_000052,III,iab,V3,0,503.0,0.0,549.0,68.0,559.0,0.0,567.0,-16.0,592.0,0.0,607.0,0.0,620.0,2.0,634.0,4.0,639.0,-2.0,713.0,0.0,791.0,8.0
mc_iab_train_run_S69_000022,V2,iab,V3,0,490.0,-2.0,511.0,16.0,543.0,10.0,549.0,-2.0,570.0,-2.0,,,,,597.0,4.0,599.0,-4.0,689.0,0.0,746.0,8.0
mc_iab_train_run_S66_000041,V3,iab,V3,1,556.0,-14.0,578.0,0.0,603.0,4.0,620.0,2.0,638.0,-2.0,665.0,,,,665.0,2.0,666.0,-6.0,752.0,0.0,802.0,12.0
mc_iab_train_run_S66_000013,III,iab,V3,0,547.0,-4.0,585.0,32.0,592.0,2.0,614.0,-2.0,,,629.0,0.0,644.0,0.0,665.0,2.0,671.0,-2.0,755.0,0.0,794.0,14.0
mc_iab_validation_run_S63_000056,III,iab,V3,0,552.0,12.0,602.0,74.0,606.0,2.0,626.0,-4.0,638.0,2.0,645.0,0.0,652.0,0.0,669.0,4.0,675.0,0.0,772.0,0.0,813.0,10.0
mc_iab_test_run_S62_000008,II,iab,V3,0,545.0,-8.0,573.0,0.0,589.0,0.0,617.0,4.0,,,635.0,0.0,,,666.0,4.0,671.0,6.0,756.0,0.0,801.0,10.0
mc_iab_train_run_S69_000121,II,iab,V3,0,560.0,-2.0,578.0,0.0,611.0,18.0,612.0,-6.0,640.0,0.0,,,,,658.0,2.0,663.0,-2.0,763.0,0.0,802.0,6.0
mc_iab_train_run_S67_000066,III,iab,V3,0,559.0,2.0,586.0,0.0,612.0,6.0,631.0,-2.0,,,646.0,0.0,658.0,0.0,673.0,4.0,679.0,0.0,772.0,0.0,815.0,8.0
mc_iab_train_run_S73_000113,II,iab,V3,0,542.0,0.0,573.0,-2.0,599.0,0.0,621.0,-2.0,,,639.0,0.0,654.0,0.0,674.0,2.0,679.0,-4.0,761.0,0.0,811.0,-4.0
mc_iab_train_run_S70_000049,V5,iab,V3,0,553.0,-4.0,564.0,-14.0,605.0,-4.0,629.0,-4.0,,,644.0,0.0,657.0,0.0,675.0,0.0,680.0,-2.0,766.0,0.0,805.0,-6.0
mc_iab_train_run_S74_000068,aVF,iab,V3,0,523.0,-2.0,535.0,-2.0,583.0,-2.0,608.0,6.0,,,625.0,0.0,639.0,0.0,655.0,-2.0,661.0,-4.0,763.0,0.0,805.0,10.0
mc_iab_train_run_S72_000067,aVF,iab,V3,0,522.0,-22.0,567.0,0.0,585.0,-2.0,604.0,32.0,,,619.0,0.0,632.0,2.0,648.0,4.0,654.0,-2.0,757.0,0.0,793.0,12.0
mc_iab_train_run_S70_000099,II,iab,V3,0,566.0,0.0,597.0,0.0,615.0,6.0,634.0,-4.0,,,650.0,0.0,668.0,0.0,678.0,-8.0,685.0,-38.0,777.0,0.0,807.0,8.0
mc_lae_train_run_S74_000047,III,lae,V3,0,539.0,6.0,550.0,-16.0,588.0,14.0,612.0,-2.0,624.0,0.0,641.0,0.0,,,662.0,4.0,667.0,-2.0,767.0,0.0,802.0,-14.0
mc_lae_train_run_S66_000026,V1,lae,V3,0,532.0,-10.0,568.0,0.0,594.0,6.0,609.0,-6.0,639.0,0.0,,,,,663.0,2.0,668.0,-2.0,754.0,0.0,806.0,-4.0
mc_lae_train_run_S64_000004,III,lae,V3,0,549.0,-8.0,567.0,0.0,604.0,2.0,616.0,-22.0,,,639.0,0.0,652.0,0.0,671.0,4.0,677.0,-2.0,764.0,0.0,812.0,6.0
mc_lae_train_run_S66_000085,V4,lae,V3,0,549.0,-6.0,575.0,14.0,599.0,2.0,612.0,-10.0,,,630.0,0.0,645.0,0.0,664.0,0.0,672.0,-4.0,755.0,0.0,804.0,0.0
mc_lae_train_run_S74_000027,II,lae,V3,0,528.0,0.0,566.0,0.0,601.0,2.0,610.0,-6.0,,,634.0,0.0,648.0,0.0,665.0,2.0,670.0,-2.0,780.0,0.0,811.0,6.0
mc_lae_test_run_S62_000081,III,lae,V3,0,561.0,14.0,571.0,4.0,600.0,-8.0,620.0,-4.0,,,634.0,0.0,645.0,0.0,665.0,4.0,671.0,-2.0,750.0,0.0,792.0,8.0
mc_lae_test_run_S62_000059,aVR,lae,V3,0,546.0,-2.0,581.0,0.0,610.0,18.0,611.0,-20.0,637.0,,,,,,667.0,4.0,672.0,-4.0,775.0,2.0,809.0,8.0
mc_lae_train_run_S70_000116,aVF,lae,V3,0,563.0,6.0,584.0,0.0,599.0,-6.0,621.0,6.0,,,637.0,0.0,650.0,0.0,665.0,-12.0,673.0,-18.0,751.0,4.0,787.0,-12.0
mc_lae_train_run_S74_000114,III,lae,V3,0,559.0,-8.0,572.0,-28.0,607.0,10.0,623.0,-10.0,,,643.0,0.0,662.0,2.0,673.0,4.0,675.0,-4.0,773.0,0.0,807.0,12.0
mc_lae_train_run_S74_000036,V1,lae,V3,0,525.0,-2.0,541.0,-36.0,590.0,-8.0,606.0,-8.0,620.0,0.0,636.0,0.0,649.0,0.0,661.0,4.0,663.0,-4.0,771.0,0.0,804.0,-10.0
mc_lae_train_run_S74_000070,aVF,lae,V3,0,552.0,-2.0,583.0,0.0,621.0,30.0,622.0,-4.0,,,642.0,0.0,659.0,0.0,672.0,8.0,673.0,-4.0,779.0,0.0,815.0,12.0
mc_lae_validation_run_S63_000064,III,lae,V3,0,537.0,-8.0,554.0,-34.0,607.0,14.0,608.0,-2.0,,,625.0,0.0,639.0,0.0,657.0,6.0,663.0,0.0,760.0,2.0,808.0,-4.0
mc_lae_train_run_S74_000088,aVF,lae,V3,0,557.0,0.0,586.0,0.0,627.0,30.0,628.0,-4.0,,,644.0,0.0,661.0,0.0,678.0,4.0,680.0,-4.0,782.0,0.0,819.0,10.0
mc_lbbb_test_run_S64_run_000005,aVF,lbbb,V3,0,543.0,-2.0,564.0,0.0,598.0,0.0,613.0,-2.0,620.0,-2.0,642.0,0.0,,,660.0,2.0,666.0,0.0,753.0,0.0,802.0,8.0
mc_lbbb_validation_run_S63_run_000087,V5,lbbb,V3,0,539.0,0.0,575.0,0.0,595.0,0.0,607.0,-2.0,,,639.0,0.0,,,658.0,2.0,659.0,-8.0,766.0,0.0,801.0,6.0
mc_lbbb_train_run_S66_run_000012,V2,lbbb,V3,0,524.0,0.0,543.0,0.0,548.0,-70.0,549.0,-94.0,551.0,-158.0,569.0,,631.0,,656.0,2.0,657.0,-8.0,743.0,0.0,790.0,-4.0
mc_fam_test_run_S62_000066,III,fam,V4,0,555.0,-2.0,578.0,0.0,619.0,26.0,620.0,-4.0,,,638.0,0.0,657.0,2.0,670.0,8.0,676.0,-4.0,770.0,0.0,809.0,6.0
mc_fam_train_run_S72_000059,aVF,fam,V4,0,550.0,-2.0,570.0,-2.0,604.0,-4.0,616.0,-6.0,,,632.0,0.0,646.0,0.0,664.0,4.0,670.0,0.0,750.0,0.0,794.0,-22.0
mc_fam_test_run_S62_000120,III,fam,V4,0,555.0,0.0,579.0,-2.0,613.0,8.0,614.0,8.0,,,640.0,0.0,658.0,0.0,668.0,4.0,674.0,-2.0,767.0,0.0,805.0,6.0
mc_iab_train_run_S74_000052,III,iab,V4,0,503.0,0.0,549.0,68.0,560.0,2.0,567.0,-16.0,592.0,0.0,607.0,0.0,620.0,2.0,634.0,4.0,639.0,-2.0,713.0,0.0,791.0,8.0
mc_iab_train_run_S69_000022,V2,iab,V4,0,490.0,-2.0,511.0,16.0,544.0,12.0,549.0,-2.0,570.0,-2.0,,,,,597.0,4.0,599.0,-4.0,689.0,0.0,747.0,10.0
mc_iab_train_run_S66_000041,V3,iab,V4,0,555.0,-16.0,578.0,0.0,603.0,4.0,620.0,2.0,638.0,-2.0,665.0,,,,665.0,2.0,666.0,-6.0,752.0,0.0,802.0,12.0
mc_iab_train_run_S66_000013,III,iab,V4,0,547.0,-4.0,585.0,32.0,593.0,4.0,614.0,-2.0,,,629.0,0.0,644.0,0.0,666.0,4.0,671.0,-2.0,755.0,0.0,794.0,14.0
mc_iab_validation_run_S63_000056,III,iab,V4,0,550.0,8.0,602.0,74.0,607.0,4.0,626.0,-4.0,638.0,2.0,645.0,0.0,652.0,0.0,669.0,4.0,675.0,0.0,772.0,0.0,813.0,10.0
mc_iab_test_run_S62_000008,II,iab,V4,0,544.0,-10.0,573.0,0.0,590.0,2.0,617.0,4.0,,,635.0,0.0,,,666.0,4.0,671.0,6.0,756.0,0.0,801.0,10.0
mc_iab_train_run_S69_000121,II,iab,V4,0,560.0,-2.0,578.0,0.0,611.0,18.0,612.0,-6.0,640.0,0.0,,,,,658.0,2.0,663.0,-2.0,763.0,0.0,802.0,6.0
mc_iab_train_run_S67_000066,III,iab,V4,0,558.0,0.0,586.0,0.0,613.0,8.0,631.0,-2.0,,,646.0,0.0,658.0,0.0,673.0,4.0,679.0,0.0,772.0,0.0,815.0,8.0
mc_iab_train_run_S73_000113,II,iab,V4,0,542.0,0.0,573.0,-2.0,601.0,4.0,621.0,-2.0,,,639.0,0.0,654.0,0.0,676.0,6.0,678.0,-6.0,761.0,0.0,811.0,-4.0
mc_iab_train_run_S70_000049,V5,iab,V4,0,552.0,-6.0,564.0,-14.0,606.0,-2.0,629.0,-4.0,,,644.0,0.0,657.0,0.0,676.0,2.0,678.0,-6.0,766.0,0.0,806.0,-4.0
mc_iab_train_run_S74_000068,aVF,iab,V4,0,523.0,-2.0,535.0,-2.0,584.0,0.0,608.0,6.0,,,625.0,0.0,639.0,0.0,655.0,-2.0,661.0,-4.0,763.0,0.0,805.0,10.0
mc_iab_train_run_S72_000067,aVF,iab,V4,0,511.0,-44.0,567.0,0.0,585.0,-2.0,605.0,34.0,,,619.0,0.0,632.0,2.0,648.0,4.0,654.0,-2.0,757.0,0.0,793.0,12.0
mc_iab_train_run_S70_000099,II,iab,V4,0,566.0,0.0,597.0,0.0,615.0,6.0,634.0,-4.0,,,650.0,0.0,668.0,0.0,678.0,-8.0,684.0,-40.0,777.0,0.0,807.0,8.0
mc_lae_train_run_S74_000047,III,lae,V4,0,536.0,0.0,550.0,-16.0,592.0,22.0,613.0,0.0,624.0,0.0,641.0,0.0,,,662.0,4.0,667.0,-2.0,767.0,0.0,802.0,-14.0
mc_lae_train_run_S66_000026,V1,lae,V4,0,530.0,-14.0,546.0,-44.0,596.0,10.0,608.0,-8.0,639.0,0.0,,,,,663.0,2.0,668.0,-2.0,754.0,0.0,805.0,-6.0
mc_lae_train_run_S64_000004,III,lae,V4,0,548.0,-10.0,567.0,0.0,605.0,4.0,616.0,-22.0,,,639.0,0.0,652.0,0.0,671.0,4.0,677.0,-2.0,764.0,0.0,812.0,6.0
mc_lae_train_run_S66_000085,V4,lae,V4,1,549.0,-6.0,575.0,14.0,600.0,4.0,611.0,-12.0,,,630.0,0.0,645.0,0.0,664.0,0.0,672.0,-4.0,755.0,0.0,803.0,-2.0
mc_lae_train_run_S74_000027,II,lae,V4,0,528.0,0.0,566.0,0.0,602.0,4.0,610.0,-6.0,,,634.0,0.0,648.0,0.0,665.0,2.0,670.0,-2.0,780.0,0.0,811.0,6.0
mc_lae_test_run_S62_000081,III,lae,V4,0,559.0,10.0,571.0,4.0,601.0,-6.0,621.0,-2.0,,,634.0,0.0,645.0,0.0,665.0,4.0,671.0,-2.0,750.0,0.0,792.0,8.0
mc_lae_test_run_S62_000059,aVR,lae,V4,0,546.0,-2.0,581.0,0.0,610.0,18.0,611.0,-20.0,637.0,,,,,,667.0,4.0,672.0,-4.0,775.0,2.0,809.0,8.0
mc_lae_train_run_S70_000116,aVF,lae,V4,0,562.0,4.0,584.0,0.0,600.0,-4.0,621.0,6.0,,,637.0,0.0,650.0,0.0,665.0,-12.0,672.0,-20.0,751.0,4.0,787.0,-12.0
mc_lae_train_run_S74_000114,III,lae,V4,0,559.0,-8.0,572.0,-28.0,608.0,12.0,625.0,-6.0,,,643.0,0.0,662.0,2.0,673.0,4.0,675.0,-4.0,773.0,0.0,807.0,12.0
mc_lae_train_run_S74_000036,V1,lae,V4,0,524.0,-4.0,541.0,-36.0,594.0,0.0,606.0,-8.0,620.0,0.0,636.0,0.0,649.0,0.0,661.0,4.0,663.0,-4.0,771.0,0.0,804.0,-10.0
mc_lae_train_run_S74_000070,aVF,lae,V4,0,552.0,-2.0,583.0,0.0,621.0,30.0,622.0,-4.0,,,642.0,0.0,659.0,0.0,672.0,8.0,673.0,-4.0,779.0,0.0,815.0,12.0
mc_lae_validation_run_S63_000064,III,lae,V4,0,537.0,-8.0,554.0,-34.0,607.0,14.0,608.0,-2.0,,,625.0,0.0,639.0,0.0,657.0,6.0,663.0,0.0,760.0,2.0,808.0,-4.0
mc_lae_train_run_S74_000088,aVF,lae,V4,0,557.0,0.0,586.0,0.0,627.0,30.0,628.0,-4.0,,,644.0,0.0,661.0,0.0,678.0,4.0,680.0,-4.0,782.0,0.0,819.0,10.0
mc_lbbb_test_run_S64_run_000005,aVF,lbbb,V4,0,543.0,-2.0,564.0,0.0,598.0,0.0,613.0,-2.0,620.0,-2.0,642.0,0.0,,,662.0,6.0,664.0,-4.0,753.0,0.0,802.0,8.0
mc_lbbb_validation_run_S63_run_000087,V5,lbbb,V4,0,539.0,0.0,575.0,0.0,595.0,0.0,607.0,-2.0,,,639.0,0.0,,,658.0,2.0,659.0,-8.0,766.0,0.0,800.0,4.0
mc_lbbb_train_run_S66_run_000012,V2,lbbb,V4,0,524.0,0.0,551.0,16.0,554.0,-58.0,555.0,-82.0,,,569.0,,631.0,,656.0,2.0,657.0,-8.0,743.0,0.0,790.0,-4.0
mc_fam_test_run_S62_000066,III,fam,V5,0,554.0,-4.0,578.0,0.0,619.0,26.0,620.0,-4.0,,,638.0,0.0,657.0,2.0,670.0,8.0,676.0,-4.0,770.0,0.0,809.0,6.0
mc_fam_train_run_S72_000059,aVF,fam,V5,0,549.0,-4.0,570.0,-2.0,605.0,-2.0,616.0,-6.0,,,632.0,0.0,646.0,0.0,664.0,4.0,670.0,0.0,750.0,0.0,796.0,-18.0
mc_fam_test_run_S62_000120,III,fam,V5,0,555.0,0.0,579.0,-2.0,613.0,8.0,614.0,8.0,,,640.0,0.0,658.0,0.0,668.0,4.0,674.0,-2.0,767.0,0.0,805.0,6.0
mc_iab_train_run_S74_000052,III,iab,V5,0,503.0,0.0,549.0,68.0,561.0,4.0,567.0,-16.0,592.0,0.0,607.0,0.0,620.0,2.0,636.0,8.0,638.0,-4.0,713.0,0.0,791.0,8.0
mc_iab_train_run_S69_000022,V2,iab,V5,0,490.0,-2.0,511.0,16.0,546.0,16.0,547.0,-6.0,570.0,-2.0,,,,,597.0,4.0,599.0,-4.0,689.0,0.0,747.0,10.0
mc_iab_train_run_S66_000041,V3,iab,V5,0,555.0,-16.0,578.0,0.0,604.0,6.0,619.0,0.0,638.0,-2.0,665.0,,,,665.0,2.0,666.0,-6.0,752.0,0.0,803.0,14.0
mc_iab_train_run_S66_000013,III,iab,V5,0,547.0,-4.0,585.0,32.0,593.0,4.0,610.0,-10.0,,,629.0,0.0,644.0,0.0,666.0,4.0,671.0,-2.0,755.0,0.0,795.0,16.0
mc_iab_validation_run_S63_000056,III,iab,V5,0,550.0,8.0,602.0,74.0,609.0,8.0,626.0,-4.0,638.0,2.0,645.0,0.0,652.0,0.0,669.0,4.0,675.0,0.0,772.0,0.0,814.0,12.0
mc_iab_test_run_S62_000008,II,iab,V5,0,544.0,-10.0,573.0,0.0,590.0,2.0,617.0,4.0,,,635.0,0.0,,,666.0,4.0,671.0,6.0,756.0,0.0,802.0,12.0
mc_iab_train_run_S69_000121,II,iab,V5,0,560.0,-2.0,578.0,0.0,611.0,18.0,612.0,-6.0,640.0,0.0,,,,,660.0,6.0,662.0,-4.0,763.0,0.0,802.0,6.0
mc_iab_train_run_S67_000066,III,iab,V5,0,558.0,0.0,586.0,0.0,613.0,8.0,631.0,-2.0,,,646.0,0.0,658.0,0.0,673.0,4.0,679.0,0.0,772.0,0.0,816.0,10.0
mc_iab_train_run_S73_000113,II,iab,V5,0,542.0,0.0,573.0,-2.0,601.0,4.0,621.0,-2.0,,,639.0,0.0,654.0,0.0,676.0,6.0,678.0,-6.0,761.0,0.0,811.0,-4.0
mc_iab_train_run_S70_000049,V5,iab,V5,1,552.0,-6.0,564.0,-14.0,606.0,-2.0,628.0,-6.0,,,644.0,0.0,657.0,0.0,676.0,2.0,678.0,-6.0,766.0,0.0,807.0,-2.0
mc_iab_train_run_S74_000068,aVF,iab,V5,0,522.0,-4.0,535.0,-2.0,584.0,0.0,608.0,6.0,,,625.0,0.0,639.0,0.0,655.0,-2.0,661.0,-4.0,763.0,0.0,805.0,10.0
mc_iab_train_run_S72_000067,aVF,iab,V5,0,501.0,-64.0,567.0,0.0,585.0,-2.0,604.0,32.0,,,619.0,0.0,632.0,2.0,648.0,4.0,654.0,-2.0,757.0,0.0,793.0,12.0
mc_iab_train_run_S70_000099,II,iab,V5,0,565.0,-2.0,597.0,0.0,616.0,8.0,633.0,-6.0,,,650.0,0.0,668.0,0.0,678.0,-8.0,684.0,-40.0,777.0,0.0,807.0,8.0
mc_lae_train_run_S74_000047,III,lae,V5,0,535.0,-2.0,550.0,-16.0,593.0,24.0,611.0,-4.0,624.0,0.0,641.0,0.0,,,662.0,4.0,667.0,-2.0,767.0,0.0,803.0,-12.0
mc_lae_train_run_S66_000026,V1,lae,V5,0,529.0,-16.0,546.0,-44.0,597.0,12.0,604.0,-16.0,639.0,0.0,,,,,663.0,2.0,668.0,-2.0,754.0,0.0,806.0,-4.0
mc_lae_train_run_S64_000004,III,lae,V5,0,548.0,-10.0,567.0,0.0,606.0,6.0,615.0,-24.0,,,639.0,0.0,652.0,0.0,671.0,4.0,677.0,-2.0,764.0,0.0,812.0,6.0
mc_lae_train_run_S66_000085,V4,lae,V5,0,548.0,-8.0,575.0,14.0,600.0,4.0,610.0,-14.0,,,630.0,0.0,645.0,0.0,664.0,0.0,670.0,-8.0,755.0,0.0,804.0,0.0
mc_lae_train_run_S74_000027,II,lae,V5,0,528.0,0.0,566.0,0.0,603.0,6.0,605.0,-16.0,,,634.0,0.0,648.0,0.0,665.0,2.0,670.0,-2.0,780.0,0.0,812.0,8.0
mc_lae_test_run_S62_000081,III,lae,V5,0,558.0,8.0,571.0,4.0,601.0,-6.0,620.0,-4.0,,,634.0,0.0,645.0,0.0,665.0,4.0,671.0,-2.0,750.0,0.0,793.0,10.0
mc_lae_test_run_S62_000059,aVR,lae,V5,0,546.0,-2.0,581.0,0.0,610.0,18.0,611.0,-20.0,637.0,,,,,,667.0,4.0,672.0,-4.0,775.0,2.0,809.0,8.0
mc_lae_train_run_S70_000116,aVF,lae,V5,0,562.0,4.0,584.0,0.0,600.0,-4.0,621.0,6.0,,,637.0,0.0,650.0,0.0,665.0,-12.0,672.0,-20.0,751.0,4.0,788.0,-10.0
mc_lae_train_run_S74_000114,III,lae,V5,0,558.0,-10.0,572.0,-28.0,609.0,14.0,623.0,-10.0,,,643.0,0.0,662.0,2.0,673.0,4.0,675.0,-4.0,773.0,0.0,807.0,12.0
mc_lae_train_run_S74_000036,V1,lae,V5,0,524.0,-4.0,541.0,-36.0,595.0,2.0,606.0,-8.0,620.0,0.0,636.0,0.0,649.0,0.0,661.0,4.0,663.0,-4.0,771.0,0.0,805.0,-8.0
mc_lae_train_run_S74_000070,aVF,lae,V5,0,552.0,-2.0,583.0,0.0,619.0,26.0,620.0,-8.0,,,642.0,0.0,659.0,0.0,672.0,8.0,673.0,-4.0,779.0,0.0,815.0,12.0
mc_lae_validation_run_S63_000064,III,lae,V5,0,537.0,-8.0,554.0,-34.0,607.0,14.0,608.0,-2.0,,,625.0,0.0,639.0,0.0,657.0,6.0,663.0,0.0,760.0,2.0,809.0,-2.0
mc_lae_train_run_S74_000088,aVF,lae,V5,0,557.0,0.0,586.0,0.0,626.0,28.0,627.0,-6.0,,,644.0,0.0,661.0,0.0,678.0,4.0,680.0,-4.0,782.0,0.0,819.0,10.0
mc_lbbb_test_run_S64_run_000005,aVF,lbbb,V5,0,543.0,-2.0,564.0,0.0,598.0,0.0,613.0,-2.0,620.0,-2.0,642.0,0.0,,,662.0,6.0,664.0,-4.0,753.0,0.0,802.0,8.0
mc_lbbb_validation_run_S63_run_000087,V5,lbbb,V5,1,539.0,0.0,575.0,0.0,595.0,0.0,607.0,-2.0,,,639.0,0.0,,,659.0,4.0,660.0,-6.0,766.0,0.0,801.0,6.0
mc_lbbb_train_run_S66_run_000012,V2,lbbb,V5,0,524.0,0.0,551.0,16.0,555.0,-56.0,556.0,-80.0,,,569.0,,631.0,,656.0,2.0,657.0,-8.0,743.0,0.0,791.0,-2.0
mc_fam_test_run_S62_000066,III,fam,V6,0,554.0,-4.0,578.0,0.0,619.0,26.0,620.0,-4.0,,,638.0,0.0,657.0,2.0,670.0,8.0,676.0,-4.0,770.0,0.0,809.0,6.0
mc_fam_train_run_S72_000059,aVF,fam,V6,0,549.0,-4.0,570.0,-2.0,604.0,-4.0,616.0,-6.0,,,632.0,0.0,646.0,0.0,664.0,4.0,670.0,0.0,750.0,0.0,796.0,-18.0
mc_fam_test_run_S62_000120,III,fam,V6,0,555.0,0.0,579.0,-2.0,612.0,6.0,613.0,6.0,,,640.0,0.0,658.0,0.0,668.0,4.0,674.0,-2.0,767.0,0.0,805.0,6.0
mc_iab_train_run_S74_000052,III,iab,V6,0,503.0,0.0,549.0,68.0,560.0,2.0,566.0,-18.0,592.0,0.0,607.0,0.0,620.0,2.0,634.0,4.0,639.0,-2.0,713.0,0.0,791.0,8.0
mc_iab_train_run_S69_000022,V2,iab,V6,0,490.0,-2.0,511.0,16.0,546.0,16.0,547.0,-6.0,570.0,-2.0,,,,,597.0,4.0,599.0,-4.0,689.0,0.0,747.0,10.0
mc_iab_train_run_S66_000041,V3,iab,V6,0,555.0,-16.0,578.0,0.0,604.0,6.0,619.0,0.0,638.0,-2.0,665.0,,,,665.0,2.0,666.0,-6.0,752.0,0.0,803.0,14.0
mc_iab_train_run_S66_000013,III,iab,V6,0,547.0,-4.0,585.0,32.0,593.0,4.0,608.0,-14.0,,,629.0,0.0,644.0,0.0,666.0,4.0,671.0,-2.0,755.0,0.0,795.0,16.0
mc_iab_validation_run_S63_000056,III,iab,V6,0,550.0,8.0,602.0,74.0,608.0,6.0,626.0,-4.0,638.0,2.0,645.0,0.0,652.0,0.0,669.0,4.0,675.0,0.0,772.0,0.0,813.0,10.0
mc_iab_test_run_S62_000008,II,iab,V6,0,544.0,-10.0,573.0,0.0,590.0,2.0,617.0,4.0,,,635.0,0.0,,,666.0,4.0,671.0,6.0,756.0,0.0,802.0,12.0
mc_iab_train_run_S69_000121,II,iab,V6,0,560.0,-2.0,578.0,0.0,611.0,18.0,612.0,-6.0,640.0,0.0,,,,,660.0,6.0,662.0,-4.0,763.0,0.0,802.0,6.0
mc_iab_train_run_S67_000066,III,iab,V6,0,558.0,0.0,586.0,0.0,612.0,6.0,631.0,-2.0,,,646.0,0.0,658.0,0.0,673.0,4.0,679.0,0.0,772.0,0.0,816.0,10.0
mc_iab_train_run_S73_000113,II,iab,V6,0,541.0,-2.0,573.0,-2.0,601.0,4.0,621.0,-2.0,,,639.0,0.0,654.0,0.0,676.0,6.0,678.0,-6.0,761.0,0.0,811.0,-4.0
mc_iab_train_run_S70_000049,V5,iab,V6,0,552.0,-6.0,564.0,-14.0,606.0,-2.0,628.0,-6.0,,,644.0,0.0,657.0,0.0,676.0,2.0,678.0,-6.0,766.0,0.0,807.0,-2.0
mc_iab_train_run_S74_000068,aVF,iab,V6,0,522.0,-4.0,535.0,-2.0,584.0,0.0,608.0,6.0,,,625.0,0.0,639.0,0.0,655.0,-2.0,661.0,-4.0,763.0,0.0,805.0,10.0
mc_iab_train_run_S72_000067,aVF,iab,V6,0,502.0,-62.0,567.0,0.0,585.0,-2.0,604.0,32.0,,,619.0,0.0,632.0,2.0,648.0,4.0,654.0,-2.0,757.0,0.0,793.0,12.0
mc_iab_train_run_S70_000099,II,iab,V6,0,565.0,-2.0,597.0,0.0,616.0,8.0,633.0,-6.0,,,650.0,0.0,668.0,0.0,678.0,-8.0,684.0,-40.0,777.0,0.0,807.0,8.0
mc_lae_train_run_S74_000047,III,lae,V6,0,535.0,-2.0,550.0,-16.0,593.0,24.0,611.0,-4.0,624.0,0.0,641.0,0.0,,,662.0,4.0,667.0,-2.0,767.0,0.0,803.0,-12.0
mc_lae_train_run_S66_000026,V1,lae,V6,0,529.0,-16.0,546.0,-44.0,597.0,12.0,604.0,-16.0,639.0,0.0,,,,,663.0,2.0,668.0,-2.0,754.0,0.0,805.0,-6.0
mc_lae_train_run_S64_000004,III,lae,V6,0,548.0,-10.0,567.0,0.0,606.0,6.0,615.0,-24.0,,,639.0,0.0,652.0,0.0,671.0,4.0,677.0,-2.0,764.0,0.0,812.0,6.0
mc_lae_train_run_S66_000085,V4,lae,V6,0,548.0,-8.0,575.0,14.0,600.0,4.0,609.0,-16.0,,,630.0,0.0,645.0,0.0,664.0,0.0,671.0,-6.0,755.0,0.0,804.0,0.0
mc_lae_train_run_S74_000027,II,lae,V6,0,528.0,0.0,566.0,0.0,603.0,6.0,604.0,-18.0,,,634.0,0.0,648.0,0.0,665.0,2.0,670.0,-2.0,780.0,0.0,812.0,8.0
mc_lae_test_run_S62_000081,III,lae,V6,0,558.0,8.0,571.0,4.0,601.0,-6.0,620.0,-4.0,,,634.0,0.0,645.0,0.0,665.0,4.0,671.0,-2.0,750.0,0.0,793.0,10.0
mc_lae_test_run_S62_000059,aVR,lae,V6,0,546.0,-2.0,581.0,0.0,610.0,18.0,611.0,-20.0,637.0,,,,,,667.0,4.0,672.0,-4.0,775.0,2.0,808.0,6.0
mc_lae_train_run_S70_000116,aVF,lae,V6,0,562.0,4.0,584.0,0.0,600.0,-4.0,621.0,6.0,,,637.0,0.0,650.0,0.0,665.0,-12.0,672.0,-20.0,751.0,4.0,787.0,-12.0
mc_lae_train_run_S74_000114,III,lae,V6,0,558.0,-10.0,572.0,-28.0,609.0,14.0,623.0,-10.0,,,643.0,0.0,662.0,2.0,673.0,4.0,675.0,-4.0,773.0,0.0,807.0,12.0
mc_lae_train_run_S74_000036,V1,lae,V6,0,524.0,-4.0,541.0,-36.0,594.0,0.0,605.0,-10.0,620.0,0.0,636.0,0.0,649.0,0.0,661.0,4.0,663.0,-4.0,771.0,0.0,804.0,-10.0
mc_lae_train_run_S74_000070,aVF,lae,V6,0,552.0,-2.0,583.0,0.0,616.0,20.0,617.0,-14.0,,,642.0,0.0,659.0,0.0,672.0,8.0,673.0,-4.0,779.0,0.0,815.0,12.0
mc_lae_validation_run_S63_000064,III,lae,V6,0,537.0,-8.0,554.0,-34.0,607.0,14.0,608.0,-2.0,,,625.0,0.0,639.0,0.0,657.0,6.0,663.0,0.0,760.0,2.0,809.0,-2.0
mc_lae_train_run_S74_000088,aVF,lae,V6,0,557.0,0.0,586.0,0.0,626.0,28.0,627.0,-6.0,,,644.0,0.0,661.0,0.0,678.0,4.0,680.0,-4.0,782.0,0.0,819.0,10.0
mc_lbbb_test_run_S64_run_000005,aVF,lbbb,V6,0,543.0,-2.0,564.0,0.0,598.0,0.0,613.0,-2.0,620.0,-2.0,642.0,0.0,,,662.0,6.0,664.0,-4.0,753.0,0.0,802.0,8.0
mc_lbbb_validation_run_S63_run_000087,V5,lbbb,V6,0,539.0,0.0,575.0,0.0,595.0,0.0,607.0,-2.0,,,639.0,0.0,,,659.0,4.0,660.0,-6.0,766.0,0.0,800.0,4.0
mc_lbbb_train_run_S66_run_000012,V2,lbbb,V6,0,524.0,0.0,551.0,16.0,555.0,-56.0,556.0,-80.0,,,569.0,,631.0,,656.0,2.0,657.0,-8.0,743.0,0.0,791.0,-2.0
mc_lbbb_train_run_S70_run_000033,I,lbbb,I,1,542.0,-2.0,571.0,0.0,591.0,14.0,605.0,0.0,618.0,4.0,633.0,0.0,,,663.0,6.0,664.0,-8.0,747.0,0.0,796.0,10.0
mc_lbbb_validation_run_S63_run_000045,I,lbbb,I,1,515.0,-2.0,548.0,2.0,571.0,12.0,585.0,-2.0,601.0,0.0,615.0,-18.0,643.0,,643.0,4.0,644.0,-6.0,742.0,0.0,784.0,10.0
mc_lbbb_train_run_S72_run_000070,V4,lbbb,I,0,560.0,-2.0,593.0,-2.0,613.0,10.0,626.0,-6.0,643.0,0.0,667.0,0.0,,,682.0,4.0,683.0,4.0,780.0,0.0,813.0,6.0
mc_lbbb_train_run_S68_run_000052,III,lbbb,I,0,546.0,0.0,568.0,-4.0,611.0,12.0,621.0,2.0,653.0,2.0,,,,,671.0,-4.0,672.0,-8.0,760.0,0.0,801.0,4.0
mc_lbbb_test_run_S62_run_000005,V2,lbbb,I,0,546.0,-2.0,569.0,0.0,604.0,2.0,605.0,2.0,631.0,2.0,665.0,2.0,,,680.0,4.0,681.0,6.0,751.0,0.0,805.0,6.0
mc_lbbb_train_run_S74_run_000097,II,lbbb,I,0,531.0,0.0,553.0,0.0,585.0,6.0,593.0,-12.0,,,606.0,-52.0,617.0,,659.0,4.0,660.0,-8.0,733.0,0.0,793.0,6.0
mc_lbbb_train_run_S74_run_000026,II,lbbb,I,0,530.0,0.0,552.0,0.0,587.0,0.0,598.0,4.0,618.0,0.0,635.0,0.0,662.0,,662.0,6.0,663.0,-6.0,759.0,0.0,797.0,6.0
mc_lbbb_validation_run_S67_run_000074,V4,lbbb,I,0,555.0,0.0,578.0,-2.0,614.0,0.0,625.0,-2.0,643.0,0.0,663.0,2.0,,,679.0,6.0,681.0,-6.0,778.0,0.0,812.0,10.0
mc_lbbb_train_run_S70_run_000012,V3,lbbb,I,0,553.0,0.0,573.0,0.0,602.0,0.0,618.0,-2.0,635.0,0.0,652.0,-2.0,,,670.0,2.0,675.0,-4.0,758.0,0.0,802.0,8.0
mc_mi_LCX_1p0_ant_train_run_S73_run_000007,V6,mi,I,0,533.0,24.0,554.0,0.0,568.0,-2.0,593.0,-6.0,,,605.0,0.0,612.0,0.0,667.0,56.0,668.0,58.0,797.0,126.0,797.0,40.0
mc_rbbb_test_run_S62_run_000036,aVF,rbbb,I,0,524.0,-60.0,587.0,0.0,621.0,6.0,630.0,-4.0,650.0,0.0,669.0,0.0,,,689.0,-12.0,691.0,-6.0,784.0,0.0,855.0,24.0
mc_rbbb_train_run_S74_run_000040,aVF,rbbb,I,0,544.0,0.0,577.0,2.0,594.0,0.0,612.0,-2.0,633.0,-2.0,,,,,669.0,6.0,670.0,-4.0,763.0,0.0,809.0,6.0
mc_rbbb_train_run_S68_run_000016,aVF,rbbb,I,0,546.0,0.0,580.0,0.0,605.0,2.0,619.0,-2.0,633.0,0.0,,,,,665.0,2.0,666.0,-12.0,771.0,0.0,809.0,4.0
mc_rbbb_train_run_S69_run_000074,V2,rbbb,I,0,545.0,-2.0,581.0,36.0,603.0,2.0,615.0,-6.0,622.0,-2.0,633.0,0.0,641.0,0.0,648.0,2.0,649.0,4.0,762.0,0.0,801.0,6.0
mc_rbbb_train_run_S74_run_000077,aVL,rbbb,I,0,553.0,0.0,572.0,-26.0,603.0,0.0,617.0,-4.0,637.0,0.0,,,,,673.0,-2.0,674.0,-38.0,767.0,0.0,809.0,6.0
mc_rbbb_train_run_S66_run_000074,I,rbbb,I,1,551.0,0.0,583.0,2.0,608.0,2.0,617.0,-2.0,635.0,0.0,663.0,,,,672.0,-2.0,679.0,-6.0,760.0,0.0,810.0,10.0
mc_rbbb_train_run_S66_run_000099,V3,rbbb,I,0,556.0,0.0,579.0,0.0,614.0,2.0,622.0,-4.0,642.0,0.0,668.0,,,,675.0,8.0,685.0,0.0,771.0,0.0,815.0,8.0
mc_rbbb_train_run_S70_run_000037,aVF,rbbb,I,0,547.0,-2.0,575.0,-2.0,607.0,0.0,619.0,0.0,636.0,-2.0,658.0,0.0,,,674.0,12.0,679.0,2.0,767.0,0.0,807.0,6.0
mc_rbbb_validation_run_S63_run_000070,V4,rbbb,I,0,554.0,0.0,592.0,0.0,613.0,10.0,627.0,-2.0,643.0,-2.0,662.0,-2.0,,,682.0,4.0,683.0,-4.0,773.0,0.0,818.0,6.0
mc_rbbb_validation_run_S67_run_000024,aVF,rbbb,I,0,553.0,0.0,573.0,-10.0,609.0,2.0,622.0,-4.0,638.0,2.0,658.0,2.0,,,677.0,6.0,679.0,-6.0,767.0,0.0,811.0,6.0
mc_rbbb_train_run_S74_run_000010,II,rbbb,I,0,555.0,-2.0,588.0,0.0,606.0,4.0,617.0,-14.0,648.0,0.0,664.0,0.0,,,679.0,8.0,680.0,-6.0,767.0,0.0,802.0,6.0
mc_rbbb_train_run_S71_run_000036,aVF,rbbb,I,0,537.0,0.0,562.0,0.0,601.0,0.0,613.0,-4.0,630.0,0.0,642.0,-2.0,,,659.0,12.0,693.0,-22.0,758.0,0.0,797.0,4.0
mc_sinus_train_run_S74_run_000050,V3,sinus,I,0,538.0,0.0,573.0,0.0,598.0,0.0,606.0,-6.0,638.0,0.0,659.0,,,,659.0,2.0,664.0,0.0,736.0,0.0,799.0,10.0
mc_sinus_train_run_S65_run_000068,II,sinus,I,0,553.0,0.0,590.0,0.0,616.0,6.0,617.0,-6.0,,,644.0,0.0,668.0,-2.0,679.0,4.0,681.0,-6.0,779.0,-2.0,812.0,8.0
mc_sinus_validation_run_S67_run_000093,V4,sinus,I,0,556.0,-10.0,588.0,0.0,612.0,4.0,623.0,-10.0,,,640.0,0.0,651.0,0.0,668.0,4.0,673.0,0.0,764.0,0.0,799.0,10.0
mc_sinus_validation_run_S67_run_000052,III,sinus,I,0,555.0,0.0,580.0,0.0,616.0,0.0,627.0,-2.0,,,642.0,0.0,,,669.0,4.0,671.0,-6.0,770.0,0.0,806.0,-4.0
mc_sinus_train_run_S73_run_000090,aVF,sinus,I,0,558.0,-4.0,570.0,2.0,600.0,12.0,617.0,4.0,,,640.0,0.0,,,661.0,-8.0,667.0,-6.0,761.0,0.0,800.0,0.0
mc_sinus_validation_run_S63_run_000084,V2,sinus,I,0,561.0,0.0,596.0,40.0,616.0,-4.0,629.0,-2.0,,,646.0,0.0,662.0,0.0,674.0,2.0,681.0,-2.0,768.0,0.0,812.0,-6.0
mc_sinus_train_run_S74_run_000023,aVF,sinus,I,0,544.0,0.0,565.0,-10.0,605.0,2.0,613.0,-8.0,,,631.0,0.0,647.0,-2.0,664.0,4.0,666.0,-2.0,764.0,0.0,800.0,10.0
mc_sinus_validation_run_S67_run_000046,III,sinus,I,0,552.0,-2.0,577.0,-22.0,613.0,-4.0,615.0,-18.0,,,636.0,0.0,652.0,0.0,668.0,4.0,670.0,-6.0,763.0,0.0,796.0,8.0
mc_sinus_test_run_S62_run_000083,III,sinus,I,0,558.0,-6.0,579.0,-4.0,616.0,10.0,618.0,-20.0,,,641.0,0.0,656.0,0.0,672.0,4.0,674.0,-6.0,765.0,6.0,796.0,8.0
mc_sinus_validation_run_S67_run_000074,III,sinus,I,0,551.0,-2.0,576.0,0.0,613.0,0.0,622.0,-6.0,,,639.0,2.0,652.0,0.0,667.0,2.0,672.0,-2.0,767.0,0.0,801.0,10.0
mc_lbbb_train_run_S70_run_000033,I,lbbb,II,0,542.0,-2.0,571.0,0.0,591.0,14.0,605.0,0.0,618.0,4.0,633.0,0.0,,,663.0,6.0,664.0,-8.0,747.0,0.0,797.0,12.0
mc_lbbb_validation_run_S63_run_000045,I,lbbb,II,0,515.0,-2.0,548.0,2.0,571.0,12.0,585.0,-2.0,601.0,0.0,615.0,-18.0,643.0,,643.0,4.0,644.0,-6.0,742.0,0.0,784.0,10.0
mc_lbbb_train_run_S72_run_000070,V4,lbbb,II,0,560.0,-2.0,593.0,-2.0,613.0,10.0,626.0,-6.0,643.0,0.0,667.0,0.0,,,682.0,4.0,683.0,4.0,780.0,0.0,814.0,8.0
mc_lbbb_train_run_S68_run_000052,III,lbbb,II,0,546.0,0.0,568.0,-4.0,611.0,12.0,621.0,2.0,653.0,2.0,,,,,671.0,-4.0,672.0,-8.0,760.0,0.0,802.0,6.0
mc_lbbb_test_run_S62_run_000005,V2,lbbb,II,0,546.0,-2.0,569.0,0.0,604.0,2.0,605.0,2.0,631.0,2.0,665.0,2.0,,,680.0,4.0,681.0,6.0,751.0,0.0,807.0,10.0
mc_lbbb_train_run_S74_run_000097,II,lbbb,II,1,531.0,0.0,553.0,0.0,585.0,6.0,593.0,-12.0,,,606.0,-52.0,617.0,,659.0,4.0,660.0,-8.0,733.0,0.0,792.0,4.0
mc_lbbb_train_run_S74_run_000026,II,lbbb,II,1,530.0,0.0,552.0,0.0,587.0,0.0,598.0,4.0,618.0,0.0,635.0,0.0,662.0,,662.0,6.0,663.0,-6.0,759.0,0.0,797.0,6.0
mc_lbbb_validation_run_S67_run_000074,V4,lbbb,II,0,555.0,0.0,578.0,-2.0,614.0,0.0,625.0,-2.0,643.0,0.0,663.0,2.0,,,679.0,6.0,681.0,-6.0,778.0,0.0,812.0,10.0
mc_lbbb_train_run_S70_run_000012,V3,lbbb,II,0,553.0,0.0,573.0,0.0,602.0,0.0,618.0,-2.0,635.0,0.0,652.0,-2.0,,,672.0,6.0,674.0,-6.0,758.0,0.0,802.0,8.0
mc_mi_LCX_1p0_ant_train_run_S73_run_000007,V6,mi,II,0,531.0,20.0,554.0,0.0,575.0,12.0,591.0,-10.0,,,605.0,0.0,612.0,0.0,635.0,-8.0,674.0,70.0,796.0,124.0,796.0,38.0
mc_rbbb_test_run_S62_run_000036,aVF,rbbb,II,0,523.0,-62.0,587.0,0.0,621.0,6.0,631.0,-2.0,650.0,0.0,669.0,0.0,,,689.0,-12.0,691.0,-6.0,784.0,0.0,841.0,-4.0
mc_rbbb_train_run_S74_run_000040,aVF,rbbb,II,0,544.0,0.0,577.0,2.0,594.0,0.0,612.0,-2.0,633.0,-2.0,,,,,669.0,6.0,670.0,-4.0,763.0,0.0,809.0,6.0
mc_rbbb_train_run_S68_run_000016,aVF,rbbb,II,0,546.0,0.0,580.0,0.0,605.0,2.0,619.0,-2.0,633.0,0.0,,,,,665.0,2.0,666.0,-12.0,771.0,0.0,809.0,4.0
mc_rbbb_train_run_S69_run_000074,V2,rbbb,II,0,545.0,-2.0,581.0,36.0,603.0,2.0,615.0,-6.0,622.0,-2.0,633.0,0.0,641.0,0.0,648.0,2.0,649.0,4.0,762.0,0.0,801.0,6.0
mc_rbbb_train_run_S74_run_000077,aVL,rbbb,II,0,553.0,0.0,572.0,-26.0,603.0,0.0,618.0,-2.0,637.0,0.0,,,,,673.0,-2.0,674.0,-38.0,767.0,0.0,809.0,6.0
mc_rbbb_train_run_S66_run_000074,I,rbbb,II,0,551.0,0.0,583.0,2.0,608.0,2.0,617.0,-2.0,635.0,0.0,663.0,,,,672.0,-2.0,679.0,-6.0,760.0,0.0,810.0,10.0
mc_rbbb_train_run_S66_run_000099,V3,rbbb,II,0,556.0,0.0,579.0,0.0,614.0,2.0,622.0,-4.0,642.0,0.0,668.0,,,,675.0,8.0,685.0,0.0,771.0,0.0,815.0,8.0
mc_rbbb_train_run_S70_run_000037,aVF,rbbb,II,0,547.0,-2.0,575.0,-2.0,607.0,0.0,619.0,0.0,636.0,-2.0,658.0,0.0,,,675.0,14.0,677.0,-2.0,767.0,0.0,808.0,8.0
mc_rbbb_validation_run_S63_run_000070,V4,rbbb,II,0,554.0,0.0,592.0,0.0,613.0,10.0,627.0,-2.0,643.0,-2.0,662.0,-2.0,,,682.0,4.0,683.0,-4.0,773.0,0.0,818.0,6.0
mc_rbbb_validation_run_S67_run_000024,aVF,rbbb,II,0,553.0,0.0,573.0,-10.0,609.0,2.0,622.0,-4.0,638.0,2.0,658.0,2.0,,,677.0,6.0,679.0,-6.0,767.0,0.0,812.0,8.0
mc_rbbb_train_run_S74_run_000010,II,rbbb,II,1,555.0,-2.0,588.0,0.0,606.0,4.0,617.0,-14.0,648.0,0.0,664.0,0.0,,,679.0,8.0,680.0,-6.0,767.0,0.0,803.0,8.0
mc_rbbb_train_run_S71_run_000036,aVF,rbbb,II,0,537.0,0.0,562.0,0.0,601.0,0.0,613.0,-4.0,630.0,0.0,642.0,-2.0,,,659.0,12.0,689.0,-30.0,758.0,0.0,797.0,4.0
mc_sinus_train_run_S74_run_000050,V3,sinus,II,0,538.0,0.0,573.0,0.0,598.0,0.0,607.0,-4.0,638.0,0.0,661.0,,,,661.0,6.0,663.0,-2.0,736.0,0.0,799.0,10.0
mc_sinus_train_run_S65_run_000068,II,sinus,II,1,553.0,0.0,590.0,0.0,616.0,6.0,617.0,-6.0,,,644.0,0.0,668.0,-2.0,679.0,4.0,681.0,-6.0,779.0,-2.0,812.0,8.0
mc_sinus_validation_run_S67_run_000093,V4,sinus,II,0,556.0,-10.0,588.0,0.0,612.0,4.0,623.0,-10.0,,,640.0,0.0,651.0,0.0,668.0,4.0,673.0,0.0,764.0,0.0,800.0,12.0
mc_sinus_validation_run_S67_run_000052,III,sinus,II,0,554.0,-2.0,580.0,0.0,616.0,0.0,626.0,-4.0,,,642.0,0.0,,,669.0,4.0,671.0,-6.0,770.0,0.0,806.0,-4.0
mc_sinus_train_run_S73_run_000090,aVF,sinus,II,0,557.0,-6.0,570.0,2.0,599.0,10.0,617.0,4.0,,,640.0,0.0,,,661.0,-8.0,667.0,-6.0,761.0,0.0,800.0,0.0
mc_sinus_validation_run_S63_run_000084,V2,sinus,II,0,561.0,0.0,596.0,40.0,616.0,-4.0,629.0,-2.0,,,646.0,0.0,662.0,0.0,674.0,2.0,681.0,-2.0,768.0,0.0,813.0,-4.0
mc_sinus_train_run_S74_run_000023,aVF,sinus,II,0,544.0,0.0,565.0,-10.0,605.0,2.0,614.0,-6.0,,,631.0,0.0,647.0,-2.0,664.0,4.0,666.0,-2.0,764.0,0.0,800.0,10.0
mc_sinus_validation_run_S67_run_000046,III,sinus,II,0,552.0,-2.0,577.0,-22.0,612.0,-6.0,617.0,-14.0,,,636.0,0.0,652.0,0.0,668.0,4.0,670.0,-6.0,763.0,0.0,797.0,10.0
mc_sinus_test_run_S62_run_000083,III,sinus,II,0,558.0,-6.0,579.0,-4.0,616.0,10.0,618.0,-20.0,,,641.0,0.0,656.0,0.0,672.0,4.0,674.0,-6.0,765.0,6.0,797.0,10.0
mc_sinus_validation_run_S67_run_000074,III,sinus,II,0,551.0,-2.0,576.0,0.0,613.0,0.0,622.0,-6.0,,,639.0,2.0,652.0,0.0,667.0,2.0,672.0,-2.0,767.0,0.0,801.0,10.0
mc_lbbb_train_run_S70_run_000033,I,lbbb,III,0,542.0,-2.0,571.0,0.0,590.0,12.0,605.0,0.0,618.0,4.0,633.0,0.0,,,661.0,2.0,662.0,-12.0,747.0,0.0,797.0,12.0
mc_lbbb_validation_run_S63_run_000045,I,lbbb,III,0,515.0,-2.0,548.0,2.0,571.0,12.0,585.0,-2.0,601.0,0.0,615.0,-18.0,642.0,,642.0,2.0,643.0,-8.0,742.0,0.0,784.0,10.0
mc_lbbb_train_run_S72_run_000070,V4,lbbb,III,0,560.0,-2.0,593.0,-2.0,613.0,10.0,626.0,-6.0,643.0,0.0,667.0,0.0,,,682.0,4.0,683.0,4.0,780.0,0.0,814.0,8.0
mc_lbbb_train_run_S68_run_000052,III,lbbb,III,1,546.0,0.0,568.0,-4.0,610.0,10.0,621.0,2.0,653.0,2.0,,,,,668.0,-10.0,669.0,-14.0,760.0,0.0,801.0,4.0
mc_lbbb_test_run_S62_run_000005,V2,lbbb,III,0,547.0,0.0,569.0,0.0,603.0,0.0,604.0,0.0,631.0,2.0,665.0,2.0,,,680.0,4.0,681.0,6.0,751.0,0.0,807.0,10.0
mc_lbbb_train_run_S74_run_000097,II,lbbb,III,0,531.0,0.0,553.0,0.0,584.0,4.0,593.0,-12.0,,,606.0,-52.0,617.0,,659.0,4.0,661.0,-6.0,733.0,0.0,792.0,4.0
mc_lbbb_train_run_S74_run_000026,II,lbbb,III,0,530.0,0.0,552.0,0.0,587.0,0.0,598.0,4.0,618.0,0.0,635.0,0.0,662.0,,662.0,6.0,663.0,-6.0,759.0,0.0,797.0,6.0
mc_lbbb_validation_run_S67_run_000074,V4,lbbb,III,0,555.0,0.0,578.0,-2.0,614.0,0.0,625.0,-2.0,643.0,0.0,663.0,2.0,,,679.0,6.0,680.0,-8.0,778.0,0.0,812.0,10.0
mc_lbbb_train_run_S70_run_000012,V3,lbbb,III,0,553.0,0.0,573.0,0.0,602.0,0.0,618.0,-2.0,635.0,0.0,652.0,-2.0,,,672.0,6.0,674.0,-6.0,758.0,0.0,802.0,8.0
mc_mi_LCX_1p0_ant_train_run_S73_run_000007,V6,mi,III,0,537.0,32.0,545.0,-18.0,546.0,-46.0,596.0,0.0,,,605.0,0.0,612.0,0.0,633.0,-12.0,675.0,72.0,796.0,124.0,796.0,38.0
mc_rbbb_test_run_S62_run_000036,aVF,rbbb,III,0,522.0,-64.0,587.0,0.0,621.0,6.0,631.0,-2.0,650.0,0.0,669.0,0.0,,,689.0,-12.0,691.0,-6.0,784.0,0.0,847.0,8.0
mc_rbbb_train_run_S74_run_000040,aVF,rbbb,III,0,544.0,0.0,577.0,2.0,594.0,0.0,612.0,-2.0,633.0,-2.0,,,,,669.0,6.0,670.0,-4.0,763.0,0.0,809.0,6.0
mc_rbbb_train_run_S68_run_000016,aVF,rbbb,III,0,546.0,0.0,580.0,0.0,605.0,2.0,619.0,-2.0,633.0,0.0,,,,,665.0,2.0,666.0,-12.0,771.0,0.0,809.0,4.0
mc_rbbb_train_run_S69_run_000074,V2,rbbb,III,0,545.0,-2.0,581.0,36.0,603.0,2.0,615.0,-6.0,622.0,-2.0,633.0,0.0,641.0,0.0,648.0,2.0,649.0,4.0,762.0,0.0,801.0,6.0
mc_rbbb_train_run_S74_run_000077,aVL,rbbb,III,0,553.0,0.0,572.0,-26.0,603.0,0.0,617.0,-4.0,637.0,0.0,,,,,673.0,-2.0,674.0,-38.0,767.0,0.0,809.0,6.0
mc_rbbb_train_run_S66_run_000074,I,rbbb,III,0,551.0,0.0,583.0,2.0,608.0,2.0,617.0,-2.0,635.0,0.0,663.0,,,,672.0,-2.0,679.0,-6.0,760.0,0.0,810.0,10.0
mc_rbbb_train_run_S66_run_000099,V3,rbbb,III,0,556.0,0.0,579.0,0.0,614.0,2.0,623.0,-2.0,642.0,0.0,668.0,,,,674.0,6.0,685.0,0.0,771.0,0.0,815.0,8.0
mc_rbbb_train_run_S70_run_000037,aVF,rbbb,III,0,547.0,-2.0,575.0,-2.0,607.0,0.0,619.0,0.0,636.0,-2.0,658.0,0.0,,,674.0,12.0,679.0,2.0,767.0,0.0,808.0,8.0
mc_rbbb_validation_run_S63_run_000070,V4,rbbb,III,0,554.0,0.0,592.0,0.0,613.0,10.0,627.0,-2.0,643.0,-2.0,662.0,-2.0,,,682.0,4.0,683.0,-4.0,773.0,0.0,818.0,6.0
mc_rbbb_validation_run_S67_run_000024,aVF,rbbb,III,0,553.0,0.0,573.0,-10.0,609.0,2.0,622.0,-4.0,638.0,2.0,658.0,2.0,,,677.0,6.0,679.0,-6.0,767.0,0.0,812.0,8.0
mc_rbbb_train_run_S74_run_000010,II,rbbb,III,0,555.0,-2.0,588.0,0.0,606.0,4.0,617.0,-14.0,648.0,0.0,664.0,0.0,,,679.0,8.0,680.0,-6.0,767.0,0.0,803.0,8.0
mc_rbbb_train_run_S71_run_000036,aVF,rbbb,III,0,537.0,0.0,562.0,0.0,601.0,0.0,613.0,-4.0,630.0,0.0,642.0,-2.0,,,659.0,12.0,694.0,-20.0,758.0,0.0,798.0,6.0
mc_sinus_train_run_S74_run_000050,V3,sinus,III,0,538.0,0.0,573.0,0.0,598.0,0.0,607.0,-4.0,638.0,0.0,659.0,,,,659.0,2.0,664.0,0.0,736.0,0.0,799.0,10.0
mc_sinus_train_run_S65_run_000068,II,sinus,III,0,553.0,0.0,590.0,0.0,616.0,6.0,617.0,-6.0,,,644.0,0.0,668.0,-2.0,679.0,4.0,681.0,-6.0,779.0,-2.0,812.0,8.0
mc_sinus_validation_run_S67_run_000093,V4,sinus,III,0,557.0,-8.0,588.0,0.0,611.0,2.0,623.0,-10.0,,,640.0,0.0,651.0,0.0,668.0,4.0,673.0,0.0,764.0,0.0,799.0,10.0
mc_sinus_validation_run_S67_run_000052,III,sinus,III,1,554.0,-2.0,580.0,0.0,616.0,0.0,627.0,-2.0,,,642.0,0.0,,,669.0,4.0,671.0,-6.0,770.0,0.0,806.0,-4.0
mc_sinus_train_run_S73_run_000090,aVF,sinus,III,0,557.0,-6.0,570.0,2.0,597.0,6.0,617.0,4.0,,,640.0,0.0,,,661.0,-8.0,667.0,-6.0,761.0,0.0,799.0,-2.0
mc_sinus_validation_run_S63_run_000084,V2,sinus,III,0,561.0,0.0,596.0,40.0,616.0,-4.0,629.0,-2.0,,,646.0,0.0,662.0,0.0,674.0,2.0,681.0,-2.0,768.0,0.0,812.0,-6.0
mc_sinus_train_run_S74_run_000023,aVF,sinus,III,0,544.0,0.0,565.0,-10.0,605.0,2.0,614.0,-6.0,,,631.0,0.0,647.0,-2.0,664.0,4.0,666.0,-2.0,764.0,0.0,800.0,10.0
mc_sinus_validation_run_S67_run_000046,III,sinus,III,1,552.0,-2.0,577.0,-22.0,613.0,-4.0,614.0,-20.0,,,636.0,0.0,652.0,0.0,668.0,4.0,670.0,-6.0,763.0,0.0,796.0,8.0
mc_sinus_test_run_S62_run_000083,III,sinus,III,1,558.0,-6.0,579.0,-4.0,614.0,6.0,619.0,-18.0,,,641.0,0.0,656.0,0.0,672.0,4.0,674.0,-6.0,765.0,6.0,796.0,8.0
mc_sinus_validation_run_S67_run_000074,III,sinus,III,1,551.0,-2.0,576.0,0.0,613.0,0.0,622.0,-6.0,,,639.0,2.0,652.0,0.0,667.0,2.0,672.0,-2.0,767.0,0.0,801.0,10.0
mc_lbbb_train_run_S70_run_000033,I,lbbb,aVR,0,542.0,-2.0,571.0,0.0,591.0,14.0,605.0,0.0,618.0,4.0,633.0,0.0,,,663.0,6.0,664.0,-8.0,747.0,0.0,796.0,10.0
mc_lbbb_validation_run_S63_run_000045,I,lbbb,aVR,0,515.0,-2.0,548.0,2.0,571.0,12.0,585.0,-2.0,601.0,0.0,615.0,-18.0,643.0,,643.0,4.0,644.0,-6.0,742.0,0.0,784.0,10.0
mc_lbbb_train_run_S72_run_000070,V4,lbbb,aVR,0,560.0,-2.0,593.0,-2.0,613.0,10.0,626.0,-6.0,643.0,0.0,667.0,0.0,,,682.0,4.0,683.0,4.0,780.0,0.0,814.0,8.0
mc_lbbb_train_run_S68_run_000052,III,lbbb,aVR,0,546.0,0.0,568.0,-4.0,611.0,12.0,621.0,2.0,653.0,2.0,,,,,671.0,-4.0,672.0,-8.0,760.0,0.0,801.0,4.0
mc_lbbb_test_run_S62_run_000005,V2,lbbb,aVR,0,546.0,-2.0,569.0,0.0,604.0,2.0,605.0,2.0,631.0,2.0,665.0,2.0,,,680.0,4.0,681.0,6.0,751.0,0.0,806.0,8.0
mc_lbbb_train_run_S74_run_000097,II,lbbb,aVR,0,531.0,0.0,553.0,0.0,585.0,6.0,594.0,-10.0,,,606.0,-52.0,617.0,,659.0,4.0,660.0,-8.0,733.0,0.0,792.0,4.0
mc_lbbb_train_run_S74_run_000026,II,lbbb,aVR,0,530.0,0.0,552.0,0.0,587.0,0.0,598.0,4.0,618.0,0.0,635.0,0.0,661.0,,661.0,4.0,663.0,-6.0,759.0,0.0,797.0,6.0
mc_lbbb_validation_run_S67_run_000074,V4,lbbb,aVR,0,555.0,0.0,578.0,-2.0,614.0,0.0,625.0,-2.0,643.0,0.0,663.0,2.0,,,679.0,6.0,681.0,-6.0,778.0,0.0,812.0,10.0
mc_lbbb_train_run_S70_run_000012,V3,lbbb,aVR,0,553.0,0.0,573.0,0.0,602.0,0.0,618.0,-2.0,635.0,0.0,652.0,-2.0,,,670.0,2.0,675.0,-4.0,758.0,0.0,802.0,8.0
mc_mi_LCX_1p0_ant_train_run_S73_run_000007,V6,mi,aVR,0,532.0,22.0,554.0,0.0,575.0,12.0,595.0,-2.0,,,605.0,0.0,612.0,0.0,633.0,-12.0,676.0,74.0,795.0,122.0,795.0,36.0
mc_rbbb_test_run_S62_run_000036,aVF,rbbb,aVR,0,524.0,-60.0,587.0,0.0,621.0,6.0,631.0,-2.0,650.0,0.0,669.0,0.0,,,688.0,-14.0,693.0,-2.0,784.0,0.0,839.0,-8.0
mc_rbbb_train_run_S74_run_000040,aVF,rbbb,aVR,0,544.0,0.0,577.0,2.0,594.0,0.0,612.0,-2.0,633.0,-2.0,,,,,669.0,6.0,670.0,-4.0,763.0,0.0,809.0,6.0
mc_rbbb_train_run_S68_run_000016,aVF,rbbb,aVR,0,546.0,0.0,580.0,0.0,605.0,2.0,619.0,-2.0,633.0,0.0,,,,,665.0,2.0,666.0,-12.0,771.0,0.0,809.0,4.0
mc_rbbb_train_run_S69_run_000074,V2,rbbb,aVR,0,545.0,-2.0,581.0,36.0,603.0,2.0,615.0,-6.0,622.0,-2.0,633.0,0.0,641.0,0.0,648.0,2.0,649.0,4.0,762.0,0.0,801.0,6.0
mc_rbbb_train_run_S74_run_000077,aVL,rbbb,aVR,0,553.0,0.0,572.0,-26.0,603.0,0.0,618.0,-2.0,637.0,0.0,,,,,674.0,0.0,675.0,-36.0,767.0,0.0,809.0,6.0
mc_rbbb_train_run_S66_run_000074,I,rbbb,aVR,0,551.0,0.0,583.0,2.0,608.0,2.0,617.0,-2.0,635.0,0.0,663.0,,,,672.0,-2.0,679.0,-6.0,760.0,0.0,810.0,10.0
mc_rbbb_train_run_S66_run_000099,V3,rbbb,aVR,0,556.0,0.0,579.0,0.0,614.0,2.0,623.0,-2.0,642.0,0.0,668.0,,,,674.0,6.0,685.0,0.0,771.0,0.0,815.0,8.0
mc_rbbb_train_run_S70_run_000037,aVF,rbbb,aVR,0,547.0,-2.0,575.0,-2.0,607.0,0.0,619.0,0.0,636.0,-2.0,658.0,0.0,,,674.0,12.0,679.0,2.0,767.0,0.0,807.0,6.0
mc_rbbb_validation_run_S63_run_000070,V4,rbbb,aVR,0,554.0,0.0,592.0,0.0,613.0,10.0,627.0,-2.0,643.0,-2.0,662.0,-2.0,,,680.0,0.0,685.0,0.0,773.0,0.0,818.0,6.0
mc_rbbb_validation_run_S67_run_000024,aVF,rbbb,aVR,0,553.0,0.0,573.0,-10.0,609.0,2.0,622.0,-4.0,638.0,2.0,658.0,2.0,,,677.0,6.0,679.0,-6.0,767.0,0.0,811.0,6.0
mc_rbbb_train_run_S74_run_000010,II,rbbb,aVR,0,555.0,-2.0,588.0,0.0,606.0,4.0,617.0,-14.0,648.0,0.0,664.0,0.0,,,679.0,8.0,680.0,-6.0,767.0,0.0,802.0,6.0
mc_rbbb_train_run_S71_run_000036,aVF,rbbb,aVR,0,537.0,0.0,562.0,0.0,601.0,0.0,613.0,-4.0,630.0,0.0,642.0,-2.0,,,659.0,12.0,691.0,-26.0,758.0,0.0,797.0,4.0
mc_sinus_train_run_S74_run_000050,V3,sinus,aVR,0,538.0,0.0,573.0,0.0,598.0,0.0,607.0,-4.0,638.0,0.0,659.0,,,,659.0,2.0,664.0,0.0,736.0,0.0,799.0,10.0
mc_sinus_train_run_S65_run_000068,II,sinus,aVR,0,553.0,0.0,590.0,0.0,615.0,4.0,616.0,-8.0,,,644.0,0.0,668.0,-2.0,679.0,4.0,681.0,-6.0,779.0,-2.0,812.0,8.0
mc_sinus_validation_run_S67_run_000093,V4,sinus,aVR,0,556.0,-10.0,588.0,0.0,612.0,4.0,625.0,-6.0,,,640.0,0.0,651.0,0.0,668.0,4.0,673.0,0.0,764.0,0.0,800.0,12.0
mc_sinus_validation_run_S67_run_000052,III,sinus,aVR,0,554.0,-2.0,580.0,0.0,616.0,0.0,627.0,-2.0,,,642.0,0.0,,,669.0,4.0,671.0,-6.0,770.0,0.0,806.0,-4.0
mc_sinus_train_run_S73_run_000090,aVF,sinus,aVR,0,557.0,-6.0,570.0,2.0,599.0,10.0,617.0,4.0,,,640.0,0.0,,,661.0,-8.0,667.0,-6.0,761.0,0.0,800.0,0.0
mc_sinus_validation_run_S63_run_000084,V2,sinus,aVR,0,561.0,0.0,596.0,40.0,616.0,-4.0,630.0,0.0,,,646.0,0.0,662.0,0.0,674.0,2.0,681.0,-2.0,768.0,0.0,812.0,-6.0
mc_sinus_train_run_S74_run_000023,aVF,sinus,aVR,0,544.0,0.0,565.0,-10.0,605.0,2.0,614.0,-6.0,,,631.0,0.0,647.0,-2.0,664.0,4.0,666.0,-2.0,764.0,0.0,800.0,10.0
mc_sinus_validation_run_S67_run_000046,III,sinus,aVR,0,552.0,-2.0,577.0,-22.0,612.0,-6.0,618.0,-12.0,,,636.0,0.0,652.0,0.0,668.0,4.0,670.0,-6.0,763.0,0.0,796.0,8.0
mc_sinus_test_run_S62_run_000083,III,sinus,aVR,0,558.0,-6.0,579.0,-4.0,615.0,8.0,620.0,-16.0,,,641.0,0.0,656.0,0.0,672.0,4.0,674.0,-6.0,765.0,6.0,796.0,8.0
mc_sinus_validation_run_S67_run_000074,III,sinus,aVR,0,551.0,-2.0,576.0,0.0,613.0,0.0,623.0,-4.0,,,639.0,2.0,652.0,0.0,667.0,2.0,672.0,-2.0,767.0,0.0,801.0,10.0
mc_lbbb_train_run_S70_run_000033,I,lbbb,aVL,0,542.0,-2.0,571.0,0.0,591.0,14.0,605.0,0.0,618.0,4.0,633.0,0.0,,,662.0,4.0,664.0,-8.0,747.0,0.0,797.0,12.0
mc_lbbb_validation_run_S63_run_000045,I,lbbb,aVL,0,516.0,0.0,548.0,2.0,571.0,12.0,585.0,-2.0,601.0,0.0,615.0,-18.0,643.0,,643.0,4.0,644.0,-6.0,742.0,0.0,784.0,10.0
mc_lbbb_train_run_S72_run_000070,V4,lbbb,aVL,0,560.0,-2.0,593.0,-2.0,613.0,10.0,627.0,-4.0,643.0,0.0,667.0,0.0,,,681.0,2.0,682.0,2.0,780.0,0.0,813.0,6.0
mc_lbbb_train_run_S68_run_000052,III,lbbb,aVL,0,546.0,0.0,568.0,-4.0,610.0,10.0,621.0,2.0,653.0,2.0,,,,,670.0,-6.0,671.0,-10.0,760.0,0.0,801.0,4.0
mc_lbbb_test_run_S62_run_000005,V2,lbbb,aVL,0,546.0,-2.0,569.0,0.0,605.0,4.0,606.0,4.0,631.0,2.0,665.0,2.0,,,680.0,4.0,681.0,6.0,751.0,0.0,806.0,8.0
mc_lbbb_train_run_S74_run_000097,II,lbbb,aVL,0,531.0,0.0,553.0,0.0,585.0,6.0,594.0,-10.0,,,606.0,-52.0,617.0,,659.0,4.0,660.0,-8.0,733.0,0.0,793.0,6.0
mc_lbbb_train_run_S74_run_000026,II,lbbb,aVL,0,530.0,0.0,552.0,0.0,587.0,0.0,598.0,4.0,618.0,0.0,635.0,0.0,661.0,,661.0,4.0,663.0,-6.0,759.0,0.0,796.0,4.0
mc_lbbb_validation_run_S67_run_000074,V4,lbbb,aVL,0,555.0,0.0,578.0,-2.0,614.0,0.0,625.0,-2.0,643.0,0.0,663.0,2.0,,,679.0,6.0,680.0,-8.0,778.0,0.0,812.0,10.0
mc_lbbb_train_run_S70_run_000012,V3,lbbb,aVL,0,553.0,0.0,573.0,0.0,602.0,0.0,618.0,-2.0,635.0,0.0,652.0,-2.0,,,670.0,2.0,675.0,-4.0,758.0,0.0,802.0,8.0
mc_mi_LCX_1p0_ant_train_run_S73_run_000007,V6,mi,aVL,0,535.0,28.0,554.0,0.0,564.0,-10.0,596.0,0.0,,,605.0,0.0,612.0,0.0,633.0,-12.0,665.0,52.0,796.0,124.0,796.0,38.0
mc_rbbb_test_run_S62_run_000036,aVF,rbbb,aVL,0,524.0,-60.0,587.0,0.0,621.0,6.0,631.0,-2.0,650.0,0.0,669.0,0.0,,,689.0,-12.0,691.0,-6.0,784.0,0.0,854.0,22.0
mc_rbbb_train_run_S74_run_000040,aVF,rbbb,aVL,0,544.0,0.0,577.0,2.0,594.0,0.0,612.0,-2.0,633.0,-2.0,,,,,669.0,6.0,670.0,-4.0,763.0,0.0,809.0,6.0
mc_rbbb_train_run_S68_run_000016,aVF,rbbb,aVL,0,546.0,0.0,580.0,0.0,604.0,0.0,619.0,-2.0,633.0,0.0,,,,,665.0,2.0,666.0,-12.0,771.0,0.0,809.0,4.0
mc_rbbb_train_run_S69_run_000074,V2,rbbb,aVL,0,545.0,-2.0,581.0,36.0,603.0,2.0,615.0,-6.0,622.0,-2.0,633.0,0.0,641.0,0.0,648.0,2.0,649.0,4.0,762.0,0.0,801.0,6.0
mc_rbbb_train_run_S74_run_000077,aVL,rbbb,aVL,1,553.0,0.0,572.0,-26.0,603.0,0.0,617.0,-4.0,637.0,0.0,,,,,673.0,-2.0,674.0,-38.0,767.0,0.0,809.0,6.0
mc_rbbb_train_run_S66_run_000074,I,rbbb,aVL,0,551.0,0.0,583.0,2.0,608.0,2.0,617.0,-2.0,635.0,0.0,663.0,,,,671.0,-4.0,679.0,-6.0,760.0,0.0,810.0,10.0
mc_rbbb_train_run_S66_run_000099,V3,rbbb,aVL,0,556.0,0.0,579.0,0.0,613.0,0.0,622.0,-4.0,642.0,0.0,668.0,,,,674.0,6.0,685.0,0.0,771.0,0.0,815.0,8.0
mc_rbbb_train_run_S70_run_000037,aVF,rbbb,aVL,0,547.0,-2.0,575.0,-2.0,607.0,0.0,619.0,0.0,636.0,-2.0,658.0,0.0,,,675.0,14.0,677.0,-2.0,767.0,0.0,807.0,6.0
mc_rbbb_validation_run_S63_run_000070,V4,rbbb,aVL,0,554.0,0.0,592.0,0.0,612.0,8.0,627.0,-2.0,643.0,-2.0,662.0,-2.0,,,681.0,2.0,683.0,-4.0,773.0,0.0,818.0,6.0
mc_rbbb_validation_run_S67_run_000024,aVF,rbbb,aVL,0,553.0,0.0,573.0,-10.0,608.0,0.0,622.0,-4.0,638.0,2.0,658.0,2.0,,,677.0,6.0,679.0,-6.0,767.0,0.0,811.0,6.0
mc_rbbb_train_run_S74_run_000010,II,rbbb,aVL,0,555.0,-2.0,588.0,0.0,606.0,4.0,617.0,-14.0,648.0,0.0,664.0,0.0,,,679.0,8.0,680.0,-6.0,767.0,0.0,802.0,6.0
mc_rbbb_train_run_S71_run_000036,aVF,rbbb,aVL,0,537.0,0.0,562.0,0.0,601.0,0.0,613.0,-4.0,630.0,0.0,642.0,-2.0,,,659.0,12.0,692.0,-24.0,758.0,0.0,798.0,6.0
mc_sinus_train_run_S74_run_000050,V3,sinus,aVL,0,538.0,0.0,573.0,0.0,598.0,0.0,607.0,-4.0,638.0,0.0,659.0,,,,659.0,2.0,664.0,0.0,736.0,0.0,799.0,10.0
mc_sinus_train_run_S65_run_000068,II,sinus,aVL,0,553.0,0.0,590.0,0.0,615.0,4.0,616.0,-8.0,,,644.0,0.0,668.0,-2.0,679.0,4.0,681.0,-6.0,779.0,-2.0,812.0,8.0
mc_sinus_validation_run_S67_run_000093,V4,sinus,aVL,0,557.0,-8.0,588.0,0.0,612.0,4.0,624.0,-8.0,,,640.0,0.0,651.0,0.0,668.0,4.0,673.0,0.0,764.0,0.0,799.0,10.0
mc_sinus_validation_run_S67_run_000052,III,sinus,aVL,0,555.0,0.0,580.0,0.0,616.0,0.0,627.0,-2.0,,,642.0,0.0,,,669.0,4.0,671.0,-6.0,770.0,0.0,806.0,-4.0
mc_sinus_train_run_S73_run_000090,aVF,sinus,aVL,0,558.0,-4.0,570.0,2.0,597.0,6.0,617.0,4.0,,,640.0,0.0,,,661.0,-8.0,667.0,-6.0,761.0,0.0,799.0,-2.0
mc_sinus_validation_run_S63_run_000084,V2,sinus,aVL,0,561.0,0.0,596.0,40.0,615.0,-6.0,629.0,-2.0,,,646.0,0.0,662.0,0.0,674.0,2.0,681.0,-2.0,768.0,0.0,812.0,-6.0
mc_sinus_train_run_S74_run_000023,aVF,sinus,aVL,0,544.0,0.0,565.0,-10.0,604.0,0.0,614.0,-6.0,,,631.0,0.0,647.0,-2.0,664.0,4.0,666.0,-2.0,764.0,0.0,800.0,10.0
mc_sinus_validation_run_S67_run_000046,III,sinus,aVL,0,552.0,-2.0,577.0,-22.0,612.0,-6.0,618.0,-12.0,,,636.0,0.0,652.0,0.0,668.0,4.0,670.0,-6.0,763.0,0.0,796.0,8.0
mc_sinus_test_run_S62_run_000083,III,sinus,aVL,0,558.0,-6.0,579.0,-4.0,615.0,8.0,620.0,-16.0,,,641.0,0.0,656.0,0.0,672.0,4.0,674.0,-6.0,765.0,6.0,796.0,8.0
mc_sinus_validation_run_S67_run_000074,III,sinus,aVL,0,551.0,-2.0,576.0,0.0,613.0,0.0,623.0,-4.0,,,639.0,2.0,652.0,0.0,667.0,2.0,672.0,-2.0,767.0,0.0,800.0,8.0
mc_lbbb_train_run_S70_run_000033,I,lbbb,aVF,0,542.0,-2.0,571.0,0.0,591.0,14.0,605.0,0.0,618.0,4.0,633.0,0.0,,,663.0,6.0,664.0,-8.0,747.0,0.0,797.0,12.0
mc_lbbb_validation_run_S63_run_000045,I,lbbb,aVF,0,516.0,0.0,548.0,2.0,571.0,12.0,585.0,-2.0,601.0,0.0,615.0,-18.0,643.0,,643.0,4.0,644.0,-6.0,742.0,0.0,784.0,10.0
mc_lbbb_train_run_S72_run_000070,V4,lbbb,aVF,0,560.0,-2.0,593.0,-2.0,613.0,10.0,626.0,-6.0,643.0,0.0,667.0,0.0,,,682.0,4.0,683.0,4.0,780.0,0.0,814.0,8.0
mc_lbbb_train_run_S68_run_000052,III,lbbb,aVF,0,546.0,0.0,568.0,-4.0,611.0,12.0,621.0,2.0,653.0,2.0,,,,,671.0,-4.0,672.0,-8.0,760.0,0.0,801.0,4.0
mc_lbbb_test_run_S62_run_000005,V2,lbbb,aVF,0,546.0,-2.0,569.0,0.0,603.0,0.0,604.0,0.0,631.0,2.0,665.0,2.0,,,681.0,6.0,682.0,8.0,751.0,0.0,806.0,8.0
mc_lbbb_train_run_S74_run_000097,II,lbbb,aVF,0,531.0,0.0,553.0,0.0,585.0,6.0,593.0,-12.0,,,606.0,-52.0,617.0,,659.0,4.0,660.0,-8.0,733.0,0.0,792.0,4.0
mc_lbbb_train_run_S74_run_000026,II,lbbb,aVF,0,530.0,0.0,552.0,0.0,587.0,0.0,598.0,4.0,618.0,0.0,635.0,0.0,662.0,,662.0,6.0,663.0,-6.0,759.0,0.0,797.0,6.0
mc_lbbb_validation_run_S67_run_000074,V4,lbbb,aVF,0,555.0,0.0,578.0,-2.0,614.0,0.0,625.0,-2.0,643.0,0.0,663.0,2.0,,,679.0,6.0,681.0,-6.0,778.0,0.0,812.0,10.0
mc_lbbb_train_run_S70_run_000012,V3,lbbb,aVF,0,553.0,0.0,573.0,0.0,602.0,0.0,618.0,-2.0,635.0,0.0,652.0,-2.0,,,672.0,6.0,674.0,-6.0,758.0,0.0,802.0,8.0
mc_mi_LCX_1p0_ant_train_run_S73_run_000007,V6,mi,aVF,0,534.0,26.0,554.0,0.0,567.0,-4.0,595.0,-2.0,,,605.0,0.0,612.0,0.0,634.0,-10.0,678.0,78.0,795.0,122.0,795.0,36.0
mc_rbbb_test_run_S62_run_000036,aVF,rbbb,aVF,1,522.0,-64.0,587.0,0.0,621.0,6.0,631.0,-2.0,650.0,0.0,669.0,0.0,,,688.0,-14.0,693.0,-2.0,784.0,0.0,841.0,-4.0
mc_rbbb_train_run_S74_run_000040,aVF,rbbb,aVF,1,544.0,0.0,577.0,2.0,594.0,0.0,612.0,-2.0,633.0,-2.0,,,,,669.0,6.0,670.0,-4.0,763.0,0.0,809.0,6.0
mc_rbbb_train_run_S68_run_000016,aVF,rbbb,aVF,1,546.0,0.0,580.0,0.0,605.0,2.0,619.0,-2.0,633.0,0.0,,,,,665.0,2.0,666.0,-12.0,771.0,0.0,809.0,4.0
mc_rbbb_train_run_S69_run_000074,V2,rbbb,aVF,0,545.0,-2.0,581.0,36.0,603.0,2.0,615.0,-6.0,622.0,-2.0,633.0,0.0,641.0,0.0,648.0,2.0,649.0,4.0,762.0,0.0,801.0,6.0
mc_rbbb_train_run_S74_run_000077,aVL,rbbb,aVF,0,553.0,0.0,572.0,-26.0,603.0,0.0,617.0,-4.0,637.0,0.0,,,,,674.0,0.0,675.0,-36.0,767.0,0.0,809.0,6.0
mc_rbbb_train_run_S66_run_000074,I,rbbb,aVF,0,551.0,0.0,583.0,2.0,608.0,2.0,617.0,-2.0,635.0,0.0,663.0,,,,672.0,-2.0,680.0,-4.0,760.0,0.0,810.0,10.0
mc_rbbb_train_run_S66_run_000099,V3,rbbb,aVF,0,556.0,0.0,579.0,0.0,614.0,2.0,623.0,-2.0,642.0,0.0,668.0,,,,675.0,8.0,685.0,0.0,771.0,0.0,815.0,8.0
mc_rbbb_train_run_S70_run_000037,aVF,rbbb,aVF,1,547.0,-2.0,575.0,-2.0,607.0,0.0,619.0,0.0,636.0,-2.0,658.0,0.0,,,674.0,12.0,679.0,2.0,767.0,0.0,807.0,6.0
mc_rbbb_validation_run_S63_run_000070,V4,rbbb,aVF,0,554.0,0.0,592.0,0.0,613.0,10.0,627.0,-2.0,643.0,-2.0,662.0,-2.0,,,682.0,4.0,684.0,-2.0,773.0,0.0,818.0,6.0
mc_rbbb_validation_run_S67_run_000024,aVF,rbbb,aVF,1,553.0,0.0,573.0,-10.0,609.0,2.0,622.0,-4.0,638.0,2.0,658.0,2.0,,,677.0,6.0,679.0,-6.0,767.0,0.0,811.0,6.0
mc_rbbb_train_run_S74_run_000010,II,rbbb,aVF,0,555.0,-2.0,588.0,0.0,606.0,4.0,617.0,-14.0,648.0,0.0,664.0,0.0,,,679.0,8.0,680.0,-6.0,767.0,0.0,803.0,8.0
mc_rbbb_train_run_S71_run_000036,aVF,rbbb,aVF,1,537.0,0.0,562.0,0.0,601.0,0.0,613.0,-4.0,630.0,0.0,642.0,-2.0,,,660.0,14.0,693.0,-22.0,758.0,0.0,797.0,4.0
mc_sinus_train_run_S74_run_000050,V3,sinus,aVF,0,538.0,0.0,573.0,0.0,598.0,0.0,607.0,-4.0,638.0,0.0,659.0,,,,659.0,2.0,664.0,0.0,736.0,0.0,799.0,10.0
mc_sinus_train_run_S65_run_000068,II,sinus,aVF,0,553.0,0.0,590.0,0.0,616.0,6.0,617.0,-6.0,,,644.0,0.0,668.0,-2.0,678.0,2.0,683.0,-2.0,779.0,-2.0,812.0,8.0
mc_sinus_validation_run_S67_run_000093,V4,sinus,aVF,0,556.0,-10.0,588.0,0.0,612.0,4.0,623.0,-10.0,,,640.0,0.0,651.0,0.0,668.0,4.0,673.0,0.0,764.0,0.0,800.0,12.0
mc_sinus_validation_run_S67_run_000052,III,sinus,aVF,0,554.0,-2.0,580.0,0.0,616.0,0.0,627.0,-2.0,,,642.0,0.0,,,669.0,4.0,671.0,-6.0,770.0,0.0,806.0,-4.0
mc_sinus_train_run_S73_run_000090,aVF,sinus,aVF,1,557.0,-6.0,570.0,2.0,598.0,8.0,617.0,4.0,,,640.0,0.0,,,661.0,-8.0,667.0,-6.0,761.0,0.0,800.0,0.0
mc_sinus_validation_run_S63_run_000084,V2,sinus,aVF,0,561.0,0.0,596.0,40.0,616.0,-4.0,629.0,-2.0,,,646.0,0.0,662.0,0.0,674.0,2.0,681.0,-2.0,768.0,0.0,813.0,-4.0
mc_sinus_train_run_S74_run_000023,aVF,sinus,aVF,1,544.0,0.0,565.0,-10.0,605.0,2.0,614.0,-6.0,,,631.0,0.0,647.0,-2.0,664.0,4.0,666.0,-2.0,764.0,0.0,800.0,10.0
mc_sinus_validation_run_S67_run_000046,III,sinus,aVF,0,552.0,-2.0,577.0,-22.0,612.0,-6.0,617.0,-14.0,,,636.0,0.0,652.0,0.0,668.0,4.0,670.0,-6.0,763.0,0.0,797.0,10.0
mc_sinus_test_run_S62_run_000083,III,sinus,aVF,0,558.0,-6.0,579.0,-4.0,616.0,10.0,618.0,-20.0,,,641.0,0.0,656.0,0.0,671.0,2.0,676.0,-2.0,765.0,6.0,796.0,8.0
mc_sinus_validation_run_S67_run_000074,III,sinus,aVF,0,551.0,-2.0,576.0,0.0,613.0,0.0,622.0,-6.0,,,639.0,2.0,652.0,0.0,667.0,2.0,672.0,-2.0,767.0,0.0,801.0,10.0
mc_lbbb_train_run_S70_run_000033,I,lbbb,V1,0,542.0,-2.0,571.0,0.0,590.0,12.0,605.0,0.0,618.0,4.0,633.0,0.0,,,663.0,6.0,664.0,-8.0,747.0,0.0,795.0,8.0
mc_lbbb_validation_run_S63_run_000045,I,lbbb,V1,0,515.0,-2.0,548.0,2.0,571.0,12.0,585.0,-2.0,601.0,0.0,615.0,-18.0,643.0,,643.0,4.0,644.0,-6.0,742.0,0.0,784.0,10.0
mc_lbbb_train_run_S72_run_000070,V4,lbbb,V1,0,560.0,-2.0,593.0,-2.0,613.0,10.0,626.0,-6.0,643.0,0.0,667.0,0.0,,,682.0,4.0,683.0,4.0,780.0,0.0,813.0,6.0
mc_lbbb_train_run_S68_run_000052,III,lbbb,V1,0,546.0,0.0,568.0,-4.0,610.0,10.0,621.0,2.0,653.0,2.0,,,,,670.0,-6.0,671.0,-10.0,760.0,0.0,801.0,4.0
mc_lbbb_test_run_S62_run_000005,V2,lbbb,V1,0,547.0,0.0,569.0,0.0,604.0,2.0,605.0,2.0,631.0,2.0,665.0,2.0,,,680.0,4.0,681.0,6.0,751.0,0.0,807.0,10.0
mc_lbbb_train_run_S74_run_000097,II,lbbb,V1,0,531.0,0.0,553.0,0.0,585.0,6.0,594.0,-10.0,,,606.0,-52.0,617.0,,659.0,4.0,660.0,-8.0,733.0,0.0,792.0,4.0
mc_lbbb_train_run_S74_run_000026,II,lbbb,V1,0,530.0,0.0,552.0,0.0,587.0,0.0,599.0,6.0,618.0,0.0,635.0,0.0,661.0,,661.0,4.0,663.0,-6.0,759.0,0.0,796.0,4.0
mc_lbbb_validation_run_S67_run_000074,V4,lbbb,V1,0,555.0,0.0,578.0,-2.0,614.0,0.0,625.0,-2.0,643.0,0.0,663.0,2.0,,,679.0,6.0,681.0,-6.0,778.0,0.0,812.0,10.0
mc_lbbb_train_run_S70_run_000012,V3,lbbb,V1,0,553.0,0.0,573.0,0.0,602.0,0.0,618.0,-2.0,635.0,0.0,652.0,-2.0,,,670.0,2.0,675.0,-4.0,758.0,0.0,802.0,8.0
mc_mi_LCX_1p0_ant_train_run_S73_run_000007,V6,mi,V1,0,533.0,24.0,554.0,0.0,565.0,-8.0,596.0,0.0,,,605.0,0.0,612.0,0.0,633.0,-12.0,676.0,74.0,793.0,118.0,793.0,32.0
mc_rbbb_test_run_S62_run_000036,aVF,rbbb,V1,0,523.0,-62.0,587.0,0.0,621.0,6.0,631.0,-2.0,650.0,0.0,669.0,0.0,,,688.0,-14.0,693.0,-2.0,784.0,0.0,843.0,0.0
mc_rbbb_train_run_S74_run_000040,aVF,rbbb,V1,0,544.0,0.0,577.0,2.0,594.0,0.0,612.0,-2.0,633.0,-2.0,,,,,669.0,6.0,670.0,-4.0,763.0,0.0,809.0,6.0
mc_rbbb_train_run_S68_run_000016,aVF,rbbb,V1,0,546.0,0.0,580.0,0.0,605.0,2.0,619.0,-2.0,633.0,0.0,,,,,665.0,2.0,666.0,-12.0,771.0,0.0,809.0,4.0
mc_rbbb_train_run_S69_run_000074,V2,rbbb,V1,0,545.0,-2.0,581.0,36.0,603.0,2.0,615.0,-6.0,622.0,-2.0,633.0,0.0,641.0,0.0,648.0,2.0,649.0,4.0,762.0,0.0,801.0,6.0
mc_rbbb_train_run_S74_run_000077,aVL,rbbb,V1,0,553.0,0.0,572.0,-26.0,603.0,0.0,617.0,-4.0,637.0,0.0,,,,,674.0,0.0,676.0,-34.0,767.0,0.0,809.0,6.0
mc_rbbb_train_run_S66_run_000074,I,rbbb,V1,0,551.0,0.0,583.0,2.0,608.0,2.0,617.0,-2.0,635.0,0.0,663.0,,,,672.0,-2.0,680.0,-4.0,760.0,0.0,810.0,10.0
mc_rbbb_train_run_S66_run_000099,V3,rbbb,V1,0,556.0,0.0,579.0,0.0,614.0,2.0,623.0,-2.0,642.0,0.0,668.0,,,,674.0,6.0,686.0,2.0,771.0,0.0,815.0,8.0
mc_rbbb_train_run_S70_run_000037,aVF,rbbb,V1,0,547.0,-2.0,575.0,-2.0,607.0,0.0,619.0,0.0,636.0,-2.0,658.0,0.0,,,674.0,12.0,679.0,2.0,767.0,0.0,807.0,6.0
mc_rbbb_validation_run_S63_run_000070,V4,rbbb,V1,0,554.0,0.0,592.0,0.0,612.0,8.0,627.0,-2.0,643.0,-2.0,662.0,-2.0,,,682.0,4.0,684.0,-2.0,773.0,0.0,817.0,4.0
mc_rbbb_validation_run_S67_run_000024,aVF,rbbb,V1,0,553.0,0.0,573.0,-10.0,608.0,0.0,622.0,-4.0,638.0,2.0,658.0,2.0,,,677.0,6.0,679.0,-6.0,767.0,0.0,811.0,6.0
mc_rbbb_train_run_S74_run_000010,II,rbbb,V1,0,555.0,-2.0,588.0,0.0,606.0,4.0,617.0,-14.0,648.0,0.0,664.0,0.0,,,679.0,8.0,680.0,-6.0,767.0,0.0,802.0,6.0
mc_rbbb_train_run_S71_run_000036,aVF,rbbb,V1,0,537.0,0.0,562.0,0.0,601.0,0.0,613.0,-4.0,630.0,0.0,642.0,-2.0,,,659.0,12.0,696.0,-16.0,758.0,0.0,797.0,4.0
mc_sinus_train_run_S74_run_000050,V3,sinus,V1,0,538.0,0.0,573.0,0.0,598.0,0.0,607.0,-4.0,638.0,0.0,659.0,,,,659.0,2.0,664.0,0.0,736.0,0.0,799.0,10.0
mc_sinus_train_run_S65_run_000068,II,sinus,V1,0,553.0,0.0,590.0,0.0,615.0,4.0,616.0,-8.0,,,644.0,0.0,668.0,-2.0,679.0,4.0,681.0,-6.0,779.0,-2.0,812.0,8.0
mc_sinus_validation_run_S67_run_000093,V4,sinus,V1,0,557.0,-8.0,588.0,0.0,611.0,2.0,625.0,-6.0,,,640.0,0.0,651.0,0.0,667.0,2.0,673.0,0.0,764.0,0.0,799.0,10.0
mc_sinus_validation_run_S67_run_000052,III,sinus,V1,0,555.0,0.0,580.0,0.0,616.0,0.0,627.0,-2.0,,,642.0,0.0,,,669.0,4.0,671.0,-6.0,770.0,0.0,806.0,-4.0
mc_sinus_train_run_S73_run_000090,aVF,sinus,V1,0,558.0,-4.0,570.0,2.0,597.0,6.0,617.0,4.0,,,640.0,0.0,,,661.0,-8.0,667.0,-6.0,761.0,0.0,799.0,-2.0
mc_sinus_validation_run_S63_run_000084,V2,sinus,V1,0,561.0,0.0,596.0,40.0,615.0,-6.0,630.0,0.0,,,646.0,0.0,662.0,0.0,674.0,2.0,681.0,-2.0,768.0,0.0,812.0,-6.0
mc_sinus_train_run_S74_run_000023,aVF,sinus,V1,0,544.0,0.0,565.0,-10.0,604.0,0.0,614.0,-6.0,,,631.0,0.0,647.0,-2.0,664.0,4.0,666.0,-2.0,764.0,0.0,800.0,10.0
mc_sinus_validation_run_S67_run_000046,III,sinus,V1,0,552.0,-2.0,577.0,-22.0,612.0,-6.0,618.0,-12.0,,,636.0,0.0,652.0,0.0,668.0,4.0,670.0,-6.0,763.0,0.0,796.0,8.0
mc_sinus_test_run_S62_run_000083,III,sinus,V1,0,559.0,-4.0,579.0,-4.0,613.0,4.0,620.0,-16.0,,,641.0,0.0,656.0,0.0,671.0,2.0,676.0,-2.0,765.0,6.0,796.0,8.0
mc_sinus_validation_run_S67_run_000074,III,sinus,V1,0,551.0,-2.0,576.0,0.0,612.0,-2.0,623.0,-4.0,,,639.0,2.0,652.0,0.0,667.0,2.0,673.0,0.0,767.0,0.0,801.0,10.0
mc_lbbb_train_run_S70_run_000033,I,lbbb,V2,0,542.0,-2.0,571.0,0.0,591.0,14.0,606.0,2.0,618.0,4.0,633.0,0.0,,,663.0,6.0,664.0,-8.0,747.0,0.0,795.0,8.0
mc_lbbb_validation_run_S63_run_000045,I,lbbb,V2,0,515.0,-2.0,548.0,2.0,571.0,12.0,585.0,-2.0,601.0,0.0,615.0,-18.0,643.0,,643.0,4.0,644.0,-6.0,742.0,0.0,784.0,10.0
mc_lbbb_train_run_S72_run_000070,V4,lbbb,V2,0,560.0,-2.0,593.0,-2.0,613.0,10.0,626.0,-6.0,643.0,0.0,667.0,0.0,,,682.0,4.0,683.0,4.0,780.0,0.0,813.0,6.0
mc_lbbb_train_run_S68_run_000052,III,lbbb,V2,0,546.0,0.0,568.0,-4.0,610.0,10.0,621.0,2.0,653.0,2.0,,,,,669.0,-8.0,670.0,-12.0,760.0,0.0,801.0,4.0
mc_lbbb_test_run_S62_run_000005,V2,lbbb,V2,1,547.0,0.0,569.0,0.0,604.0,2.0,605.0,2.0,631.0,2.0,665.0,2.0,,,680.0,4.0,681.0,6.0,751.0,0.0,807.0,10.0
mc_lbbb_train_run_S74_run_000097,II,lbbb,V2,0,531.0,0.0,553.0,0.0,585.0,6.0,595.0,-8.0,,,606.0,-52.0,617.0,,659.0,4.0,660.0,-8.0,733.0,0.0,792.0,4.0
mc_lbbb_train_run_S74_run_000026,II,lbbb,V2,0,530.0,0.0,552.0,0.0,587.0,0.0,598.0,4.0,618.0,0.0,635.0,0.0,661.0,,661.0,4.0,663.0,-6.0,759.0,0.0,797.0,6.0
mc_lbbb_validation_run_S67_run_000074,V4,lbbb,V2,0,555.0,0.0,578.0,-2.0,614.0,0.0,625.0,-2.0,643.0,0.0,663.0,2.0,,,679.0,6.0,680.0,-8.0,778.0,0.0,812.0,10.0
mc_lbbb_train_run_S70_run_000012,V3,lbbb,V2,0,553.0,0.0,573.0,0.0,602.0,0.0,618.0,-2.0,635.0,0.0,652.0,-2.0,,,670.0,2.0,675.0,-4.0,758.0,0.0,801.0,6.0
mc_mi_LCX_1p0_ant_train_run_S73_run_000007,V6,mi,V2,0,533.0,24.0,554.0,0.0,567.0,-4.0,596.0,0.0,,,605.0,0.0,612.0,0.0,632.0,-14.0,675.0,72.0,794.0,120.0,794.0,34.0
mc_rbbb_test_run_S62_run_000036,aVF,rbbb,V2,0,523.0,-62.0,587.0,0.0,621.0,6.0,631.0,-2.0,650.0,0.0,669.0,0.0,,,689.0,-12.0,691.0,-6.0,784.0,0.0,839.0,-8.0
mc_rbbb_train_run_S74_run_000040,aVF,rbbb,V2,0,544.0,0.0,577.0,2.0,594.0,0.0,612.0,-2.0,633.0,-2.0,,,,,669.0,6.0,670.0,-4.0,763.0,0.0,809.0,6.0
mc_rbbb_train_run_S68_run_000016,aVF,rbbb,V2,0,546.0,0.0,580.0,0.0,605.0,2.0,620.0,0.0,633.0,0.0,,,,,665.0,2.0,666.0,-12.0,771.0,0.0,809.0,4.0
mc_rbbb_train_run_S69_run_000074,V2,rbbb,V2,1,545.0,-2.0,581.0,36.0,603.0,2.0,615.0,-6.0,622.0,-2.0,633.0,0.0,641.0,0.0,648.0,2.0,649.0,4.0,762.0,0.0,801.0,6.0
mc_rbbb_train_run_S74_run_000077,aVL,rbbb,V2,0,553.0,0.0,572.0,-26.0,603.0,0.0,617.0,-4.0,637.0,0.0,,,,,674.0,0.0,675.0,-36.0,767.0,0.0,809.0,6.0
mc_rbbb_train_run_S66_run_000074,I,rbbb,V2,0,551.0,0.0,583.0,2.0,608.0,2.0,617.0,-2.0,635.0,0.0,663.0,,,,671.0,-4.0,679.0,-6.0,760.0,0.0,810.0,10.0
mc_rbbb_train_run_S66_run_000099,V3,rbbb,V2,0,556.0,0.0,579.0,0.0,614.0,2.0,623.0,-2.0,642.0,0.0,668.0,,,,674.0,6.0,685.0,0.0,771.0,0.0,815.0,8.0
mc_rbbb_train_run_S70_run_000037,aVF,rbbb,V2,0,548.0,0.0,575.0,-2.0,607.0,0.0,619.0,0.0,636.0,-2.0,658.0,0.0,,,673.0,10.0,679.0,2.0,767.0,0.0,807.0,6.0
mc_rbbb_validation_run_S63_run_000070,V4,rbbb,V2,0,554.0,0.0,592.0,0.0,612.0,8.0,627.0,-2.0,643.0,-2.0,662.0,-2.0,,,681.0,2.0,683.0,-4.0,773.0,0.0,817.0,4.0
mc_rbbb_validation_run_S67_run_000024,aVF,rbbb,V2,0,553.0,0.0,573.0,-10.0,609.0,2.0,622.0,-4.0,638.0,2.0,658.0,2.0,,,677.0,6.0,679.0,-6.0,767.0,0.0,812.0,8.0
mc_rbbb_train_run_S74_run_000010,II,rbbb,V2,0,555.0,-2.0,588.0,0.0,606.0,4.0,617.0,-14.0,648.0,0.0,664.0,0.0,,,679.0,8.0,680.0,-6.0,767.0,0.0,802.0,6.0
mc_rbbb_train_run_S71_run_000036,aVF,rbbb,V2,0,537.0,0.0,562.0,0.0,601.0,0.0,613.0,-4.0,630.0,0.0,642.0,-2.0,,,659.0,12.0,695.0,-18.0,758.0,0.0,797.0,4.0
mc_sinus_train_run_S74_run_000050,V3,sinus,V2,0,538.0,0.0,573.0,0.0,598.0,0.0,607.0,-4.0,638.0,0.0,659.0,,,,659.0,2.0,664.0,0.0,736.0,0.0,799.0,10.0
mc_sinus_train_run_S65_run_000068,II,sinus,V2,0,553.0,0.0,590.0,0.0,615.0,4.0,616.0,-8.0,,,644.0,0.0,668.0,-2.0,679.0,4.0,681.0,-6.0,779.0,-2.0,812.0,8.0
mc_sinus_validation_run_S67_run_000093,V4,sinus,V2,0,557.0,-8.0,588.0,0.0,611.0,2.0,626.0,-4.0,,,640.0,0.0,651.0,0.0,667.0,2.0,673.0,0.0,764.0,0.0,799.0,10.0
mc_sinus_validation_run_S67_run_000052,III,sinus,V2,0,555.0,0.0,580.0,0.0,615.0,-2.0,627.0,-2.0,,,642.0,0.0,,,669.0,4.0,671.0,-6.0,770.0,0.0,806.0,-4.0
mc_sinus_train_run_S73_run_000090,aVF,sinus,V2,0,558.0,-4.0,570.0,2.0,596.0,4.0,617.0,4.0,,,640.0,0.0,,,661.0,-8.0,667.0,-6.0,761.0,0.0,799.0,-2.0
mc_sinus_validation_run_S63_run_000084,V2,sinus,V2,1,561.0,0.0,596.0,40.0,616.0,-4.0,629.0,-2.0,,,646.0,0.0,662.0,0.0,674.0,2.0,681.0,-2.0,768.0,0.0,811.0,-8.0
mc_sinus_train_run_S74_run_000023,aVF,sinus,V2,0,544.0,0.0,565.0,-10.0,605.0,2.0,614.0,-6.0,,,631.0,0.0,647.0,-2.0,664.0,4.0,666.0,-2.0,764.0,0.0,800.0,10.0
mc_sinus_validation_run_S67_run_000046,III,sinus,V2,0,552.0,-2.0,577.0,-22.0,612.0,-6.0,618.0,-12.0,,,636.0,0.0,652.0,0.0,668.0,4.0,670.0,-6.0,763.0,0.0,796.0,8.0
mc_sinus_test_run_S62_run_000083,III,sinus,V2,0,559.0,-4.0,579.0,-4.0,613.0,4.0,620.0,-16.0,,,641.0,0.0,656.0,0.0,671.0,2.0,676.0,-2.0,765.0,6.0,796.0,8.0
mc_sinus_validation_run_S67_run_000074,III,sinus,V2,0,551.0,-2.0,576.0,0.0,612.0,-2.0,623.0,-4.0,,,639.0,2.0,652.0,0.0,667.0,2.0,672.0,-2.0,767.0,0.0,800.0,8.0
mc_lbbb_train_run_S70_run_000033,I,lbbb,V3,0,542.0,-2.0,571.0,0.0,591.0,14.0,606.0,2.0,618.0,4.0,633.0,0.0,,,663.0,6.0,664.0,-8.0,747.0,0.0,795.0,8.0
mc_lbbb_validation_run_S63_run_000045,I,lbbb,V3,0,516.0,0.0,548.0,2.0,571.0,12.0,585.0,-2.0,601.0,0.0,615.0,-18.0,643.0,,643.0,4.0,644.0,-6.0,742.0,0.0,784.0,10.0
mc_lbbb_train_run_S72_run_000070,V4,lbbb,V3,0,560.0,-2.0,593.0,-2.0,613.0,10.0,626.0,-6.0,643.0,0.0,667.0,0.0,,,683.0,6.0,684.0,6.0,780.0,0.0,813.0,6.0
mc_lbbb_train_run_S68_run_000052,III,lbbb,V3,0,546.0,0.0,568.0,-4.0,610.0,10.0,621.0,2.0,653.0,2.0,,,,,671.0,-4.0,672.0,-8.0,760.0,0.0,801.0,4.0
mc_lbbb_test_run_S62_run_000005,V2,lbbb,V3,0,547.0,0.0,569.0,0.0,604.0,2.0,605.0,2.0,631.0,2.0,665.0,2.0,,,681.0,6.0,682.0,8.0,751.0,0.0,807.0,10.0
mc_lbbb_train_run_S74_run_000097,II,lbbb,V3,0,531.0,0.0,553.0,0.0,585.0,6.0,595.0,-8.0,,,606.0,-52.0,617.0,,659.0,4.0,660.0,-8.0,733.0,0.0,792.0,4.0
mc_lbbb_train_run_S74_run_000026,II,lbbb,V3,0,530.0,0.0,552.0,0.0,587.0,0.0,599.0,6.0,618.0,0.0,635.0,0.0,662.0,,662.0,6.0,664.0,-4.0,759.0,0.0,797.0,6.0
mc_lbbb_validation_run_S67_run_000074,V4,lbbb,V3,0,555.0,0.0,578.0,-2.0,614.0,0.0,626.0,0.0,643.0,0.0,663.0,2.0,,,679.0,6.0,681.0,-6.0,778.0,0.0,812.0,10.0
mc_lbbb_train_run_S70_run_000012,V3,lbbb,V3,1,553.0,0.0,573.0,0.0,602.0,0.0,618.0,-2.0,635.0,0.0,652.0,-2.0,,,672.0,6.0,674.0,-6.0,758.0,0.0,802.0,8.0
mc_mi_LCX_1p0_ant_train_run_S73_run_000007,V6,mi,V3,0,508.0,-26.0,554.0,0.0,569.0,0.0,596.0,0.0,,,605.0,0.0,612.0,0.0,632.0,-14.0,677.0,76.0,793.0,118.0,793.0,32.0
mc_rbbb_test_run_S62_run_000036,aVF,rbbb,V3,0,521.0,-66.0,587.0,0.0,621.0,6.0,631.0,-2.0,650.0,0.0,669.0,0.0,,,689.0,-12.0,691.0,-6.0,784.0,0.0,832.0,-22.0
mc_rbbb_train_run_S74_run_000040,aVF,rbbb,V3,0,544.0,0.0,577.0,2.0,594.0,0.0,612.0,-2.0,633.0,-2.0,,,,,669.0,6.0,670.0,-4.0,763.0,0.0,809.0,6.0
mc_rbbb_train_run_S68_run_000016,aVF,rbbb,V3,0,546.0,0.0,580.0,0.0,605.0,2.0,620.0,0.0,633.0,0.0,,,,,665.0,2.0,666.0,-12.0,771.0,0.0,809.0,4.0
mc_rbbb_train_run_S69_run_000074,V2,rbbb,V3,0,545.0,-2.0,581.0,36.0,603.0,2.0,615.0,-6.0,622.0,-2.0,633.0,0.0,641.0,0.0,648.0,2.0,649.0,4.0,762.0,0.0,801.0,6.0
mc_rbbb_train_run_S74_run_000077,aVL,rbbb,V3,0,553.0,0.0,572.0,-26.0,603.0,0.0,618.0,-2.0,637.0,0.0,,,,,674.0,0.0,675.0,-36.0,767.0,0.0,809.0,6.0
mc_rbbb_train_run_S66_run_000074,I,rbbb,V3,0,551.0,0.0,583.0,2.0,608.0,2.0,617.0,-2.0,635.0,0.0,663.0,,,,672.0,-2.0,679.0,-6.0,760.0,0.0,809.0,8.0
mc_rbbb_train_run_S66_run_000099,V3,rbbb,V3,1,556.0,0.0,579.0,0.0,614.0,2.0,623.0,-2.0,642.0,0.0,668.0,,,,674.0,6.0,685.0,0.0,771.0,0.0,815.0,8.0
mc_rbbb_train_run_S70_run_000037,aVF,rbbb,V3,0,548.0,0.0,575.0,-2.0,607.0,0.0,619.0,0.0,636.0,-2.0,658.0,0.0,,,673.0,10.0,679.0,2.0,767.0,0.0,807.0,6.0
mc_rbbb_validation_run_S63_run_000070,V4,rbbb,V3,0,554.0,0.0,592.0,0.0,612.0,8.0,627.0,-2.0,643.0,-2.0,662.0,-2.0,,,680.0,0.0,685.0,0.0,773.0,0.0,818.0,6.0
mc_rbbb_validation_run_S67_run_000024,aVF,rbbb,V3,0,553.0,0.0,573.0,-10.0,608.0,0.0,623.0,-2.0,638.0,2.0,658.0,2.0,,,677.0,6.0,679.0,-6.0,767.0,0.0,812.0,8.0
mc_rbbb_train_run_S74_run_000010,II,rbbb,V3,0,555.0,-2.0,588.0,0.0,606.0,4.0,618.0,-12.0,648.0,0.0,664.0,0.0,,,679.0,8.0,680.0,-6.0,767.0,0.0,802.0,6.0
mc_rbbb_train_run_S71_run_000036,aVF,rbbb,V3,0,537.0,0.0,562.0,0.0,601.0,0.0,613.0,-4.0,630.0,0.0,642.0,-2.0,,,659.0,12.0,692.0,-24.0,758.0,0.0,797.0,4.0
mc_sinus_train_run_S74_run_000050,V3,sinus,V3,1,538.0,0.0,573.0,0.0,598.0,0.0,607.0,-4.0,638.0,0.0,659.0,,,,659.0,2.0,664.0,0.0,736.0,0.0,799.0,10.0
mc_sinus_train_run_S65_run_000068,II,sinus,V3,0,553.0,0.0,590.0,0.0,615.0,4.0,616.0,-8.0,,,644.0,0.0,668.0,-2.0,679.0,4.0,681.0,-6.0,779.0,-2.0,812.0,8.0
mc_sinus_validation_run_S67_run_000093,V4,sinus,V3,0,557.0,-8.0,588.0,0.0,611.0,2.0,626.0,-4.0,,,640.0,0.0,651.0,0.0,667.0,2.0,673.0,0.0,764.0,0.0,799.0,10.0
mc_sinus_validation_run_S67_run_000052,III,sinus,V3,0,555.0,0.0,580.0,0.0,615.0,-2.0,627.0,-2.0,,,642.0,0.0,,,669.0,4.0,671.0,-6.0,770.0,0.0,806.0,-4.0
mc_sinus_train_run_S73_run_000090,aVF,sinus,V3,0,558.0,-4.0,570.0,2.0,595.0,2.0,617.0,4.0,,,640.0,0.0,,,661.0,-8.0,667.0,-6.0,761.0,0.0,799.0,-2.0
mc_sinus_validation_run_S63_run_000084,V2,sinus,V3,0,561.0,0.0,596.0,40.0,616.0,-4.0,630.0,0.0,,,646.0,0.0,662.0,0.0,674.0,2.0,681.0,-2.0,768.0,0.0,812.0,-6.0
mc_sinus_train_run_S74_run_000023,aVF,sinus,V3,0,544.0,0.0,565.0,-10.0,604.0,0.0,615.0,-4.0,,,631.0,0.0,647.0,-2.0,664.0,4.0,666.0,-2.0,764.0,0.0,800.0,10.0
mc_sinus_validation_run_S67_run_000046,III,sinus,V3,0,552.0,-2.0,577.0,-22.0,612.0,-6.0,619.0,-10.0,,,636.0,0.0,652.0,0.0,668.0,4.0,670.0,-6.0,763.0,0.0,796.0,8.0
mc_sinus_test_run_S62_run_000083,III,sinus,V3,0,559.0,-4.0,579.0,-4.0,614.0,6.0,620.0,-16.0,,,641.0,0.0,656.0,0.0,671.0,2.0,676.0,-2.0,765.0,6.0,795.0,6.0
mc_sinus_validation_run_S67_run_000074,III,sinus,V3,0,552.0,0.0,576.0,0.0,612.0,-2.0,623.0,-4.0,,,639.0,2.0,652.0,0.0,667.0,2.0,672.0,-2.0,767.0,0.0,800.0,8.0
mc_lbbb_train_run_S70_run_000033,I,lbbb,V4,0,542.0,-2.0,571.0,0.0,591.0,14.0,605.0,0.0,618.0,4.0,633.0,0.0,,,663.0,6.0,664.0,-8.0,747.0,0.0,796.0,10.0
mc_lbbb_validation_run_S63_run_000045,I,lbbb,V4,0,516.0,0.0,548.0,2.0,571.0,12.0,585.0,-2.0,601.0,0.0,615.0,-18.0,643.0,,643.0,4.0,644.0,-6.0,742.0,0.0,784.0,10.0
mc_lbbb_train_run_S72_run_000070,V4,lbbb,V4,1,560.0,-2.0,593.0,-2.0,613.0,10.0,626.0,-6.0,643.0,0.0,667.0,0.0,,,682.0,4.0,683.0,4.0,780.0,0.0,813.0,6.0
mc_lbbb_train_run_S68_run_000052,III,lbbb,V4,0,546.0,0.0,568.0,-4.0,611.0,12.0,621.0,2.0,653.0,2.0,,,,,671.0,-4.0,672.0,-8.0,760.0,0.0,801.0,4.0
mc_lbbb_test_run_S62_run_000005,V2,lbbb,V4,0,546.0,-2.0,569.0,0.0,605.0,4.0,606.0,4.0,631.0,2.0,665.0,2.0,,,680.0,4.0,681.0,6.0,751.0,0.0,807.0,10.0
mc_lbbb_train_run_S74_run_000097,II,lbbb,V4,0,531.0,0.0,553.0,0.0,585.0,6.0,596.0,-6.0,,,606.0,-52.0,617.0,,659.0,4.0,660.0,-8.0,733.0,0.0,792.0,4.0
mc_lbbb_train_run_S74_run_000026,II,lbbb,V4,0,530.0,0.0,552.0,0.0,587.0,0.0,599.0,6.0,618.0,0.0,635.0,0.0,661.0,,661.0,4.0,663.0,-6.0,759.0,0.0,796.0,4.0
mc_lbbb_validation_run_S67_run_000074,V4,lbbb,V4,1,555.0,0.0,578.0,-2.0,614.0,0.0,626.0,0.0,643.0,0.0,663.0,2.0,,,679.0,6.0,681.0,-6.0,778.0,0.0,812.0,10.0
mc_lbbb_train_run_S70_run_000012,V3,lbbb,V4,0,553.0,0.0,573.0,0.0,602.0,0.0,618.0,-2.0,635.0,0.0,652.0,-2.0,,,672.0,6.0,674.0,-6.0,758.0,0.0,802.0,8.0
mc_mi_LCX_1p0_ant_train_run_S73_run_000007,V6,mi,V4,0,508.0,-26.0,554.0,0.0,575.0,12.0,596.0,0.0,,,605.0,0.0,612.0,0.0,632.0,-14.0,678.0,78.0,794.0,120.0,794.0,34.0
mc_rbbb_test_run_S62_run_000036,aVF,rbbb,V4,0,522.0,-64.0,587.0,0.0,621.0,6.0,631.0,-2.0,650.0,0.0,669.0,0.0,,,689.0,-12.0,691.0,-6.0,784.0,0.0,839.0,-8.0
mc_rbbb_train_run_S74_run_000040,aVF,rbbb,V4,0,544.0,0.0,577.0,2.0,594.0,0.0,612.0,-2.0,633.0,-2.0,,,,,669.0,6.0,670.0,-4.0,763.0,0.0,809.0,6.0
mc_rbbb_train_run_S68_run_000016,aVF,rbbb,V4,0,546.0,0.0,580.0,0.0,605.0,2.0,619.0,-2.0,633.0,0.0,,,,,665.0,2.0,666.0,-12.0,771.0,0.0,808.0,2.0
mc_rbbb_train_run_S69_run_000074,V2,rbbb,V4,0,545.0,-2.0,581.0,36.0,603.0,2.0,615.0,-6.0,622.0,-2.0,633.0,0.0,641.0,0.0,648.0,2.0,649.0,4.0,762.0,0.0,801.0,6.0
mc_rbbb_train_run_S74_run_000077,aVL,rbbb,V4,0,553.0,0.0,572.0,-26.0,603.0,0.0,618.0,-2.0,637.0,0.0,,,,,674.0,0.0,675.0,-36.0,767.0,0.0,809.0,6.0
mc_rbbb_train_run_S66_run_000074,I,rbbb,V4,0,551.0,0.0,583.0,2.0,608.0,2.0,617.0,-2.0,635.0,0.0,663.0,,,,672.0,-2.0,679.0,-6.0,760.0,0.0,810.0,10.0
mc_rbbb_train_run_S66_run_000099,V3,rbbb,V4,0,556.0,0.0,579.0,0.0,614.0,2.0,623.0,-2.0,642.0,0.0,668.0,,,,674.0,6.0,685.0,0.0,771.0,0.0,815.0,8.0
mc_rbbb_train_run_S70_run_000037,aVF,rbbb,V4,0,548.0,0.0,575.0,-2.0,607.0,0.0,619.0,0.0,636.0,-2.0,658.0,0.0,,,674.0,12.0,679.0,2.0,767.0,0.0,807.0,6.0
mc_rbbb_validation_run_S63_run_000070,V4,rbbb,V4,1,554.0,0.0,592.0,0.0,612.0,8.0,627.0,-2.0,643.0,-2.0,662.0,-2.0,,,681.0,2.0,683.0,-4.0,773.0,0.0,818.0,6.0
mc_rbbb_validation_run_S67_run_000024,aVF,rbbb,V4,0,553.0,0.0,573.0,-10.0,609.0,2.0,622.0,-4.0,638.0,2.0,658.0,2.0,,,677.0,6.0,679.0,-6.0,767.0,0.0,811.0,6.0
mc_rbbb_train_run_S74_run_000010,II,rbbb,V4,0,555.0,-2.0,588.0,0.0,606.0,4.0,618.0,-12.0,648.0,0.0,664.0,0.0,,,679.0,8.0,680.0,-6.0,767.0,0.0,802.0,6.0
mc_rbbb_train_run_S71_run_000036,aVF,rbbb,V4,0,537.0,0.0,562.0,0.0,601.0,0.0,613.0,-4.0,630.0,0.0,642.0,-2.0,,,659.0,12.0,692.0,-24.0,758.0,0.0,797.0,4.0
mc_sinus_train_run_S74_run_000050,V3,sinus,V4,0,538.0,0.0,573.0,0.0,598.0,0.0,607.0,-4.0,638.0,0.0,659.0,,,,659.0,2.0,664.0,0.0,736.0,0.0,799.0,10.0
mc_sinus_train_run_S65_run_000068,II,sinus,V4,0,553.0,0.0,590.0,0.0,616.0,6.0,617.0,-6.0,,,644.0,0.0,668.0,-2.0,679.0,4.0,681.0,-6.0,779.0,-2.0,811.0,6.0
mc_sinus_validation_run_S67_run_000093,V4,sinus,V4,1,557.0,-8.0,588.0,0.0,612.0,4.0,626.0,-4.0,,,640.0,0.0,651.0,0.0,668.0,4.0,673.0,0.0,764.0,0.0,799.0,10.0
mc_sinus_validation_run_S67_run_000052,III,sinus,V4,0,555.0,0.0,580.0,0.0,616.0,0.0,627.0,-2.0,,,642.0,0.0,,,669.0,4.0,671.0,-6.0,770.0,0.0,806.0,-4.0
mc_sinus_train_run_S73_run_000090,aVF,sinus,V4,0,557.0,-6.0,570.0,2.0,597.0,6.0,617.0,4.0,,,640.0,0.0,,,661.0,-8.0,667.0,-6.0,761.0,0.0,799.0,-2.0
mc_sinus_validation_run_S63_run_000084,V2,sinus,V4,0,561.0,0.0,596.0,40.0,616.0,-4.0,630.0,0.0,,,646.0,0.0,662.0,0.0,674.0,2.0,681.0,-2.0,768.0,0.0,812.0,-6.0
mc_sinus_train_run_S74_run_000023,aVF,sinus,V4,0,544.0,0.0,565.0,-10.0,605.0,2.0,614.0,-6.0,,,631.0,0.0,647.0,-2.0,664.0,4.0,666.0,-2.0,764.0,0.0,800.0,10.0
mc_sinus_validation_run_S67_run_000046,III,sinus,V4,0,552.0,-2.0,577.0,-22.0,612.0,-6.0,618.0,-12.0,,,636.0,0.0,652.0,0.0,668.0,4.0,670.0,-6.0,763.0,0.0,796.0,8.0
mc_sinus_test_run_S62_run_000083,III,sinus,V4,0,558.0,-6.0,579.0,-4.0,615.0,8.0,620.0,-16.0,,,641.0,0.0,656.0,0.0,671.0,2.0,676.0,-2.0,765.0,6.0,795.0,6.0
mc_sinus_validation_run_S67_run_000074,III,sinus,V4,0,551.0,-2.0,576.0,0.0,613.0,0.0,623.0,-4.0,,,639.0,2.0,652.0,0.0,667.0,2.0,672.0,-2.0,767.0,0.0,800.0,8.0
mc_lbbb_train_run_S70_run_000033,I,lbbb,V5,0,542.0,-2.0,571.0,0.0,591.0,14.0,605.0,0.0,618.0,4.0,633.0,0.0,,,663.0,6.0,664.0,-8.0,747.0,0.0,797.0,12.0
mc_lbbb_validation_run_S63_run_000045,I,lbbb,V5,0,515.0,-2.0,548.0,2.0,571.0,12.0,585.0,-2.0,601.0,0.0,615.0,-18.0,643.0,,643.0,4.0,644.0,-6.0,742.0,0.0,784.0,10.0
mc_lbbb_train_run_S72_run_000070,V4,lbbb,V5,0,560.0,-2.0,593.0,-2.0,613.0,10.0,626.0,-6.0,643.0,0.0,667.0,0.0,,,682.0,4.0,683.0,4.0,780.0,0.0,814.0,8.0
mc_lbbb_train_run_S68_run_000052,III,lbbb,V5,0,546.0,0.0,568.0,-4.0,611.0,12.0,621.0,2.0,653.0,2.0,,,,,671.0,-4.0,672.0,-8.0,760.0,0.0,802.0,6.0
mc_lbbb_test_run_S62_run_000005,V2,lbbb,V5,0,546.0,-2.0,569.0,0.0,605.0,4.0,606.0,4.0,631.0,2.0,665.0,2.0,,,680.0,4.0,681.0,6.0,751.0,0.0,807.0,10.0
mc_lbbb_train_run_S74_run_000097,II,lbbb,V5,0,531.0,0.0,553.0,0.0,585.0,6.0,593.0,-12.0,,,606.0,-52.0,617.0,,659.0,4.0,660.0,-8.0,733.0,0.0,793.0,6.0
mc_lbbb_train_run_S74_run_000026,II,lbbb,V5,0,530.0,0.0,552.0,0.0,587.0,0.0,599.0,6.0,618.0,0.0,635.0,0.0,662.0,,662.0,6.0,663.0,-6.0,759.0,0.0,797.0,6.0
mc_lbbb_validation_run_S67_run_000074,V4,lbbb,V5,0,555.0,0.0,578.0,-2.0,614.0,0.0,625.0,-2.0,643.0,0.0,663.0,2.0,,,679.0,6.0,681.0,-6.0,778.0,0.0,812.0,10.0
mc_lbbb_train_run_S70_run_000012,V3,lbbb,V5,0,553.0,0.0,573.0,0.0,602.0,0.0,618.0,-2.0,635.0,0.0,652.0,-2.0,,,672.0,6.0,674.0,-6.0,758.0,0.0,802.0,8.0
mc_mi_LCX_1p0_ant_train_run_S73_run_000007,V6,mi,V5,0,508.0,-26.0,554.0,0.0,582.0,26.0,583.0,-26.0,599.0,,605.0,0.0,612.0,0.0,634.0,-10.0,676.0,74.0,795.0,122.0,795.0,36.0
mc_rbbb_test_run_S62_run_000036,aVF,rbbb,V5,0,525.0,-58.0,587.0,0.0,621.0,6.0,631.0,-2.0,650.0,0.0,669.0,0.0,,,689.0,-12.0,691.0,-6.0,784.0,0.0,842.0,-2.0
mc_rbbb_train_run_S74_run_000040,aVF,rbbb,V5,0,544.0,0.0,577.0,2.0,594.0,0.0,612.0,-2.0,633.0,-2.0,,,,,669.0,6.0,670.0,-4.0,763.0,0.0,809.0,6.0
mc_rbbb_train_run_S68_run_000016,aVF,rbbb,V5,0,546.0,0.0,580.0,0.0,605.0,2.0,619.0,-2.0,633.0,0.0,,,,,665.0,2.0,666.0,-12.0,771.0,0.0,809.0,4.0
mc_rbbb_train_run_S69_run_000074,V2,rbbb,V5,0,545.0,-2.0,581.0,36.0,603.0,2.0,615.0,-6.0,622.0,-2.0,633.0,0.0,641.0,0.0,648.0,2.0,649.0,4.0,762.0,0.0,801.0,6.0
mc_rbbb_train_run_S74_run_000077,aVL,rbbb,V5,0,553.0,0.0,572.0,-26.0,603.0,0.0,618.0,-2.0,637.0,0.0,,,,,673.0,-2.0,674.0,-38.0,767.0,0.0,809.0,6.0
mc_rbbb_train_run_S66_run_000074,I,rbbb,V5,0,551.0,0.0,583.0,2.0,608.0,2.0,617.0,-2.0,635.0,0.0,663.0,,,,672.0,-2.0,679.0,-6.0,760.0,0.0,810.0,10.0
mc_rbbb_train_run_S66_run_000099,V3,rbbb,V5,0,556.0,0.0,579.0,0.0,614.0,2.0,623.0,-2.0,642.0,0.0,668.0,,,,675.0,8.0,685.0,0.0,771.0,0.0,815.0,8.0
mc_rbbb_train_run_S70_run_000037,aVF,rbbb,V5,0,547.0,-2.0,575.0,-2.0,607.0,0.0,619.0,0.0,636.0,-2.0,658.0,0.0,,,675.0,14.0,677.0,-2.0,767.0,0.0,808.0,8.0
mc_rbbb_validation_run_S63_run_000070,V4,rbbb,V5,0,554.0,0.0,592.0,0.0,613.0,10.0,627.0,-2.0,643.0,-2.0,662.0,-2.0,,,682.0,4.0,683.0,-4.0,773.0,0.0,818.0,6.0
mc_rbbb_validation_run_S67_run_000024,aVF,rbbb,V5,0,553.0,0.0,573.0,-10.0,609.0,2.0,622.0,-4.0,638.0,2.0,658.0,2.0,,,677.0,6.0,679.0,-6.0,767.0,0.0,812.0,8.0
mc_rbbb_train_run_S74_run_000010,II,rbbb,V5,0,555.0,-2.0,588.0,0.0,606.0,4.0,617.0,-14.0,648.0,0.0,664.0,0.0,,,679.0,8.0,680.0,-6.0,767.0,0.0,803.0,8.0
mc_rbbb_train_run_S71_run_000036,aVF,rbbb,V5,0,537.0,0.0,562.0,0.0,601.0,0.0,613.0,-4.0,630.0,0.0,642.0,-2.0,,,659.0,12.0,690.0,-28.0,758.0,0.0,797.0,4.0
mc_sinus_train_run_S74_run_000050,V3,sinus,V5,0,538.0,0.0,573.0,0.0,598.0,0.0,607.0,-4.0,638.0,0.0,659.0,,,,659.0,2.0,664.0,0.0,736.0,0.0,799.0,10.0
mc_sinus_train_run_S65_run_000068,II,sinus,V5,0,553.0,0.0,590.0,0.0,616.0,6.0,617.0,-6.0,,,644.0,0.0,668.0,-2.0,679.0,4.0,681.0,-6.0,779.0,-2.0,812.0,8.0
mc_sinus_validation_run_S67_run_000093,V4,sinus,V5,0,556.0,-10.0,588.0,0.0,612.0,4.0,624.0,-8.0,,,640.0,0.0,651.0,0.0,668.0,4.0,673.0,0.0,764.0,0.0,800.0,12.0
mc_sinus_validation_run_S67_run_000052,III,sinus,V5,0,554.0,-2.0,580.0,0.0,616.0,0.0,627.0,-2.0,,,642.0,0.0,,,669.0,4.0,671.0,-6.0,770.0,0.0,806.0,-4.0
mc_sinus_train_run_S73_run_000090,aVF,sinus,V5,0,557.0,-6.0,570.0,2.0,600.0,12.0,617.0,4.0,,,640.0,0.0,,,661.0,-8.0,667.0,-6.0,761.0,0.0,800.0,0.0
mc_sinus_validation_run_S63_run_000084,V2,sinus,V5,0,561.0,0.0,596.0,40.0,616.0,-4.0,629.0,-2.0,,,646.0,0.0,662.0,0.0,674.0,2.0,681.0,-2.0,768.0,0.0,812.0,-6.0
mc_sinus_train_run_S74_run_000023,aVF,sinus,V5,0,544.0,0.0,565.0,-10.0,605.0,2.0,614.0,-6.0,,,631.0,0.0,647.0,-2.0,664.0,4.0,666.0,-2.0,764.0,0.0,800.0,10.0
mc_sinus_validation_run_S67_run_000046,III,sinus,V5,0,552.0,-2.0,577.0,-22.0,612.0,-6.0,617.0,-14.0,,,636.0,0.0,652.0,0.0,668.0,4.0,670.0,-6.0,763.0,0.0,797.0,10.0
mc_sinus_test_run_S62_run_000083,III,sinus,V5,0,558.0,-6.0,579.0,-4.0,615.0,8.0,620.0,-16.0,,,641.0,0.0,656.0,0.0,671.0,2.0,676.0,-2.0,765.0,6.0,796.0,8.0
mc_sinus_validation_run_S67_run_000074,III,sinus,V5,0,551.0,-2.0,576.0,0.0,613.0,0.0,623.0,-4.0,,,639.0,2.0,652.0,0.0,667.0,2.0,672.0,-2.0,767.0,0.0,801.0,10.0
mc_lbbb_train_run_S70_run_000033,I,lbbb,V6,0,542.0,-2.0,571.0,0.0,591.0,14.0,605.0,0.0,618.0,4.0,633.0,0.0,,,663.0,6.0,664.0,-8.0,747.0,0.0,796.0,10.0
mc_lbbb_validation_run_S63_run_000045,I,lbbb,V6,0,515.0,-2.0,548.0,2.0,571.0,12.0,585.0,-2.0,601.0,0.0,615.0,-18.0,644.0,,644.0,6.0,645.0,-4.0,742.0,0.0,784.0,10.0
mc_lbbb_train_run_S72_run_000070,V4,lbbb,V6,0,560.0,-2.0,593.0,-2.0,613.0,10.0,626.0,-6.0,643.0,0.0,667.0,0.0,,,681.0,2.0,682.0,2.0,780.0,0.0,814.0,8.0
mc_lbbb_train_run_S68_run_000052,III,lbbb,V6,0,546.0,0.0,568.0,-4.0,611.0,12.0,621.0,2.0,653.0,2.0,,,,,671.0,-4.0,672.0,-8.0,760.0,0.0,801.0,4.0
mc_lbbb_test_run_S62_run_000005,V2,lbbb,V6,0,546.0,-2.0,569.0,0.0,604.0,2.0,605.0,2.0,631.0,2.0,665.0,2.0,,,680.0,4.0,681.0,6.0,751.0,0.0,806.0,8.0
mc_lbbb_train_run_S74_run_000097,II,lbbb,V6,0,531.0,0.0,553.0,0.0,585.0,6.0,593.0,-12.0,,,606.0,-52.0,617.0,,659.0,4.0,660.0,-8.0,733.0,0.0,793.0,6.0
mc_lbbb_train_run_S74_run_000026,II,lbbb,V6,0,530.0,0.0,552.0,0.0,587.0,0.0,598.0,4.0,618.0,0.0,635.0,0.0,662.0,,662.0,6.0,663.0,-6.0,759.0,0.0,797.0,6.0
mc_lbbb_validation_run_S67_run_000074,V4,lbbb,V6,0,555.0,0.0,578.0,-2.0,614.0,0.0,625.0,-2.0,643.0,0.0,663.0,2.0,,,679.0,6.0,681.0,-6.0,778.0,0.0,812.0,10.0
mc_lbbb_train_run_S70_run_000012,V3,lbbb,V6,0,553.0,0.0,573.0,0.0,602.0,0.0,618.0,-2.0,635.0,0.0,652.0,-2.0,,,672.0,6.0,674.0,-6.0,758.0,0.0,802.0,8.0
mc_mi_LCX_1p0_ant_train_run_S73_run_000007,V6,mi,V6,1,508.0,-26.0,554.0,0.0,581.0,24.0,582.0,-28.0,599.0,,605.0,0.0,612.0,0.0,634.0,-10.0,673.0,68.0,796.0,124.0,796.0,38.0
mc_rbbb_test_run_S62_run_000036,aVF,rbbb,V6,0,526.0,-56.0,587.0,0.0,621.0,6.0,631.0,-2.0,650.0,0.0,669.0,0.0,,,689.0,-12.0,691.0,-6.0,784.0,0.0,839.0,-8.0
mc_rbbb_train_run_S74_run_000040,aVF,rbbb,V6,0,544.0,0.0,577.0,2.0,594.0,0.0,612.0,-2.0,633.0,-2.0,,,,,669.0,6.0,670.0,-4.0,763.0,0.0,809.0,6.0
mc_rbbb_train_run_S68_run_000016,aVF,rbbb,V6,0,546.0,0.0,580.0,0.0,605.0,2.0,619.0,-2.0,633.0,0.0,,,,,665.0,2.0,666.0,-12.0,771.0,0.0,809.0,4.0
mc_rbbb_train_run_S69_run_000074,V2,rbbb,V6,0,545.0,-2.0,581.0,36.0,603.0,2.0,615.0,-6.0,622.0,-2.0,633.0,0.0,641.0,0.0,648.0,2.0,649.0,4.0,762.0,0.0,801.0,6.0
mc_rbbb_train_run_S74_run_000077,aVL,rbbb,V6,0,553.0,0.0,572.0,-26.0,603.0,0.0,618.0,-2.0,637.0,0.0,,,,,673.0,-2.0,674.0,-38.0,767.0,0.0,809.0,6.0
mc_rbbb_train_run_S66_run_000074,I,rbbb,V6,0,551.0,0.0,583.0,2.0,608.0,2.0,617.0,-2.0,635.0,0.0,663.0,,,,672.0,-2.0,679.0,-6.0,760.0,0.0,810.0,10.0
mc_rbbb_train_run_S66_run_000099,V3,rbbb,V6,0,556.0,0.0,579.0,0.0,614.0,2.0,623.0,-2.0,642.0,0.0,668.0,,,,675.0,8.0,685.0,0.0,771.0,0.0,815.0,8.0
mc_rbbb_train_run_S70_run_000037,aVF,rbbb,V6,0,547.0,-2.0,575.0,-2.0,607.0,0.0,619.0,0.0,636.0,-2.0,658.0,0.0,,,675.0,14.0,677.0,-2.0,767.0,0.0,807.0,6.0
mc_rbbb_validation_run_S63_run_000070,V4,rbbb,V6,0,554.0,0.0,592.0,0.0,613.0,10.0,627.0,-2.0,643.0,-2.0,662.0,-2.0,,,682.0,4.0,683.0,-4.0,773.0,0.0,818.0,6.0
mc_rbbb_validation_run_S67_run_000024,aVF,rbbb,V6,0,553.0,0.0,573.0,-10.0,609.0,2.0,622.0,-4.0,638.0,2.0,658.0,2.0,,,677.0,6.0,679.0,-6.0,767.0,0.0,811.0,6.0
mc_rbbb_train_run_S74_run_000010,II,rbbb,V6,0,555.0,-2.0,588.0,0.0,606.0,4.0,617.0,-14.0,648.0,0.0,664.0,0.0,,,679.0,8.0,680.0,-6.0,767.0,0.0,803.0,8.0
mc_rbbb_train_run_S71_run_000036,aVF,rbbb,V6,0,537.0,0.0,562.0,0.0,601.0,0.0,613.0,-4.0,630.0,0.0,642.0,-2.0,,,659.0,12.0,689.0,-30.0,758.0,0.0,797.0,4.0
mc_sinus_train_run_S74_run_000050,V3,sinus,V6,0,538.0,0.0,573.0,0.0,598.0,0.0,607.0,-4.0,638.0,0.0,659.0,,,,659.0,2.0,664.0,0.0,736.0,0.0,799.0,10.0
mc_sinus_train_run_S65_run_000068,II,sinus,V6,0,553.0,0.0,590.0,0.0,615.0,4.0,616.0,-8.0,,,644.0,0.0,668.0,-2.0,679.0,4.0,681.0,-6.0,779.0,-2.0,812.0,8.0
mc_sinus_validation_run_S67_run_000093,V4,sinus,V6,0,556.0,-10.0,588.0,0.0,612.0,4.0,623.0,-10.0,,,640.0,0.0,651.0,0.0,668.0,4.0,673.0,0.0,764.0,0.0,800.0,12.0
mc_sinus_validation_run_S67_run_000052,III,sinus,V6,0,554.0,-2.0,580.0,0.0,616.0,0.0,627.0,-2.0,,,642.0,0.0,,,669.0,4.0,671.0,-6.0,770.0,0.0,806.0,-4.0
mc_sinus_train_run_S73_run_000090,aVF,sinus,V6,0,557.0,-6.0,570.0,2.0,600.0,12.0,617.0,4.0,,,640.0,0.0,,,661.0,-8.0,667.0,-6.0,761.0,0.0,800.0,0.0
mc_sinus_validation_run_S63_run_000084,V2,sinus,V6,0,561.0,0.0,596.0,40.0,616.0,-4.0,629.0,-2.0,,,646.0,0.0,662.0,0.0,674.0,2.0,681.0,-2.0,768.0,0.0,812.0,-6.0
mc_sinus_train_run_S74_run_000023,aVF,sinus,V6,0,544.0,0.0,565.0,-10.0,605.0,2.0,613.0,-8.0,,,631.0,0.0,647.0,-2.0,664.0,4.0,666.0,-2.0,764.0,0.0,800.0,10.0
mc_sinus_validation_run_S67_run_000046,III,sinus,V6,0,552.0,-2.0,577.0,-22.0,613.0,-4.0,615.0,-18.0,,,636.0,0.0,652.0,0.0,668.0,4.0,670.0,-6.0,763.0,0.0,796.0,8.0
mc_sinus_test_run_S62_run_000083,III,sinus,V6,0,558.0,-6.0,579.0,-4.0,616.0,10.0,618.0,-20.0,,,641.0,0.0,656.0,0.0,671.0,2.0,676.0,-2.0,765.0,6.0,796.0,8.0
mc_sinus_validation_run_S67_run_000074,III,sinus,V6,0,551.0,-2.0,576.0,0.0,613.0,0.0,623.0,-4.0,,,639.0,2.0,652.0,0.0,667.0,2.0,672.0,-2.0,767.0,0.0,801.0,10.0
mc_sinus_validation_run_S63_run_000004,aVF,sinus,I,0,553.0,0.0,585.0,0.0,607.0,0.0,620.0,16.0,,,632.0,0.0,646.0,0.0,662.0,4.0,669.0,0.0,764.0,0.0,799.0,8.0
mc_sinus_test_run_S62_run_000068,aVF,sinus,I,0,567.0,0.0,596.0,8.0,625.0,0.0,630.0,-14.0,,,654.0,0.0,,,685.0,-8.0,687.0,-6.0,779.0,0.0,823.0,6.0
mc_mi_RCA_1p0_train_run_S66_run_000010,aVR,mi,I,0,531.0,-14.0,547.0,8.0,561.0,10.0,601.0,-2.0,616.0,0.0,625.0,0.0,632.0,0.0,662.0,6.0,663.0,-58.0,734.0,-8.0,845.0,-2.0
mc_mi_LAD_1p0_train_run_S72_run_000088,V2,mi,I,0,534.0,-10.0,553.0,-26.0,588.0,2.0,618.0,-2.0,,,622.0,-8.0,638.0,0.0,669.0,2.0,687.0,-16.0,747.0,0.0,869.0,72.0
mc_mi_RCA_1p0_train_run_S66_run_000023,V5,mi,I,0,485.0,-74.0,505.0,-34.0,511.0,-22.0,585.0,-22.0,,,589.0,-26.0,639.0,58.0,648.0,18.0,666.0,-10.0,743.0,0.0,836.0,34.0
mc_mi_RCA_1p0_validation_run_S63_run_000065,aVF,mi,I,0,527.0,-6.0,558.0,4.0,573.0,4.0,604.0,54.0,,,611.0,-20.0,,,649.0,12.0,661.0,-2.0,787.0,68.0,859.0,-8.0
mc_mi_LAD_1p0_test_run_S64_run_000097,II,mi,I,0,526.0,-30.0,559.0,0.0,579.0,4.0,604.0,-8.0,,,617.0,0.0,644.0,0.0,660.0,20.0,673.0,26.0,738.0,0.0,839.0,8.0
mc_mi_LAD_0p3_train_run_S69_run_000038,II,mi,I,0,504.0,-30.0,551.0,-2.0,581.0,0.0,598.0,-2.0,,,610.0,0.0,621.0,0.0,645.0,4.0,,,,,,
mc_mi_LAD_0p3_train_run_S73_run_000007,II,mi,I,0,529.0,0.0,557.0,4.0,570.0,2.0,594.0,24.0,609.0,,617.0,0.0,624.0,0.0,669.0,30.0,671.0,-4.0,816.0,154.0,816.0,-130.0
mc_mi_RCA_0p3_validation_run_S67_run_000099,aVR,mi,I,0,565.0,-22.0,581.0,0.0,591.0,8.0,620.0,-22.0,,,632.0,-42.0,643.0,,689.0,32.0,697.0,-6.0,866.0,208.0,872.0,146.0
mc_mi_RCA_1p0_train_run_S72_run_000091,V4,mi,I,0,529.0,,540.0,,563.0,,602.0,-2.0,,,610.0,0.0,628.0,2.0,649.0,-52.0,655.0,-40.0,731.0,0.0,808.0,22.0
mc_mi_LCX_0p3_post_test_run_S62_run_000031,V6,mi,I,0,471.0,-154.0,532.0,-98.0,533.0,-136.0,609.0,-12.0,,,644.0,0.0,689.0,-16.0,689.0,-136.0,712.0,-90.0,802.0,-2.0,899.0,68.0
mc_mi_RCA_1p0_train_run_S72_run_000068,aVF,mi,I,0,539.0,-10.0,556.0,-18.0,591.0,-22.0,604.0,-14.0,,,607.0,-32.0,662.0,2.0,678.0,-92.0,679.0,-90.0,752.0,0.0,826.0,-2.0
mc_sinus_validation_run_S63_run_000004,aVF,sinus,II,0,553.0,0.0,585.0,0.0,607.0,0.0,620.0,16.0,,,632.0,0.0,646.0,0.0,662.0,4.0,669.0,0.0,764.0,0.0,799.0,8.0
mc_sinus_test_run_S62_run_000068,aVF,sinus,II,0,567.0,0.0,596.0,8.0,625.0,0.0,630.0,-14.0,,,654.0,0.0,,,685.0,-8.0,687.0,-6.0,779.0,0.0,823.0,6.0
mc_mi_RCA_1p0_train_run_S66_run_000010,aVR,mi,II,0,529.0,-18.0,547.0,8.0,563.0,14.0,601.0,-2.0,616.0,0.0,625.0,0.0,632.0,0.0,659.0,0.0,660.0,-64.0,734.0,-8.0,847.0,2.0
mc_mi_LAD_1p0_train_run_S72_run_000088,V2,mi,II,0,533.0,-12.0,553.0,-26.0,588.0,2.0,617.0,-4.0,,,622.0,-8.0,638.0,0.0,669.0,2.0,687.0,-16.0,747.0,0.0,840.0,14.0
mc_mi_RCA_1p0_train_run_S66_run_000023,V5,mi,II,0,486.0,-72.0,496.0,-52.0,496.0,-52.0,589.0,-14.0,,,602.0,0.0,639.0,58.0,647.0,16.0,666.0,-10.0,743.0,0.0,839.0,40.0
mc_mi_RCA_1p0_validation_run_S63_run_000065,aVF,mi,II,0,527.0,-6.0,558.0,4.0,574.0,6.0,600.0,46.0,,,621.0,0.0,,,650.0,14.0,661.0,-2.0,787.0,68.0,842.0,-42.0
mc_mi_LAD_1p0_test_run_S64_run_000097,II,mi,II,1,525.0,-32.0,559.0,0.0,579.0,4.0,603.0,-10.0,,,617.0,0.0,644.0,0.0,660.0,20.0,673.0,26.0,738.0,0.0,838.0,6.0
mc_mi_LAD_0p3_train_run_S69_run_000038,II,mi,II,1,503.0,-32.0,551.0,-2.0,581.0,0.0,597.0,-4.0,,,610.0,0.0,621.0,0.0,645.0,4.0,,,,,,
mc_mi_LAD_0p3_train_run_S73_run_000007,II,mi,II,1,528.0,-2.0,557.0,4.0,570.0,2.0,597.0,30.0,609.0,,617.0,0.0,624.0,0.0,656.0,4.0,672.0,-2.0,812.0,146.0,812.0,-138.0
mc_mi_RCA_0p3_validation_run_S67_run_000099,aVR,mi,II,0,565.0,-22.0,581.0,0.0,592.0,10.0,619.0,-24.0,,,632.0,-42.0,643.0,,688.0,30.0,697.0,-6.0,810.0,96.0,810.0,22.0
mc_mi_RCA_1p0_train_run_S72_run_000091,V4,mi,II,0,530.0,,540.0,,562.0,,602.0,-2.0,,,610.0,0.0,628.0,2.0,643.0,-64.0,654.0,-42.0,731.0,0.0,810.0,26.0
mc_mi_LCX_0p3_post_test_run_S62_run_000031,V6,mi,II,0,544.0,-8.0,581.0,0.0,601.0,0.0,609.0,-12.0,,,644.0,0.0,689.0,-16.0,689.0,-136.0,711.0,-92.0,802.0,-2.0,869.0,8.0
mc_mi_RCA_1p0_train_run_S72_run_000068,aVF,mi,II,0,541.0,-6.0,556.0,-18.0,581.0,-42.0,604.0,-14.0,,,607.0,-32.0,662.0,2.0,679.0,-90.0,680.0,-88.0,752.0,0.0,826.0,-2.0
mc_sinus_validation_run_S63_run_000004,aVF,sinus,III,0,553.0,0.0,585.0,0.0,606.0,-2.0,620.0,16.0,,,632.0,0.0,646.0,0.0,662.0,4.0,669.0,0.0,764.0,0.0,799.0,8.0
mc_sinus_test_run_S62_run_000068,aVF,sinus,III,0,567.0,0.0,596.0,8.0,625.0,0.0,630.0,-14.0,,,654.0,0.0,,,685.0,-8.0,687.0,-6.0,779.0,0.0,823.0,6.0
mc_mi_RCA_1p0_train_run_S66_run_000010,aVR,mi,III,0,,,,,,,602.0,0.0,616.0,0.0,625.0,0.0,632.0,0.0,660.0,2.0,661.0,-62.0,734.0,-8.0,843.0,-6.0
mc_mi_LAD_1p0_train_run_S72_run_000088,V2,mi,III,0,534.0,-10.0,553.0,-26.0,588.0,2.0,617.0,-4.0,,,622.0,-8.0,638.0,0.0,669.0,2.0,685.0,-20.0,747.0,0.0,839.0,12.0
mc_mi_RCA_1p0_train_run_S66_run_000023,V5,mi,III,0,,,,,,,592.0,-8.0,,,602.0,0.0,639.0,58.0,647.0,16.0,666.0,-10.0,743.0,0.0,839.0,40.0
mc_mi_RCA_1p0_validation_run_S63_run_000065,aVF,mi,III,0,527.0,-6.0,558.0,4.0,571.0,0.0,605.0,56.0,,,611.0,-20.0,,,650.0,14.0,661.0,-2.0,787.0,68.0,863.0,0.0
mc_mi_LAD_1p0_test_run_S64_run_000097,II,mi,III,0,526.0,-30.0,559.0,0.0,579.0,4.0,604.0,-8.0,,,617.0,0.0,644.0,0.0,660.0,20.0,673.0,26.0,738.0,0.0,838.0,6.0
mc_mi_LAD_0p3_train_run_S69_run_000038,II,mi,III,0,508.0,-22.0,551.0,-2.0,581.0,0.0,598.0,-2.0,,,610.0,0.0,621.0,0.0,647.0,8.0,,,,,,
mc_mi_LAD_0p3_train_run_S73_run_000007,II,mi,III,0,462.0,-134.0,515.0,-80.0,516.0,-106.0,598.0,32.0,609.0,,617.0,0.0,624.0,0.0,667.0,26.0,672.0,-2.0,824.0,170.0,880.0,-2.0
mc_mi_RCA_0p3_validation_run_S67_run_000099,aVR,mi,III,0,426.0,-300.0,455.0,-252.0,455.0,-264.0,620.0,-22.0,,,632.0,-42.0,643.0,,688.0,30.0,697.0,-6.0,866.0,208.0,873.0,148.0
mc_mi_RCA_1p0_train_run_S72_run_000091,V4,mi,III,0,532.0,,540.0,,562.0,,602.0,-2.0,,,610.0,0.0,628.0,2.0,644.0,-62.0,655.0,-40.0,731.0,0.0,808.0,22.0
mc_mi_LCX_0p3_post_test_run_S62_run_000031,V6,mi,III,0,467.0,-162.0,532.0,-98.0,534.0,-134.0,611.0,-8.0,,,644.0,0.0,689.0,-16.0,689.0,-136.0,712.0,-90.0,802.0,-2.0,870.0,10.0
mc_mi_RCA_1p0_train_run_S72_run_000068,aVF,mi,III,0,543.0,-2.0,556.0,-18.0,590.0,-24.0,605.0,-12.0,,,623.0,0.0,662.0,2.0,679.0,-90.0,680.0,-88.0,752.0,0.0,826.0,-2.0
mc_sinus_validation_run_S63_run_000004,aVF,sinus,aVR,0,553.0,0.0,585.0,0.0,607.0,0.0,620.0,16.0,,,632.0,0.0,646.0,0.0,662.0,4.0,669.0,0.0,764.0,0.0,799.0,8.0
mc_sinus_test_run_S62_run_000068,aVF,sinus,aVR,0,567.0,0.0,596.0,8.0,625.0,0.0,631.0,-12.0,,,654.0,0.0,,,685.0,-8.0,687.0,-6.0,779.0,0.0,823.0,6.0
mc_mi_RCA_1p0_train_run_S66_run_000010,aVR,mi,aVR,1,528.0,-20.0,547.0,8.0,563.0,14.0,602.0,0.0,616.0,0.0,625.0,0.0,632.0,0.0,660.0,2.0,661.0,-62.0,734.0,-8.0,848.0,4.0
mc_mi_LAD_1p0_train_run_S72_run_000088,V2,mi,aVR,0,533.0,-12.0,553.0,-26.0,588.0,2.0,618.0,-2.0,,,622.0,-8.0,638.0,0.0,669.0,2.0,687.0,-16.0,747.0,0.0,841.0,16.0
mc_mi_RCA_1p0_train_run_S66_run_000023,V5,mi,aVR,0,486.0,-72.0,505.0,-34.0,507.0,-30.0,589.0,-14.0,,,602.0,0.0,639.0,58.0,646.0,14.0,666.0,-10.0,743.0,0.0,801.0,-36.0
mc_mi_RCA_1p0_validation_run_S63_run_000065,aVF,mi,aVR,0,527.0,-6.0,558.0,4.0,574.0,6.0,603.0,52.0,,,611.0,-20.0,,,649.0,12.0,661.0,-2.0,787.0,68.0,840.0,-46.0
mc_mi_LAD_1p0_test_run_S64_run_000097,II,mi,aVR,0,525.0,-32.0,559.0,0.0,579.0,4.0,604.0,-8.0,,,617.0,0.0,644.0,0.0,659.0,18.0,673.0,26.0,738.0,0.0,839.0,8.0
mc_mi_LAD_0p3_train_run_S69_run_000038,II,mi,aVR,0,502.0,-34.0,551.0,-2.0,581.0,0.0,598.0,-2.0,,,610.0,0.0,621.0,0.0,645.0,4.0,,,,,,
mc_mi_LAD_0p3_train_run_S73_run_000007,II,mi,aVR,0,528.0,-2.0,557.0,4.0,570.0,2.0,598.0,32.0,609.0,,617.0,0.0,624.0,0.0,655.0,2.0,672.0,-2.0,810.0,142.0,810.0,-142.0
mc_mi_RCA_0p3_validation_run_S67_run_000099,aVR,mi,aVR,1,565.0,-22.0,581.0,0.0,592.0,10.0,619.0,-24.0,,,632.0,-42.0,643.0,,688.0,30.0,697.0,-6.0,805.0,86.0,805.0,12.0
mc_mi_RCA_1p0_train_run_S72_run_000091,V4,mi,aVR,0,530.0,,540.0,,562.0,,602.0,-2.0,,,610.0,0.0,628.0,2.0,642.0,-66.0,655.0,-40.0,731.0,0.0,809.0,24.0
mc_mi_LCX_0p3_post_test_run_S62_run_000031,V6,mi,aVR,0,545.0,-6.0,581.0,0.0,601.0,0.0,610.0,-10.0,,,644.0,0.0,689.0,-16.0,689.0,-136.0,710.0,-94.0,802.0,-2.0,868.0,6.0
mc_mi_RCA_1p0_train_run_S72_run_000068,aVF,mi,aVR,0,540.0,-8.0,556.0,-18.0,580.0,-44.0,605.0,-12.0,,,623.0,0.0,662.0,2.0,678.0,-92.0,679.0,-90.0,752.0,0.0,825.0,-4.0
mc_sinus_validation_run_S63_run_000004,aVF,sinus,aVL,0,554.0,2.0,585.0,0.0,606.0,-2.0,620.0,16.0,,,632.0,0.0,646.0,0.0,662.0,4.0,669.0,0.0,764.0,0.0,799.0,8.0
mc_sinus_test_run_S62_run_000068,aVF,sinus,aVL,0,567.0,0.0,596.0,8.0,625.0,0.0,631.0,-12.0,,,654.0,0.0,,,685.0,-8.0,687.0,-6.0,779.0,0.0,823.0,6.0
mc_mi_RCA_1p0_train_run_S66_run_000010,aVR,mi,aVL,0,,,,,,,604.0,4.0,616.0,0.0,625.0,0.0,632.0,0.0,661.0,4.0,662.0,-60.0,734.0,-8.0,849.0,6.0
mc_mi_LAD_1p0_train_run_S72_run_000088,V2,mi,aVL,0,534.0,-10.0,553.0,-26.0,588.0,2.0,618.0,-2.0,,,622.0,-8.0,638.0,0.0,669.0,2.0,685.0,-20.0,747.0,0.0,839.0,12.0
mc_mi_RCA_1p0_train_run_S66_run_000023,V5,mi,aVL,0,,,,,,,591.0,-10.0,,,602.0,0.0,639.0,58.0,647.0,16.0,666.0,-10.0,743.0,0.0,839.0,40.0
mc_mi_RCA_1p0_validation_run_S63_run_000065,aVF,mi,aVL,0,527.0,-6.0,558.0,4.0,571.0,0.0,605.0,56.0,,,611.0,-20.0,,,649.0,12.0,661.0,-2.0,787.0,68.0,862.0,-2.0
mc_mi_LAD_1p0_test_run_S64_run_000097,II,mi,aVL,0,526.0,-30.0,559.0,0.0,579.0,4.0,605.0,-6.0,,,617.0,0.0,644.0,0.0,657.0,14.0,673.0,26.0,738.0,0.0,839.0,8.0
mc_mi_LAD_0p3_train_run_S69_run_000038,II,mi,aVL,0,509.0,-20.0,551.0,-2.0,579.0,-4.0,598.0,-2.0,,,610.0,0.0,621.0,0.0,646.0,6.0,,,,,,
mc_mi_LAD_0p3_train_run_S73_run_000007,II,mi,aVL,0,463.0,-132.0,515.0,-80.0,516.0,-106.0,598.0,32.0,609.0,,617.0,0.0,624.0,0.0,669.0,30.0,671.0,-4.0,824.0,170.0,881.0,0.0
mc_mi_RCA_0p3_validation_run_S67_run_000099,aVR,mi,aVL,0,432.0,-288.0,447.0,-268.0,447.0,-280.0,620.0,-22.0,,,632.0,-42.0,643.0,,677.0,8.0,697.0,-6.0,866.0,208.0,873.0,148.0
mc_mi_RCA_1p0_train_run_S72_run_000091,V4,mi,aVL,0,530.0,,540.0,,563.0,,602.0,-2.0,,,610.0,0.0,628.0,2.0,643.0,-64.0,655.0,-40.0,731.0,0.0,808.0,22.0
mc_mi_LCX_0p3_post_test_run_S62_run_000031,V6,mi,aVL,0,468.0,-160.0,532.0,-98.0,534.0,-134.0,611.0,-8.0,,,644.0,0.0,688.0,-18.0,688.0,-138.0,712.0,-90.0,802.0,-2.0,901.0,72.0
mc_mi_RCA_1p0_train_run_S72_run_000068,aVF,mi,aVL,0,541.0,-6.0,556.0,-18.0,593.0,-18.0,605.0,-12.0,,,623.0,0.0,662.0,2.0,678.0,-92.0,679.0,-90.0,752.0,0.0,826.0,-2.0
mc_sinus_validation_run_S63_run_000004,aVF,sinus,aVF,1,553.0,0.0,585.0,0.0,606.0,-2.0,620.0,16.0,,,632.0,0.0,646.0,0.0,662.0,4.0,669.0,0.0,764.0,0.0,799.0,8.0
mc_sinus_test_run_S62_run_000068,aVF,sinus,aVF,1,567.0,0.0,596.0,8.0,625.0,0.0,630.0,-14.0,,,654.0,0.0,,,685.0,-8.0,687.0,-6.0,779.0,0.0,823.0,6.0
mc_mi_RCA_1p0_train_run_S66_run_000010,aVR,mi,aVF,0,531.0,-14.0,547.0,8.0,560.0,8.0,601.0,-2.0,616.0,0.0,625.0,0.0,632.0,0.0,661.0,4.0,662.0,-60.0,734.0,-8.0,847.0,2.0
mc_mi_LAD_1p0_train_run_S72_run_000088,V2,mi,aVF,0,534.0,-10.0,553.0,-26.0,588.0,2.0,617.0,-4.0,,,622.0,-8.0,638.0,0.0,669.0,2.0,688.0,-14.0,747.0,0.0,840.0,14.0
mc_mi_RCA_1p0_train_run_S66_run_000023,V5,mi,aVF,0,486.0,-72.0,494.0,-56.0,494.0,-56.0,592.0,-8.0,,,602.0,0.0,639.0,58.0,647.0,16.0,666.0,-10.0,743.0,0.0,838.0,38.0
mc_mi_RCA_1p0_validation_run_S63_run_000065,aVF,mi,aVF,1,527.0,-6.0,558.0,4.0,573.0,4.0,600.0,46.0,,,621.0,0.0,,,651.0,16.0,661.0,-2.0,787.0,68.0,841.0,-44.0
mc_mi_LAD_1p0_test_run_S64_run_000097,II,mi,aVF,0,526.0,-30.0,559.0,0.0,579.0,4.0,604.0,-8.0,,,617.0,0.0,644.0,0.0,661.0,22.0,673.0,26.0,738.0,0.0,838.0,6.0
mc_mi_LAD_0p3_train_run_S69_run_000038,II,mi,aVF,0,504.0,-30.0,551.0,-2.0,581.0,0.0,597.0,-4.0,,,610.0,0.0,621.0,0.0,646.0,6.0,,,,,,
mc_mi_LAD_0p3_train_run_S73_run_000007,II,mi,aVF,0,529.0,0.0,557.0,4.0,569.0,0.0,595.0,26.0,609.0,,617.0,0.0,624.0,0.0,667.0,26.0,672.0,-2.0,814.0,150.0,814.0,-134.0
mc_mi_RCA_0p3_validation_run_S67_run_000099,aVR,mi,aVF,0,566.0,-20.0,581.0,0.0,591.0,8.0,618.0,-26.0,,,632.0,-42.0,643.0,,689.0,32.0,697.0,-6.0,809.0,94.0,809.0,20.0
mc_mi_RCA_1p0_train_run_S72_run_000091,V4,mi,aVF,0,531.0,,540.0,,562.0,,602.0,-2.0,,,610.0,0.0,628.0,2.0,644.0,-62.0,655.0,-40.0,731.0,0.0,809.0,24.0
mc_mi_LCX_0p3_post_test_run_S62_run_000031,V6,mi,aVF,0,545.0,-6.0,581.0,0.0,600.0,-2.0,608.0,-14.0,,,644.0,0.0,689.0,-16.0,689.0,-136.0,712.0,-90.0,802.0,-2.0,867.0,4.0
mc_mi_RCA_1p0_train_run_S72_run_000068,aVF,mi,aVF,1,543.0,-2.0,556.0,-18.0,591.0,-22.0,604.0,-14.0,,,607.0,-32.0,662.0,2.0,679.0,-90.0,680.0,-88.0,752.0,0.0,826.0,-2.0
mc_sinus_validation_run_S63_run_000004,aVF,sinus,V1,0,554.0,2.0,585.0,0.0,606.0,-2.0,620.0,16.0,,,632.0,0.0,646.0,0.0,662.0,4.0,669.0,0.0,764.0,0.0,799.0,8.0
mc_sinus_test_run_S62_run_000068,aVF,sinus,V1,0,567.0,0.0,596.0,8.0,625.0,0.0,630.0,-14.0,,,654.0,0.0,,,685.0,-8.0,687.0,-6.0,779.0,0.0,823.0,6.0
mc_mi_RCA_1p0_train_run_S66_run_000010,aVR,mi,V1,0,536.0,-4.0,547.0,8.0,559.0,6.0,603.0,2.0,616.0,0.0,625.0,0.0,632.0,0.0,659.0,0.0,660.0,-64.0,734.0,-8.0,847.0,2.0
mc_mi_LAD_1p0_train_run_S72_run_000088,V2,mi,V1,0,534.0,-10.0,553.0,-26.0,588.0,2.0,618.0,-2.0,,,622.0,-8.0,638.0,0.0,669.0,2.0,689.0,-12.0,747.0,0.0,839.0,12.0
mc_mi_RCA_1p0_train_run_S66_run_000023,V5,mi,V1,0,537.0,30.0,546.0,48.0,546.0,48.0,594.0,-4.0,,,602.0,0.0,639.0,58.0,640.0,2.0,666.0,-10.0,743.0,0.0,839.0,40.0
mc_mi_RCA_1p0_validation_run_S63_run_000065,aVF,mi,V1,0,527.0,-6.0,558.0,4.0,572.0,2.0,605.0,56.0,,,611.0,-20.0,,,649.0,12.0,661.0,-2.0,787.0,68.0,862.0,-2.0
mc_mi_LAD_1p0_test_run_S64_run_000097,II,mi,V1,0,526.0,-30.0,559.0,0.0,579.0,4.0,604.0,-8.0,,,617.0,0.0,644.0,0.0,656.0,12.0,673.0,26.0,738.0,0.0,838.0,6.0
mc_mi_LAD_0p3_train_run_S69_run_000038,II,mi,V1,0,508.0,-22.0,551.0,-2.0,580.0,-2.0,597.0,-4.0,,,610.0,0.0,621.0,0.0,645.0,4.0,,,,,,
mc_mi_LAD_0p3_train_run_S73_run_000007,II,mi,V1,0,529.0,0.0,557.0,4.0,570.0,2.0,600.0,36.0,609.0,,617.0,0.0,624.0,0.0,656.0,4.0,672.0,-2.0,816.0,154.0,817.0,-128.0
mc_mi_RCA_0p3_validation_run_S67_run_000099,aVR,mi,V1,0,574.0,-4.0,581.0,0.0,588.0,2.0,622.0,-18.0,643.0,0.0,653.0,0.0,664.0,,676.0,6.0,697.0,-6.0,866.0,208.0,872.0,146.0
mc_mi_RCA_1p0_train_run_S72_run_000091,V4,mi,V1,0,530.0,,540.0,,562.0,,602.0,-2.0,,,610.0,0.0,628.0,2.0,644.0,-62.0,655.0,-40.0,731.0,0.0,808.0,22.0
mc_mi_LCX_0p3_post_test_run_S62_run_000031,V6,mi,V1,0,545.0,-6.0,581.0,0.0,600.0,-2.0,610.0,-10.0,,,644.0,0.0,689.0,-16.0,689.0,-136.0,712.0,-90.0,802.0,-2.0,871.0,12.0
mc_mi_RCA_1p0_train_run_S72_run_000068,aVF,mi,V1,0,541.0,-6.0,556.0,-18.0,579.0,-46.0,605.0,-12.0,,,623.0,0.0,662.0,2.0,678.0,-92.0,679.0,-90.0,752.0,0.0,825.0,-4.0
mc_sinus_validation_run_S63_run_000004,aVF,sinus,V2,0,554.0,2.0,585.0,0.0,606.0,-2.0,620.0,16.0,,,632.0,0.0,646.0,0.0,662.0,4.0,669.0,0.0,764.0,0.0,799.0,8.0
mc_sinus_test_run_S62_run_000068,aVF,sinus,V2,0,567.0,0.0,596.0,8.0,625.0,0.0,631.0,-12.0,,,654.0,0.0,,,685.0,-8.0,687.0,-6.0,779.0,0.0,822.0,4.0
mc_mi_RCA_1p0_train_run_S66_run_000010,aVR,mi,V2,0,536.0,-4.0,547.0,8.0,557.0,2.0,604.0,4.0,616.0,0.0,625.0,0.0,632.0,0.0,657.0,-4.0,658.0,-68.0,734.0,-8.0,845.0,-2.0
mc_mi_LAD_1p0_train_run_S72_run_000088,V2,mi,V2,1,534.0,-10.0,553.0,-26.0,588.0,2.0,618.0,-2.0,,,622.0,-8.0,638.0,0.0,668.0,0.0,690.0,-10.0,747.0,0.0,839.0,12.0
mc_mi_RCA_1p0_train_run_S66_run_000023,V5,mi,V2,0,,,,,,,594.0,-4.0,,,602.0,0.0,637.0,54.0,637.0,-4.0,666.0,-10.0,743.0,0.0,838.0,38.0
mc_mi_RCA_1p0_validation_run_S63_run_000065,aVF,mi,V2,0,527.0,-6.0,558.0,4.0,572.0,2.0,605.0,56.0,,,611.0,-20.0,,,648.0,10.0,661.0,-2.0,787.0,68.0,850.0,-26.0
mc_mi_LAD_1p0_test_run_S64_run_000097,II,mi,V2,0,527.0,-28.0,559.0,0.0,579.0,4.0,605.0,-6.0,,,617.0,0.0,644.0,0.0,656.0,12.0,673.0,26.0,738.0,0.0,838.0,6.0
mc_mi_LAD_0p3_train_run_S69_run_000038,II,mi,V2,0,510.0,-18.0,551.0,-2.0,580.0,-2.0,598.0,-2.0,,,610.0,0.0,621.0,0.0,645.0,4.0,,,,,,
mc_mi_LAD_0p3_train_run_S73_run_000007,II,mi,V2,0,528.0,-2.0,557.0,4.0,570.0,2.0,600.0,36.0,609.0,,617.0,0.0,624.0,0.0,654.0,0.0,672.0,-2.0,814.0,150.0,814.0,-134.0
mc_mi_RCA_0p3_validation_run_S67_run_000099,aVR,mi,V2,0,430.0,-292.0,507.0,-148.0,514.0,-146.0,620.0,-22.0,,,632.0,-42.0,643.0,,677.0,8.0,697.0,-6.0,811.0,98.0,811.0,24.0
mc_mi_RCA_1p0_train_run_S72_run_000091,V4,mi,V2,0,531.0,,540.0,,562.0,,602.0,-2.0,,,610.0,0.0,628.0,2.0,643.0,-64.0,655.0,-40.0,731.0,0.0,808.0,22.0
mc_mi_LCX_0p3_post_test_run_S62_run_000031,V6,mi,V2,0,545.0,-6.0,581.0,0.0,600.0,-2.0,610.0,-10.0,,,644.0,0.0,688.0,-18.0,688.0,-138.0,712.0,-90.0,802.0,-2.0,865.0,0.0
mc_mi_RCA_1p0_train_run_S72_run_000068,aVF,mi,V2,0,543.0,-2.0,556.0,-18.0,580.0,-44.0,607.0,-8.0,,,623.0,0.0,662.0,2.0,678.0,-92.0,679.0,-90.0,752.0,0.0,825.0,-4.0
mc_sinus_validation_run_S63_run_000004,aVF,sinus,V3,0,554.0,2.0,585.0,0.0,606.0,-2.0,620.0,16.0,,,632.0,0.0,646.0,0.0,662.0,4.0,669.0,0.0,764.0,0.0,799.0,8.0
mc_sinus_test_run_S62_run_000068,aVF,sinus,V3,0,567.0,0.0,596.0,8.0,625.0,0.0,631.0,-12.0,,,654.0,0.0,,,685.0,-8.0,687.0,-6.0,779.0,0.0,822.0,4.0
mc_mi_RCA_1p0_train_run_S66_run_000010,aVR,mi,V3,0,531.0,-14.0,547.0,8.0,560.0,8.0,604.0,4.0,616.0,0.0,625.0,0.0,632.0,0.0,658.0,-2.0,659.0,-66.0,734.0,-8.0,845.0,-2.0
mc_mi_LAD_1p0_train_run_S72_run_000088,V2,mi,V3,0,534.0,-10.0,553.0,-26.0,588.0,2.0,618.0,-2.0,,,622.0,-8.0,638.0,0.0,669.0,2.0,691.0,-8.0,747.0,0.0,840.0,14.0
mc_mi_RCA_1p0_train_run_S66_run_000023,V5,mi,V3,0,,,,,,,595.0,-2.0,,,602.0,0.0,639.0,58.0,646.0,14.0,666.0,-10.0,743.0,0.0,836.0,34.0
mc_mi_RCA_1p0_validation_run_S63_run_000065,aVF,mi,V3,0,527.0,-6.0,558.0,4.0,573.0,4.0,605.0,56.0,,,611.0,-20.0,,,648.0,10.0,661.0,-2.0,787.0,68.0,843.0,-40.0
mc_mi_LAD_1p0_test_run_S64_run_000097,II,mi,V3,0,527.0,-28.0,559.0,0.0,579.0,4.0,605.0,-6.0,,,617.0,0.0,644.0,0.0,658.0,16.0,674.0,28.0,738.0,0.0,838.0,6.0
mc_mi_LAD_0p3_train_run_S69_run_000038,II,mi,V3,0,509.0,-20.0,551.0,-2.0,581.0,0.0,598.0,-2.0,,,610.0,0.0,621.0,0.0,646.0,6.0,660.0,-2.0,755.0,0.0,798.0,-134.0
mc_mi_LAD_0p3_train_run_S73_run_000007,II,mi,V3,0,528.0,-2.0,557.0,4.0,570.0,2.0,601.0,38.0,609.0,,617.0,0.0,624.0,0.0,655.0,2.0,672.0,-2.0,810.0,142.0,810.0,-142.0
mc_mi_RCA_0p3_validation_run_S67_run_000099,aVR,mi,V3,0,476.0,-200.0,510.0,-142.0,514.0,-146.0,620.0,-22.0,,,632.0,-42.0,643.0,,688.0,30.0,697.0,-6.0,804.0,84.0,804.0,10.0
mc_mi_RCA_1p0_train_run_S72_run_000091,V4,mi,V3,0,531.0,,540.0,,562.0,,602.0,-2.0,,,610.0,0.0,628.0,2.0,643.0,-64.0,656.0,-38.0,731.0,0.0,807.0,20.0
mc_mi_LCX_0p3_post_test_run_S62_run_000031,V6,mi,V3,0,545.0,-6.0,581.0,0.0,600.0,-2.0,610.0,-10.0,,,644.0,0.0,688.0,-18.0,688.0,-138.0,712.0,-90.0,802.0,-2.0,864.0,-2.0
mc_mi_RCA_1p0_train_run_S72_run_000068,aVF,mi,V3,0,543.0,-2.0,556.0,-18.0,580.0,-44.0,605.0,-12.0,,,623.0,0.0,662.0,2.0,678.0,-92.0,679.0,-90.0,752.0,0.0,825.0,-4.0
mc_sinus_validation_run_S63_run_000004,aVF,sinus,V4,0,554.0,2.0,585.0,0.0,606.0,-2.0,620.0,16.0,,,632.0,0.0,646.0,0.0,662.0,4.0,669.0,0.0,764.0,0.0,799.0,8.0
mc_sinus_test_run_S62_run_000068,aVF,sinus,V4,0,567.0,0.0,596.0,8.0,625.0,0.0,631.0,-12.0,,,654.0,0.0,,,685.0,-8.0,687.0,-6.0,779.0,0.0,823.0,6.0
mc_mi_RCA_1p0_train_run_S66_run_000010,aVR,mi,V4,0,530.0,-16.0,547.0,8.0,562.0,12.0,602.0,0.0,616.0,0.0,625.0,0.0,632.0,0.0,660.0,2.0,661.0,-62.0,734.0,-8.0,845.0,-2.0
mc_mi_LAD_1p0_train_run_S72_run_000088,V2,mi,V4,0,534.0,-10.0,553.0,-26.0,588.0,2.0,618.0,-2.0,,,622.0,-8.0,638.0,0.0,669.0,2.0,690.0,-10.0,747.0,0.0,840.0,14.0
mc_mi_RCA_1p0_train_run_S66_run_000023,V5,mi,V4,0,485.0,-74.0,505.0,-34.0,521.0,-2.0,595.0,-2.0,,,602.0,0.0,639.0,58.0,647.0,16.0,666.0,-10.0,743.0,0.0,801.0,-36.0
mc_mi_RCA_1p0_validation_run_S63_run_000065,aVF,mi,V4,0,527.0,-6.0,558.0,4.0,575.0,8.0,603.0,52.0,,,611.0,-20.0,,,649.0,12.0,661.0,-2.0,787.0,68.0,825.0,-76.0
mc_mi_LAD_1p0_test_run_S64_run_000097,II,mi,V4,0,526.0,-30.0,559.0,0.0,579.0,4.0,604.0,-8.0,,,617.0,0.0,644.0,0.0,656.0,12.0,674.0,28.0,738.0,0.0,839.0,8.0
mc_mi_LAD_0p3_train_run_S69_run_000038,II,mi,V4,0,504.0,-30.0,551.0,-2.0,581.0,0.0,597.0,-4.0,,,610.0,0.0,621.0,0.0,645.0,4.0,,,,,,
mc_mi_LAD_0p3_train_run_S73_run_000007,II,mi,V4,0,528.0,-2.0,557.0,4.0,571.0,4.0,600.0,36.0,609.0,,617.0,0.0,624.0,0.0,655.0,2.0,672.0,-2.0,809.0,140.0,809.0,-144.0
mc_mi_RCA_0p3_validation_run_S67_run_000099,aVR,mi,V4,0,567.0,-18.0,581.0,0.0,590.0,6.0,621.0,-20.0,,,632.0,-42.0,643.0,,687.0,28.0,697.0,-6.0,802.0,80.0,802.0,6.0
mc_mi_RCA_1p0_train_run_S72_run_000091,V4,mi,V4,1,531.0,,540.0,,562.0,,602.0,-2.0,,,610.0,0.0,628.0,2.0,642.0,-66.0,655.0,-40.0,731.0,0.0,807.0,20.0
mc_mi_LCX_0p3_post_test_run_S62_run_000031,V6,mi,V4,0,545.0,-6.0,581.0,0.0,600.0,-2.0,611.0,-8.0,,,644.0,0.0,688.0,-18.0,688.0,-138.0,712.0,-90.0,802.0,-2.0,864.0,-2.0
mc_mi_RCA_1p0_train_run_S72_run_000068,aVF,mi,V4,0,542.0,-4.0,556.0,-18.0,580.0,-44.0,605.0,-12.0,,,623.0,0.0,662.0,2.0,678.0,-92.0,679.0,-90.0,752.0,0.0,825.0,-4.0
mc_sinus_validation_run_S63_run_000004,aVF,sinus,V5,0,553.0,0.0,585.0,0.0,607.0,0.0,620.0,16.0,,,632.0,0.0,646.0,0.0,662.0,4.0,669.0,0.0,764.0,0.0,799.0,8.0
mc_sinus_test_run_S62_run_000068,aVF,sinus,V5,0,567.0,0.0,596.0,8.0,625.0,0.0,630.0,-14.0,,,654.0,0.0,,,685.0,-8.0,687.0,-6.0,779.0,0.0,823.0,6.0
mc_mi_RCA_1p0_train_run_S66_run_000010,aVR,mi,V5,0,530.0,-16.0,547.0,8.0,563.0,14.0,601.0,-2.0,616.0,0.0,625.0,0.0,632.0,0.0,660.0,2.0,661.0,-62.0,734.0,-8.0,847.0,2.0
mc_mi_LAD_1p0_train_run_S72_run_000088,V2,mi,V5,0,533.0,-12.0,553.0,-26.0,588.0,2.0,617.0,-4.0,,,622.0,-8.0,638.0,0.0,669.0,2.0,686.0,-18.0,747.0,0.0,841.0,16.0
mc_mi_RCA_1p0_train_run_S66_run_000023,V5,mi,V5,1,485.0,-74.0,505.0,-34.0,522.0,0.0,589.0,-14.0,,,602.0,0.0,639.0,58.0,647.0,16.0,666.0,-10.0,743.0,0.0,800.0,-38.0
mc_mi_RCA_1p0_validation_run_S63_run_000065,aVF,mi,V5,0,526.0,-8.0,558.0,4.0,575.0,8.0,599.0,44.0,,,621.0,0.0,,,649.0,12.0,661.0,-2.0,787.0,68.0,825.0,-76.0
mc_mi_LAD_1p0_test_run_S64_run_000097,II,mi,V5,0,526.0,-30.0,559.0,0.0,579.0,4.0,604.0,-8.0,,,617.0,0.0,644.0,0.0,660.0,20.0,673.0,26.0,738.0,0.0,839.0,8.0
mc_mi_LAD_0p3_train_run_S69_run_000038,II,mi,V5,0,503.0,-32.0,551.0,-2.0,581.0,0.0,598.0,-2.0,,,610.0,0.0,621.0,0.0,645.0,4.0,,,,,,
mc_mi_LAD_0p3_train_run_S73_run_000007,II,mi,V5,0,528.0,-2.0,557.0,4.0,571.0,4.0,597.0,30.0,609.0,,617.0,0.0,624.0,0.0,656.0,4.0,672.0,-2.0,809.0,140.0,809.0,-144.0
mc_mi_RCA_0p3_validation_run_S67_run_000099,aVR,mi,V5,0,566.0,-20.0,581.0,0.0,591.0,8.0,619.0,-24.0,,,632.0,-42.0,643.0,,689.0,32.0,697.0,-6.0,805.0,86.0,805.0,12.0
mc_mi_RCA_1p0_train_run_S72_run_000091,V4,mi,V5,0,530.0,,540.0,,562.0,,602.0,-2.0,,,610.0,0.0,628.0,2.0,643.0,-64.0,655.0,-40.0,731.0,0.0,808.0,22.0
mc_mi_LCX_0p3_post_test_run_S62_run_000031,V6,mi,V5,0,545.0,-6.0,581.0,0.0,601.0,0.0,609.0,-12.0,,,644.0,0.0,690.0,-14.0,690.0,-134.0,711.0,-92.0,802.0,-2.0,869.0,8.0
mc_mi_RCA_1p0_train_run_S72_run_000068,aVF,mi,V5,0,540.0,-8.0,556.0,-18.0,580.0,-44.0,604.0,-14.0,,,607.0,-32.0,662.0,2.0,679.0,-90.0,680.0,-88.0,752.0,0.0,826.0,-2.0
mc_sinus_validation_run_S63_run_000004,aVF,sinus,V6,0,553.0,0.0,585.0,0.0,607.0,0.0,620.0,16.0,,,632.0,0.0,646.0,0.0,662.0,4.0,669.0,0.0,764.0,0.0,799.0,8.0
mc_sinus_test_run_S62_run_000068,aVF,sinus,V6,0,567.0,0.0,596.0,8.0,625.0,0.0,630.0,-14.0,,,654.0,0.0,,,685.0,-8.0,687.0,-6.0,779.0,0.0,823.0,6.0
mc_mi_RCA_1p0_train_run_S66_run_000010,aVR,mi,V6,0,529.0,-18.0,547.0,8.0,563.0,14.0,601.0,-2.0,616.0,0.0,625.0,0.0,632.0,0.0,662.0,6.0,663.0,-58.0,734.0,-8.0,848.0,4.0
mc_mi_LAD_1p0_train_run_S72_run_000088,V2,mi,V6,0,533.0,-12.0,553.0,-26.0,588.0,2.0,617.0,-4.0,,,622.0,-8.0,638.0,0.0,669.0,2.0,686.0,-18.0,747.0,0.0,842.0,18.0
mc_mi_RCA_1p0_train_run_S66_run_000023,V5,mi,V6,0,485.0,-74.0,505.0,-34.0,521.0,-2.0,588.0,-16.0,,,602.0,0.0,639.0,58.0,647.0,16.0,666.0,-10.0,743.0,0.0,801.0,-36.0
mc_mi_RCA_1p0_validation_run_S63_run_000065,aVF,mi,V6,0,526.0,-8.0,558.0,4.0,573.0,4.0,598.0,42.0,,,621.0,0.0,,,650.0,14.0,661.0,-2.0,787.0,68.0,815.0,-96.0
mc_mi_LAD_1p0_test_run_S64_run_000097,II,mi,V6,0,525.0,-32.0,559.0,0.0,579.0,4.0,604.0,-8.0,,,617.0,0.0,644.0,0.0,661.0,22.0,673.0,26.0,738.0,0.0,838.0,6.0
mc_mi_LAD_0p3_train_run_S69_run_000038,II,mi,V6,0,502.0,-34.0,551.0,-2.0,581.0,0.0,598.0,-2.0,,,610.0,0.0,621.0,0.0,645.0,4.0,,,,,,
mc_mi_LAD_0p3_train_run_S73_run_000007,II,mi,V6,0,528.0,-2.0,557.0,4.0,571.0,4.0,597.0,30.0,609.0,,617.0,0.0,624.0,0.0,656.0,4.0,672.0,-2.0,809.0,140.0,809.0,-144.0
mc_mi_RCA_0p3_validation_run_S67_run_000099,aVR,mi,V6,0,566.0,-20.0,581.0,0.0,591.0,8.0,620.0,-22.0,,,632.0,-42.0,643.0,,690.0,34.0,697.0,-6.0,804.0,84.0,804.0,10.0
mc_mi_RCA_1p0_train_run_S72_run_000091,V4,mi,V6,0,530.0,,540.0,,562.0,,602.0,-2.0,,,610.0,0.0,628.0,2.0,643.0,-64.0,655.0,-40.0,731.0,0.0,810.0,26.0
mc_mi_LCX_0p3_post_test_run_S62_run_000031,V6,mi,V6,1,544.0,-8.0,581.0,0.0,601.0,0.0,608.0,-14.0,,,644.0,0.0,690.0,-14.0,690.0,-134.0,710.0,-94.0,802.0,-2.0,868.0,6.0
mc_mi_RCA_1p0_train_run_S72_run_000068,aVF,mi,V6,0,540.0,-8.0,556.0,-18.0,581.0,-42.0,604.0,-14.0,,,607.0,-32.0,662.0,2.0,679.0,-90.0,680.0,-88.0,752.0,0.0,826.0,-2.0
