record_id,lead,beat_id,disease_class,crop_start,qrs_pattern_pred,order_ok_pred,p_head_prob,seg_emits_p,qrs_anchor,anchor_in_qrs,window_end,read_end,p_onset_pred,p_onset_true,p_onset_err_ms,p_peak_pred,p_peak_true,p_peak_err_ms,p_offset_pred,p_offset_true,p_offset_err_ms,qrs_onset_pred,qrs_onset_true,qrs_onset_err_ms,q_peak_pred,q_peak_true,q_peak_err_ms,r_peak_pred,r_peak_true,r_peak_err_ms,s_peak_pred,s_peak_true,s_peak_err_ms,qrs_offset_pred,qrs_offset_true,qrs_offset_err_ms,t_onset_pred,t_onset_true,t_onset_err_ms,t_peak_pred,t_peak_true,t_peak_err_ms,t_offset_pred,t_offset_true,t_offset_err_ms,qrs_duration_err_ms,qt_interval_err_ms,t_duration_err_ms,t_peak_to_end_err_ms
AnteriorInfarction_003,V3,1,AnteriorInfarction,-606,qRs,1,0.0025,0,628,1,249,500,,,,,,,,,,0,4,-8.0,8,9,-2.0,31,31,0.0,51,,,51,44,14.0,72,49,46.0,162,162,0.0,249,248,2.0,22.0,10.0,-44.0,2.0
AnteriorInfarction_003,I,1,AnteriorInfarction,-606,R,1,0.0055,0,628,1,249,500,,,,,,,,,,0,4,-8.0,,,,7,25,-36.0,,,,50,44,12.0,72,68,8.0,141,141,0.0,249,251,-4.0,20.0,4.0,-12.0,-4.0
AnteriorInfarction_003,II,1,AnteriorInfarction,-606,R,1,0.0034,0,628,1,249,500,,,,,,,,,,0,4,-8.0,,,,10,24,-28.0,,,,51,44,14.0,72,68,8.0,142,143,-2.0,250,252,-4.0,22.0,4.0,-12.0,-2.0
AnteriorInfarction_003,III,1,AnteriorInfarction,-606,RS,1,0.0051,0,628,1,249,500,,,,,,,,,,0,4,-8.0,,,,10,17,-14.0,31,31,0.0,50,44,12.0,70,49,42.0,143,143,0.0,251,250,2.0,20.0,10.0,-40.0,2.0
AnteriorInfarction_003,aVR,1,AnteriorInfarction,-606,QS,1,0.0053,0,628,1,249,500,,,,,,,,,,0,4,-8.0,24,24,0.0,,,,,,,50,44,12.0,72,49,46.0,142,142,0.0,249,180,138.0,20.0,146.0,92.0,138.0
AnteriorInfarction_003,V1,1,AnteriorInfarction,-606,rS,1,0.0035,0,628,1,249,500,,,,,,,,,,0,4,-8.0,,20,,6,36,-60.0,20,48,-56.0,51,44,14.0,73,68,10.0,169,148,42.0,251,271,-40.0,22.0,-32.0,-50.0,-82.0
AnteriorInfarction_003,V2,1,AnteriorInfarction,-606,rS,1,0.0043,0,628,1,249,500,,,,,,,,,,0,4,-8.0,,14,,2,31,-58.0,13,50,-74.0,52,44,16.0,72,87,-30.0,162,163,-2.0,250,257,-14.0,24.0,-6.0,16.0,-12.0
AnteriorInfarction_003,V4,1,AnteriorInfarction,-606,qR,1,0.0023,0,628,1,249,500,,,,,,,,,,0,4,-8.0,8,8,0.0,28,28,0.0,,,,51,44,14.0,73,49,48.0,140,140,0.0,250,220,60.0,22.0,68.0,12.0,60.0
AnteriorInfarction_003,V5,1,AnteriorInfarction,-606,qR,1,0.0026,0,628,1,249,500,,,,,,,,,,0,4,-8.0,6,6,0.0,24,24,0.0,,,,51,44,14.0,74,100,-52.0,154,154,0.0,250,278,-56.0,22.0,-48.0,-4.0,-56.0
AnteriorInfarction_003,V6,1,AnteriorInfarction,-606,qRs,1,0.0027,0,628,1,249,500,,,,,,,,,,0,4,-8.0,6,6,0.0,24,24,0.0,32,32,0.0,51,44,14.0,72,79,-14.0,149,149,0.0,249,227,44.0,22.0,52.0,58.0,44.0
AnteriorInfarction_003,aVL,1,AnteriorInfarction,-606,qR,1,0.0037,0,628,1,249,500,,,,,,,,,,0,4,-8.0,14,14,0.0,30,30,0.0,,,,50,44,12.0,71,49,44.0,144,144,0.0,251,250,2.0,20.0,10.0,-42.0,2.0
AnteriorInfarction_003,aVF,1,AnteriorInfarction,-606,Rs,1,0.0028,0,628,1,249,500,,,,,,,,,,0,4,-8.0,,,,10,24,-28.0,31,31,0.0,50,44,12.0,70,49,42.0,143,143,0.0,250,249,2.0,20.0,10.0,-40.0,2.0
AnteriorInfarction_004,V1,1,AnteriorInfarction,-604,rS,1,0.0102,0,637,1,251,500,,,,,,,,,,0,2,-4.0,,,,5,6,-2.0,21,21,0.0,48,46,4.0,68,46,44.0,151,152,-2.0,264,270,-12.0,8.0,-8.0,-56.0,-10.0
AnteriorInfarction_004,I,1,AnteriorInfarction,-604,R,1,0.0153,0,637,1,251,500,,,,,,,,,,0,2,-4.0,,,,8,30,-44.0,,51,,48,46,4.0,67,97,-60.0,139,169,-60.0,265,252,26.0,8.0,30.0,86.0,86.0
AnteriorInfarction_004,II,1,AnteriorInfarction,-604,R,1,0.0078,0,637,1,251,500,,,,,,,,,,0,2,-4.0,,,,20,20,0.0,,,,48,46,4.0,67,68,-2.0,142,143,-2.0,260,173,174.0,8.0,178.0,176.0,176.0
AnteriorInfarction_004,III,1,AnteriorInfarction,-604,rS,1,0.0137,0,637,1,251,500,,,,,,,,,,0,2,-4.0,,,,5,18,-26.0,34,33,2.0,48,46,4.0,68,51,34.0,147,147,0.0,260,269,-18.0,8.0,-14.0,-52.0,-18.0
AnteriorInfarction_004,aVR,1,AnteriorInfarction,-604,QS,1,0.0079,0,637,1,251,500,,,,,,,,,,0,2,-4.0,29,30,-2.0,,,,,,,48,46,4.0,66,75,-18.0,141,141,0.0,263,251,24.0,8.0,28.0,42.0,24.0
AnteriorInfarction_004,aVL,1,AnteriorInfarction,-604,QRS,1,0.0137,0,637,1,251,500,,,,,,,,,,0,2,-4.0,5,5,0.0,8,30,-44.0,48,51,-6.0,48,46,4.0,68,100,-64.0,154,154,0.0,262,265,-6.0,8.0,-2.0,58.0,-6.0
AnteriorInfarction_004,aVF,1,AnteriorInfarction,-604,RS,1,0.0087,0,637,1,251,500,,,,,,,,,,0,2,-4.0,,,,6,19,-26.0,35,36,-2.0,48,46,4.0,67,74,-14.0,144,144,0.0,258,250,16.0,8.0,20.0,30.0,16.0
AnteriorInfarction_004,V2,1,AnteriorInfarction,-604,rS,1,0.009,0,637,1,251,500,,,,,,,,,,0,2,-4.0,,,,4,12,-16.0,26,26,0.0,48,46,4.0,68,53,30.0,154,155,-2.0,260,262,-4.0,8.0,0.0,-34.0,-2.0
AnteriorInfarction_004,V3,1,AnteriorInfarction,-604,QR,1,0.0063,0,637,1,251,500,,,,,,,,,,0,2,-4.0,9,10,-2.0,20,32,-24.0,,,,48,46,4.0,68,87,-38.0,143,175,-64.0,256,255,2.0,8.0,6.0,40.0,66.0
AnteriorInfarction_004,V4,1,AnteriorInfarction,-604,R,1,0.0067,0,637,1,251,500,,,,,,,,,,0,2,-4.0,,7,,31,31,0.0,,,,48,46,4.0,68,59,18.0,176,170,12.0,258,251,14.0,8.0,18.0,-4.0,2.0
AnteriorInfarction_004,V5,1,AnteriorInfarction,-604,R,1,0.0062,0,637,1,251,500,,,,,,,,,,0,2,-4.0,,7,,26,26,0.0,,,,48,46,4.0,67,94,-54.0,148,148,0.0,261,251,20.0,8.0,24.0,74.0,20.0
AnteriorInfarction_004,V6,1,AnteriorInfarction,-604,Rs,1,0.0066,0,637,1,251,500,,,,,,,,,,0,2,-4.0,,4,,20,20,0.0,30,31,-2.0,48,46,4.0,67,62,10.0,144,144,0.0,262,251,22.0,8.0,26.0,12.0,22.0
AnteriorInfarction_005,V3,1,AnteriorInfarction,-605,QRs,1,0.0002,0,638,1,250,500,,,,,,,,,,0,5,-10.0,8,8,0.0,17,31,-28.0,51,,,51,48,6.0,58,89,-62.0,146,146,0.0,246,266,-40.0,16.0,-30.0,22.0,-40.0
AnteriorInfarction_005,I,1,AnteriorInfarction,-605,R,1,0.0002,0,638,1,250,500,,,,,,,,,,0,5,-10.0,,,,10,26,-32.0,,,,49,48,2.0,58,72,-28.0,137,137,0.0,244,250,-12.0,12.0,-2.0,16.0,-12.0
AnteriorInfarction_005,II,1,AnteriorInfarction,-605,R,1,0.0001,0,638,1,250,500,,,,,,,,,,0,5,-10.0,,,,16,24,-16.0,,44,,50,48,4.0,58,50,16.0,142,142,0.0,245,267,-44.0,14.0,-34.0,-60.0,-44.0
AnteriorInfarction_005,III,1,AnteriorInfarction,-605,RS,1,0.0003,0,638,1,250,500,,,,,,,,,,0,5,-10.0,,,,6,17,-22.0,31,31,0.0,50,48,4.0,57,70,-26.0,147,148,-2.0,246,234,24.0,14.0,34.0,50.0,26.0
AnteriorInfarction_005,aVR,1,AnteriorInfarction,-605,QS,1,0.0002,0,638,1,250,500,,,,,,,,,,0,5,-10.0,24,24,0.0,,,,,,,50,48,4.0,58,66,-16.0,140,140,0.0,245,255,-20.0,14.0,-10.0,-4.0,-20.0
AnteriorInfarction_005,aVL,1,AnteriorInfarction,-605,qrS,1,0.0001,0,638,1,250,500,,,,,,,,,,0,5,-10.0,5,18,-26.0,8,31,-46.0,17,,,50,48,4.0,57,50,14.0,153,153,0.0,246,263,-34.0,14.0,-24.0,-48.0,-34.0
AnteriorInfarction_005,aVF,1,AnteriorInfarction,-605,R,1,0.0001,0,638,1,250,500,,,,,,,,,,0,5,-10.0,,,,16,24,-16.0,,38,,50,48,4.0,58,52,12.0,144,144,0.0,245,262,-34.0,14.0,-24.0,-46.0,-34.0
AnteriorInfarction_005,V1,1,AnteriorInfarction,-605,rS,1,0.0002,0,638,1,250,500,,,,,,,,,,0,5,-10.0,,23,,5,33,-56.0,23,48,-50.0,50,48,4.0,58,100,-84.0,137,137,0.0,247,269,-44.0,14.0,-34.0,40.0,-44.0
AnteriorInfarction_005,V2,1,AnteriorInfarction,-605,rS,1,0.0002,0,638,1,250,500,,,,,,,,,,0,5,-10.0,,22,,3,31,-56.0,22,53,-62.0,50,48,4.0,58,87,-58.0,142,142,0.0,247,274,-54.0,14.0,-44.0,4.0,-54.0
AnteriorInfarction_005,V4,1,AnteriorInfarction,-605,qR,1,0.0001,0,638,1,250,500,,,,,,,,,,0,5,-10.0,8,8,0.0,29,29,0.0,,,,51,48,6.0,58,58,0.0,144,145,-2.0,247,263,-32.0,16.0,-22.0,-32.0,-30.0
AnteriorInfarction_005,V5,1,AnteriorInfarction,-605,qR,1,0.0001,0,638,1,250,500,,,,,,,,,,0,5,-10.0,6,7,-2.0,24,25,-2.0,,,,50,48,4.0,58,101,-86.0,172,172,0.0,245,254,-18.0,14.0,-8.0,68.0,-18.0
AnteriorInfarction_005,V6,1,AnteriorInfarction,-605,R,1,0.0,0,638,1,250,500,,,,,,,,,,0,5,-10.0,,,,21,22,-2.0,,,,50,48,4.0,58,52,12.0,143,143,0.0,246,263,-34.0,14.0,-24.0,-46.0,-34.0
AnteriorInfarction_006,V5,1,AnteriorInfarction,-611,R,1,0.0014,0,627,1,244,500,,,,,,,,,,0,2,-4.0,,,,26,26,0.0,,,,44,43,2.0,55,98,-86.0,169,169,0.0,258,259,-2.0,6.0,2.0,84.0,-2.0
AnteriorInfarction_006,I,1,AnteriorInfarction,-611,R,1,0.0031,0,627,1,244,500,,,,,,,,,,0,2,-4.0,,,,8,29,-42.0,,48,,44,43,2.0,54,102,-96.0,168,168,0.0,256,255,2.0,6.0,6.0,98.0,2.0
AnteriorInfarction_006,II,1,AnteriorInfarction,-611,R,1,0.0016,0,627,1,244,500,,,,,,,,,,0,2,-4.0,,,,10,25,-30.0,,,,44,43,2.0,54,69,-30.0,140,141,-2.0,257,259,-4.0,6.0,0.0,26.0,-2.0
AnteriorInfarction_006,III,1,AnteriorInfarction,-611,RS,1,0.0024,0,627,1,244,500,,,,,,,,,,0,2,-4.0,,,,10,10,0.0,29,29,0.0,44,43,2.0,54,50,8.0,142,142,0.0,256,248,16.0,6.0,20.0,8.0,16.0
AnteriorInfarction_006,aVR,1,AnteriorInfarction,-611,QS,1,0.0016,0,627,1,244,500,,,,,,,,,,0,2,-4.0,25,25,0.0,,,,,,,44,43,2.0,54,62,-16.0,140,140,0.0,257,253,8.0,6.0,12.0,24.0,8.0
AnteriorInfarction_006,aVL,1,AnteriorInfarction,-611,qRs,1,0.0019,0,627,1,244,500,,,,,,,,,,0,2,-4.0,10,10,0.0,23,29,-12.0,44,,,44,43,2.0,53,91,-76.0,146,146,0.0,257,254,6.0,6.0,10.0,82.0,6.0
AnteriorInfarction_006,aVF,1,AnteriorInfarction,-611,Rs,1,0.0013,0,627,1,244,500,,,,,,,,,,0,2,-4.0,,,,10,10,0.0,29,29,0.0,44,43,2.0,54,50,8.0,141,141,0.0,256,252,8.0,6.0,12.0,0.0,8.0
AnteriorInfarction_006,V1,1,AnteriorInfarction,-611,rS,1,0.0021,0,627,1,244,500,,,,,,,,,,0,2,-4.0,,,,9,9,0.0,23,24,-2.0,44,43,2.0,54,54,0.0,148,148,0.0,259,266,-14.0,6.0,-10.0,-14.0,-14.0
AnteriorInfarction_006,V2,1,AnteriorInfarction,-611,RS,1,0.0019,0,627,1,244,500,,,,,,,,,,0,2,-4.0,,,,10,11,-2.0,21,21,0.0,44,43,2.0,55,48,14.0,143,143,0.0,258,267,-18.0,6.0,-14.0,-32.0,-18.0
AnteriorInfarction_006,V3,1,AnteriorInfarction,-611,RS,1,0.0009,0,627,1,244,500,,,,,,,,,,0,2,-4.0,,,,11,11,0.0,20,21,-2.0,44,43,2.0,55,70,-30.0,158,158,0.0,256,243,26.0,6.0,30.0,56.0,26.0
AnteriorInfarction_006,V4,1,AnteriorInfarction,-611,RS,1,0.0011,0,627,1,244,500,,,,,,,,,,0,2,-4.0,,19,,11,27,-32.0,19,,,44,43,2.0,54,93,-78.0,154,154,0.0,257,248,18.0,6.0,22.0,96.0,18.0
AnteriorInfarction_006,V6,1,AnteriorInfarction,-611,R,1,0.001,0,627,1,244,500,,,,,,,,,,0,2,-4.0,,5,,22,22,0.0,,,,44,43,2.0,54,72,-36.0,147,147,0.0,257,247,20.0,6.0,24.0,56.0,20.0
AnteriorInfarction_007,V3,1,AnteriorInfarction,-608,qR,1,0.0037,0,637,1,247,500,,,,,,,,,,0,3,-6.0,9,9,0.0,27,27,0.0,,,,49,43,12.0,59,50,18.0,141,142,-2.0,240,262,-44.0,18.0,-38.0,-62.0,-42.0
AnteriorInfarction_007,I,1,AnteriorInfarction,-608,qR,1,0.0026,0,637,1,247,500,,,,,,,,,,1,3,-4.0,11,11,0.0,23,23,0.0,,,,48,43,10.0,58,48,20.0,165,165,0.0,239,250,-22.0,14.0,-18.0,-42.0,-22.0
AnteriorInfarction_007,II,1,AnteriorInfarction,-608,R,1,0.0023,0,637,1,247,500,,,,,,,,,,1,3,-4.0,,,,18,22,-8.0,,,,48,43,10.0,58,70,-24.0,141,141,0.0,239,170,138.0,14.0,142.0,162.0,138.0
AnteriorInfarction_007,III,1,AnteriorInfarction,-608,Rs,1,0.0039,0,637,1,247,500,,,,,,,,,,0,3,-6.0,,,,14,14,0.0,29,29,0.0,48,43,10.0,59,50,18.0,141,141,0.0,241,251,-20.0,16.0,-14.0,-38.0,-20.0
AnteriorInfarction_007,aVR,1,AnteriorInfarction,-608,QS,1,0.003,0,637,1,247,500,,,,,,,,,,1,3,-4.0,23,23,0.0,,,,,,,48,43,10.0,58,70,-24.0,141,141,0.0,240,250,-20.0,14.0,-16.0,4.0,-20.0
AnteriorInfarction_007,aVL,1,AnteriorInfarction,-608,QRs,1,0.003,0,637,1,247,500,,,,,,,,,,0,3,-6.0,11,11,0.0,23,28,-10.0,48,,,48,43,10.0,58,94,-72.0,141,142,-2.0,240,250,-20.0,16.0,-14.0,52.0,-18.0
AnteriorInfarction_007,aVF,1,AnteriorInfarction,-608,R,1,0.0028,0,637,1,247,500,,,,,,,,,,0,3,-6.0,,,,17,17,0.0,,31,,48,43,10.0,58,70,-24.0,141,141,0.0,240,262,-44.0,16.0,-38.0,-20.0,-44.0
AnteriorInfarction_007,V1,1,AnteriorInfarction,-608,rS,1,0.0036,0,637,1,247,500,,,,,,,,,,0,3,-6.0,,22,,4,33,-58.0,21,,,48,43,10.0,58,48,20.0,149,149,0.0,242,269,-54.0,16.0,-48.0,-74.0,-54.0
AnteriorInfarction_007,V2,1,AnteriorInfarction,-608,qRs,1,0.0043,0,637,1,247,500,,,,,,,,,,0,3,-6.0,10,10,0.0,28,29,-2.0,49,,,49,43,12.0,60,87,-54.0,142,143,-2.0,241,269,-56.0,18.0,-50.0,-2.0,-54.0
AnteriorInfarction_007,V5,1,AnteriorInfarction,-608,qR,1,0.0017,0,637,1,247,500,,,,,,,,,,0,3,-6.0,7,7,0.0,21,21,0.0,,,,48,43,10.0,59,78,-38.0,145,145,0.0,241,168,146.0,16.0,152.0,184.0,146.0
AnteriorInfarction_007,V6,1,AnteriorInfarction,-608,qR,1,0.0015,0,637,1,247,500,,,,,,,,,,0,3,-6.0,6,7,-2.0,21,21,0.0,,,,48,43,10.0,58,50,16.0,145,145,0.0,242,257,-30.0,16.0,-24.0,-46.0,-30.0
AnteriorInfarction_007,V4,1,AnteriorInfarction,-608,qR,1,0.0031,0,637,1,247,500,,,,,,,,,,0,3,-6.0,9,9,0.0,25,25,0.0,,,,49,43,12.0,61,50,22.0,140,140,0.0,242,265,-46.0,18.0,-40.0,-68.0,-46.0
AnteriorInfarction_008,V2,1,AnteriorInfarction,-610,rS,1,0.007,0,637,1,245,500,,,,,,,,,,0,2,-4.0,,,,6,7,-2.0,23,24,-2.0,47,46,2.0,63,52,22.0,144,144,0.0,246,254,-16.0,6.0,-12.0,-38.0,-16.0
AnteriorInfarction_008,I,1,AnteriorInfarction,-610,R,1,0.0089,0,637,1,245,500,,,,,,,,,,0,2,-4.0,,,,28,28,0.0,,,,47,46,2.0,63,100,-74.0,166,167,-2.0,246,252,-12.0,6.0,-8.0,62.0,-10.0
AnteriorInfarction_008,II,1,AnteriorInfarction,-610,R,1,0.0059,0,637,1,245,500,,,,,,,,,,0,2,-4.0,,,,24,25,-2.0,,,,47,46,2.0,62,68,-12.0,143,143,0.0,240,246,-12.0,6.0,-8.0,0.0,-12.0
AnteriorInfarction_008,III,1,AnteriorInfarction,-610,rS,1,0.0112,0,637,1,245,500,,,,,,,,,,0,2,-4.0,,,,10,18,-16.0,30,30,0.0,47,46,2.0,62,52,20.0,147,147,0.0,240,250,-20.0,6.0,-16.0,-40.0,-20.0
AnteriorInfarction_008,aVR,1,AnteriorInfarction,-610,QS,1,0.0057,0,637,1,245,500,,,,,,,,,,0,2,-4.0,25,25,0.0,,,,,,,47,46,2.0,63,62,2.0,141,141,0.0,256,263,-14.0,6.0,-10.0,-16.0,-14.0
AnteriorInfarction_008,aVF,1,AnteriorInfarction,-610,RS,1,0.0072,0,637,1,245,500,,,,,,,,,,0,2,-4.0,,,,10,19,-18.0,30,31,-2.0,47,46,2.0,62,52,20.0,144,145,-2.0,241,252,-22.0,6.0,-18.0,-42.0,-20.0
AnteriorInfarction_008,V3,1,AnteriorInfarction,-610,rS,1,0.0071,0,637,1,245,500,,,,,,,,,,0,2,-4.0,,12,,4,27,-46.0,12,,,47,46,2.0,62,52,20.0,157,157,0.0,252,267,-30.0,6.0,-26.0,-50.0,-30.0
AnteriorInfarction_008,V4,1,AnteriorInfarction,-610,qR,1,0.0063,0,637,1,245,500,,,,,,,,,,0,2,-4.0,10,10,0.0,26,26,0.0,,,,47,46,2.0,62,100,-76.0,157,157,0.0,240,246,-12.0,6.0,-8.0,64.0,-12.0
AnteriorInfarction_008,V5,1,AnteriorInfarction,-610,qR,1,0.0046,0,637,1,245,500,,,,,,,,,,0,2,-4.0,8,8,0.0,25,25,0.0,,,,47,46,2.0,63,100,-74.0,168,168,0.0,245,251,-12.0,6.0,-8.0,62.0,-12.0
AnteriorInfarction_008,V6,1,AnteriorInfarction,-610,qR,1,0.0042,0,637,1,245,500,,,,,,,,,,0,2,-4.0,7,7,0.0,23,23,0.0,,,,47,46,2.0,62,75,-26.0,146,146,0.0,243,246,-6.0,6.0,-2.0,20.0,-6.0
AnteriorInfarction_008,aVL,1,AnteriorInfarction,-610,qRs,1,0.0128,0,637,1,245,500,,,,,,,,,,0,2,-4.0,16,17,-2.0,29,29,0.0,47,,,47,46,2.0,62,52,20.0,152,153,-2.0,246,261,-30.0,6.0,-26.0,-50.0,-28.0
AnteriorInfarction_008,V1,1,AnteriorInfarction,-610,rS,1,0.01,0,637,1,245,500,,,,,,,,,,0,2,-4.0,,,,7,8,-2.0,24,24,0.0,47,46,2.0,63,52,22.0,146,146,0.0,256,262,-12.0,6.0,-8.0,-34.0,-12.0
AnteriorInfarction_009,V1,1,AnteriorInfarction,-612,rS,1,0.0037,0,640,1,243,500,,,,,,,,,,0,2,-4.0,,,,5,9,-8.0,24,24,0.0,45,49,-8.0,73,54,38.0,160,160,0.0,242,250,-16.0,-4.0,-12.0,-54.0,-16.0
AnteriorInfarction_009,I,1,AnteriorInfarction,-612,R,1,0.0031,0,640,1,243,500,,,,,,,,,,0,2,-4.0,,,,27,27,0.0,,,,45,49,-8.0,73,99,-52.0,168,168,0.0,243,251,-16.0,-4.0,-12.0,36.0,-16.0
AnteriorInfarction_009,II,1,AnteriorInfarction,-612,R,1,0.0031,0,640,1,243,500,,,,,,,,,,0,2,-4.0,,,,10,25,-30.0,,35,,45,49,-8.0,71,71,0.0,142,142,0.0,241,248,-14.0,-4.0,-10.0,-14.0,-14.0
AnteriorInfarction_009,III,1,AnteriorInfarction,-612,rS,1,0.0031,0,640,1,243,500,,,,,,,,,,0,2,-4.0,,,,5,6,-2.0,29,30,-2.0,45,49,-8.0,75,92,-34.0,143,143,0.0,242,252,-20.0,-4.0,-16.0,14.0,-20.0
AnteriorInfarction_009,aVR,1,AnteriorInfarction,-612,QS,1,0.003,0,640,1,243,500,,,,,,,,,,0,2,-4.0,26,26,0.0,,,,,,,45,49,-8.0,72,64,16.0,142,142,0.0,242,251,-18.0,-4.0,-14.0,-34.0,-18.0
AnteriorInfarction_009,aVL,1,AnteriorInfarction,-612,R,1,0.0023,0,640,1,243,500,,,,,,,,,,0,2,-4.0,,,,29,29,0.0,,,,45,49,-8.0,75,96,-42.0,167,167,0.0,242,248,-12.0,-4.0,-8.0,30.0,-12.0
AnteriorInfarction_009,aVF,1,AnteriorInfarction,-612,rS,1,0.0025,0,640,1,243,500,,,,,,,,,,0,2,-4.0,,,,9,17,-16.0,30,30,0.0,45,49,-8.0,70,87,-34.0,143,143,0.0,241,243,-4.0,-4.0,0.0,30.0,-4.0
AnteriorInfarction_009,V2,1,AnteriorInfarction,-612,rS,1,0.0037,0,640,1,243,500,,,,,,,,,,0,2,-4.0,,,,5,8,-6.0,22,22,0.0,45,49,-8.0,75,54,42.0,140,140,0.0,242,250,-16.0,-4.0,-12.0,-58.0,-16.0
AnteriorInfarction_009,V3,1,AnteriorInfarction,-612,rS,1,0.0031,0,640,1,243,500,,,,,,,,,,0,2,-4.0,,,,8,8,0.0,21,22,-2.0,45,49,-8.0,73,56,34.0,138,138,0.0,241,222,38.0,-4.0,42.0,4.0,38.0
AnteriorInfarction_009,V4,1,AnteriorInfarction,-612,RS,1,0.0046,0,640,1,243,500,,,,,,,,,,0,2,-4.0,,21,,8,28,-40.0,21,,,45,49,-8.0,75,64,22.0,138,138,0.0,242,246,-8.0,-4.0,-4.0,-30.0,-8.0
AnteriorInfarction_009,V5,1,AnteriorInfarction,-612,R,1,0.0038,0,640,1,243,500,,,,,,,,,,0,2,-4.0,,,,26,26,0.0,,,,44,49,-10.0,72,81,-18.0,144,145,-2.0,241,170,142.0,-6.0,146.0,160.0,144.0
AnteriorInfarction_009,V6,1,AnteriorInfarction,-612,Rs,1,0.0032,0,640,1,243,500,,,,,,,,,,0,2,-4.0,,,,22,22,0.0,34,34,0.0,44,49,-10.0,69,70,-2.0,145,146,-2.0,241,237,8.0,-6.0,12.0,10.0,10.0
AnteriorInfarction_010,V2,1,AnteriorInfarction,-607,rS,1,0.0044,0,636,1,248,500,,,,,,,,,,0,2,-4.0,,,,4,4,0.0,22,23,-2.0,50,46,8.0,65,48,34.0,153,153,0.0,260,292,-64.0,12.0,-60.0,-98.0,-64.0
AnteriorInfarction_010,I,1,AnteriorInfarction,-607,R,1,0.0035,0,636,1,248,500,,,,,,,,,,0,2,-4.0,,,,10,30,-40.0,,,,49,46,6.0,67,93,-52.0,165,165,0.0,253,252,2.0,10.0,6.0,54.0,2.0
AnteriorInfarction_010,II,1,AnteriorInfarction,-607,R,1,0.0024,0,636,1,248,500,,,,,,,,,,0,2,-4.0,,,,8,21,-26.0,,,,50,46,8.0,65,76,-22.0,143,143,0.0,255,271,-32.0,12.0,-28.0,-10.0,-32.0
AnteriorInfarction_010,III,1,AnteriorInfarction,-607,rS,1,0.0022,0,636,1,248,500,,,,,,,,,,0,2,-4.0,,,,6,19,-26.0,32,32,0.0,50,46,8.0,68,83,-30.0,148,148,0.0,246,251,-10.0,12.0,-6.0,20.0,-10.0
AnteriorInfarction_010,aVR,1,AnteriorInfarction,-607,QS,1,0.002,0,636,1,248,500,,,,,,,,,,0,2,-4.0,28,29,-2.0,,,,,,,50,46,8.0,64,70,-12.0,141,141,0.0,250,253,-6.0,12.0,-2.0,6.0,-6.0
AnteriorInfarction_010,aVL,1,AnteriorInfarction,-607,QRS,1,0.0027,0,636,1,248,500,,,,,,,,,,0,2,-4.0,5,6,-2.0,10,32,-44.0,49,,,49,46,6.0,64,98,-68.0,154,155,-2.0,247,252,-10.0,10.0,-6.0,58.0,-8.0
AnteriorInfarction_010,aVF,1,AnteriorInfarction,-607,RS,1,0.0014,0,636,1,248,500,,,,,,,,,,0,2,-4.0,,,,7,20,-26.0,33,33,0.0,50,46,8.0,64,72,-16.0,145,145,0.0,246,251,-10.0,12.0,-6.0,6.0,-10.0
AnteriorInfarction_010,V3,1,AnteriorInfarction,-607,QR,1,0.0029,0,636,1,248,500,,,,,,,,,,0,2,-4.0,20,21,-2.0,31,32,-2.0,,,,50,46,8.0,64,96,-64.0,141,141,0.0,256,277,-42.0,12.0,-38.0,22.0,-42.0
AnteriorInfarction_010,V4,1,AnteriorInfarction,-607,qR,1,0.0033,0,636,1,248,500,,,,,,,,,,0,2,-4.0,11,11,0.0,28,29,-2.0,,,,50,46,8.0,70,53,34.0,142,142,0.0,250,262,-24.0,12.0,-20.0,-58.0,-24.0
AnteriorInfarction_010,V6,1,AnteriorInfarction,-607,Rs,1,0.0024,0,636,1,248,500,,,,,,,,,,0,2,-4.0,,,,20,20,0.0,27,28,-2.0,50,46,8.0,64,74,-20.0,144,144,0.0,258,273,-30.0,12.0,-26.0,-10.0,-30.0
AnteriorInfarction_010,V1,1,AnteriorInfarction,-607,rS,1,0.0038,0,636,1,248,500,,,,,,,,,,0,2,-4.0,,,,4,4,0.0,21,22,-2.0,50,46,8.0,66,47,38.0,151,151,0.0,257,269,-24.0,12.0,-20.0,-62.0,-24.0
AnteriorInfarction_010,V5,1,AnteriorInfarction,-607,qR,1,0.0017,0,636,1,248,500,,,,,,,,,,0,2,-4.0,7,7,0.0,24,24,0.0,,,,49,46,6.0,68,98,-60.0,148,148,0.0,247,251,-8.0,10.0,-4.0,52.0,-8.0
AnteriorInfarction_011,V4,1,AnteriorInfarction,-601,qRs,1,0.0,0,639,1,254,500,,,,,,,,,,0,2,-4.0,11,11,0.0,34,35,-2.0,59,,,59,53,12.0,61,98,-74.0,146,146,0.0,259,279,-40.0,16.0,-36.0,34.0,-40.0
AnteriorInfarction_011,I,1,AnteriorInfarction,-601,qRs,1,0.0,0,639,1,254,500,,,,,,,,,,0,2,-4.0,11,12,-2.0,34,35,-2.0,57,58,-2.0,57,53,8.0,62,137,-150.0,161,161,0.0,257,277,-40.0,12.0,-36.0,110.0,-40.0
AnteriorInfarction_011,II,1,AnteriorInfarction,-601,R,1,0.0,0,639,1,254,500,,,,,,,,,,0,2,-4.0,,,,18,19,-2.0,,,,57,53,8.0,62,72,-20.0,143,143,0.0,253,273,-40.0,12.0,-36.0,-20.0,-40.0
AnteriorInfarction_011,III,1,AnteriorInfarction,-601,Rs,1,0.0,0,639,1,254,500,,,,,,,,,,0,2,-4.0,,,,18,18,0.0,36,37,-2.0,58,53,10.0,60,76,-32.0,144,145,-2.0,252,260,-16.0,14.0,-12.0,16.0,-14.0
AnteriorInfarction_011,aVR,1,AnteriorInfarction,-601,QS,1,0.0,0,639,1,254,500,,,,,,,,,,0,2,-4.0,31,31,0.0,,,,,,,58,53,10.0,60,72,-24.0,142,142,0.0,255,263,-16.0,14.0,-12.0,8.0,-16.0
AnteriorInfarction_011,aVL,1,AnteriorInfarction,-601,QRs,1,0.0,0,639,1,254,500,,,,,,,,,,0,2,-4.0,18,18,0.0,36,36,0.0,54,55,-2.0,57,53,8.0,62,83,-42.0,147,147,0.0,254,281,-54.0,12.0,-50.0,-12.0,-54.0
AnteriorInfarction_011,aVF,1,AnteriorInfarction,-601,Rs,1,0.0,0,639,1,254,500,,,,,,,,,,0,2,-4.0,,,,18,19,-2.0,37,37,0.0,57,53,8.0,62,54,16.0,143,144,-2.0,253,271,-36.0,12.0,-32.0,-52.0,-34.0
AnteriorInfarction_011,V1,1,AnteriorInfarction,-601,RS,1,0.0,0,639,1,254,500,,,,,,,,,,0,2,-4.0,,,,10,11,-2.0,30,30,0.0,57,53,8.0,62,93,-62.0,156,157,-2.0,256,281,-50.0,12.0,-46.0,12.0,-48.0
AnteriorInfarction_011,V2,1,AnteriorInfarction,-601,RS,1,0.0,0,639,1,254,500,,,,,,,,,,0,2,-4.0,,,,5,5,0.0,22,30,-16.0,57,53,8.0,62,70,-16.0,156,143,26.0,256,277,-42.0,12.0,-38.0,-26.0,-68.0
AnteriorInfarction_011,V3,1,AnteriorInfarction,-601,rS,1,0.0,0,639,1,254,500,,,,,,,,,,0,2,-4.0,,17,,4,36,-64.0,17,59,-84.0,58,53,10.0,63,93,-60.0,144,144,0.0,255,278,-46.0,14.0,-42.0,14.0,-46.0
AnteriorInfarction_011,V5,1,AnteriorInfarction,-601,qR,1,0.0,0,639,1,254,500,,,,,,,,,,0,2,-4.0,9,10,-2.0,26,26,0.0,,,,58,53,10.0,60,119,-118.0,172,173,-2.0,254,252,4.0,14.0,8.0,122.0,6.0
AnteriorInfarction_011,V6,1,AnteriorInfarction,-601,RS,1,0.0,0,639,1,254,500,,,,,,,,,,0,2,-4.0,,,,16,17,-2.0,27,27,0.0,57,53,8.0,62,55,14.0,143,143,0.0,258,277,-38.0,12.0,-34.0,-52.0,-38.0
AnteriorInfarction_012,V2,1,AnteriorInfarction,-606,rS,1,0.0061,0,640,1,249,500,,,,,,,,,,0,2,-4.0,,,,9,9,0.0,28,27,2.0,57,51,12.0,81,53,56.0,151,151,0.0,270,276,-12.0,16.0,-8.0,-68.0,-12.0
AnteriorInfarction_012,I,1,AnteriorInfarction,-606,R,1,0.0102,0,640,1,249,500,,,,,,,,,,0,2,-4.0,,,,33,33,0.0,,70,,56,51,10.0,82,120,-76.0,170,171,-2.0,275,280,-10.0,14.0,-6.0,66.0,-8.0
AnteriorInfarction_012,II,1,AnteriorInfarction,-606,R,1,0.0046,0,640,1,249,500,,,,,,,,,,0,2,-4.0,,,,11,30,-38.0,,,,57,51,12.0,80,70,20.0,143,143,0.0,271,273,-4.0,16.0,0.0,-24.0,-4.0
AnteriorInfarction_012,III,1,AnteriorInfarction,-606,rS,1,0.0071,0,640,1,249,500,,,,,,,,,,0,2,-4.0,,,,11,11,0.0,35,35,0.0,56,51,10.0,82,90,-16.0,145,145,0.0,268,271,-6.0,14.0,-2.0,10.0,-6.0
AnteriorInfarction_012,aVR,1,AnteriorInfarction,-606,QS,1,0.0047,0,640,1,249,500,,,,,,,,,,0,2,-4.0,31,32,-2.0,,,,,,,56,51,10.0,82,86,-8.0,141,142,-2.0,273,255,36.0,14.0,40.0,44.0,38.0
AnteriorInfarction_012,aVL,1,AnteriorInfarction,-606,qRs,1,0.0077,0,640,1,249,500,,,,,,,,,,0,2,-4.0,7,8,-2.0,34,34,0.0,56,,,56,51,10.0,81,94,-26.0,160,160,0.0,272,276,-8.0,14.0,-4.0,18.0,-8.0
AnteriorInfarction_012,aVF,1,AnteriorInfarction,-606,RS,1,0.004,0,640,1,249,500,,,,,,,,,,0,2,-4.0,,,,11,11,0.0,36,36,0.0,57,51,12.0,79,75,8.0,144,144,0.0,270,275,-10.0,16.0,-6.0,-18.0,-10.0
AnteriorInfarction_012,V1,1,AnteriorInfarction,-606,rS,1,0.0058,0,640,1,249,500,,,,,,,,,,0,2,-4.0,,,,6,6,0.0,29,29,0.0,56,51,10.0,82,59,46.0,151,151,0.0,273,266,14.0,14.0,18.0,-32.0,14.0
AnteriorInfarction_012,V3,1,AnteriorInfarction,-606,QS,1,0.004,0,640,1,249,500,,,,,,,,,,0,2,-4.0,28,29,-2.0,,,,,,,57,51,12.0,81,54,54.0,166,166,0.0,268,277,-18.0,16.0,-14.0,-72.0,-18.0
AnteriorInfarction_012,V4,1,AnteriorInfarction,-606,qR,1,0.0048,0,640,1,249,500,,,,,,,,,,0,2,-4.0,23,23,0.0,33,34,-2.0,,,,56,51,10.0,83,94,-22.0,181,152,58.0,268,269,-2.0,14.0,2.0,20.0,-60.0
AnteriorInfarction_012,V5,1,AnteriorInfarction,-606,qR,1,0.0037,0,640,1,249,500,,,,,,,,,,0,2,-4.0,8,8,0.0,31,31,0.0,,,,56,51,10.0,82,60,44.0,143,143,0.0,270,252,36.0,14.0,40.0,-8.0,36.0
AnteriorInfarction_012,V6,1,AnteriorInfarction,-606,R,1,0.0037,0,640,1,249,500,,,,,,,,,,0,2,-4.0,,6,,23,23,0.0,,,,57,51,12.0,79,80,-2.0,150,150,0.0,271,267,8.0,16.0,12.0,10.0,8.0
AnteriorInfarction_013,V3,1,AnteriorInfarction,-605,qRs,1,0.0047,0,631,1,250,500,,,,,,,,,,0,2,-4.0,8,8,0.0,30,31,-2.0,50,,,50,48,4.0,64,89,-50.0,147,147,0.0,255,245,20.0,8.0,24.0,70.0,20.0
AnteriorInfarction_013,I,1,AnteriorInfarction,-605,qR,1,0.0059,0,631,1,250,500,,,,,,,,,,0,2,-4.0,10,10,0.0,27,27,0.0,,,,50,48,4.0,70,83,-26.0,141,141,0.0,253,250,6.0,8.0,10.0,32.0,6.0
AnteriorInfarction_013,II,1,AnteriorInfarction,-605,R,1,0.0035,0,631,1,250,500,,,,,,,,,,0,2,-4.0,,,,10,25,-30.0,,,,50,48,4.0,68,72,-8.0,143,143,0.0,253,250,6.0,8.0,10.0,14.0,6.0
AnteriorInfarction_013,III,1,AnteriorInfarction,-605,RS,1,0.0043,0,631,1,250,500,,,,,,,,,,0,2,-4.0,,,,10,17,-14.0,31,31,0.0,50,48,4.0,65,78,-26.0,145,146,-2.0,254,250,8.0,8.0,12.0,34.0,10.0
AnteriorInfarction_013,aVR,1,AnteriorInfarction,-605,QS,1,0.0051,0,631,1,250,500,,,,,,,,,,0,2,-4.0,26,26,0.0,,,,,,,50,48,4.0,68,74,-12.0,142,143,-2.0,255,175,160.0,8.0,164.0,172.0,162.0
AnteriorInfarction_013,aVL,1,AnteriorInfarction,-605,qRs,1,0.0018,0,631,1,250,500,,,,,,,,,,0,2,-4.0,15,15,0.0,31,31,0.0,49,,,49,48,2.0,66,94,-56.0,153,153,0.0,254,251,6.0,6.0,10.0,62.0,6.0
AnteriorInfarction_013,aVF,1,AnteriorInfarction,-605,RS,1,0.002,0,631,1,250,500,,,,,,,,,,0,2,-4.0,,,,10,18,-16.0,32,32,0.0,50,48,4.0,65,72,-14.0,144,144,0.0,254,250,8.0,8.0,12.0,22.0,8.0
AnteriorInfarction_013,V1,1,AnteriorInfarction,-605,rS,1,0.0039,0,631,1,250,500,,,,,,,,,,0,2,-4.0,,,,5,11,-12.0,25,25,0.0,50,48,4.0,62,98,-72.0,172,172,0.0,255,250,10.0,8.0,14.0,82.0,10.0
AnteriorInfarction_013,V2,1,AnteriorInfarction,-605,RS,1,0.0062,0,631,1,250,500,,,,,,,,,,0,2,-4.0,,24,,4,32,-56.0,21,53,-64.0,50,48,4.0,65,92,-54.0,146,146,0.0,255,250,10.0,8.0,14.0,64.0,10.0
AnteriorInfarction_013,V4,1,AnteriorInfarction,-605,qR,1,0.0026,0,631,1,250,500,,,,,,,,,,0,2,-4.0,8,8,0.0,29,28,2.0,,,,50,48,4.0,64,97,-66.0,143,143,0.0,255,248,14.0,8.0,18.0,80.0,14.0
AnteriorInfarction_013,V5,1,AnteriorInfarction,-605,qR,1,0.0032,0,631,1,250,500,,,,,,,,,,0,2,-4.0,8,8,0.0,25,25,0.0,,,,50,48,4.0,68,101,-66.0,152,152,0.0,255,250,10.0,8.0,14.0,76.0,10.0
AnteriorInfarction_013,V6,1,AnteriorInfarction,-605,qRs,1,0.002,0,631,1,250,500,,,,,,,,,,0,2,-4.0,7,8,-2.0,24,24,0.0,30,32,-4.0,50,48,4.0,68,80,-24.0,148,148,0.0,255,251,8.0,8.0,12.0,32.0,8.0
AnteriorInfarction_014,V4,1,AnteriorInfarction,-605,qR,1,0.0004,0,632,1,250,500,,,,,,,,,,1,5,-8.0,8,7,2.0,29,29,0.0,,,,51,51,0.0,58,96,-76.0,145,145,0.0,250,250,0.0,8.0,8.0,76.0,0.0
AnteriorInfarction_014,I,1,AnteriorInfarction,-605,QR,1,0.0015,0,632,1,250,500,,,,,,,,,,1,5,-8.0,5,,,9,29,-40.0,,,,51,51,0.0,57,85,-56.0,141,141,0.0,249,253,-8.0,8.0,0.0,48.0,-8.0
AnteriorInfarction_014,II,1,AnteriorInfarction,-605,R,1,0.0012,0,632,1,250,500,,,,,,,,,,1,5,-8.0,,,,25,26,-2.0,,,,51,51,0.0,58,72,-28.0,144,144,0.0,249,268,-38.0,8.0,-30.0,-10.0,-38.0
AnteriorInfarction_014,III,1,AnteriorInfarction,-605,RS,1,0.001,0,632,1,250,500,,,,,,,,,,0,5,-10.0,,,,7,18,-22.0,33,33,0.0,51,51,0.0,58,76,-36.0,144,145,-2.0,250,251,-2.0,10.0,8.0,34.0,0.0
AnteriorInfarction_014,aVR,1,AnteriorInfarction,-605,QS,1,0.0011,0,632,1,250,500,,,,,,,,,,1,5,-8.0,25,26,-2.0,,,,,,,51,51,0.0,57,72,-30.0,143,143,0.0,249,251,-4.0,8.0,4.0,26.0,-4.0
AnteriorInfarction_014,aVL,1,AnteriorInfarction,-605,QRs,1,0.001,0,632,1,250,500,,,,,,,,,,1,5,-8.0,15,16,-2.0,25,32,-14.0,51,,,51,51,0.0,58,83,-50.0,146,146,0.0,251,263,-24.0,8.0,-16.0,26.0,-24.0
AnteriorInfarction_014,aVF,1,AnteriorInfarction,-605,Rs,1,0.0006,0,632,1,250,500,,,,,,,,,,1,5,-8.0,,,,19,19,0.0,34,34,0.0,51,51,0.0,58,76,-36.0,144,144,0.0,249,252,-6.0,8.0,2.0,30.0,-6.0
AnteriorInfarction_014,V1,1,AnteriorInfarction,-605,rS,1,0.0016,0,632,1,250,500,,,,,,,,,,0,5,-10.0,,7,,5,12,-14.0,25,25,0.0,51,51,0.0,57,90,-66.0,142,142,0.0,250,268,-36.0,10.0,-26.0,30.0,-36.0
AnteriorInfarction_014,V2,1,AnteriorInfarction,-605,qRs,1,0.0016,0,632,1,250,500,,,,,,,,,,0,5,-10.0,7,7,0.0,18,32,-28.0,51,51,0.0,51,51,0.0,58,92,-68.0,146,146,0.0,251,263,-24.0,10.0,-14.0,44.0,-24.0
AnteriorInfarction_014,V3,1,AnteriorInfarction,-605,qRs,1,0.0012,0,632,1,250,500,,,,,,,,,,1,5,-8.0,8,7,2.0,30,30,0.0,51,,,51,51,0.0,58,96,-76.0,148,148,0.0,250,253,-6.0,8.0,2.0,70.0,-6.0
AnteriorInfarction_014,V5,1,AnteriorInfarction,-605,qR,1,0.0005,0,632,1,250,500,,,,,,,,,,1,5,-8.0,7,7,0.0,23,24,-2.0,,,,51,51,0.0,58,100,-84.0,148,148,0.0,249,250,-2.0,8.0,6.0,82.0,-2.0
AnteriorInfarction_014,V6,1,AnteriorInfarction,-605,qR,1,0.0004,0,632,1,250,500,,,,,,,,,,1,5,-8.0,7,7,0.0,23,23,0.0,,,,51,51,0.0,57,79,-44.0,147,147,0.0,249,243,12.0,8.0,20.0,56.0,12.0
AnteriorInfarction_015,V1,1,AnteriorInfarction,-604,rS,1,0.0312,0,637,1,251,500,,,,,,,,,,0,3,-6.0,,,,5,6,-2.0,24,24,0.0,48,37,22.0,67,54,26.0,151,151,0.0,248,263,-30.0,28.0,-24.0,-56.0,-30.0
AnteriorInfarction_015,I,1,AnteriorInfarction,-604,R,1,0.0394,0,637,1,251,500,,,,,,,,,,0,3,-6.0,,15,,8,29,-42.0,,,,48,37,22.0,73,100,-54.0,164,164,0.0,249,250,-2.0,28.0,4.0,52.0,-2.0
AnteriorInfarction_015,II,1,AnteriorInfarction,-604,R,1,0.0253,0,637,1,251,500,,,,,,,,,,0,3,-6.0,,,,24,25,-2.0,,,,48,37,22.0,70,75,-10.0,144,144,0.0,247,267,-40.0,28.0,-34.0,-30.0,-40.0
AnteriorInfarction_015,III,1,AnteriorInfarction,-604,RS,1,0.0457,0,637,1,251,500,,,,,,,,,,0,3,-6.0,,,,17,17,0.0,30,30,0.0,48,37,22.0,69,87,-36.0,146,146,0.0,248,269,-42.0,28.0,-36.0,-6.0,-42.0
AnteriorInfarction_015,aVR,1,AnteriorInfarction,-604,QS,1,0.0198,0,637,1,251,500,,,,,,,,,,0,3,-6.0,28,27,2.0,,,,,,,48,37,22.0,71,72,-2.0,142,143,-2.0,248,249,-2.0,28.0,4.0,0.0,0.0
AnteriorInfarction_015,aVL,1,AnteriorInfarction,-604,qRs,1,0.0472,0,637,1,251,500,,,,,,,,,,0,3,-6.0,16,16,0.0,30,30,0.0,48,,,48,37,22.0,65,91,-52.0,149,149,0.0,248,257,-18.0,28.0,-12.0,34.0,-18.0
AnteriorInfarction_015,aVF,1,AnteriorInfarction,-604,Rs,1,0.0293,0,637,1,251,500,,,,,,,,,,0,3,-6.0,,,,18,17,2.0,30,31,-2.0,48,37,22.0,69,78,-18.0,145,145,0.0,248,267,-38.0,28.0,-32.0,-20.0,-38.0
AnteriorInfarction_015,V2,1,AnteriorInfarction,-604,rS,1,0.0245,0,637,1,251,500,,,,,,,,,,0,3,-6.0,,22,,4,35,-62.0,21,,,48,37,22.0,71,64,14.0,144,99,90.0,248,275,-54.0,28.0,-48.0,-68.0,-144.0
AnteriorInfarction_015,V3,1,AnteriorInfarction,-604,qR,1,0.0208,0,637,1,251,500,,,,,,,,,,0,3,-6.0,9,9,0.0,31,31,0.0,,,,48,37,22.0,73,100,-54.0,143,143,0.0,247,268,-42.0,28.0,-36.0,12.0,-42.0
AnteriorInfarction_015,V4,1,AnteriorInfarction,-604,qR,1,0.0219,0,637,1,251,500,,,,,,,,,,0,3,-6.0,9,9,0.0,31,31,0.0,,,,48,37,22.0,76,132,-112.0,157,158,-2.0,247,258,-22.0,28.0,-16.0,90.0,-20.0
AnteriorInfarction_015,V5,1,AnteriorInfarction,-604,qR,1,0.0159,0,637,1,251,500,,,,,,,,,,0,3,-6.0,8,8,0.0,26,26,0.0,,,,48,37,22.0,77,101,-48.0,153,153,0.0,247,187,120.0,28.0,126.0,168.0,120.0
AnteriorInfarction_015,V6,1,AnteriorInfarction,-604,qR,1,0.015,0,637,1,251,500,,,,,,,,,,0,3,-6.0,6,6,0.0,22,22,0.0,,,,48,37,22.0,71,83,-24.0,148,148,0.0,248,252,-8.0,28.0,-2.0,16.0,-8.0
AnteriorInfarction_016,V3,1,AnteriorInfarction,-603,qRs,1,0.0001,0,637,1,252,500,,,,,,,,,,0,2,-4.0,8,7,2.0,33,33,0.0,54,,,54,48,12.0,61,98,-74.0,147,147,0.0,255,254,2.0,16.0,6.0,76.0,2.0
AnteriorInfarction_016,I,1,AnteriorInfarction,-603,qRs,1,0.0005,0,637,1,252,500,,,,,,,,,,0,2,-4.0,3,,,11,31,-40.0,19,,,53,48,10.0,61,68,-14.0,140,140,0.0,254,251,6.0,14.0,10.0,20.0,6.0
AnteriorInfarction_016,II,1,AnteriorInfarction,-603,R,1,0.0002,0,637,1,252,500,,,,,,,,,,0,2,-4.0,,,,11,29,-36.0,,,,54,48,12.0,61,72,-22.0,143,143,0.0,254,251,6.0,16.0,10.0,28.0,6.0
AnteriorInfarction_016,III,1,AnteriorInfarction,-603,Rs,1,0.0001,0,637,1,252,500,,,,,,,,,,0,2,-4.0,,,,7,20,-26.0,35,35,0.0,54,48,12.0,61,76,-30.0,145,146,-2.0,256,252,8.0,16.0,12.0,38.0,10.0
AnteriorInfarction_016,aVR,1,AnteriorInfarction,-603,QS,1,0.0006,0,637,1,252,500,,,,,,,,,,0,2,-4.0,28,29,-2.0,,,,,,,54,48,12.0,60,72,-24.0,142,142,0.0,256,250,12.0,16.0,16.0,36.0,12.0
AnteriorInfarction_016,aVL,1,AnteriorInfarction,-603,Qrs,1,0.0001,0,637,1,252,500,,,,,,,,,,0,2,-4.0,19,20,-2.0,32,35,-6.0,50,,,54,48,12.0,60,98,-76.0,152,152,0.0,256,252,8.0,16.0,12.0,84.0,8.0
AnteriorInfarction_016,aVF,1,AnteriorInfarction,-603,R,1,0.0001,0,637,1,252,500,,,,,,,,,,0,2,-4.0,,,,18,20,-4.0,,,,54,48,12.0,61,72,-22.0,144,144,0.0,255,252,6.0,16.0,10.0,28.0,6.0
AnteriorInfarction_016,V1,1,AnteriorInfarction,-603,RS,1,0.0009,0,637,1,252,500,,,,,,,,,,0,2,-4.0,,21,,5,34,-58.0,21,54,-66.0,54,48,12.0,61,96,-70.0,141,141,0.0,257,290,-66.0,16.0,-62.0,4.0,-66.0
AnteriorInfarction_016,V2,1,AnteriorInfarction,-603,Rs,1,0.0001,0,637,1,252,500,,,,,,,,,,0,2,-4.0,,11,,33,34,-2.0,54,,,54,48,12.0,61,91,-60.0,147,147,0.0,256,254,4.0,16.0,8.0,64.0,4.0
AnteriorInfarction_016,V4,1,AnteriorInfarction,-603,R,1,0.0001,0,637,1,252,500,,,,,,,,,,0,2,-4.0,,,,32,32,0.0,,,,54,48,12.0,61,101,-80.0,140,141,-2.0,255,251,8.0,16.0,12.0,88.0,10.0
AnteriorInfarction_016,V5,1,AnteriorInfarction,-603,R,1,0.0001,0,637,1,252,500,,,,,,,,,,0,2,-4.0,,,,23,23,0.0,,,,54,48,12.0,60,72,-24.0,146,146,0.0,254,248,12.0,16.0,16.0,36.0,12.0
AnteriorInfarction_016,V6,1,AnteriorInfarction,-603,Rs,1,0.0002,0,637,1,252,500,,,,,,,,,,0,2,-4.0,,,,21,21,0.0,32,33,-2.0,54,48,12.0,60,76,-32.0,145,145,0.0,255,250,10.0,16.0,14.0,42.0,10.0
AnteriorInfarction_017,V1,1,AnteriorInfarction,-606,rS,1,0.0043,0,626,1,249,500,,,,,,,,,,0,2,-4.0,,,,8,8,0.0,29,30,-2.0,59,62,-6.0,85,62,46.0,153,153,0.0,257,286,-58.0,-2.0,-54.0,-104.0,-58.0
AnteriorInfarction_017,I,1,AnteriorInfarction,-606,R,1,0.0036,0,626,1,249,500,,,,,,,,,,0,2,-4.0,,,,10,34,-48.0,,,,59,62,-6.0,85,92,-14.0,143,144,-2.0,255,255,0.0,-2.0,4.0,14.0,2.0
AnteriorInfarction_017,II,1,AnteriorInfarction,-606,R,1,0.0025,0,626,1,249,500,,,,,,,,,,0,2,-4.0,,,,8,29,-42.0,,,,59,62,-6.0,82,76,12.0,146,146,0.0,253,282,-58.0,-2.0,-54.0,-70.0,-58.0
AnteriorInfarction_017,III,1,AnteriorInfarction,-606,rS,1,0.0061,0,626,1,249,500,,,,,,,,,,0,2,-4.0,,10,,7,16,-18.0,34,34,0.0,59,62,-6.0,84,98,-28.0,149,149,0.0,254,279,-50.0,-2.0,-46.0,-22.0,-50.0
AnteriorInfarction_017,aVR,1,AnteriorInfarction,-606,QS,1,0.0029,0,626,1,249,500,,,,,,,,,,0,2,-4.0,33,33,0.0,,,,,,,59,62,-6.0,82,74,16.0,145,145,0.0,254,255,-2.0,-2.0,2.0,-18.0,-2.0
AnteriorInfarction_017,aVL,1,AnteriorInfarction,-606,QRS,1,0.0035,0,626,1,249,500,,,,,,,,,,0,2,-4.0,6,6,0.0,10,34,-48.0,59,,,59,62,-6.0,84,137,-106.0,175,176,-2.0,255,273,-36.0,-2.0,-32.0,70.0,-34.0
AnteriorInfarction_017,aVF,1,AnteriorInfarction,-606,RS,1,0.0032,0,626,1,249,500,,,,,,,,,,0,2,-4.0,,,,7,17,-20.0,34,34,0.0,59,62,-6.0,83,87,-8.0,147,147,0.0,254,277,-46.0,-2.0,-42.0,-38.0,-46.0
AnteriorInfarction_017,V2,1,AnteriorInfarction,-606,rS,1,0.0051,0,626,1,249,500,,,,,,,,,,0,2,-4.0,,,,6,6,0.0,28,28,0.0,59,62,-6.0,85,68,34.0,176,177,-2.0,256,290,-68.0,-2.0,-64.0,-102.0,-66.0
AnteriorInfarction_017,V4,1,AnteriorInfarction,-606,qR,1,0.0068,0,626,1,249,500,,,,,,,,,,0,2,-4.0,11,12,-2.0,36,37,-2.0,,,,59,62,-6.0,84,94,-20.0,150,150,0.0,253,277,-48.0,-2.0,-44.0,-28.0,-48.0
AnteriorInfarction_017,V6,1,AnteriorInfarction,-606,qRs,1,0.0026,0,626,1,249,500,,,,,,,,,,0,2,-4.0,9,9,0.0,24,25,-2.0,38,38,0.0,59,62,-6.0,81,62,38.0,151,151,0.0,254,281,-54.0,-2.0,-50.0,-92.0,-54.0
AnteriorInfarction_017,V5,1,AnteriorInfarction,-606,qR,1,0.0032,0,626,1,249,500,,,,,,,,,,0,2,-4.0,9,10,-2.0,30,30,0.0,,,,59,62,-6.0,82,62,40.0,159,159,0.0,253,238,30.0,-2.0,34.0,-10.0,30.0
AnteriorInfarction_017,V3,1,AnteriorInfarction,-606,rS,1,0.0052,0,626,1,249,500,,,,,,,,,,0,2,-4.0,,27,,4,38,-68.0,26,,,60,62,-4.0,84,62,44.0,150,150,0.0,254,298,-88.0,0.0,-84.0,-132.0,-88.0
AnteriorInfarction_018,V5,1,AnteriorInfarction,-603,qR,1,0.0005,0,646,1,252,500,,,,,,,,,,0,2,-4.0,7,8,-2.0,27,27,0.0,,,,52,48,8.0,58,101,-86.0,170,170,0.0,253,275,-44.0,12.0,-40.0,42.0,-44.0
AnteriorInfarction_018,I,1,AnteriorInfarction,-603,Rs,1,0.001,0,646,1,252,500,,,,,,,,,,0,2,-4.0,,,,9,34,-50.0,52,52,0.0,52,48,8.0,58,137,-158.0,160,161,-2.0,252,272,-40.0,12.0,-36.0,118.0,-38.0
AnteriorInfarction_018,II,1,AnteriorInfarction,-603,R,1,0.0004,0,646,1,252,500,,,,,,,,,,0,2,-4.0,,,,21,33,-24.0,,,,53,48,10.0,58,72,-28.0,145,145,0.0,253,268,-30.0,14.0,-26.0,-2.0,-30.0
AnteriorInfarction_018,III,1,AnteriorInfarction,-603,RS,1,0.0011,0,646,1,252,500,,,,,,,,,,0,2,-4.0,,,,7,33,-52.0,38,38,0.0,52,48,8.0,58,81,-46.0,147,148,-2.0,253,269,-32.0,12.0,-28.0,14.0,-30.0
AnteriorInfarction_018,aVR,1,AnteriorInfarction,-603,QS,1,0.0007,0,646,1,252,500,,,,,,,,,,0,2,-4.0,32,33,-2.0,,,,,,,52,48,8.0,58,74,-32.0,143,143,0.0,252,254,-4.0,12.0,0.0,28.0,-4.0
AnteriorInfarction_018,aVL,1,AnteriorInfarction,-603,QRs,1,0.0008,0,646,1,252,500,,,,,,,,,,0,2,-4.0,25,25,0.0,38,38,0.0,51,50,2.0,52,48,8.0,58,82,-48.0,150,150,0.0,252,269,-34.0,12.0,-30.0,14.0,-34.0
AnteriorInfarction_018,aVF,1,AnteriorInfarction,-603,R,1,0.0004,0,646,1,252,500,,,,,,,,,,0,2,-4.0,,,,21,33,-24.0,,,,52,48,8.0,58,76,-36.0,146,146,0.0,253,269,-32.0,12.0,-28.0,4.0,-32.0
AnteriorInfarction_018,V1,1,AnteriorInfarction,-603,rS,1,0.0007,0,646,1,252,500,,,,,,,,,,0,2,-4.0,,,,6,5,2.0,22,22,0.0,52,48,8.0,58,58,0.0,157,157,0.0,253,273,-40.0,12.0,-36.0,-40.0,-40.0
AnteriorInfarction_018,V2,1,AnteriorInfarction,-603,rS,1,0.0005,0,646,1,252,500,,,,,,,,,,0,2,-4.0,,,,5,5,0.0,21,21,0.0,52,48,8.0,58,57,2.0,156,157,-2.0,254,273,-38.0,12.0,-34.0,-40.0,-36.0
AnteriorInfarction_018,V3,1,AnteriorInfarction,-603,QRs,1,0.0005,0,646,1,252,500,,,,,,,,,,0,2,-4.0,21,22,-2.0,38,38,0.0,53,55,-4.0,53,48,10.0,59,89,-60.0,145,145,0.0,254,281,-54.0,14.0,-50.0,6.0,-54.0
AnteriorInfarction_018,V4,1,AnteriorInfarction,-603,qRs,1,0.0005,0,646,1,252,500,,,,,,,,,,0,2,-4.0,10,10,0.0,33,34,-2.0,53,,,53,48,10.0,58,86,-56.0,147,147,0.0,254,269,-30.0,14.0,-26.0,26.0,-30.0
AnteriorInfarction_018,V6,1,AnteriorInfarction,-603,RS,1,0.0004,0,646,1,252,500,,,,,,,,,,0,2,-4.0,,,,18,18,0.0,29,29,0.0,52,48,8.0,58,83,-50.0,143,143,0.0,252,220,64.0,12.0,68.0,114.0,64.0
AnteriorInfarction_019,aVF,1,AnteriorInfarction,-606,Rs,1,0.0005,0,639,1,249,500,,,,,,,,,,0,2,-4.0,,,,10,11,-2.0,35,35,0.0,51,48,6.0,76,78,-4.0,142,142,0.0,258,263,-10.0,10.0,-6.0,-6.0,-10.0
AnteriorInfarction_019,I,1,AnteriorInfarction,-606,R,1,0.0004,0,639,1,249,500,,,,,,,,,,0,2,-4.0,,,,10,33,-46.0,,,,51,48,6.0,77,91,-28.0,141,141,0.0,258,255,6.0,10.0,10.0,34.0,6.0
AnteriorInfarction_019,II,1,AnteriorInfarction,-606,R,1,0.0003,0,639,1,249,500,,,,,,,,,,0,2,-4.0,,,,10,30,-40.0,,,,52,48,8.0,77,76,2.0,142,142,0.0,262,269,-14.0,12.0,-10.0,-16.0,-14.0
AnteriorInfarction_019,III,1,AnteriorInfarction,-606,rS,1,0.0009,0,639,1,249,500,,,,,,,,,,0,2,-4.0,,,,7,11,-8.0,34,35,-2.0,52,48,8.0,79,82,-6.0,143,143,0.0,258,273,-30.0,12.0,-26.0,-24.0,-30.0
AnteriorInfarction_019,aVR,1,AnteriorInfarction,-606,QS,1,0.0004,0,639,1,249,500,,,,,,,,,,0,2,-4.0,30,30,0.0,,,,,,,51,48,6.0,73,70,6.0,142,142,0.0,260,253,14.0,10.0,18.0,8.0,14.0
AnteriorInfarction_019,aVL,1,AnteriorInfarction,-606,RS,1,0.0005,0,639,1,249,500,,,,,,,,,,0,2,-4.0,,6,,9,34,-50.0,51,,,51,48,6.0,77,100,-46.0,167,167,0.0,254,251,6.0,10.0,10.0,52.0,6.0
AnteriorInfarction_019,V2,1,AnteriorInfarction,-606,rS,1,0.0003,0,639,1,249,500,,,,,,,,,,0,2,-4.0,,,,5,12,-14.0,27,27,0.0,52,48,8.0,80,55,50.0,174,150,48.0,264,279,-30.0,12.0,-26.0,-80.0,-78.0
AnteriorInfarction_019,V3,1,AnteriorInfarction,-606,rS,1,0.0002,0,639,1,249,500,,,,,,,,,,0,2,-4.0,,23,,3,39,-72.0,23,59,-72.0,53,48,10.0,79,98,-38.0,157,157,0.0,264,287,-46.0,14.0,-42.0,-8.0,-46.0
AnteriorInfarction_019,V4,1,AnteriorInfarction,-606,qR,1,0.0004,0,639,1,249,500,,,,,,,,,,0,2,-4.0,9,9,0.0,30,30,0.0,,,,53,48,10.0,79,55,48.0,151,151,0.0,264,278,-28.0,14.0,-24.0,-76.0,-28.0
AnteriorInfarction_019,V5,1,AnteriorInfarction,-606,R,1,0.0003,0,639,1,249,500,,,,,,,,,,0,2,-4.0,,8,,28,28,0.0,,,,51,48,6.0,72,126,-108.0,156,156,0.0,259,250,18.0,10.0,22.0,126.0,18.0
AnteriorInfarction_019,V6,1,AnteriorInfarction,-606,Rs,1,0.0002,0,639,1,249,500,,,,,,,,,,0,2,-4.0,,,,24,24,0.0,35,35,0.0,51,48,6.0,74,80,-12.0,149,149,0.0,261,254,14.0,10.0,18.0,26.0,14.0
AnteriorInfarction_019,V1,1,AnteriorInfarction,-606,RS,1,0.0004,0,639,1,249,500,,,,,,,,,,0,2,-4.0,,,,12,12,0.0,27,28,-2.0,52,48,8.0,79,55,48.0,152,152,0.0,267,287,-40.0,12.0,-36.0,-88.0,-40.0
AnteriorInfarction_020,V3,1,AnteriorInfarction,-609,qR,1,0.0039,0,633,1,246,500,,,,,,,,,,0,3,-6.0,7,7,0.0,26,27,-2.0,,,,45,39,12.0,62,51,22.0,147,148,-2.0,250,244,12.0,18.0,18.0,-10.0,14.0
AnteriorInfarction_020,I,1,AnteriorInfarction,-609,qR,1,0.003,0,633,1,246,500,,,,,,,,,,1,3,-4.0,5,6,-2.0,22,22,0.0,,,,44,39,10.0,63,68,-10.0,141,142,-2.0,249,248,2.0,14.0,6.0,12.0,4.0
AnteriorInfarction_020,II,1,AnteriorInfarction,-609,R,1,0.0025,0,633,1,246,500,,,,,,,,,,1,3,-4.0,,,,19,20,-2.0,,,,45,39,12.0,63,66,-6.0,144,144,0.0,249,251,-4.0,16.0,0.0,2.0,-4.0
AnteriorInfarction_020,III,1,AnteriorInfarction,-609,RS,1,0.0042,0,633,1,246,500,,,,,,,,,,1,3,-4.0,,,,7,17,-20.0,26,26,0.0,45,39,12.0,63,68,-10.0,148,148,0.0,251,251,0.0,16.0,4.0,10.0,0.0
AnteriorInfarction_020,aVR,1,AnteriorInfarction,-609,QS,1,0.0027,0,633,1,246,500,,,,,,,,,,1,3,-4.0,21,20,2.0,,,,,,,45,39,12.0,63,72,-18.0,143,143,0.0,250,248,4.0,16.0,8.0,22.0,4.0
AnteriorInfarction_020,aVL,1,AnteriorInfarction,-609,QRs,1,0.0023,0,633,1,246,500,,,,,,,,,,1,3,-4.0,11,12,-2.0,26,27,-2.0,41,,,44,39,10.0,62,41,42.0,157,158,-2.0,251,252,-2.0,14.0,2.0,-44.0,0.0
AnteriorInfarction_020,aVF,1,AnteriorInfarction,-609,R,1,0.0021,0,633,1,246,500,,,,,,,,,,1,3,-4.0,,,,18,18,0.0,,26,,45,39,12.0,62,70,-16.0,145,145,0.0,250,247,6.0,16.0,10.0,22.0,6.0
AnteriorInfarction_020,V1,1,AnteriorInfarction,-609,rS,1,0.0037,0,633,1,246,500,,,,,,,,,,1,3,-4.0,,19,,8,30,-44.0,19,47,-56.0,45,39,12.0,61,93,-64.0,143,143,0.0,251,252,-2.0,16.0,2.0,62.0,-2.0
AnteriorInfarction_020,V2,1,AnteriorInfarction,-609,qRs,1,0.0044,0,633,1,246,500,,,,,,,,,,1,3,-4.0,15,16,-2.0,27,27,0.0,45,41,8.0,45,39,12.0,62,94,-64.0,147,147,0.0,251,247,8.0,16.0,12.0,72.0,8.0
AnteriorInfarction_020,V4,1,AnteriorInfarction,-609,qR,1,0.0025,0,633,1,246,500,,,,,,,,,,1,3,-4.0,7,7,0.0,26,27,-2.0,,,,45,39,12.0,63,101,-76.0,143,143,0.0,251,251,0.0,16.0,4.0,76.0,0.0
AnteriorInfarction_020,V5,1,AnteriorInfarction,-609,qR,1,0.0025,0,633,1,246,500,,,,,,,,,,1,3,-4.0,6,7,-2.0,20,20,0.0,,,,45,39,12.0,63,72,-18.0,146,146,0.0,250,215,70.0,16.0,74.0,88.0,70.0
AnteriorInfarction_020,V6,1,AnteriorInfarction,-609,qRs,1,0.0015,0,633,1,246,500,,,,,,,,,,1,3,-4.0,7,7,0.0,20,20,0.0,26,26,0.0,45,39,12.0,63,83,-40.0,146,146,0.0,250,198,104.0,16.0,108.0,144.0,104.0
AnteriorIschemia_001,V3,1,AnteriorIschemia,-613,qR,1,0.0442,0,638,1,242,500,,,,,,,,,,0,2,-4.0,8,8,0.0,24,25,-2.0,,,,41,55,-28.0,57,72,-30.0,112,112,0.0,174,167,14.0,-24.0,18.0,44.0,14.0
AnteriorIschemia_001,I,1,AnteriorIschemia,-613,RS,1,0.0299,0,638,1,242,500,,,,,,,,,,0,2,-4.0,,12,,7,23,-32.0,12,,,40,55,-30.0,57,55,4.0,164,136,56.0,173,172,2.0,-26.0,6.0,-2.0,-54.0
AnteriorIschemia_001,II,1,AnteriorIschemia,-613,R,1,0.0211,0,638,1,242,500,,,,,,,,,,0,2,-4.0,,,,16,23,-14.0,,,,41,55,-28.0,59,64,-10.0,142,142,0.0,174,175,-2.0,-24.0,2.0,8.0,-2.0
AnteriorIschemia_001,III,1,AnteriorIschemia,-613,R,1,0.0458,0,638,1,242,500,,,,,,,,,,0,2,-4.0,,,,5,22,-34.0,,62,,39,55,-32.0,58,86,-56.0,144,144,0.0,174,200,-52.0,-28.0,-48.0,4.0,-52.0
AnteriorIschemia_001,aVR,1,AnteriorIschemia,-613,QS,1,0.0253,0,638,1,242,500,,,,,,,,,,0,2,-4.0,22,23,-2.0,,,,,,,40,55,-30.0,58,76,-36.0,141,141,0.0,174,172,4.0,-26.0,8.0,40.0,4.0
AnteriorIschemia_001,aVL,1,AnteriorIschemia,-613,qrS,1,0.0388,0,638,1,242,500,,,,,,,,,,0,2,-4.0,4,14,-20.0,6,26,-40.0,14,34,-40.0,39,55,-32.0,55,98,-86.0,146,147,-2.0,174,178,-8.0,-28.0,-4.0,78.0,-6.0
AnteriorIschemia_001,aVF,1,AnteriorIschemia,-613,R,1,0.033,0,638,1,242,500,,,,,,,,,,0,2,-4.0,,,,16,22,-12.0,,,,40,55,-30.0,57,68,-22.0,143,143,0.0,174,171,6.0,-26.0,10.0,28.0,6.0
AnteriorIschemia_001,V1,1,AnteriorIschemia,-613,RS,1,0.0398,0,638,1,242,500,,,,,,,,,,0,2,-4.0,,,,7,7,0.0,20,19,2.0,39,55,-32.0,58,55,6.0,135,135,0.0,175,171,8.0,-28.0,12.0,2.0,8.0
AnteriorIschemia_001,V2,1,AnteriorIschemia,-613,rS,1,0.041,0,638,1,242,500,,,,,,,,,,0,2,-4.0,,19,,4,,,19,,,40,55,-30.0,59,55,8.0,129,129,0.0,174,168,12.0,-26.0,16.0,4.0,12.0
AnteriorIschemia_001,V4,1,AnteriorIschemia,-613,qR,1,0.0463,0,638,1,242,500,,,,,,,,,,0,2,-4.0,7,8,-2.0,23,23,0.0,,,,42,55,-26.0,57,63,-12.0,128,129,-2.0,173,168,10.0,-22.0,14.0,22.0,12.0
AnteriorIschemia_001,V5,1,AnteriorIschemia,-613,qR,1,0.0295,0,638,1,242,500,,,,,,,,,,0,2,-4.0,7,7,0.0,22,22,0.0,,,,40,55,-30.0,58,87,-58.0,145,146,-2.0,174,172,4.0,-26.0,8.0,62.0,6.0
AnteriorIschemia_001,V6,1,AnteriorIschemia,-613,R,1,0.0249,0,638,1,242,500,,,,,,,,,,0,2,-4.0,,,,21,22,-2.0,,,,40,55,-30.0,57,109,-104.0,146,147,-2.0,174,190,-32.0,-26.0,-28.0,72.0,-30.0
AnteriorIschemia_002,aVR,1,AnteriorIschemia,-604,QS,1,0.0504,0,637,1,251,500,,,,,,,,,,0,2,-4.0,32,32,0.0,,,,,,,55,55,0.0,67,68,-2.0,144,144,0.0,190,194,-8.0,4.0,-4.0,-6.0,-8.0
AnteriorIschemia_002,I,1,AnteriorIschemia,-604,R,1,0.0702,0,637,1,251,500,,,,,,,,,,0,2,-4.0,,,,8,33,-50.0,,,,54,55,-2.0,67,60,14.0,186,132,108.0,186,182,8.0,2.0,12.0,-6.0,-100.0
AnteriorIschemia_002,II,1,AnteriorIschemia,-604,R,1,0.0414,0,637,1,251,500,,,,,,,,,,0,2,-4.0,,,,11,32,-42.0,,70,,55,55,0.0,70,97,-54.0,146,146,0.0,183,199,-32.0,4.0,-28.0,22.0,-32.0
AnteriorIschemia_002,III,1,AnteriorIschemia,-604,Rs,1,0.065,0,637,1,251,500,,,,,,,,,,0,2,-4.0,,,,11,12,-2.0,55,74,-38.0,55,55,0.0,72,120,-96.0,148,148,0.0,189,199,-20.0,4.0,-16.0,76.0,-20.0
AnteriorIschemia_002,aVL,1,AnteriorIschemia,-604,QR,1,0.0579,0,637,1,251,500,,,,,,,,,,0,2,-4.0,12,12,0.0,34,35,-2.0,,,,55,55,0.0,69,72,-6.0,151,100,102.0,186,186,0.0,4.0,4.0,6.0,-102.0
AnteriorIschemia_002,aVF,1,AnteriorIschemia,-604,Rs,1,0.0438,0,637,1,251,500,,,,,,,,,,0,2,-4.0,,,,11,12,-2.0,55,72,-34.0,55,55,0.0,70,109,-78.0,147,147,0.0,185,183,4.0,4.0,8.0,82.0,4.0
AnteriorIschemia_002,V1,1,AnteriorIschemia,-604,rS,1,0.0588,0,637,1,251,500,,,,,,,,,,0,2,-4.0,,,,7,12,-10.0,32,32,0.0,54,55,-2.0,68,55,26.0,194,105,178.0,194,174,40.0,2.0,44.0,14.0,-138.0
AnteriorIschemia_002,V2,1,AnteriorIschemia,-604,RS,1,0.0657,0,637,1,251,500,,,,,,,,,,0,2,-4.0,,,,11,12,-2.0,31,31,0.0,55,55,0.0,71,55,32.0,198,126,144.0,198,178,40.0,4.0,44.0,8.0,-104.0
AnteriorIschemia_002,V3,1,AnteriorIschemia,-604,Rs,1,0.0777,0,637,1,251,500,,,,,,,,,,0,2,-4.0,,31,,12,42,-60.0,31,,,55,55,0.0,73,64,18.0,196,109,174.0,196,179,34.0,4.0,38.0,16.0,-140.0
AnteriorIschemia_002,V4,1,AnteriorIschemia,-604,R,1,0.0709,0,637,1,251,500,,,,,,,,,,0,2,-4.0,,,,5,41,-72.0,,,,55,55,0.0,70,79,-18.0,164,109,110.0,195,187,16.0,4.0,20.0,34.0,-94.0
AnteriorIschemia_002,V5,1,AnteriorIschemia,-604,qR,1,0.0462,0,637,1,251,500,,,,,,,,,,0,2,-4.0,9,9,0.0,31,31,0.0,,,,55,55,0.0,69,101,-64.0,156,156,0.0,193,180,26.0,4.0,30.0,90.0,26.0
AnteriorIschemia_002,V6,1,AnteriorIschemia,-604,qRs,1,0.0291,0,637,1,251,500,,,,,,,,,,0,2,-4.0,8,8,0.0,26,26,0.0,54,79,-50.0,54,55,-2.0,68,113,-90.0,153,153,0.0,191,182,18.0,2.0,22.0,108.0,18.0
AnteriorIschemia_003,I,1,AnteriorIschemia,-607,R,1,0.0307,0,627,1,248,500,,,,,,,,,,0,2,-4.0,,,,8,25,-34.0,,,,46,42,8.0,51,88,-74.0,143,143,0.0,174,171,6.0,12.0,10.0,80.0,6.0
AnteriorIschemia_003,III,1,AnteriorIschemia,-607,RS,1,0.042,0,627,1,248,500,,,,,,,,,,0,2,-4.0,,,,10,19,-18.0,31,31,0.0,45,42,6.0,51,97,-92.0,143,144,-2.0,177,184,-14.0,10.0,-10.0,78.0,-12.0
AnteriorIschemia_003,aVR,1,AnteriorIschemia,-607,QS,1,0.0298,0,627,1,248,500,,,,,,,,,,0,2,-4.0,25,25,0.0,,,,,,,45,42,6.0,50,72,-44.0,143,143,0.0,176,181,-10.0,10.0,-6.0,34.0,-10.0
AnteriorIschemia_003,aVL,1,AnteriorIschemia,-607,qR,1,0.0385,0,627,1,248,500,,,,,,,,,,0,2,-4.0,10,10,0.0,31,31,0.0,,,,46,42,8.0,48,72,-48.0,143,144,-2.0,176,178,-4.0,12.0,0.0,44.0,-2.0
AnteriorIschemia_003,aVF,1,AnteriorIschemia,-607,Rs,1,0.0232,0,627,1,248,500,,,,,,,,,,0,2,-4.0,,,,10,22,-24.0,31,32,-2.0,45,42,6.0,50,93,-86.0,143,144,-2.0,176,181,-10.0,10.0,-6.0,76.0,-8.0
AnteriorIschemia_003,V1,1,AnteriorIschemia,-607,rS,1,0.0346,0,627,1,248,500,,,,,,,,,,0,2,-4.0,,19,,3,34,-62.0,18,,,46,42,8.0,48,76,-56.0,115,115,0.0,177,170,14.0,12.0,18.0,70.0,14.0
AnteriorIschemia_003,V2,1,AnteriorIschemia,-607,rS,1,0.0337,0,627,1,248,500,,,,,,,,,,0,2,-4.0,,14,,2,31,-58.0,14,,,48,42,12.0,49,87,-76.0,115,115,0.0,175,175,0.0,16.0,4.0,76.0,0.0
AnteriorIschemia_003,V3,1,AnteriorIschemia,-607,qR,1,0.0363,0,627,1,248,500,,,,,,,,,,0,2,-4.0,9,9,0.0,28,28,0.0,,,,49,42,14.0,50,72,-44.0,175,112,126.0,175,174,2.0,18.0,6.0,46.0,-124.0
AnteriorIschemia_003,V4,1,AnteriorIschemia,-607,qR,1,0.0425,0,627,1,248,500,,,,,,,,,,0,2,-4.0,8,9,-2.0,27,27,0.0,,,,50,42,16.0,51,80,-58.0,175,114,122.0,175,175,0.0,20.0,4.0,58.0,-122.0
AnteriorIschemia_003,V5,1,AnteriorIschemia,-607,qR,1,0.0295,0,627,1,248,500,,,,,,,,,,0,2,-4.0,6,6,0.0,25,24,2.0,,,,45,42,6.0,50,119,-138.0,152,153,-2.0,176,176,0.0,10.0,4.0,138.0,2.0
AnteriorIschemia_003,V6,1,AnteriorIschemia,-607,qRs,1,0.0213,0,627,1,248,500,,,,,,,,,,0,2,-4.0,5,5,0.0,20,24,-8.0,31,32,-2.0,47,42,10.0,48,72,-48.0,150,150,0.0,175,176,-2.0,14.0,2.0,46.0,-2.0
AnteriorIschemia_003,II,1,AnteriorIschemia,-607,R,1,0.0213,0,627,1,248,500,,,,,,,,,,0,2,-4.0,,,,10,22,-24.0,,65,,45,42,6.0,51,71,-40.0,143,143,0.0,176,225,-98.0,10.0,-94.0,-58.0,-98.0
AnteriorIschemia_004,I,1,AnteriorIschemia,-605,R,1,0.0252,0,637,1,250,500,,,,,,,,,,0,2,-4.0,,,,8,29,-42.0,,,,52,57,-10.0,83,57,52.0,136,137,-2.0,175,172,6.0,-6.0,10.0,-46.0,8.0
AnteriorIschemia_004,II,1,AnteriorIschemia,-605,R,1,0.0151,0,637,1,250,500,,,,,,,,,,0,2,-4.0,,,,19,27,-16.0,,,,52,57,-10.0,70,64,12.0,143,143,0.0,176,181,-10.0,-6.0,-6.0,-22.0,-10.0
AnteriorIschemia_004,III,1,AnteriorIschemia,-605,Rs,1,0.0257,0,637,1,250,500,,,,,,,,,,0,2,-4.0,,,,5,18,-26.0,51,70,-38.0,51,57,-12.0,81,117,-72.0,149,149,0.0,176,202,-52.0,-8.0,-48.0,20.0,-52.0
AnteriorIschemia_004,aVR,1,AnteriorIschemia,-605,QS,1,0.0222,0,637,1,250,500,,,,,,,,,,0,2,-4.0,29,27,4.0,,,,,,,52,57,-10.0,70,64,12.0,141,141,0.0,176,172,8.0,-6.0,12.0,-4.0,8.0
AnteriorIschemia_004,aVL,1,AnteriorIschemia,-605,QRS,1,0.0222,0,637,1,250,500,,,,,,,,,,0,2,-4.0,5,17,-24.0,8,30,-44.0,17,,,50,57,-14.0,66,57,18.0,156,104,104.0,175,181,-12.0,-10.0,-8.0,-30.0,-116.0
AnteriorIschemia_004,aVF,1,AnteriorIschemia,-605,R,1,0.0216,0,637,1,250,500,,,,,,,,,,0,2,-4.0,,,,6,19,-26.0,,70,,52,57,-10.0,82,98,-32.0,145,146,-2.0,176,178,-4.0,-6.0,0.0,28.0,-2.0
AnteriorIschemia_004,V1,1,AnteriorIschemia,-605,rS,1,0.0223,0,637,1,250,500,,,,,,,,,,0,2,-4.0,,,,5,6,-2.0,22,22,0.0,52,57,-10.0,83,58,50.0,176,121,110.0,176,189,-26.0,-6.0,-22.0,-76.0,-136.0
AnteriorIschemia_004,V2,1,AnteriorIschemia,-605,rS,1,0.0212,0,637,1,250,500,,,,,,,,,,0,2,-4.0,,,,5,12,-14.0,25,25,0.0,53,57,-8.0,78,64,28.0,177,102,150.0,177,176,2.0,-4.0,6.0,-26.0,-148.0
AnteriorIschemia_004,V3,1,AnteriorIschemia,-605,QR,1,0.0192,0,637,1,250,500,,,,,,,,,,0,2,-4.0,9,10,-2.0,20,31,-22.0,,,,52,57,-10.0,83,64,38.0,151,101,100.0,176,182,-12.0,-6.0,-8.0,-50.0,-112.0
AnteriorIschemia_004,V4,1,AnteriorIschemia,-605,R,1,0.0217,0,637,1,250,500,,,,,,,,,,0,2,-4.0,,9,,30,30,0.0,,,,53,57,-8.0,85,57,56.0,176,144,64.0,176,176,0.0,-4.0,4.0,-56.0,-64.0
AnteriorIschemia_004,V5,1,AnteriorIschemia,-605,R,1,0.0165,0,637,1,250,500,,,,,,,,,,0,2,-4.0,,7,,26,26,0.0,,,,52,57,-10.0,89,94,-10.0,147,147,0.0,176,175,2.0,-6.0,6.0,12.0,2.0
AnteriorIschemia_004,V6,1,AnteriorIschemia,-605,Rs,1,0.0144,0,637,1,250,500,,,,,,,,,,0,2,-4.0,,4,,20,20,0.0,30,31,-2.0,53,57,-8.0,67,98,-62.0,145,145,0.0,176,175,2.0,-4.0,6.0,64.0,2.0
AnteriorIschemia_005,aVR,1,AnteriorIschemia,-608,QS,1,0.1392,0,643,1,247,500,,,,,,,,,,1,4,-6.0,23,24,-2.0,,,,,,,45,51,-12.0,56,51,10.0,141,141,0.0,177,176,2.0,-6.0,8.0,-8.0,2.0
AnteriorIschemia_005,I,1,AnteriorIschemia,-608,R,1,0.1597,0,643,1,247,500,,,,,,,,,,0,4,-8.0,,,,9,24,-30.0,,,,45,51,-12.0,54,51,6.0,136,136,0.0,173,169,8.0,-4.0,16.0,2.0,8.0
AnteriorIschemia_005,II,1,AnteriorIschemia,-608,R,1,0.1239,0,643,1,247,500,,,,,,,,,,1,4,-6.0,,,,16,24,-16.0,,,,45,51,-12.0,63,70,-14.0,143,143,0.0,175,177,-4.0,-6.0,2.0,10.0,-4.0
AnteriorIschemia_005,III,1,AnteriorIschemia,-608,R,1,0.2234,0,643,1,247,500,,,,,,,,,,1,4,-6.0,,,,6,23,-34.0,,67,,45,51,-12.0,54,102,-96.0,147,147,0.0,176,175,2.0,-6.0,8.0,98.0,2.0
AnteriorIschemia_005,aVL,1,AnteriorIschemia,-608,qrS,1,0.1852,0,643,1,247,500,,,,,,,,,,1,4,-6.0,5,6,-2.0,8,8,0.0,17,17,0.0,45,51,-12.0,51,51,0.0,152,152,0.0,173,174,-2.0,-6.0,4.0,-2.0,-2.0
AnteriorIschemia_005,aVF,1,AnteriorIschemia,-608,R,1,0.1759,0,643,1,247,500,,,,,,,,,,1,4,-6.0,,,,16,23,-14.0,,,,45,51,-12.0,55,68,-26.0,145,145,0.0,175,176,-2.0,-6.0,4.0,24.0,-2.0
AnteriorIschemia_005,V1,1,AnteriorIschemia,-608,rS,1,0.1771,0,643,1,247,500,,,,,,,,,,1,4,-6.0,,22,,4,33,-58.0,22,,,45,51,-12.0,54,58,-8.0,103,104,-2.0,177,167,20.0,-6.0,26.0,28.0,22.0
AnteriorIschemia_005,V2,1,AnteriorIschemia,-608,rS,1,0.1803,0,643,1,247,500,,,,,,,,,,1,4,-6.0,,21,,3,32,-58.0,21,,,45,51,-12.0,64,51,26.0,178,103,150.0,178,176,4.0,-6.0,10.0,-22.0,-146.0
AnteriorIschemia_005,V3,1,AnteriorIschemia,-608,QR,1,0.2217,0,643,1,247,500,,,,,,,,,,1,4,-6.0,8,8,0.0,16,27,-22.0,,,,45,51,-12.0,73,57,32.0,178,103,150.0,178,173,10.0,-6.0,16.0,-22.0,-140.0
AnteriorIschemia_005,V5,1,AnteriorIschemia,-608,qR,1,0.1599,0,643,1,247,500,,,,,,,,,,1,4,-6.0,6,7,-2.0,24,24,0.0,,,,45,51,-12.0,94,51,86.0,146,146,0.0,177,175,4.0,-6.0,10.0,-82.0,4.0
AnteriorIschemia_005,V6,1,AnteriorIschemia,-608,R,1,0.1271,0,643,1,247,500,,,,,,,,,,1,4,-6.0,,,,22,22,0.0,,33,,45,51,-12.0,71,100,-58.0,145,145,0.0,178,174,8.0,-6.0,14.0,66.0,8.0
AnteriorIschemia_005,V4,1,AnteriorIschemia,-608,qR,1,0.2159,0,643,1,247,500,,,,,,,,,,1,4,-6.0,8,8,0.0,27,28,-2.0,,,,45,51,-12.0,91,58,66.0,177,105,144.0,177,181,-8.0,-6.0,-2.0,-74.0,-152.0
AnteriorIschemia_006,aVR,1,AnteriorIschemia,-612,QS,1,0.0369,0,628,1,243,500,,,,,,,,,,0,2,-4.0,24,24,0.0,,,,,,,40,59,-38.0,60,64,-8.0,139,139,0.0,173,175,-4.0,-34.0,0.0,4.0,-4.0
AnteriorIschemia_006,I,1,AnteriorIschemia,-612,R,1,0.0394,0,628,1,243,500,,,,,,,,,,0,2,-4.0,,,,8,24,-32.0,,,,40,59,-38.0,59,59,0.0,135,135,0.0,172,167,10.0,-34.0,14.0,10.0,10.0
AnteriorIschemia_006,II,1,AnteriorIschemia,-612,R,1,0.0319,0,628,1,243,500,,,,,,,,,,0,2,-4.0,,,,10,25,-30.0,,,,40,59,-38.0,61,68,-14.0,141,141,0.0,173,176,-6.0,-34.0,-2.0,8.0,-6.0
AnteriorIschemia_006,III,1,AnteriorIschemia,-612,Rs,1,0.0539,0,628,1,243,500,,,,,,,,,,0,2,-4.0,,,,10,10,0.0,21,68,-94.0,41,59,-36.0,60,111,-102.0,144,144,0.0,173,202,-58.0,-32.0,-54.0,44.0,-58.0
AnteriorIschemia_006,aVL,1,AnteriorIschemia,-612,qRs,1,0.0438,0,628,1,243,500,,,,,,,,,,0,2,-4.0,10,10,0.0,23,23,0.0,34,33,2.0,40,59,-38.0,59,59,0.0,164,103,122.0,172,200,-56.0,-34.0,-52.0,-56.0,-178.0
AnteriorIschemia_006,aVF,1,AnteriorIschemia,-612,R,1,0.0493,0,628,1,243,500,,,,,,,,,,0,2,-4.0,,,,10,25,-30.0,,67,,40,59,-38.0,60,91,-62.0,142,142,0.0,173,182,-18.0,-34.0,-14.0,44.0,-18.0
AnteriorIschemia_006,V1,1,AnteriorIschemia,-612,rS,1,0.0429,0,628,1,243,500,,,,,,,,,,0,2,-4.0,,,,9,9,0.0,23,23,0.0,40,59,-38.0,60,60,0.0,124,125,-2.0,174,168,12.0,-34.0,16.0,12.0,14.0
AnteriorIschemia_006,V2,1,AnteriorIschemia,-612,RS,1,0.044,0,628,1,243,500,,,,,,,,,,0,2,-4.0,,,,10,10,0.0,22,22,0.0,40,59,-38.0,60,64,-8.0,132,132,0.0,173,171,4.0,-34.0,8.0,12.0,4.0
AnteriorIschemia_006,V3,1,AnteriorIschemia,-612,RS,1,0.0476,0,628,1,243,500,,,,,,,,,,0,2,-4.0,,20,,11,30,-38.0,20,,,40,59,-38.0,60,59,2.0,112,113,-2.0,173,168,10.0,-34.0,14.0,8.0,12.0
AnteriorIschemia_006,V4,1,AnteriorIschemia,-612,RS,1,0.055,0,628,1,243,500,,,,,,,,,,0,2,-4.0,,19,,11,28,-34.0,19,,,40,59,-38.0,60,64,-8.0,112,112,0.0,173,176,-6.0,-34.0,-2.0,2.0,-6.0
AnteriorIschemia_006,V5,1,AnteriorIschemia,-612,R,1,0.0352,0,628,1,243,500,,,,,,,,,,0,2,-4.0,,6,,25,25,0.0,,,,40,59,-38.0,60,79,-38.0,117,117,0.0,173,172,2.0,-34.0,6.0,40.0,2.0
AnteriorIschemia_006,V6,1,AnteriorIschemia,-612,R,1,0.031,0,628,1,243,500,,,,,,,,,,0,2,-4.0,,5,,22,22,0.0,,,,40,59,-38.0,59,111,-104.0,147,148,-2.0,173,177,-8.0,-34.0,-4.0,96.0,-6.0
AnteriorIschemia_007,V2,1,AnteriorIschemia,-610,qR,1,0.0398,0,638,1,245,500,,,,,,,,,,0,3,-6.0,9,9,0.0,26,26,0.0,,,,40,54,-28.0,59,62,-6.0,185,108,154.0,185,168,34.0,-22.0,40.0,40.0,-120.0
AnteriorIschemia_007,I,1,AnteriorIschemia,-610,rS,1,0.0242,0,638,1,245,500,,,,,,,,,,1,3,-4.0,,11,,7,23,-32.0,11,,,40,54,-28.0,59,62,-6.0,173,144,58.0,173,168,10.0,-24.0,14.0,16.0,-48.0
AnteriorIschemia_007,II,1,AnteriorIschemia,-610,R,1,0.0199,0,638,1,245,500,,,,,,,,,,1,3,-4.0,,,,20,21,-2.0,,,,40,54,-28.0,61,96,-70.0,142,143,-2.0,177,173,8.0,-24.0,12.0,78.0,10.0
AnteriorIschemia_007,III,1,AnteriorIschemia,-610,R,1,0.0562,0,638,1,245,500,,,,,,,,,,1,3,-4.0,,,,12,14,-4.0,,66,,40,54,-28.0,60,105,-90.0,142,142,0.0,181,175,12.0,-24.0,16.0,102.0,12.0
AnteriorIschemia_007,aVR,1,AnteriorIschemia,-610,QS,1,0.0222,0,638,1,245,500,,,,,,,,,,1,3,-4.0,22,23,-2.0,,,,,,,40,54,-28.0,59,83,-48.0,142,143,-2.0,178,172,12.0,-24.0,16.0,60.0,14.0
AnteriorIschemia_007,aVL,1,AnteriorIschemia,-610,QR,1,0.0408,0,638,1,245,500,,,,,,,,,,1,3,-4.0,11,11,0.0,22,23,-2.0,,,,40,54,-28.0,60,112,-104.0,142,142,0.0,178,172,12.0,-24.0,16.0,116.0,12.0
AnteriorIschemia_007,aVF,1,AnteriorIschemia,-610,R,1,0.0276,0,638,1,245,500,,,,,,,,,,1,3,-4.0,,,,17,17,0.0,,70,,40,54,-28.0,60,99,-78.0,142,142,0.0,181,177,8.0,-24.0,12.0,86.0,8.0
AnteriorIschemia_007,V1,1,AnteriorIschemia,-610,rS,1,0.035,0,638,1,245,500,,,,,,,,,,1,3,-4.0,,20,,4,31,-54.0,20,,,40,54,-28.0,59,55,8.0,111,111,0.0,188,175,26.0,-24.0,30.0,18.0,26.0
AnteriorIschemia_007,V3,1,AnteriorIschemia,-610,qR,1,0.0427,0,638,1,245,500,,,,,,,,,,1,3,-4.0,9,9,0.0,26,26,0.0,,,,40,54,-28.0,59,71,-24.0,182,109,146.0,182,168,28.0,-24.0,32.0,52.0,-118.0
AnteriorIschemia_007,V4,1,AnteriorIschemia,-610,qR,1,0.0443,0,638,1,245,500,,,,,,,,,,1,3,-4.0,8,9,-2.0,24,24,0.0,,,,40,54,-28.0,59,75,-32.0,176,112,128.0,176,168,16.0,-24.0,20.0,48.0,-112.0
AnteriorIschemia_007,V5,1,AnteriorIschemia,-610,qR,1,0.0262,0,638,1,245,500,,,,,,,,,,1,3,-4.0,6,7,-2.0,21,21,0.0,,,,41,54,-26.0,59,101,-84.0,146,146,0.0,183,172,22.0,-22.0,26.0,106.0,22.0
AnteriorIschemia_007,V6,1,AnteriorIschemia,-610,qR,1,0.0177,0,638,1,245,500,,,,,,,,,,1,3,-4.0,6,6,0.0,21,21,0.0,,93,,41,54,-26.0,59,115,-112.0,146,147,-2.0,183,171,24.0,-22.0,28.0,136.0,26.0
AnteriorIschemia_008,aVR,1,AnteriorIschemia,-610,QS,1,0.0375,0,636,1,245,500,,,,,,,,,,0,2,-4.0,24,25,-2.0,,,,,,,46,58,-24.0,61,64,-6.0,140,140,0.0,176,172,8.0,-20.0,12.0,14.0,8.0
AnteriorIschemia_008,II,1,AnteriorIschemia,-610,R,1,0.0353,0,636,1,245,500,,,,,,,,,,0,2,-4.0,,,,24,24,0.0,,,,46,58,-24.0,61,64,-6.0,144,144,0.0,176,175,2.0,-20.0,6.0,8.0,2.0
AnteriorIschemia_008,III,1,AnteriorIschemia,-610,Rs,1,0.0668,0,636,1,245,500,,,,,,,,,,0,2,-4.0,,,,18,18,0.0,29,28,2.0,44,58,-28.0,61,101,-80.0,149,150,-2.0,176,176,0.0,-24.0,4.0,80.0,2.0
AnteriorIschemia_008,I,1,AnteriorIschemia,-610,R,1,0.0408,0,636,1,245,500,,,,,,,,,,0,2,-4.0,,,,25,25,0.0,,,,46,58,-24.0,60,62,-4.0,176,132,88.0,176,170,12.0,-20.0,16.0,16.0,-76.0
AnteriorIschemia_008,aVL,1,AnteriorIschemia,-610,qR,1,0.0489,0,636,1,245,500,,,,,,,,,,0,2,-4.0,17,17,0.0,27,27,0.0,,,,44,58,-28.0,60,66,-12.0,155,104,102.0,175,173,4.0,-24.0,8.0,16.0,-98.0
AnteriorIschemia_008,aVF,1,AnteriorIschemia,-610,R,1,0.0549,0,636,1,245,500,,,,,,,,,,0,2,-4.0,,,,19,24,-10.0,,,,45,58,-26.0,61,102,-82.0,146,147,-2.0,176,178,-4.0,-22.0,0.0,78.0,-2.0
AnteriorIschemia_008,V1,1,AnteriorIschemia,-610,RS,1,0.0466,0,636,1,245,500,,,,,,,,,,0,2,-4.0,,,,7,8,-2.0,23,24,-2.0,45,58,-26.0,61,59,4.0,135,136,-2.0,177,178,-2.0,-22.0,2.0,-6.0,0.0
AnteriorIschemia_008,V2,1,AnteriorIschemia,-610,rS,1,0.0534,0,636,1,245,500,,,,,,,,,,0,2,-4.0,,,,6,7,-2.0,23,24,-2.0,47,58,-22.0,62,60,4.0,129,129,0.0,176,181,-10.0,-18.0,-6.0,-14.0,-10.0
AnteriorIschemia_008,V3,1,AnteriorIschemia,-610,RS,1,0.0588,0,636,1,245,500,,,,,,,,,,0,2,-4.0,,12,,5,26,-42.0,13,,,48,58,-20.0,62,66,-8.0,109,109,0.0,175,176,-2.0,-16.0,2.0,6.0,-2.0
AnteriorIschemia_008,V4,1,AnteriorIschemia,-610,qR,1,0.0668,0,636,1,245,500,,,,,,,,,,0,2,-4.0,10,10,0.0,25,25,0.0,,,,48,58,-20.0,61,66,-10.0,110,111,-2.0,176,180,-8.0,-16.0,-4.0,2.0,-6.0
AnteriorIschemia_008,V5,1,AnteriorIschemia,-610,qR,1,0.0423,0,636,1,245,500,,,,,,,,,,0,2,-4.0,7,8,-2.0,24,25,-2.0,,,,46,58,-24.0,61,66,-10.0,146,146,0.0,176,176,0.0,-20.0,4.0,10.0,0.0
AnteriorIschemia_008,V6,1,AnteriorIschemia,-610,qR,1,0.0339,0,636,1,245,500,,,,,,,,,,0,2,-4.0,7,7,0.0,23,23,0.0,,,,46,58,-24.0,60,91,-62.0,147,147,0.0,176,171,10.0,-20.0,14.0,72.0,10.0
AnteriorIschemia_009,V3,1,AnteriorIschemia,-612,rS,1,0.0485,0,639,1,243,500,,,,,,,,,,0,2,-4.0,,21,,5,31,-52.0,21,,,41,55,-28.0,64,59,10.0,112,112,0.0,172,169,6.0,-24.0,10.0,-4.0,6.0
AnteriorIschemia_009,I,1,AnteriorIschemia,-612,R,1,0.0313,0,639,1,243,500,,,,,,,,,,0,2,-4.0,,,,25,26,-2.0,,,,41,55,-28.0,58,55,6.0,172,129,86.0,172,169,6.0,-24.0,10.0,0.0,-80.0
AnteriorIschemia_009,II,1,AnteriorIschemia,-612,R,1,0.0386,0,639,1,243,500,,,,,,,,,,0,2,-4.0,,,,25,25,0.0,,,,41,55,-28.0,61,75,-28.0,143,143,0.0,173,169,8.0,-24.0,12.0,36.0,8.0
AnteriorIschemia_009,III,1,AnteriorIschemia,-612,rS,1,0.0665,0,639,1,243,500,,,,,,,,,,0,2,-4.0,,,,5,6,-2.0,27,27,0.0,41,55,-28.0,60,64,-8.0,147,103,88.0,174,169,10.0,-24.0,14.0,18.0,-78.0
AnteriorIschemia_009,aVR,1,AnteriorIschemia,-612,QS,1,0.0378,0,639,1,243,500,,,,,,,,,,0,2,-4.0,25,25,0.0,,,,,,,41,55,-28.0,59,64,-10.0,141,141,0.0,173,169,8.0,-24.0,12.0,18.0,8.0
AnteriorIschemia_009,aVL,1,AnteriorIschemia,-612,R,1,0.0333,0,639,1,243,500,,,,,,,,,,0,2,-4.0,,6,,12,27,-30.0,,,,41,55,-28.0,59,55,8.0,172,110,124.0,172,169,6.0,-24.0,10.0,-2.0,-118.0
AnteriorIschemia_009,V4,1,AnteriorIschemia,-612,RS,1,0.0484,0,639,1,243,500,,,,,,,,,,0,2,-4.0,,20,,8,27,-38.0,20,,,41,55,-28.0,61,64,-6.0,129,130,-2.0,173,175,-4.0,-24.0,0.0,2.0,-2.0
AnteriorIschemia_009,V5,1,AnteriorIschemia,-612,R,1,0.0295,0,639,1,243,500,,,,,,,,,,0,2,-4.0,,,,26,26,0.0,,,,41,55,-28.0,61,70,-18.0,144,144,0.0,173,169,8.0,-24.0,12.0,26.0,8.0
AnteriorIschemia_009,V6,1,AnteriorIschemia,-612,R,1,0.024,0,639,1,243,500,,,,,,,,,,0,2,-4.0,,,,22,22,0.0,,,,41,55,-28.0,58,93,-70.0,146,147,-2.0,173,169,8.0,-24.0,12.0,78.0,10.0
AnteriorIschemia_009,aVF,1,AnteriorIschemia,-612,RS,1,0.0583,0,639,1,243,500,,,,,,,,,,0,2,-4.0,,,,10,18,-16.0,28,29,-2.0,41,55,-28.0,61,64,-6.0,145,145,0.0,173,169,8.0,-24.0,12.0,14.0,8.0
AnteriorIschemia_009,V1,1,AnteriorIschemia,-612,rS,1,0.044,0,639,1,243,500,,,,,,,,,,0,2,-4.0,,23,,4,,,23,,,41,55,-28.0,62,64,-4.0,97,98,-2.0,173,169,8.0,-24.0,12.0,12.0,10.0
AnteriorIschemia_009,V2,1,AnteriorIschemia,-612,rS,1,0.0429,0,639,1,243,500,,,,,,,,,,0,2,-4.0,,,,5,5,0.0,21,22,-2.0,41,55,-28.0,64,64,0.0,110,110,0.0,173,169,8.0,-24.0,12.0,8.0,8.0
AnteriorIschemia_010,aVR,1,AnteriorIschemia,-607,QS,1,0.0248,0,637,1,248,500,,,,,,,,,,1,2,-2.0,27,27,0.0,,,,,,,48,38,20.0,67,64,6.0,141,141,0.0,181,174,14.0,22.0,16.0,8.0,14.0
AnteriorIschemia_010,I,1,AnteriorIschemia,-607,R,1,0.0239,0,637,1,248,500,,,,,,,,,,0,2,-4.0,,,,9,30,-42.0,,,,47,38,18.0,68,53,30.0,134,134,0.0,178,174,8.0,22.0,12.0,-22.0,8.0
AnteriorIschemia_010,II,1,AnteriorIschemia,-607,R,1,0.0203,0,637,1,248,500,,,,,,,,,,1,2,-2.0,,,,8,27,-38.0,,,,48,38,20.0,70,70,0.0,144,145,-2.0,179,174,10.0,22.0,12.0,10.0,12.0
AnteriorIschemia_010,III,1,AnteriorIschemia,-607,RS,1,0.0418,0,637,1,248,500,,,,,,,,,,0,2,-4.0,,,,6,27,-42.0,33,34,-2.0,47,38,18.0,70,98,-56.0,150,150,0.0,180,174,12.0,22.0,16.0,68.0,12.0
AnteriorIschemia_010,aVL,1,AnteriorIschemia,-607,QRS,1,0.0262,0,637,1,248,500,,,,,,,,,,0,2,-4.0,5,18,-26.0,10,31,-42.0,18,,,47,38,18.0,68,82,-28.0,155,104,102.0,179,174,10.0,22.0,14.0,38.0,-92.0
AnteriorIschemia_010,aVF,1,AnteriorIschemia,-607,Rs,1,0.0362,0,637,1,248,500,,,,,,,,,,1,2,-2.0,,,,7,27,-40.0,48,,,48,38,20.0,69,68,2.0,147,147,0.0,180,182,-4.0,22.0,-2.0,-6.0,-4.0
AnteriorIschemia_010,V1,1,AnteriorIschemia,-607,rS,1,0.0241,0,637,1,248,500,,,,,,,,,,0,2,-4.0,,21,,4,,,21,,,48,38,20.0,70,49,42.0,146,146,0.0,180,174,12.0,24.0,16.0,-30.0,12.0
AnteriorIschemia_010,V2,1,AnteriorIschemia,-607,rS,1,0.0231,0,637,1,248,500,,,,,,,,,,0,2,-4.0,,21,,4,,,21,,,49,38,22.0,69,64,10.0,181,110,142.0,181,174,14.0,26.0,18.0,4.0,-128.0
AnteriorIschemia_010,V3,1,AnteriorIschemia,-607,QR,1,0.0304,0,637,1,248,500,,,,,,,,,,1,2,-2.0,18,19,-2.0,30,31,-2.0,,,,49,38,22.0,72,64,16.0,183,107,152.0,183,174,18.0,24.0,20.0,2.0,-134.0
AnteriorIschemia_010,V6,1,AnteriorIschemia,-607,Rs,1,0.0199,0,637,1,248,500,,,,,,,,,,0,2,-4.0,,,,20,20,0.0,29,29,0.0,49,38,22.0,67,95,-56.0,145,145,0.0,180,174,12.0,26.0,16.0,68.0,12.0
AnteriorIschemia_010,V4,1,AnteriorIschemia,-607,qR,1,0.0332,0,637,1,248,500,,,,,,,,,,1,2,-2.0,10,11,-2.0,29,29,0.0,,,,49,38,22.0,71,64,14.0,145,145,0.0,180,174,12.0,24.0,14.0,-2.0,12.0
AnteriorIschemia_010,V5,1,AnteriorIschemia,-607,qR,1,0.0248,0,637,1,248,500,,,,,,,,,,1,2,-2.0,7,7,0.0,24,24,0.0,,,,48,38,20.0,72,64,16.0,147,148,-2.0,180,174,12.0,22.0,14.0,-4.0,14.0
AnteriorIschemia_011,V5,1,AnteriorIschemia,-601,qR,1,0.0279,0,638,1,254,500,,,,,,,,,,0,2,-4.0,9,9,0.0,26,26,0.0,,,,49,47,4.0,62,86,-48.0,148,148,0.0,193,172,42.0,8.0,46.0,90.0,42.0
AnteriorIschemia_011,I,1,AnteriorIschemia,-601,QR,1,0.0402,0,638,1,254,500,,,,,,,,,,0,2,-4.0,12,12,0.0,30,30,0.0,,,,50,47,6.0,61,48,26.0,161,136,50.0,182,185,-6.0,10.0,-2.0,-32.0,-56.0
AnteriorIschemia_011,II,1,AnteriorIschemia,-601,R,1,0.0336,0,638,1,254,500,,,,,,,,,,0,2,-4.0,,,,19,19,0.0,,72,,49,47,4.0,63,105,-84.0,144,145,-2.0,184,199,-30.0,8.0,-26.0,54.0,-28.0
AnteriorIschemia_011,III,1,AnteriorIschemia,-601,R,1,0.0535,0,638,1,254,500,,,,,,,,,,0,2,-4.0,,,,18,19,-2.0,,72,,50,47,6.0,62,107,-90.0,146,146,0.0,191,193,-4.0,10.0,0.0,86.0,-4.0
AnteriorIschemia_011,aVR,1,AnteriorIschemia,-601,QS,1,0.0427,0,638,1,254,500,,,,,,,,,,1,2,-2.0,30,30,0.0,,,,,,,49,47,4.0,58,80,-44.0,143,143,0.0,187,181,12.0,6.0,14.0,56.0,12.0
AnteriorIschemia_011,aVL,1,AnteriorIschemia,-601,Qrs,1,0.0444,0,638,1,254,500,,,,,,,,,,0,2,-4.0,18,18,0.0,37,37,0.0,41,41,0.0,50,47,6.0,60,72,-24.0,148,148,0.0,190,189,2.0,10.0,6.0,26.0,2.0
AnteriorIschemia_011,aVF,1,AnteriorIschemia,-601,R,1,0.0411,0,638,1,254,500,,,,,,,,,,0,2,-4.0,,,,18,19,-2.0,,72,,50,47,6.0,60,103,-86.0,145,145,0.0,188,178,20.0,10.0,24.0,106.0,20.0
AnteriorIschemia_011,V1,1,AnteriorIschemia,-601,RS,1,0.0312,0,638,1,254,500,,,,,,,,,,0,2,-4.0,,,,10,11,-2.0,28,29,-2.0,49,47,4.0,59,48,22.0,193,95,196.0,193,182,22.0,8.0,26.0,0.0,-174.0
AnteriorIschemia_011,V2,1,AnteriorIschemia,-601,RS,1,0.0227,0,638,1,254,500,,,,,,,,,,0,2,-4.0,,,,5,6,-2.0,28,28,0.0,49,47,4.0,62,48,28.0,197,98,198.0,197,172,50.0,8.0,54.0,22.0,-148.0
AnteriorIschemia_011,V3,1,AnteriorIschemia,-601,RS,1,0.0274,0,638,1,254,500,,,,,,,,,,0,2,-4.0,,17,,4,35,-62.0,17,,,49,47,4.0,61,48,26.0,197,108,178.0,197,185,24.0,8.0,28.0,-2.0,-154.0
AnteriorIschemia_011,V4,1,AnteriorIschemia,-601,qR,1,0.0318,0,638,1,254,500,,,,,,,,,,0,2,-4.0,10,11,-2.0,34,34,0.0,,,,49,47,4.0,61,48,26.0,193,109,168.0,193,179,28.0,8.0,32.0,2.0,-140.0
AnteriorIschemia_011,V6,1,AnteriorIschemia,-601,RS,1,0.023,0,638,1,254,500,,,,,,,,,,0,2,-4.0,,,,16,16,0.0,27,28,-2.0,50,47,6.0,60,91,-62.0,144,144,0.0,191,172,38.0,10.0,42.0,100.0,38.0
AnteriorIschemia_012,aVR,1,AnteriorIschemia,-606,QS,1,0.0216,0,622,1,249,500,,,,,,,,,,1,2,-2.0,29,30,-2.0,,,,,,,60,42,36.0,78,59,38.0,141,141,0.0,181,185,-8.0,38.0,-6.0,-46.0,-8.0
AnteriorIschemia_012,I,1,AnteriorIschemia,-606,R,1,0.0186,0,622,1,249,500,,,,,,,,,,1,2,-2.0,,,,10,30,-40.0,,,,57,42,30.0,74,51,46.0,181,135,92.0,181,177,8.0,32.0,10.0,-38.0,-84.0
AnteriorIschemia_012,II,1,AnteriorIschemia,-606,R,1,0.0157,0,622,1,249,500,,,,,,,,,,1,2,-2.0,,,,11,30,-38.0,,,,60,42,36.0,81,70,22.0,144,144,0.0,181,193,-24.0,38.0,-22.0,-46.0,-24.0
AnteriorIschemia_012,III,1,AnteriorIschemia,-606,RS,1,0.0307,0,622,1,249,500,,,,,,,,,,1,2,-2.0,,,,11,11,0.0,35,34,2.0,57,42,30.0,75,72,6.0,148,148,0.0,181,197,-32.0,32.0,-30.0,-38.0,-32.0
AnteriorIschemia_012,aVL,1,AnteriorIschemia,-606,qR,1,0.0229,0,622,1,249,500,,,,,,,,,,1,2,-2.0,7,11,-8.0,27,33,-12.0,,,,55,42,26.0,72,47,50.0,164,104,120.0,181,177,8.0,28.0,10.0,-42.0,-112.0
AnteriorIschemia_012,aVF,1,AnteriorIschemia,-606,Rs,1,0.0272,0,622,1,249,500,,,,,,,,,,1,2,-2.0,,,,11,11,0.0,61,,,61,42,38.0,75,70,10.0,146,146,0.0,181,187,-12.0,40.0,-10.0,-22.0,-12.0
AnteriorIschemia_012,V1,1,AnteriorIschemia,-606,rS,1,0.0168,0,622,1,249,500,,,,,,,,,,0,2,-4.0,,27,,6,,,27,,,58,42,32.0,91,46,90.0,181,143,76.0,181,177,8.0,36.0,12.0,-82.0,-68.0
AnteriorIschemia_012,V3,1,AnteriorIschemia,-606,Qr,1,0.0162,0,622,1,249,500,,,,,,,,,,1,2,-2.0,27,27,0.0,40,41,-2.0,,,,63,42,42.0,88,70,36.0,158,108,100.0,180,177,6.0,44.0,8.0,-30.0,-94.0
AnteriorIschemia_012,V4,1,AnteriorIschemia,-606,qR,1,0.0227,0,622,1,249,500,,,,,,,,,,1,2,-2.0,23,23,0.0,33,34,-2.0,,,,63,42,42.0,91,75,32.0,155,155,0.0,180,185,-10.0,44.0,-8.0,-42.0,-10.0
AnteriorIschemia_012,V5,1,AnteriorIschemia,-606,qR,1,0.017,0,622,1,249,500,,,,,,,,,,1,2,-2.0,8,8,0.0,31,31,0.0,,,,60,42,36.0,93,52,82.0,162,139,46.0,181,177,8.0,38.0,10.0,-74.0,-38.0
AnteriorIschemia_012,V6,1,AnteriorIschemia,-606,R,1,0.0147,0,622,1,249,500,,,,,,,,,,1,2,-2.0,,,,23,23,0.0,,,,59,42,34.0,74,94,-40.0,151,151,0.0,181,177,8.0,36.0,10.0,48.0,8.0
AnteriorIschemia_012,V2,1,AnteriorIschemia,-606,rS,1,0.0128,0,622,1,249,500,,,,,,,,,,1,2,-2.0,,,,8,12,-8.0,24,24,0.0,62,42,40.0,81,70,22.0,181,122,118.0,181,177,8.0,42.0,10.0,-14.0,-110.0
AnteriorIschemia_013,I,1,AnteriorIschemia,-608,qR,1,0.0457,0,633,1,247,500,,,,,,,,,,1,3,-4.0,10,10,0.0,26,26,0.0,,,,42,44,-4.0,76,51,50.0,140,140,0.0,180,166,28.0,0.0,32.0,-22.0,28.0
AnteriorIschemia_013,II,1,AnteriorIschemia,-608,R,1,0.0242,0,633,1,247,500,,,,,,,,,,1,3,-4.0,,,,9,25,-32.0,,67,,42,44,-4.0,84,101,-34.0,145,145,0.0,197,174,46.0,0.0,50.0,80.0,46.0
AnteriorIschemia_013,III,1,AnteriorIschemia,-608,R,1,0.0728,0,633,1,247,500,,,,,,,,,,1,3,-4.0,,,,10,17,-14.0,,,,42,44,-4.0,85,98,-26.0,148,148,0.0,204,184,40.0,0.0,44.0,66.0,40.0
AnteriorIschemia_013,aVR,1,AnteriorIschemia,-608,QS,1,0.0355,0,633,1,247,500,,,,,,,,,,1,3,-4.0,26,26,0.0,,,,,,,42,44,-4.0,83,76,14.0,144,144,0.0,198,180,36.0,0.0,40.0,22.0,36.0
AnteriorIschemia_013,aVL,1,AnteriorIschemia,-608,QR,1,0.0585,0,633,1,247,500,,,,,,,,,,1,3,-4.0,15,10,10.0,26,26,0.0,,,,42,44,-4.0,81,64,34.0,152,153,-2.0,201,185,32.0,0.0,36.0,-2.0,34.0
AnteriorIschemia_013,aVF,1,AnteriorIschemia,-608,R,1,0.0407,0,633,1,247,500,,,,,,,,,,1,3,-4.0,,,,10,24,-28.0,,69,,42,44,-4.0,84,105,-42.0,146,146,0.0,198,183,30.0,0.0,34.0,72.0,30.0
AnteriorIschemia_013,V1,1,AnteriorIschemia,-608,rS,1,0.0519,0,633,1,247,500,,,,,,,,,,1,3,-4.0,,25,,4,,,24,,,42,44,-4.0,77,48,58.0,199,101,196.0,199,166,66.0,0.0,70.0,8.0,-130.0
AnteriorIschemia_013,V2,1,AnteriorIschemia,-608,rS,1,0.0552,0,633,1,247,500,,,,,,,,,,0,3,-6.0,,20,,4,30,-52.0,20,,,42,44,-4.0,84,53,62.0,200,106,188.0,200,175,50.0,2.0,56.0,-12.0,-138.0
AnteriorIschemia_013,V3,1,AnteriorIschemia,-608,qR,1,0.0608,0,633,1,247,500,,,,,,,,,,1,3,-4.0,8,8,0.0,28,28,0.0,,,,42,44,-4.0,86,53,66.0,199,105,188.0,199,166,66.0,0.0,70.0,0.0,-122.0
AnteriorIschemia_013,V5,1,AnteriorIschemia,-608,qR,1,0.0346,0,633,1,247,500,,,,,,,,,,1,3,-4.0,8,7,2.0,25,25,0.0,,,,42,44,-4.0,86,96,-20.0,151,151,0.0,203,166,74.0,0.0,78.0,94.0,74.0
AnteriorIschemia_013,V6,1,AnteriorIschemia,-608,qRs,1,0.0226,0,633,1,247,500,,,,,,,,,,1,3,-4.0,7,7,0.0,24,24,0.0,33,34,-2.0,42,44,-4.0,84,96,-24.0,149,149,0.0,201,181,40.0,0.0,44.0,64.0,40.0
AnteriorIschemia_013,V4,1,AnteriorIschemia,-608,qR,1,0.0596,0,633,1,247,500,,,,,,,,,,1,3,-4.0,8,8,0.0,27,28,-2.0,,,,42,44,-4.0,85,53,64.0,145,103,84.0,200,166,68.0,0.0,72.0,4.0,-16.0
AnteriorIschemia_014,I,1,AnteriorIschemia,-606,QR,1,0.2439,0,637,1,249,500,,,,,,,,,,1,4,-6.0,5,,,9,25,-32.0,,,,42,43,-2.0,64,56,16.0,140,140,0.0,186,179,14.0,4.0,20.0,-2.0,14.0
AnteriorIschemia_014,II,1,AnteriorIschemia,-606,R,1,0.1554,0,637,1,249,500,,,,,,,,,,2,4,-4.0,,,,25,26,-2.0,,,,43,43,0.0,71,76,-10.0,144,145,-2.0,212,182,60.0,4.0,64.0,70.0,62.0
AnteriorIschemia_014,III,1,AnteriorIschemia,-606,R,1,0.2957,0,637,1,249,500,,,,,,,,,,2,4,-4.0,,,,7,18,-22.0,,,,42,43,-2.0,68,70,-4.0,145,146,-2.0,214,180,68.0,2.0,72.0,72.0,70.0
AnteriorIschemia_014,aVR,1,AnteriorIschemia,-606,QS,1,0.1671,0,637,1,249,500,,,,,,,,,,2,4,-4.0,25,26,-2.0,,,,,,,43,43,0.0,65,79,-28.0,144,144,0.0,216,183,66.0,4.0,70.0,94.0,66.0
AnteriorIschemia_014,aVL,1,AnteriorIschemia,-606,Qr,1,0.2291,0,637,1,249,500,,,,,,,,,,2,4,-4.0,16,17,-2.0,24,25,-2.0,,28,,42,43,-2.0,64,56,16.0,147,147,0.0,217,191,52.0,2.0,56.0,36.0,52.0
AnteriorIschemia_014,aVF,1,AnteriorIschemia,-606,R,1,0.217,0,637,1,249,500,,,,,,,,,,2,4,-4.0,,,,26,26,0.0,,,,43,43,0.0,67,74,-14.0,145,145,0.0,212,183,58.0,4.0,62.0,72.0,58.0
AnteriorIschemia_014,V1,1,AnteriorIschemia,-606,rS,1,0.2312,0,637,1,249,500,,,,,,,,,,1,4,-6.0,,24,,5,34,-58.0,24,,,43,43,0.0,65,56,18.0,150,99,102.0,215,179,72.0,6.0,78.0,54.0,-30.0
AnteriorIschemia_014,V2,1,AnteriorIschemia,-606,QR,1,0.219,0,637,1,249,500,,,,,,,,,,2,4,-4.0,7,7,0.0,14,31,-34.0,,,,42,43,-2.0,67,56,22.0,215,103,224.0,215,176,78.0,2.0,82.0,56.0,-146.0
AnteriorIschemia_014,V5,1,AnteriorIschemia,-606,qR,1,0.2091,0,637,1,249,500,,,,,,,,,,1,4,-6.0,7,7,0.0,23,23,0.0,,,,42,43,-2.0,81,90,-18.0,146,146,0.0,216,172,88.0,4.0,94.0,106.0,88.0
AnteriorIschemia_014,V6,1,AnteriorIschemia,-606,qR,1,0.1544,0,637,1,249,500,,,,,,,,,,1,4,-6.0,7,7,0.0,23,23,0.0,,,,43,43,0.0,68,94,-52.0,148,148,0.0,215,180,70.0,6.0,76.0,122.0,70.0
AnteriorIschemia_014,V3,1,AnteriorIschemia,-606,qR,1,0.288,0,637,1,249,500,,,,,,,,,,2,4,-4.0,7,7,0.0,29,29,0.0,,,,42,43,-2.0,72,56,32.0,214,108,212.0,214,165,98.0,2.0,102.0,66.0,-114.0
AnteriorIschemia_014,V4,1,AnteriorIschemia,-606,qR,1,0.277,0,637,1,249,500,,,,,,,,,,2,4,-4.0,8,7,2.0,29,29,0.0,,,,42,43,-2.0,74,56,36.0,209,115,188.0,209,165,88.0,2.0,92.0,52.0,-100.0
AnteriorIschemia_015,aVR,1,AnteriorIschemia,-605,QS,1,0.0512,0,637,1,250,500,,,,,,,,,,0,3,-6.0,25,26,-2.0,,,,,,,46,42,8.0,76,80,-8.0,144,144,0.0,180,173,14.0,14.0,20.0,22.0,14.0
AnteriorIschemia_015,I,1,AnteriorIschemia,-605,Rs,1,0.0502,0,637,1,250,500,,,,,,,,,,0,3,-6.0,,15,,8,27,-38.0,14,,,46,42,8.0,72,83,-22.0,176,130,92.0,176,173,6.0,14.0,12.0,28.0,-86.0
AnteriorIschemia_015,II,1,AnteriorIschemia,-605,R,1,0.0388,0,637,1,250,500,,,,,,,,,,0,3,-6.0,,,,8,25,-34.0,,74,,46,42,8.0,81,98,-34.0,146,146,0.0,178,181,-6.0,14.0,0.0,28.0,-6.0
AnteriorIschemia_015,III,1,AnteriorIschemia,-605,Rs,1,0.0648,0,637,1,250,500,,,,,,,,,,0,3,-6.0,,,,17,17,0.0,47,66,-38.0,47,42,10.0,81,91,-20.0,148,148,0.0,180,180,0.0,16.0,6.0,20.0,0.0
AnteriorIschemia_015,aVF,1,AnteriorIschemia,-605,R,1,0.0524,0,637,1,250,500,,,,,,,,,,0,3,-6.0,,,,23,23,0.0,,70,,46,42,8.0,83,111,-56.0,147,147,0.0,177,182,-10.0,14.0,-4.0,46.0,-10.0
AnteriorIschemia_015,V1,1,AnteriorIschemia,-605,rS,1,0.0561,0,637,1,250,500,,,,,,,,,,0,3,-6.0,,23,,5,,,23,,,46,42,8.0,76,44,64.0,181,113,136.0,181,173,16.0,14.0,22.0,-48.0,-120.0
AnteriorIschemia_015,V2,1,AnteriorIschemia,-605,rS,1,0.0435,0,637,1,250,500,,,,,,,,,,0,3,-6.0,,21,,4,31,-54.0,21,,,47,42,10.0,76,54,44.0,159,107,104.0,183,173,20.0,16.0,26.0,-24.0,-84.0
AnteriorIschemia_015,V3,1,AnteriorIschemia,-605,qR,1,0.0511,0,637,1,250,500,,,,,,,,,,0,3,-6.0,8,8,0.0,30,30,0.0,,,,47,42,10.0,80,66,28.0,152,107,90.0,182,173,18.0,16.0,24.0,-10.0,-72.0
AnteriorIschemia_015,V5,1,AnteriorIschemia,-605,qR,1,0.0365,0,637,1,250,500,,,,,,,,,,0,3,-6.0,8,8,0.0,25,26,-2.0,,,,46,42,8.0,84,113,-58.0,152,152,0.0,183,173,20.0,14.0,26.0,78.0,20.0
AnteriorIschemia_015,V6,1,AnteriorIschemia,-605,qR,1,0.0349,0,637,1,250,500,,,,,,,,,,0,3,-6.0,6,6,0.0,22,23,-2.0,,,,46,42,8.0,79,94,-30.0,149,149,0.0,180,173,14.0,14.0,20.0,44.0,14.0
AnteriorIschemia_015,aVL,1,AnteriorIschemia,-605,QR,1,0.0472,0,637,1,250,500,,,,,,,,,,0,3,-6.0,15,16,-2.0,28,29,-2.0,,,,46,42,8.0,74,66,16.0,150,100,100.0,177,173,8.0,14.0,14.0,-8.0,-92.0
AnteriorIschemia_015,V4,1,AnteriorIschemia,-605,qR,1,0.0495,0,637,1,250,500,,,,,,,,,,0,3,-6.0,8,9,-2.0,30,30,0.0,,,,47,42,10.0,83,66,34.0,155,155,0.0,181,173,16.0,16.0,22.0,-18.0,16.0
AnteriorIschemia_016,V3,1,AnteriorIschemia,-611,QR,1,0.0475,0,637,1,244,500,,,,,,,,,,0,3,-6.0,7,7,0.0,12,24,-24.0,,,,42,51,-18.0,56,62,-12.0,128,128,0.0,170,162,16.0,-12.0,22.0,28.0,16.0
AnteriorIschemia_016,I,1,AnteriorIschemia,-611,R,1,0.046,0,637,1,244,500,,,,,,,,,,0,3,-6.0,,,,23,23,0.0,,,,42,51,-18.0,55,54,2.0,130,130,0.0,169,162,14.0,-12.0,20.0,12.0,14.0
AnteriorIschemia_016,II,1,AnteriorIschemia,-611,R,1,0.0367,0,637,1,244,500,,,,,,,,,,0,3,-6.0,,,,18,23,-10.0,,,,42,51,-18.0,56,76,-40.0,143,143,0.0,170,175,-10.0,-12.0,-4.0,30.0,-10.0
AnteriorIschemia_016,III,1,AnteriorIschemia,-611,RS,1,0.0656,0,637,1,244,500,,,,,,,,,,0,3,-6.0,,,,5,14,-18.0,25,25,0.0,41,51,-20.0,56,94,-76.0,147,147,0.0,171,180,-18.0,-14.0,-12.0,58.0,-18.0
AnteriorIschemia_016,aVR,1,AnteriorIschemia,-611,QS,1,0.0433,0,637,1,244,500,,,,,,,,,,0,3,-6.0,22,23,-2.0,,,,,,,42,51,-18.0,55,70,-30.0,139,139,0.0,171,174,-6.0,-12.0,0.0,24.0,-6.0
AnteriorIschemia_016,aVL,1,AnteriorIschemia,-611,qR,1,0.0559,0,637,1,244,500,,,,,,,,,,0,3,-6.0,11,11,0.0,21,25,-8.0,,,,41,51,-20.0,55,51,8.0,149,99,100.0,170,175,-10.0,-14.0,-4.0,-18.0,-110.0
AnteriorIschemia_016,aVF,1,AnteriorIschemia,-611,R,1,0.0514,0,637,1,244,500,,,,,,,,,,0,3,-6.0,,,,15,15,0.0,,,,41,51,-20.0,56,90,-68.0,145,145,0.0,170,176,-12.0,-14.0,-6.0,56.0,-12.0
AnteriorIschemia_016,V1,1,AnteriorIschemia,-611,RS,1,0.0473,0,637,1,244,500,,,,,,,,,,0,3,-6.0,,,,10,10,0.0,18,18,0.0,41,51,-20.0,55,51,8.0,135,135,0.0,171,162,18.0,-14.0,24.0,10.0,18.0
AnteriorIschemia_016,V2,1,AnteriorIschemia,-611,rS,1,0.0498,0,637,1,244,500,,,,,,,,,,0,3,-6.0,,17,,4,26,-44.0,17,,,42,51,-18.0,56,51,10.0,133,134,-2.0,171,162,18.0,-12.0,24.0,8.0,20.0
AnteriorIschemia_016,V4,1,AnteriorIschemia,-611,qR,1,0.0594,0,637,1,244,500,,,,,,,,,,0,3,-6.0,7,7,0.0,24,24,0.0,,,,42,51,-18.0,56,81,-50.0,127,127,0.0,171,162,18.0,-12.0,24.0,68.0,18.0
AnteriorIschemia_016,V5,1,AnteriorIschemia,-611,qR,1,0.0418,0,637,1,244,500,,,,,,,,,,0,3,-6.0,6,,,23,23,0.0,,,,41,51,-20.0,56,80,-48.0,132,132,0.0,171,162,18.0,-14.0,24.0,66.0,18.0
AnteriorIschemia_016,V6,1,AnteriorIschemia,-611,R,1,0.0385,0,637,1,244,500,,,,,,,,,,0,3,-6.0,,,,18,18,0.0,,,,42,51,-18.0,56,82,-52.0,137,137,0.0,172,162,20.0,-12.0,26.0,72.0,20.0
AnteriorIschemia_017,I,1,AnteriorIschemia,-606,rS,1,0.0424,0,638,1,249,500,,,,,,,,,,0,2,-4.0,,12,,6,26,-40.0,12,,,48,60,-24.0,63,68,-10.0,133,133,0.0,178,170,16.0,-20.0,20.0,26.0,16.0
AnteriorIschemia_017,II,1,AnteriorIschemia,-606,R,1,0.0284,0,638,1,249,500,,,,,,,,,,0,2,-4.0,,,,16,19,-6.0,,,,49,60,-22.0,63,68,-10.0,143,143,0.0,180,173,14.0,-18.0,18.0,24.0,14.0
AnteriorIschemia_017,III,1,AnteriorIschemia,-606,R,1,0.052,0,638,1,249,500,,,,,,,,,,0,2,-4.0,,,,15,15,0.0,,,,48,60,-24.0,64,98,-68.0,145,145,0.0,181,180,2.0,-20.0,6.0,70.0,2.0
AnteriorIschemia_017,aVR,1,AnteriorIschemia,-606,QS,1,0.0397,0,638,1,249,500,,,,,,,,,,0,2,-4.0,26,27,-2.0,,,,,,,49,60,-22.0,62,68,-12.0,141,142,-2.0,181,178,6.0,-18.0,10.0,18.0,8.0
AnteriorIschemia_017,aVL,1,AnteriorIschemia,-606,Qr,1,0.0337,0,638,1,249,500,,,,,,,,,,0,2,-4.0,12,12,0.0,25,25,0.0,,,,47,60,-26.0,62,60,4.0,148,148,0.0,180,176,8.0,-22.0,12.0,4.0,8.0
AnteriorIschemia_017,aVF,1,AnteriorIschemia,-606,R,1,0.0432,0,638,1,249,500,,,,,,,,,,0,2,-4.0,,,,15,16,-2.0,,66,,48,60,-24.0,63,101,-76.0,144,144,0.0,181,178,6.0,-20.0,10.0,82.0,6.0
AnteriorIschemia_017,V1,1,AnteriorIschemia,-606,RS,1,0.0364,0,638,1,249,500,,,,,,,,,,0,2,-4.0,,,,10,11,-2.0,21,21,0.0,48,60,-24.0,63,62,2.0,114,115,-2.0,180,170,20.0,-20.0,24.0,18.0,22.0
AnteriorIschemia_017,V2,1,AnteriorIschemia,-606,rS,1,0.0382,0,638,1,249,500,,,,,,,,,,0,2,-4.0,,7,,4,11,-14.0,21,21,0.0,49,60,-22.0,64,60,8.0,182,111,142.0,182,181,2.0,-18.0,6.0,-6.0,-140.0
AnteriorIschemia_017,V3,1,AnteriorIschemia,-606,qR,1,0.0546,0,638,1,249,500,,,,,,,,,,0,2,-4.0,8,8,0.0,30,30,0.0,,,,49,60,-22.0,64,68,-8.0,149,102,94.0,182,170,24.0,-18.0,28.0,32.0,-70.0
AnteriorIschemia_017,V4,1,AnteriorIschemia,-606,qR,1,0.0545,0,638,1,249,500,,,,,,,,,,0,2,-4.0,8,8,0.0,29,30,-2.0,,,,50,60,-20.0,64,74,-20.0,143,143,0.0,181,170,22.0,-16.0,26.0,42.0,22.0
AnteriorIschemia_017,V6,1,AnteriorIschemia,-606,qRs,1,0.0318,0,638,1,249,500,,,,,,,,,,0,2,-4.0,7,,,20,21,-2.0,30,31,-2.0,49,60,-22.0,62,81,-38.0,145,146,-2.0,180,170,20.0,-18.0,24.0,58.0,22.0
AnteriorIschemia_017,V5,1,AnteriorIschemia,-606,qR,1,0.0435,0,638,1,249,500,,,,,,,,,,0,2,-4.0,8,8,0.0,20,21,-2.0,,,,49,60,-22.0,63,68,-10.0,145,146,-2.0,180,170,20.0,-18.0,24.0,30.0,22.0
AnteriorIschemia_018,II,1,AnteriorIschemia,-610,R,1,0.0271,0,637,1,245,500,,,,,,,,,,1,2,-2.0,,,,19,19,0.0,,,,45,55,-20.0,66,69,-6.0,143,143,0.0,175,179,-8.0,-18.0,-6.0,-2.0,-8.0
AnteriorIschemia_018,I,1,AnteriorIschemia,-610,R,1,0.0271,0,637,1,245,500,,,,,,,,,,1,2,-2.0,,,,10,20,-20.0,,,,45,55,-20.0,63,84,-42.0,143,143,0.0,174,169,10.0,-18.0,12.0,52.0,10.0
AnteriorIschemia_018,aVR,1,AnteriorIschemia,-610,QS,1,0.0331,0,637,1,245,500,,,,,,,,,,1,2,-2.0,20,20,0.0,,38,,,,,45,55,-20.0,65,77,-24.0,143,143,0.0,175,176,-2.0,-18.0,0.0,22.0,-2.0
AnteriorIschemia_018,aVF,1,AnteriorIschemia,-610,Rs,1,0.0384,0,637,1,245,500,,,,,,,,,,1,2,-2.0,,,,12,13,-2.0,45,61,-32.0,45,55,-20.0,66,110,-88.0,143,143,0.0,175,179,-8.0,-18.0,-6.0,80.0,-8.0
AnteriorIschemia_018,V1,1,AnteriorIschemia,-610,rS,1,0.0356,0,637,1,245,500,,,,,,,,,,0,2,-4.0,,19,,4,31,-54.0,19,,,45,55,-20.0,64,55,18.0,151,103,96.0,176,169,14.0,-16.0,18.0,-4.0,-82.0
AnteriorIschemia_018,V4,1,AnteriorIschemia,-610,qR,1,0.0316,0,637,1,245,500,,,,,,,,,,1,2,-2.0,8,,,25,25,0.0,,,,45,55,-20.0,64,100,-72.0,147,147,0.0,176,169,14.0,-18.0,16.0,86.0,14.0
AnteriorIschemia_018,V5,1,AnteriorIschemia,-610,R,1,0.0247,0,637,1,245,500,,,,,,,,,,1,2,-2.0,,,,19,19,0.0,,,,45,55,-20.0,64,92,-56.0,144,144,0.0,176,169,14.0,-18.0,16.0,70.0,14.0
AnteriorIschemia_018,V6,1,AnteriorIschemia,-610,Rs,1,0.0221,0,637,1,245,500,,,,,,,,,,1,2,-2.0,,,,18,19,-2.0,30,30,0.0,45,55,-20.0,65,94,-58.0,144,145,-2.0,175,169,12.0,-18.0,14.0,70.0,14.0
AnteriorIschemia_018,III,1,AnteriorIschemia,-610,Rs,1,0.056,0,637,1,245,500,,,,,,,,,,1,2,-2.0,,,,12,12,0.0,21,22,-2.0,45,55,-20.0,67,61,12.0,144,144,0.0,176,169,14.0,-18.0,16.0,2.0,14.0
AnteriorIschemia_018,aVL,1,AnteriorIschemia,-610,rS,1,0.0372,0,637,1,245,500,,,,,,,,,,1,2,-2.0,,12,,8,20,-24.0,11,,,45,55,-20.0,65,61,8.0,165,133,64.0,175,169,12.0,-18.0,14.0,4.0,-52.0
AnteriorIschemia_018,V2,1,AnteriorIschemia,-610,qR,1,0.0336,0,637,1,245,500,,,,,,,,,,0,2,-4.0,17,17,0.0,27,27,0.0,,,,45,55,-20.0,65,61,8.0,145,102,86.0,177,169,16.0,-16.0,20.0,8.0,-70.0
AnteriorIschemia_018,V3,1,AnteriorIschemia,-610,qR,1,0.035,0,637,1,245,500,,,,,,,,,,0,2,-4.0,10,10,0.0,25,25,0.0,,,,45,55,-20.0,64,61,6.0,138,154,-32.0,177,169,16.0,-16.0,20.0,10.0,48.0
AnteriorIschemia_019,II,1,AnteriorIschemia,-605,R,1,0.0487,0,637,1,250,500,,,,,,,,,,2,5,-6.0,,,,15,14,2.0,,,,43,42,2.0,66,66,0.0,144,144,0.0,187,178,18.0,8.0,24.0,18.0,18.0
AnteriorIschemia_019,I,1,AnteriorIschemia,-605,R,1,0.0542,0,637,1,250,500,,,,,,,,,,2,5,-6.0,,,,21,21,0.0,,,,43,42,2.0,66,83,-34.0,145,146,-2.0,186,180,12.0,8.0,18.0,46.0,14.0
AnteriorIschemia_019,III,1,AnteriorIschemia,-605,RS,1,0.0758,0,637,1,250,500,,,,,,,,,,2,5,-6.0,,,,13,13,0.0,23,23,0.0,43,42,2.0,66,64,4.0,141,141,0.0,185,167,36.0,8.0,42.0,32.0,36.0
AnteriorIschemia_019,aVR,1,AnteriorIschemia,-605,QS,1,0.0716,0,637,1,250,500,,,,,,,,,,2,5,-6.0,20,20,0.0,,,,,,,43,42,2.0,66,72,-12.0,144,145,-2.0,197,184,26.0,8.0,32.0,38.0,28.0
AnteriorIschemia_019,aVL,1,AnteriorIschemia,-605,qR,1,0.0548,0,637,1,250,500,,,,,,,,,,2,5,-6.0,11,11,0.0,21,22,-2.0,,,,43,42,2.0,66,87,-42.0,147,147,0.0,188,179,18.0,8.0,24.0,60.0,18.0
AnteriorIschemia_019,aVF,1,AnteriorIschemia,-605,R,1,0.0525,0,637,1,250,500,,,,,,,,,,2,5,-6.0,,,,14,14,0.0,,,,43,42,2.0,66,66,0.0,143,143,0.0,185,178,14.0,8.0,20.0,14.0,14.0
AnteriorIschemia_019,V4,1,AnteriorIschemia,-605,qR,1,0.0615,0,637,1,250,500,,,,,,,,,,2,5,-6.0,9,9,0.0,28,28,0.0,,,,43,42,2.0,66,76,-20.0,147,148,-2.0,197,178,38.0,8.0,44.0,58.0,40.0
AnteriorIschemia_019,V5,1,AnteriorIschemia,-605,R,1,0.0557,0,637,1,250,500,,,,,,,,,,2,5,-6.0,,,,19,19,0.0,,,,43,42,2.0,66,75,-18.0,145,146,-2.0,201,176,50.0,8.0,56.0,68.0,52.0
AnteriorIschemia_019,V6,1,AnteriorIschemia,-605,Rs,1,0.0405,0,637,1,250,500,,,,,,,,,,2,5,-6.0,,,,19,19,0.0,32,32,0.0,43,42,2.0,66,70,-8.0,146,146,0.0,200,181,38.0,8.0,44.0,46.0,38.0
AnteriorIschemia_019,V1,1,AnteriorIschemia,-605,Qr,1,0.057,0,637,1,250,500,,,,,,,,,,2,5,-6.0,19,20,-2.0,32,32,0.0,,,,43,42,2.0,65,50,30.0,150,97,106.0,187,167,40.0,8.0,46.0,10.0,-66.0
AnteriorIschemia_019,V2,1,AnteriorIschemia,-605,qR,1,0.05,0,637,1,250,500,,,,,,,,,,2,5,-6.0,14,14,0.0,31,31,0.0,,,,43,42,2.0,65,50,30.0,149,99,100.0,196,167,58.0,8.0,64.0,28.0,-42.0
AnteriorIschemia_019,V3,1,AnteriorIschemia,-605,qR,1,0.0672,0,637,1,250,500,,,,,,,,,,2,5,-6.0,11,11,0.0,30,30,0.0,,,,43,42,2.0,65,50,30.0,141,102,78.0,194,167,54.0,8.0,60.0,24.0,-24.0
AnteriorIschemia_020,I,1,AnteriorIschemia,-609,R,1,0.0269,0,636,1,246,500,,,,,,,,,,0,2,-4.0,,,,8,17,-18.0,,,,53,46,14.0,61,78,-34.0,138,138,0.0,170,167,6.0,18.0,10.0,40.0,6.0
AnteriorIschemia_020,II,1,AnteriorIschemia,-609,R,1,0.0189,0,636,1,246,500,,,,,,,,,,0,2,-4.0,,,,15,15,0.0,,,,52,46,12.0,62,66,-8.0,143,143,0.0,171,167,8.0,16.0,12.0,16.0,8.0
AnteriorIschemia_020,III,1,AnteriorIschemia,-609,RS,1,0.0422,0,636,1,246,500,,,,,,,,,,0,2,-4.0,,8,,5,15,-20.0,22,22,0.0,53,46,14.0,62,100,-76.0,148,148,0.0,172,175,-6.0,18.0,-2.0,70.0,-6.0
AnteriorIschemia_020,aVL,1,AnteriorIschemia,-609,qR,1,0.0355,0,636,1,246,500,,,,,,,,,,0,2,-4.0,4,,,8,23,-30.0,,29,,52,46,12.0,62,83,-42.0,155,132,46.0,171,175,-8.0,16.0,-4.0,34.0,-54.0
AnteriorIschemia_020,aVF,1,AnteriorIschemia,-609,Rs,1,0.0305,0,636,1,246,500,,,,,,,,,,0,2,-4.0,,,,6,15,-18.0,53,,,53,46,14.0,62,68,-12.0,145,146,-2.0,171,179,-16.0,18.0,-12.0,-4.0,-14.0
AnteriorIschemia_020,V1,1,AnteriorIschemia,-609,rS,1,0.0283,0,636,1,246,500,,,,,,,,,,0,2,-4.0,,17,,3,31,-56.0,16,,,54,46,16.0,61,55,12.0,110,110,0.0,172,180,-16.0,20.0,-12.0,-28.0,-16.0
AnteriorIschemia_020,V2,1,AnteriorIschemia,-609,qR,1,0.0286,0,636,1,246,500,,,,,,,,,,0,2,-4.0,8,8,0.0,27,27,0.0,,,,54,46,16.0,62,68,-12.0,105,105,0.0,173,183,-20.0,20.0,-16.0,-8.0,-20.0
AnteriorIschemia_020,V3,1,AnteriorIschemia,-609,qR,1,0.0286,0,636,1,246,500,,,,,,,,,,0,2,-4.0,8,8,0.0,25,26,-2.0,,,,53,46,14.0,62,68,-12.0,145,103,84.0,172,167,10.0,18.0,14.0,22.0,-74.0
AnteriorIschemia_020,V4,1,AnteriorIschemia,-609,qR,1,0.0294,0,636,1,246,500,,,,,,,,,,0,2,-4.0,7,7,0.0,24,25,-2.0,,,,54,46,16.0,62,72,-20.0,147,147,0.0,171,167,8.0,20.0,12.0,28.0,8.0
AnteriorIschemia_020,V5,1,AnteriorIschemia,-609,R,1,0.0235,0,636,1,246,500,,,,,,,,,,0,2,-4.0,,,,16,16,0.0,,,,52,46,12.0,61,81,-40.0,143,144,-2.0,171,167,8.0,16.0,12.0,48.0,10.0
AnteriorIschemia_020,V6,1,AnteriorIschemia,-609,Rs,1,0.0174,0,636,1,246,500,,,,,,,,,,0,2,-4.0,,,,15,15,0.0,26,26,0.0,53,46,14.0,61,98,-74.0,144,144,0.0,171,167,8.0,18.0,12.0,82.0,8.0
AnteriorIschemia_020,aVR,1,AnteriorIschemia,-609,QS,1,0.0227,0,636,1,246,500,,,,,,,,,,0,2,-4.0,15,15,0.0,,,,,,,52,46,12.0,61,68,-14.0,141,141,0.0,171,167,8.0,16.0,12.0,22.0,8.0
Healthy_001,V1,1,Healthy,-614,RS,1,0.0299,0,638,1,241,500,,,,,,,,,,0,2,-4.0,,,,6,7,-2.0,19,19,0.0,41,44,-6.0,62,50,24.0,138,138,0.0,175,166,18.0,-2.0,22.0,-6.0,18.0
Healthy_001,I,1,Healthy,-614,R,1,0.0277,0,638,1,241,500,,,,,,,,,,0,2,-4.0,,,,9,14,-10.0,,28,,42,44,-4.0,63,94,-62.0,145,145,0.0,174,166,16.0,0.0,20.0,78.0,16.0
Healthy_001,II,1,Healthy,-614,R,1,0.0191,0,638,1,241,500,,,,,,,,,,0,2,-4.0,,,,22,22,0.0,,,,43,44,-2.0,65,69,-8.0,143,144,-2.0,175,176,-2.0,2.0,2.0,6.0,0.0
Healthy_001,III,1,Healthy,-614,R,1,0.0368,0,638,1,241,500,,,,,,,,,,0,2,-4.0,,,,4,22,-36.0,,,,41,44,-6.0,64,69,-10.0,141,141,0.0,174,181,-14.0,-2.0,-10.0,-4.0,-14.0
Healthy_001,aVR,1,Healthy,-614,QS,1,0.0248,0,638,1,241,500,,,,,,,,,,0,2,-4.0,22,22,0.0,,,,,,,42,44,-4.0,64,69,-10.0,144,144,0.0,174,175,-2.0,0.0,2.0,8.0,-2.0
Healthy_001,aVL,1,Healthy,-614,qrS,1,0.0354,0,638,1,241,500,,,,,,,,,,0,2,-4.0,4,11,-14.0,7,14,-14.0,23,23,0.0,40,44,-8.0,61,69,-16.0,134,135,-2.0,174,182,-16.0,-4.0,-12.0,0.0,-14.0
Healthy_001,aVF,1,Healthy,-614,R,1,0.0251,0,638,1,241,500,,,,,,,,,,0,2,-4.0,,,,11,22,-22.0,,,,42,44,-4.0,63,69,-12.0,143,143,0.0,174,185,-22.0,0.0,-18.0,-10.0,-22.0
Healthy_001,V2,1,Healthy,-614,rS,1,0.0357,0,638,1,241,500,,,,,,,,,,0,2,-4.0,,22,,4,,,22,,,41,44,-6.0,61,52,18.0,137,138,-2.0,175,166,18.0,-2.0,22.0,0.0,20.0
Healthy_001,V3,1,Healthy,-614,QR,1,0.036,0,638,1,241,500,,,,,,,,,,0,2,-4.0,9,9,0.0,20,20,0.0,,,,42,44,-4.0,60,60,0.0,137,137,0.0,174,166,16.0,0.0,20.0,16.0,16.0
Healthy_001,V5,1,Healthy,-614,qR,1,0.027,0,638,1,241,500,,,,,,,,,,0,2,-4.0,6,,,22,22,0.0,,,,42,44,-4.0,62,101,-78.0,149,149,0.0,174,166,16.0,0.0,20.0,94.0,16.0
Healthy_001,V6,1,Healthy,-614,qR,1,0.0235,0,638,1,241,500,,,,,,,,,,0,2,-4.0,5,,,21,22,-2.0,,,,42,44,-4.0,62,69,-14.0,149,149,0.0,174,171,6.0,0.0,10.0,20.0,6.0
Healthy_001,V4,1,Healthy,-614,qR,1,0.0371,0,638,1,241,500,,,,,,,,,,0,2,-4.0,8,8,0.0,21,22,-2.0,,,,43,44,-2.0,62,69,-14.0,138,138,0.0,174,166,16.0,2.0,20.0,30.0,16.0
Healthy_002,V2,1,Healthy,-608,rS,1,0.0526,0,640,1,247,500,,,,,,,,,,0,2,-4.0,,,,6,6,0.0,24,24,0.0,53,64,-22.0,74,72,4.0,141,141,0.0,183,173,20.0,-18.0,24.0,16.0,20.0
Healthy_002,I,1,Healthy,-608,R,1,0.0484,0,640,1,247,500,,,,,,,,,,1,2,-2.0,,,,16,16,0.0,,,,52,64,-24.0,76,72,8.0,148,148,0.0,182,185,-6.0,-22.0,-4.0,-14.0,-6.0
Healthy_002,II,1,Healthy,-608,R,1,0.0415,0,640,1,247,500,,,,,,,,,,1,2,-2.0,,,,10,27,-34.0,,,,53,64,-22.0,76,72,8.0,147,148,-2.0,183,187,-8.0,-20.0,-6.0,-16.0,-6.0
Healthy_002,III,1,Healthy,-608,RS,1,0.0667,0,640,1,247,500,,,,,,,,,,1,2,-2.0,,16,,10,27,-34.0,16,,,52,64,-24.0,78,72,12.0,158,158,0.0,183,187,-8.0,-22.0,-6.0,-20.0,-8.0
Healthy_002,aVR,1,Healthy,-608,QS,1,0.0516,0,640,1,247,500,,,,,,,,,,1,2,-2.0,28,28,0.0,,,,,,,52,64,-24.0,75,72,6.0,148,148,0.0,183,193,-20.0,-22.0,-18.0,-26.0,-20.0
Healthy_002,aVL,1,Healthy,-608,qRs,1,0.0537,0,640,1,247,500,,,,,,,,,,1,2,-2.0,9,9,0.0,16,16,0.0,37,38,-2.0,52,64,-24.0,74,72,4.0,148,148,0.0,183,187,-8.0,-22.0,-6.0,-12.0,-8.0
Healthy_002,aVF,1,Healthy,-608,Rs,1,0.0562,0,640,1,247,500,,,,,,,,,,1,2,-2.0,,16,,10,27,-34.0,16,,,52,64,-24.0,76,72,8.0,145,146,-2.0,183,193,-20.0,-22.0,-18.0,-28.0,-18.0
Healthy_002,V1,1,Healthy,-608,rS,1,0.051,0,640,1,247,500,,,,,,,,,,1,2,-2.0,,,,6,6,0.0,25,25,0.0,52,64,-24.0,75,66,18.0,140,140,0.0,183,181,4.0,-22.0,6.0,-14.0,4.0
Healthy_002,V3,1,Healthy,-608,rS,1,0.0636,0,640,1,247,500,,,,,,,,,,1,2,-2.0,,20,,5,,,20,,,53,64,-22.0,73,66,14.0,140,141,-2.0,183,179,8.0,-20.0,10.0,-6.0,10.0
Healthy_002,V4,1,Healthy,-608,QR,1,0.0631,0,640,1,247,500,,,,,,,,,,1,2,-2.0,17,17,0.0,29,42,-26.0,,,,53,64,-22.0,75,72,6.0,140,140,0.0,183,193,-20.0,-20.0,-18.0,-26.0,-20.0
Healthy_002,V6,1,Healthy,-608,qR,1,0.0449,0,640,1,247,500,,,,,,,,,,1,2,-2.0,7,8,-2.0,26,26,0.0,,,,52,64,-24.0,74,126,-104.0,156,156,0.0,183,176,14.0,-22.0,16.0,118.0,14.0
Healthy_002,V5,1,Healthy,-608,qR,1,0.054,0,640,1,247,500,,,,,,,,,,1,2,-2.0,9,9,0.0,28,28,0.0,,,,52,64,-24.0,74,72,4.0,157,157,0.0,183,173,20.0,-22.0,22.0,16.0,20.0
Healthy_003,aVF,1,Healthy,-614,R,1,0.0126,0,628,1,241,500,,,,,,,,,,0,2,-4.0,,,,9,21,-24.0,,,,40,47,-14.0,68,73,-10.0,142,142,0.0,176,182,-12.0,-10.0,-8.0,-2.0,-12.0
Healthy_003,I,1,Healthy,-614,R,1,0.0171,0,628,1,241,500,,,,,,,,,,0,2,-4.0,,,,7,24,-34.0,,,,40,47,-14.0,70,73,-6.0,148,148,0.0,176,175,2.0,-10.0,6.0,8.0,2.0
Healthy_003,II,1,Healthy,-614,R,1,0.0092,0,628,1,241,500,,,,,,,,,,0,2,-4.0,,,,9,21,-24.0,,,,40,47,-14.0,70,73,-6.0,144,144,0.0,177,178,-2.0,-10.0,2.0,4.0,-2.0
Healthy_003,III,1,Healthy,-614,R,1,0.0203,0,628,1,241,500,,,,,,,,,,0,2,-4.0,,,,9,21,-24.0,,,,40,47,-14.0,70,73,-6.0,139,139,0.0,176,179,-6.0,-10.0,-2.0,0.0,-6.0
Healthy_003,aVR,1,Healthy,-614,QS,1,0.0116,0,628,1,241,500,,,,,,,,,,0,2,-4.0,21,21,0.0,,,,,,,40,47,-14.0,70,73,-6.0,145,146,-2.0,177,178,-2.0,-10.0,2.0,4.0,0.0
Healthy_003,V1,1,Healthy,-614,rS,1,0.0168,0,628,1,241,500,,,,,,,,,,0,2,-4.0,,21,,4,,,22,,,39,47,-16.0,69,51,36.0,139,139,0.0,177,169,16.0,-12.0,20.0,-20.0,16.0
Healthy_003,V2,1,Healthy,-614,rS,1,0.0218,0,628,1,241,500,,,,,,,,,,0,2,-4.0,,24,,3,33,-60.0,24,,,39,47,-16.0,69,56,26.0,139,139,0.0,176,169,14.0,-12.0,18.0,-12.0,14.0
Healthy_003,V3,1,Healthy,-614,qR,1,0.0238,0,628,1,241,500,,,,,,,,,,0,2,-4.0,8,8,0.0,19,19,0.0,,,,40,47,-14.0,69,70,-2.0,144,144,0.0,176,169,14.0,-10.0,18.0,16.0,14.0
Healthy_003,V5,1,Healthy,-614,qR,1,0.0139,0,628,1,241,500,,,,,,,,,,0,2,-4.0,6,6,0.0,24,24,0.0,,,,40,47,-14.0,69,81,-24.0,153,153,0.0,177,169,16.0,-10.0,20.0,40.0,16.0
Healthy_003,V6,1,Healthy,-614,qR,1,0.0112,0,628,1,241,500,,,,,,,,,,0,2,-4.0,5,,,23,24,-2.0,,,,40,47,-14.0,69,76,-14.0,152,152,0.0,177,169,16.0,-10.0,20.0,30.0,16.0
Healthy_003,V4,1,Healthy,-614,qR,1,0.0227,0,628,1,241,500,,,,,,,,,,0,2,-4.0,8,9,-2.0,21,22,-2.0,,,,40,47,-14.0,70,73,-6.0,149,149,0.0,176,169,14.0,-10.0,18.0,20.0,14.0
Healthy_003,aVL,1,Healthy,-614,QRs,1,0.021,0,628,1,241,500,,,,,,,,,,0,2,-4.0,9,9,0.0,15,15,0.0,20,,,40,47,-14.0,69,73,-8.0,134,134,0.0,176,169,14.0,-10.0,18.0,22.0,14.0
Healthy_004,V2,1,Healthy,-609,rS,1,0.0181,0,638,1,246,500,,,,,,,,,,0,2,-4.0,,22,,3,,,22,,,57,45,24.0,66,54,24.0,137,137,0.0,177,174,6.0,28.0,10.0,-18.0,6.0
Healthy_004,I,1,Healthy,-609,R,1,0.018,0,638,1,246,500,,,,,,,,,,0,2,-4.0,,,,14,14,0.0,,,,56,45,22.0,67,64,6.0,143,143,0.0,175,174,2.0,26.0,6.0,-4.0,2.0
Healthy_004,aVF,1,Healthy,-609,R,1,0.0206,0,638,1,246,500,,,,,,,,,,0,2,-4.0,,13,,6,26,-40.0,,,,56,45,22.0,66,70,-8.0,148,148,0.0,176,174,4.0,26.0,8.0,12.0,4.0
Healthy_004,V1,1,Healthy,-609,rS,1,0.0184,0,638,1,246,500,,,,,,,,,,0,2,-4.0,,21,,4,,,20,,,56,45,22.0,66,48,36.0,139,139,0.0,177,174,6.0,26.0,10.0,-30.0,6.0
Healthy_004,V3,1,Healthy,-609,QR,1,0.0208,0,638,1,246,500,,,,,,,,,,0,2,-4.0,10,10,0.0,26,26,0.0,,,,56,45,22.0,66,64,4.0,131,132,-2.0,177,174,6.0,26.0,10.0,2.0,8.0
Healthy_004,V4,1,Healthy,-609,qR,1,0.0213,0,638,1,246,500,,,,,,,,,,0,2,-4.0,10,10,0.0,27,27,0.0,,,,57,45,24.0,66,64,4.0,177,146,62.0,177,174,6.0,28.0,10.0,2.0,-56.0
Healthy_004,II,1,Healthy,-609,R,1,0.0136,0,638,1,246,500,,,,,,,,,,0,2,-4.0,,,,9,26,-34.0,,,,56,45,22.0,66,64,4.0,144,145,-2.0,176,174,4.0,26.0,8.0,0.0,6.0
Healthy_004,III,1,Healthy,-609,rS,1,0.0268,0,638,1,246,500,,,,,,,,,,0,2,-4.0,,14,,5,26,-42.0,13,,,56,45,22.0,67,64,6.0,155,155,0.0,176,174,4.0,26.0,8.0,-2.0,4.0
Healthy_004,aVR,1,Healthy,-609,QS,1,0.0169,0,638,1,246,500,,,,,,,,,,0,2,-4.0,25,25,0.0,,,,,,,56,45,22.0,66,64,4.0,144,144,0.0,177,174,6.0,26.0,10.0,2.0,6.0
Healthy_004,aVL,1,Healthy,-609,Rs,1,0.0229,0,638,1,246,500,,,,,,,,,,0,2,-4.0,,,,14,14,0.0,26,27,-2.0,55,45,20.0,66,64,4.0,142,143,-2.0,175,174,2.0,24.0,6.0,-2.0,4.0
Healthy_004,V5,1,Healthy,-609,R,1,0.0167,0,638,1,246,500,,,,,,,,,,0,2,-4.0,,,,25,25,0.0,,,,56,45,22.0,66,64,4.0,150,150,0.0,177,174,6.0,26.0,10.0,2.0,6.0
Healthy_004,V6,1,Healthy,-609,R,1,0.0133,0,638,1,246,500,,,,,,,,,,0,2,-4.0,,,,21,21,0.0,,30,,56,45,22.0,66,64,4.0,147,147,0.0,176,174,4.0,26.0,8.0,0.0,4.0
Healthy_005,aVF,1,Healthy,-614,R,1,0.0337,0,627,1,241,500,,,,,,,,,,0,2,-4.0,,,,6,23,-34.0,,,,42,37,10.0,60,71,-22.0,146,146,0.0,176,185,-18.0,14.0,-14.0,4.0,-18.0
Healthy_005,I,1,Healthy,-614,R,1,0.0365,0,627,1,241,500,,,,,,,,,,0,2,-4.0,,,,14,14,0.0,,,,42,37,10.0,59,72,-26.0,142,142,0.0,175,169,12.0,14.0,16.0,38.0,12.0
Healthy_005,II,1,Healthy,-614,R,1,0.0238,0,627,1,241,500,,,,,,,,,,0,2,-4.0,,,,22,23,-2.0,,,,42,37,10.0,61,71,-20.0,145,145,0.0,176,172,8.0,14.0,12.0,28.0,8.0
Healthy_005,aVR,1,Healthy,-614,QS,1,0.027,0,627,1,241,500,,,,,,,,,,0,2,-4.0,22,23,-2.0,,,,,,,42,37,10.0,60,71,-22.0,143,144,-2.0,176,175,2.0,14.0,6.0,24.0,4.0
Healthy_005,aVL,1,Healthy,-614,RS,1,0.0462,0,627,1,241,500,,,,,,,,,,0,2,-4.0,,,,13,14,-2.0,23,24,-2.0,42,37,10.0,59,96,-74.0,157,158,-2.0,176,180,-8.0,14.0,-4.0,66.0,-6.0
Healthy_005,V1,1,Healthy,-614,rS,1,0.0344,0,627,1,241,500,,,,,,,,,,0,2,-4.0,,21,,5,,,21,,,42,37,10.0,60,50,20.0,139,140,-2.0,177,169,16.0,14.0,20.0,-4.0,18.0
Healthy_005,V2,1,Healthy,-614,rS,1,0.0371,0,627,1,241,500,,,,,,,,,,0,2,-4.0,,21,,4,,,21,,,42,37,10.0,60,51,18.0,140,140,0.0,176,169,14.0,14.0,18.0,-4.0,14.0
Healthy_005,V3,1,Healthy,-614,qRs,1,0.0411,0,627,1,241,500,,,,,,,,,,0,2,-4.0,9,9,0.0,15,15,0.0,21,21,0.0,42,37,10.0,60,60,0.0,141,142,-2.0,176,178,-4.0,14.0,0.0,-4.0,-2.0
Healthy_005,III,1,Healthy,-614,RS,1,0.047,0,627,1,241,500,,,,,,,,,,0,2,-4.0,,13,,5,23,-36.0,9,,,42,37,10.0,60,71,-22.0,150,151,-2.0,176,169,14.0,14.0,18.0,36.0,16.0
Healthy_005,V4,1,Healthy,-614,qR,1,0.0403,0,627,1,241,500,,,,,,,,,,0,2,-4.0,8,8,0.0,15,28,-26.0,,,,42,37,10.0,60,71,-22.0,149,149,0.0,176,169,14.0,14.0,18.0,36.0,14.0
Healthy_005,V5,1,Healthy,-614,qR,1,0.0291,0,627,1,241,500,,,,,,,,,,0,2,-4.0,6,,,23,23,0.0,,,,42,37,10.0,60,71,-22.0,150,150,0.0,176,169,14.0,14.0,18.0,36.0,14.0
Healthy_005,V6,1,Healthy,-614,R,1,0.0272,0,627,1,241,500,,,,,,,,,,0,2,-4.0,,,,21,21,0.0,,,,42,37,10.0,60,71,-22.0,148,148,0.0,176,169,14.0,14.0,18.0,36.0,14.0
Healthy_006,V1,1,Healthy,-613,rS,1,0.0313,0,638,1,242,500,,,,,,,,,,0,2,-4.0,,,,8,8,0.0,21,22,-2.0,42,39,6.0,68,44,48.0,137,138,-2.0,175,166,18.0,10.0,22.0,-30.0,20.0
Healthy_006,I,1,Healthy,-613,R,1,0.0306,0,638,1,242,500,,,,,,,,,,0,2,-4.0,,,,14,14,0.0,,,,43,39,8.0,70,67,6.0,145,145,0.0,174,166,16.0,12.0,20.0,10.0,16.0
Healthy_006,II,1,Healthy,-613,R,1,0.0248,0,638,1,242,500,,,,,,,,,,0,2,-4.0,,,,10,24,-28.0,,,,45,39,12.0,69,67,4.0,142,142,0.0,175,174,2.0,16.0,6.0,-2.0,2.0
Healthy_006,III,1,Healthy,-613,rS,1,0.0465,0,638,1,242,500,,,,,,,,,,0,2,-4.0,,14,,5,25,-40.0,14,,,44,39,10.0,69,67,4.0,131,131,0.0,175,174,2.0,14.0,6.0,-2.0,2.0
Healthy_006,aVR,1,Healthy,-613,QS,1,0.027,0,638,1,242,500,,,,,,,,,,0,2,-4.0,23,23,0.0,,,,,,,43,39,8.0,68,67,2.0,143,144,-2.0,175,179,-8.0,12.0,-4.0,-10.0,-6.0
Healthy_006,aVL,1,Healthy,-613,rS,1,0.0385,0,638,1,242,500,,,,,,,,,,0,2,-4.0,,,,7,14,-14.0,25,25,0.0,43,39,8.0,67,98,-62.0,146,146,0.0,174,166,16.0,12.0,20.0,78.0,16.0
Healthy_006,aVF,1,Healthy,-613,Rs,1,0.0358,0,638,1,242,500,,,,,,,,,,0,2,-4.0,,14,,10,24,-28.0,14,,,45,39,12.0,67,67,0.0,138,139,-2.0,175,182,-14.0,16.0,-10.0,-14.0,-12.0
Healthy_006,V2,1,Healthy,-613,rS,1,0.035,0,638,1,242,500,,,,,,,,,,0,2,-4.0,,,,5,5,0.0,21,22,-2.0,43,39,8.0,67,53,28.0,138,138,0.0,175,166,18.0,12.0,22.0,-10.0,18.0
Healthy_006,V3,1,Healthy,-613,rS,1,0.0375,0,638,1,242,500,,,,,,,,,,0,2,-4.0,,22,,4,31,-54.0,21,,,44,39,10.0,67,55,24.0,136,137,-2.0,175,166,18.0,14.0,22.0,-6.0,20.0
Healthy_006,V4,1,Healthy,-613,RS,1,0.0387,0,638,1,242,500,,,,,,,,,,0,2,-4.0,,14,,4,28,-48.0,13,,,45,39,12.0,68,62,12.0,134,134,0.0,175,200,-50.0,16.0,-46.0,-62.0,-50.0
Healthy_006,V6,1,Healthy,-613,R,1,0.0245,0,638,1,242,500,,,,,,,,,,0,2,-4.0,,,,22,22,0.0,,,,43,39,8.0,67,68,-2.0,149,149,0.0,175,167,16.0,12.0,20.0,18.0,16.0
Healthy_006,V5,1,Healthy,-613,R,1,0.0284,0,638,1,242,500,,,,,,,,,,0,2,-4.0,,,,17,24,-14.0,,,,43,39,8.0,67,67,0.0,152,152,0.0,175,166,18.0,12.0,22.0,18.0,18.0
Healthy_007,III,1,Healthy,-615,R,1,0.0232,0,640,1,240,500,,,,,,,,,,0,3,-6.0,,,,10,18,-16.0,,,,46,60,-28.0,65,74,-18.0,140,140,0.0,174,172,4.0,-22.0,10.0,22.0,4.0
Healthy_007,I,1,Healthy,-615,qR,1,0.0185,0,640,1,240,500,,,,,,,,,,0,3,-6.0,10,11,-2.0,21,21,0.0,,,,46,60,-28.0,65,94,-58.0,147,148,-2.0,174,168,12.0,-22.0,18.0,70.0,14.0
Healthy_007,II,1,Healthy,-615,R,1,0.0123,0,640,1,240,500,,,,,,,,,,0,3,-6.0,,,,19,20,-2.0,,,,48,60,-24.0,67,76,-18.0,143,144,-2.0,174,168,12.0,-18.0,18.0,30.0,14.0
Healthy_007,aVR,1,Healthy,-615,QS,1,0.0148,0,640,1,240,500,,,,,,,,,,0,3,-6.0,20,20,0.0,,,,,,,46,60,-28.0,67,74,-14.0,145,145,0.0,174,172,4.0,-22.0,10.0,18.0,4.0
Healthy_007,aVL,1,Healthy,-615,QRs,1,0.0259,0,640,1,240,500,,,,,,,,,,0,3,-6.0,10,11,-2.0,22,22,0.0,28,28,0.0,46,60,-28.0,63,70,-14.0,136,136,0.0,174,168,12.0,-22.0,18.0,26.0,12.0
Healthy_007,V2,1,Healthy,-615,Qr,1,0.0243,0,640,1,240,500,,,,,,,,,,0,3,-6.0,10,10,0.0,24,24,0.0,,,,48,60,-24.0,65,72,-14.0,139,139,0.0,174,174,0.0,-18.0,6.0,14.0,0.0
Healthy_007,V3,1,Healthy,-615,QR,1,0.0278,0,640,1,240,500,,,,,,,,,,0,3,-6.0,9,10,-2.0,23,24,-2.0,,,,48,60,-24.0,65,74,-18.0,144,144,0.0,174,168,12.0,-18.0,18.0,30.0,12.0
Healthy_007,V4,1,Healthy,-615,qR,1,0.0252,0,640,1,240,500,,,,,,,,,,0,3,-6.0,9,9,0.0,20,20,0.0,,,,49,60,-22.0,65,100,-70.0,149,148,2.0,174,168,12.0,-16.0,18.0,82.0,10.0
Healthy_007,V5,1,Healthy,-615,qR,1,0.0146,0,640,1,240,500,,,,,,,,,,0,3,-6.0,6,,,20,20,0.0,,,,47,60,-26.0,66,96,-60.0,148,148,0.0,174,168,12.0,-20.0,18.0,72.0,12.0
Healthy_007,V6,1,Healthy,-615,qR,1,0.0133,0,640,1,240,500,,,,,,,,,,0,3,-6.0,6,,,21,21,0.0,,,,47,60,-26.0,65,101,-72.0,149,149,0.0,174,168,12.0,-20.0,18.0,84.0,12.0
Healthy_007,V1,1,Healthy,-615,rS,1,0.0207,0,640,1,240,500,,,,,,,,,,0,3,-6.0,,18,,4,32,-56.0,18,,,46,60,-28.0,65,74,-18.0,138,138,0.0,175,172,6.0,-22.0,12.0,24.0,6.0
Healthy_007,aVF,1,Healthy,-615,R,1,0.0154,0,640,1,240,500,,,,,,,,,,0,3,-6.0,,,,10,19,-18.0,,,,48,60,-24.0,65,74,-18.0,142,142,0.0,174,168,12.0,-18.0,18.0,30.0,12.0
Healthy_008,II,1,Healthy,-613,R,1,0.0208,0,637,1,242,500,,,,,,,,,,0,2,-4.0,,,,8,23,-30.0,,,,48,47,2.0,63,72,-18.0,145,146,-2.0,175,171,8.0,6.0,12.0,26.0,10.0
Healthy_008,III,1,Healthy,-613,rS,1,0.0345,0,637,1,242,500,,,,,,,,,,0,2,-4.0,,14,,5,22,-34.0,13,,,47,47,0.0,63,82,-38.0,155,155,0.0,175,171,8.0,4.0,12.0,46.0,8.0
Healthy_008,aVR,1,Healthy,-613,QS,1,0.0241,0,637,1,242,500,,,,,,,,,,0,2,-4.0,23,23,0.0,,,,,,,47,47,0.0,62,72,-20.0,144,144,0.0,175,182,-14.0,4.0,-10.0,6.0,-14.0
Healthy_008,aVL,1,Healthy,-613,Rs,1,0.0307,0,637,1,242,500,,,,,,,,,,0,2,-4.0,,,,14,14,0.0,19,20,-2.0,46,47,-2.0,62,90,-56.0,142,143,-2.0,174,171,6.0,2.0,10.0,62.0,8.0
Healthy_008,aVF,1,Healthy,-613,rS,1,0.0264,0,637,1,242,500,,,,,,,,,,0,2,-4.0,,14,,6,22,-32.0,13,,,49,47,4.0,63,70,-14.0,149,149,0.0,175,175,0.0,8.0,4.0,14.0,0.0
Healthy_008,V1,1,Healthy,-613,rS,1,0.0297,0,637,1,242,500,,,,,,,,,,0,2,-4.0,,21,,6,,,21,,,48,47,2.0,62,47,30.0,137,137,0.0,176,171,10.0,6.0,14.0,-20.0,10.0
Healthy_008,V2,1,Healthy,-613,rS,1,0.033,0,637,1,242,500,,,,,,,,,,0,2,-4.0,,16,,4,,,16,,,48,47,2.0,62,55,14.0,137,137,0.0,176,182,-12.0,6.0,-8.0,-26.0,-12.0
Healthy_008,V3,1,Healthy,-613,QR,1,0.0394,0,637,1,242,500,,,,,,,,,,0,2,-4.0,13,14,-2.0,23,30,-14.0,,,,49,47,4.0,62,62,0.0,135,135,0.0,176,171,10.0,8.0,14.0,10.0,10.0
Healthy_008,V4,1,Healthy,-613,qR,1,0.037,0,637,1,242,500,,,,,,,,,,0,2,-4.0,12,11,2.0,23,23,0.0,,,,49,47,4.0,63,70,-14.0,134,134,0.0,176,175,2.0,8.0,6.0,16.0,2.0
Healthy_008,V5,1,Healthy,-613,qR,1,0.0238,0,637,1,242,500,,,,,,,,,,0,2,-4.0,8,8,0.0,23,23,0.0,,,,48,47,2.0,62,96,-68.0,150,150,0.0,176,171,10.0,6.0,14.0,78.0,10.0
Healthy_008,V6,1,Healthy,-613,qR,1,0.0203,0,637,1,242,500,,,,,,,,,,0,2,-4.0,6,,,22,23,-2.0,,,,48,47,2.0,62,87,-50.0,149,149,0.0,176,171,10.0,6.0,14.0,60.0,10.0
Healthy_008,I,1,Healthy,-613,R,1,0.0261,0,637,1,242,500,,,,,,,,,,0,2,-4.0,,,,14,14,0.0,,,,48,47,2.0,62,68,-12.0,143,144,-2.0,174,171,6.0,6.0,10.0,18.0,8.0
Healthy_009,V2,1,Healthy,-613,rS,1,0.0581,0,639,1,242,500,,,,,,,,,,0,2,-4.0,,21,,5,,,21,,,39,43,-8.0,65,48,34.0,136,136,0.0,176,179,-6.0,-4.0,-2.0,-40.0,-6.0
Healthy_009,I,1,Healthy,-613,R,1,0.0447,0,639,1,242,500,,,,,,,,,,0,2,-4.0,,,,15,23,-16.0,,,,39,43,-8.0,65,76,-22.0,145,146,-2.0,175,168,14.0,-4.0,18.0,36.0,16.0
Healthy_009,II,1,Healthy,-613,R,1,0.0445,0,639,1,242,500,,,,,,,,,,0,2,-4.0,,12,,6,23,-34.0,,,,40,43,-6.0,66,68,-4.0,143,144,-2.0,175,174,2.0,-2.0,6.0,6.0,4.0
Healthy_009,III,1,Healthy,-613,rS,1,0.0767,0,639,1,242,500,,,,,,,,,,0,2,-4.0,,15,,5,,,15,,,40,43,-6.0,66,72,-12.0,147,147,0.0,175,168,14.0,-2.0,18.0,26.0,14.0
Healthy_009,aVR,1,Healthy,-613,QS,1,0.0465,0,639,1,242,500,,,,,,,,,,0,2,-4.0,23,23,0.0,,,,,,,39,43,-8.0,64,72,-16.0,145,145,0.0,176,178,-4.0,-4.0,0.0,12.0,-4.0
Healthy_009,aVL,1,Healthy,-613,R,1,0.0561,0,639,1,242,500,,,,,,,,,,0,2,-4.0,,,,15,15,0.0,,,,39,43,-8.0,64,85,-42.0,146,146,0.0,175,168,14.0,-4.0,18.0,56.0,14.0
Healthy_009,aVF,1,Healthy,-613,rS,1,0.0611,0,639,1,242,500,,,,,,,,,,0,2,-4.0,,15,,5,24,-38.0,14,,,40,43,-6.0,64,72,-16.0,135,135,0.0,175,175,0.0,-2.0,4.0,16.0,0.0
Healthy_009,V1,1,Healthy,-613,rS,1,0.0607,0,639,1,242,500,,,,,,,,,,0,2,-4.0,,,,8,7,2.0,22,22,0.0,39,43,-8.0,65,52,26.0,134,134,0.0,176,168,16.0,-4.0,20.0,-10.0,16.0
Healthy_009,V3,1,Healthy,-613,rS,1,0.0694,0,639,1,242,500,,,,,,,,,,0,2,-4.0,,21,,4,31,-54.0,20,,,39,43,-8.0,64,59,10.0,136,136,0.0,176,170,12.0,-4.0,16.0,2.0,12.0
Healthy_009,V4,1,Healthy,-613,rS,1,0.0599,0,639,1,242,500,,,,,,,,,,0,2,-4.0,,17,,4,27,-46.0,16,,,39,43,-8.0,65,60,10.0,136,136,0.0,176,165,22.0,-4.0,26.0,12.0,22.0
Healthy_009,V5,1,Healthy,-613,qR,1,0.0444,0,639,1,242,500,,,,,,,,,,0,2,-4.0,12,12,0.0,24,25,-2.0,,,,39,43,-8.0,65,72,-14.0,145,146,-2.0,176,172,8.0,-4.0,12.0,22.0,10.0
Healthy_009,V6,1,Healthy,-613,qR,1,0.0346,0,639,1,242,500,,,,,,,,,,0,2,-4.0,7,7,0.0,22,23,-2.0,,,,39,43,-8.0,64,81,-34.0,149,149,0.0,176,168,16.0,-4.0,20.0,50.0,16.0
Healthy_010,V1,1,Healthy,-615,rS,1,0.0179,0,644,1,240,500,,,,,,,,,,0,2,-4.0,,21,,4,,,21,,,58,50,16.0,70,51,38.0,142,142,0.0,177,173,8.0,20.0,12.0,-30.0,8.0
Healthy_010,I,1,Healthy,-615,R,1,0.0177,0,644,1,240,500,,,,,,,,,,0,2,-4.0,,,,14,14,0.0,,,,58,50,16.0,71,72,-2.0,142,142,0.0,173,176,-6.0,20.0,-2.0,-4.0,-6.0
Healthy_010,II,1,Healthy,-615,R,1,0.0142,0,644,1,240,500,,,,,,,,,,0,2,-4.0,,,,7,27,-40.0,,,,59,50,18.0,70,72,-4.0,146,146,0.0,176,184,-16.0,22.0,-12.0,-12.0,-16.0
Healthy_010,III,1,Healthy,-615,rS,1,0.022,0,644,1,240,500,,,,,,,,,,0,2,-4.0,,13,,5,27,-44.0,13,,,58,50,16.0,71,76,-10.0,156,156,0.0,176,182,-12.0,20.0,-8.0,-2.0,-12.0
Healthy_010,aVR,1,Healthy,-615,QS,1,0.0185,0,644,1,240,500,,,,,,,,,,0,2,-4.0,22,22,0.0,,,,,,,58,50,16.0,70,72,-4.0,143,144,-2.0,177,185,-16.0,20.0,-12.0,-12.0,-14.0
Healthy_010,aVL,1,Healthy,-615,Rs,1,0.0175,0,644,1,240,500,,,,,,,,,,0,2,-4.0,,,,13,14,-2.0,27,27,0.0,57,50,14.0,70,87,-34.0,140,140,0.0,173,175,-4.0,18.0,0.0,30.0,-4.0
Healthy_010,aVF,1,Healthy,-615,rS,1,0.0177,0,644,1,240,500,,,,,,,,,,0,2,-4.0,,13,,6,27,-42.0,13,,,59,50,18.0,71,72,-2.0,151,152,-2.0,176,179,-6.0,22.0,-2.0,-4.0,-4.0
Healthy_010,V2,1,Healthy,-615,rS,1,0.0189,0,644,1,240,500,,,,,,,,,,0,2,-4.0,,19,,3,,,19,,,58,50,16.0,70,50,40.0,139,140,-2.0,178,173,10.0,20.0,14.0,-30.0,12.0
Healthy_010,V3,1,Healthy,-615,Qr,1,0.0228,0,644,1,240,500,,,,,,,,,,0,2,-4.0,14,14,0.0,29,34,-10.0,,,,59,50,18.0,70,68,4.0,136,136,0.0,178,172,12.0,22.0,16.0,8.0,12.0
Healthy_010,V5,1,Healthy,-615,qR,1,0.02,0,644,1,240,500,,,,,,,,,,0,2,-4.0,8,7,2.0,23,23,0.0,,,,58,50,16.0,70,83,-26.0,150,150,0.0,177,173,8.0,20.0,12.0,34.0,8.0
Healthy_010,V6,1,Healthy,-615,Rs,1,0.0182,0,644,1,240,500,,,,,,,,,,0,2,-4.0,,,,20,20,0.0,29,29,0.0,59,50,18.0,70,72,-4.0,147,147,0.0,178,173,10.0,22.0,14.0,14.0,10.0
Healthy_010,V4,1,Healthy,-615,qR,1,0.027,0,644,1,240,500,,,,,,,,,,0,2,-4.0,12,13,-2.0,28,28,0.0,,,,59,50,18.0,70,68,4.0,146,146,0.0,177,173,8.0,22.0,12.0,4.0,8.0
Healthy_011,III,1,Healthy,-611,R,1,0.0644,0,642,1,244,500,,,,,,,,,,0,2,-4.0,,,,10,25,-30.0,,,,43,54,-22.0,68,76,-16.0,146,146,0.0,180,189,-18.0,-18.0,-14.0,-2.0,-18.0
Healthy_011,I,1,Healthy,-611,Rs,1,0.0559,0,642,1,244,500,,,,,,,,,,0,2,-4.0,,,,17,17,0.0,38,38,0.0,43,54,-22.0,67,94,-54.0,145,146,-2.0,179,184,-10.0,-18.0,-6.0,44.0,-8.0
Healthy_011,II,1,Healthy,-611,R,1,0.0424,0,642,1,244,500,,,,,,,,,,0,2,-4.0,,,,23,23,0.0,,,,44,54,-20.0,67,76,-18.0,146,146,0.0,180,187,-14.0,-16.0,-10.0,4.0,-14.0
Healthy_011,aVR,1,Healthy,-611,QS,1,0.0503,0,642,1,244,500,,,,,,,,,,0,2,-4.0,23,22,2.0,,,,,,,43,54,-22.0,65,76,-22.0,145,146,-2.0,180,179,2.0,-18.0,6.0,24.0,4.0
Healthy_011,aVL,1,Healthy,-611,qrS,1,0.0571,0,642,1,244,500,,,,,,,,,,0,2,-4.0,10,11,-2.0,16,16,0.0,29,29,0.0,43,54,-22.0,63,74,-22.0,155,155,0.0,179,185,-12.0,-18.0,-8.0,10.0,-12.0
Healthy_011,aVF,1,Healthy,-611,R,1,0.0535,0,642,1,244,500,,,,,,,,,,0,2,-4.0,,,,11,24,-26.0,,,,44,54,-20.0,66,69,-6.0,146,146,0.0,180,185,-10.0,-16.0,-6.0,-4.0,-10.0
Healthy_011,V1,1,Healthy,-611,rS,1,0.0452,0,642,1,244,500,,,,,,,,,,0,2,-4.0,,,,4,5,-2.0,22,22,0.0,42,54,-24.0,65,54,22.0,139,140,-2.0,180,175,10.0,-20.0,14.0,-12.0,12.0
Healthy_011,V2,1,Healthy,-611,rS,1,0.0504,0,642,1,244,500,,,,,,,,,,0,2,-4.0,,,,4,5,-2.0,23,23,0.0,43,54,-22.0,64,54,20.0,141,142,-2.0,180,175,10.0,-18.0,14.0,-10.0,12.0
Healthy_011,V3,1,Healthy,-611,rS,1,0.0609,0,642,1,244,500,,,,,,,,,,0,2,-4.0,,23,,3,,,23,,,43,54,-22.0,64,57,14.0,142,143,-2.0,180,175,10.0,-18.0,14.0,-4.0,12.0
Healthy_011,V4,1,Healthy,-611,QR,1,0.0642,0,642,1,244,500,,,,,,,,,,0,2,-4.0,10,10,0.0,25,26,-2.0,,,,43,54,-22.0,66,69,-6.0,153,153,0.0,180,182,-4.0,-18.0,0.0,2.0,-4.0
Healthy_011,V5,1,Healthy,-611,qR,1,0.0505,0,642,1,244,500,,,,,,,,,,0,2,-4.0,8,8,0.0,24,25,-2.0,,,,43,54,-22.0,66,96,-60.0,150,151,-2.0,180,175,10.0,-18.0,14.0,70.0,12.0
Healthy_011,V6,1,Healthy,-611,RS,1,0.0447,0,642,1,244,500,,,,,,,,,,0,2,-4.0,,,,17,17,0.0,30,30,0.0,43,54,-22.0,64,91,-54.0,145,146,-2.0,180,175,10.0,-18.0,14.0,64.0,12.0
Healthy_012,V1,1,Healthy,-612,rS,1,0.0376,0,625,1,243,500,,,,,,,,,,0,1,-2.0,,24,,5,,,24,,,51,40,22.0,74,50,48.0,140,140,0.0,181,173,16.0,24.0,18.0,-32.0,16.0
Healthy_012,I,1,Healthy,-612,R,1,0.0392,0,625,1,243,500,,,,,,,,,,0,1,-2.0,,,,16,16,0.0,,,,50,40,20.0,75,80,-10.0,146,146,0.0,178,173,10.0,22.0,12.0,20.0,10.0
Healthy_012,II,1,Healthy,-612,R,1,0.0322,0,625,1,243,500,,,,,,,,,,0,1,-2.0,,,,11,29,-36.0,,,,52,40,24.0,75,76,-2.0,144,144,0.0,180,183,-6.0,26.0,-4.0,-4.0,-6.0
Healthy_012,III,1,Healthy,-612,rS,1,0.0512,0,625,1,243,500,,,,,,,,,,0,1,-2.0,,16,,8,29,-42.0,16,,,51,40,22.0,76,55,42.0,147,147,0.0,179,182,-6.0,24.0,-4.0,-48.0,-6.0
Healthy_012,aVR,1,Healthy,-612,QS,1,0.0434,0,625,1,243,500,,,,,,,,,,0,1,-2.0,29,29,0.0,,,,,,,50,40,20.0,74,67,14.0,145,145,0.0,180,184,-8.0,22.0,-6.0,-22.0,-8.0
Healthy_012,aVL,1,Healthy,-612,R,1,0.0438,0,625,1,243,500,,,,,,,,,,0,1,-2.0,,,,16,16,0.0,,,,50,40,20.0,73,90,-34.0,146,146,0.0,178,173,10.0,22.0,12.0,44.0,10.0
Healthy_012,V2,1,Healthy,-612,rS,1,0.0392,0,625,1,243,500,,,,,,,,,,0,1,-2.0,,23,,5,,,23,,,51,40,22.0,73,52,42.0,139,140,-2.0,181,173,16.0,24.0,18.0,-26.0,18.0
Healthy_012,V3,1,Healthy,-612,Qr,1,0.0445,0,625,1,243,500,,,,,,,,,,0,1,-2.0,16,16,0.0,39,,,,,,52,40,24.0,72,57,30.0,138,138,0.0,181,181,0.0,26.0,2.0,-30.0,0.0
Healthy_012,V4,1,Healthy,-612,QR,1,0.0486,0,625,1,243,500,,,,,,,,,,0,1,-2.0,16,16,0.0,32,35,-6.0,,,,52,40,24.0,74,64,20.0,158,158,0.0,180,173,14.0,26.0,16.0,-6.0,14.0
Healthy_012,V5,1,Healthy,-612,qR,1,0.0403,0,625,1,243,500,,,,,,,,,,0,1,-2.0,8,8,0.0,29,29,0.0,,,,51,40,22.0,74,64,20.0,140,140,0.0,180,179,2.0,24.0,4.0,-18.0,2.0
Healthy_012,V6,1,Healthy,-612,R,1,0.034,0,625,1,243,500,,,,,,,,,,0,1,-2.0,,,,23,23,0.0,,,,51,40,22.0,74,98,-48.0,154,154,0.0,180,173,14.0,24.0,16.0,62.0,14.0
Healthy_012,aVF,1,Healthy,-612,RS,1,0.0395,0,625,1,243,500,,,,,,,,,,0,1,-2.0,,16,,10,29,-38.0,16,,,51,40,22.0,74,67,14.0,137,137,0.0,179,173,12.0,24.0,14.0,-2.0,12.0
Healthy_014,V2,1,Healthy,-612,rS,1,0.0556,0,640,1,243,500,,,,,,,,,,1,3,-4.0,,11,,4,15,-22.0,25,25,0.0,38,43,-10.0,59,55,8.0,138,139,-2.0,176,167,18.0,-6.0,22.0,10.0,20.0
Healthy_014,I,1,Healthy,-612,R,1,0.0495,0,640,1,243,500,,,,,,,,,,1,3,-4.0,,,,15,23,-16.0,,,,38,43,-10.0,59,69,-20.0,145,146,-2.0,175,176,-2.0,-6.0,2.0,18.0,0.0
Healthy_014,II,1,Healthy,-612,R,1,0.0359,0,640,1,243,500,,,,,,,,,,1,3,-4.0,,,,7,24,-34.0,,,,39,43,-8.0,62,69,-14.0,145,146,-2.0,176,176,0.0,-4.0,4.0,14.0,2.0
Healthy_014,III,1,Healthy,-612,R,1,0.0653,0,640,1,243,500,,,,,,,,,,1,3,-4.0,,15,,6,25,-38.0,,,,38,43,-10.0,59,75,-32.0,145,145,0.0,176,181,-10.0,-6.0,-6.0,22.0,-10.0
Healthy_014,aVR,1,Healthy,-612,QS,1,0.0428,0,640,1,243,500,,,,,,,,,,1,3,-4.0,23,24,-2.0,,,,,,,38,43,-10.0,60,75,-30.0,145,146,-2.0,176,180,-8.0,-6.0,-4.0,22.0,-6.0
Healthy_014,aVL,1,Healthy,-612,qrS,1,0.0612,0,640,1,243,500,,,,,,,,,,0,3,-6.0,6,,,9,15,-12.0,27,27,0.0,38,43,-10.0,59,75,-32.0,136,136,0.0,176,181,-10.0,-4.0,-4.0,22.0,-10.0
Healthy_014,aVF,1,Healthy,-612,R,1,0.0463,0,640,1,243,500,,,,,,,,,,1,3,-4.0,,,,7,24,-34.0,,,,38,43,-10.0,61,75,-28.0,145,146,-2.0,176,181,-10.0,-6.0,-6.0,18.0,-8.0
Healthy_014,V1,1,Healthy,-612,rS,1,0.0495,0,640,1,243,500,,,,,,,,,,1,3,-4.0,,,,5,8,-6.0,23,24,-2.0,38,43,-10.0,60,50,20.0,137,137,0.0,176,167,18.0,-6.0,22.0,-2.0,18.0
Healthy_014,V3,1,Healthy,-612,qR,1,0.0582,0,640,1,243,500,,,,,,,,,,1,3,-4.0,10,10,0.0,15,16,-2.0,,,,38,43,-10.0,59,72,-26.0,142,142,0.0,176,178,-4.0,-6.0,0.0,22.0,-4.0
Healthy_014,V5,1,Healthy,-612,qR,1,0.0442,0,640,1,243,500,,,,,,,,,,1,3,-4.0,7,7,0.0,23,23,0.0,,,,38,43,-10.0,60,79,-38.0,148,148,0.0,176,167,18.0,-6.0,22.0,56.0,18.0
Healthy_014,V6,1,Healthy,-612,qR,1,0.04,0,640,1,243,500,,,,,,,,,,1,3,-4.0,7,7,0.0,22,23,-2.0,,,,38,43,-10.0,59,98,-78.0,150,150,0.0,176,167,18.0,-6.0,22.0,96.0,18.0
Healthy_014,V4,1,Healthy,-612,qR,1,0.0562,0,640,1,243,500,,,,,,,,,,1,3,-4.0,7,7,0.0,16,24,-16.0,,,,38,43,-10.0,60,75,-30.0,147,147,0.0,176,167,18.0,-6.0,22.0,48.0,18.0
Healthy_013,V1,1,Healthy,-611,rS,1,0.0308,0,638,1,244,500,,,,,,,,,,0,2,-4.0,,,,5,5,0.0,23,23,0.0,41,47,-12.0,71,48,46.0,139,139,0.0,178,171,14.0,-8.0,18.0,-32.0,14.0
Healthy_013,I,1,Healthy,-611,R,1,0.0307,0,638,1,244,500,,,,,,,,,,0,2,-4.0,,,,16,24,-16.0,,,,42,47,-10.0,71,83,-24.0,145,146,-2.0,176,171,10.0,-6.0,14.0,34.0,12.0
Healthy_013,III,1,Healthy,-611,RS,1,0.0403,0,638,1,244,500,,,,,,,,,,0,2,-4.0,,14,,9,23,-28.0,14,,,41,47,-12.0,73,71,4.0,155,155,0.0,177,174,6.0,-8.0,10.0,2.0,6.0
Healthy_013,aVR,1,Healthy,-611,QS,1,0.02,0,638,1,244,500,,,,,,,,,,0,2,-4.0,24,24,0.0,,,,,,,42,47,-10.0,71,71,0.0,147,147,0.0,177,174,6.0,-6.0,10.0,6.0,6.0
Healthy_013,aVL,1,Healthy,-611,qRs,1,0.0394,0,638,1,244,500,,,,,,,,,,0,2,-4.0,9,8,2.0,14,14,0.0,22,23,-2.0,42,47,-10.0,68,75,-14.0,144,144,0.0,176,176,0.0,-6.0,4.0,14.0,0.0
Healthy_013,aVF,1,Healthy,-611,RS,1,0.0226,0,638,1,244,500,,,,,,,,,,0,2,-4.0,,14,,8,24,-32.0,14,,,42,47,-10.0,71,71,0.0,152,152,0.0,177,175,4.0,-6.0,8.0,4.0,4.0
Healthy_013,V2,1,Healthy,-611,rS,1,0.0376,0,638,1,244,500,,,,,,,,,,0,2,-4.0,,23,,4,,,23,,,42,47,-10.0,70,54,32.0,140,140,0.0,178,171,14.0,-6.0,18.0,-18.0,14.0
Healthy_013,V3,1,Healthy,-611,QRs,1,0.0437,0,638,1,244,500,,,,,,,,,,0,2,-4.0,9,9,0.0,15,15,0.0,22,22,0.0,42,47,-10.0,71,60,22.0,143,143,0.0,177,171,12.0,-6.0,16.0,-10.0,12.0
Healthy_013,V4,1,Healthy,-611,qR,1,0.036,0,638,1,244,500,,,,,,,,,,0,2,-4.0,8,9,-2.0,27,27,0.0,,,,42,47,-10.0,71,71,0.0,150,150,0.0,177,171,12.0,-6.0,16.0,12.0,12.0
Healthy_013,V5,1,Healthy,-611,qR,1,0.0236,0,638,1,244,500,,,,,,,,,,0,2,-4.0,8,8,0.0,23,24,-2.0,,,,42,47,-10.0,70,101,-62.0,152,152,0.0,177,171,12.0,-6.0,16.0,74.0,12.0
Healthy_013,V6,1,Healthy,-611,qR,1,0.0192,0,638,1,244,500,,,,,,,,,,0,2,-4.0,8,8,0.0,23,24,-2.0,,,,42,47,-10.0,70,103,-66.0,151,151,0.0,177,171,12.0,-6.0,16.0,78.0,12.0
Healthy_013,II,1,Healthy,-611,R,1,0.0171,0,638,1,244,500,,,,,,,,,,0,2,-4.0,,14,,8,24,-32.0,,,,42,47,-10.0,72,71,2.0,149,149,0.0,177,171,12.0,-6.0,16.0,10.0,12.0
Healthy_015,V2,1,Healthy,-609,rS,1,0.0668,0,638,1,246,500,,,,,,,,,,0,3,-6.0,,16,,3,31,-56.0,16,,,53,33,40.0,64,55,18.0,136,136,0.0,178,172,12.0,46.0,18.0,-6.0,12.0
Healthy_015,I,1,Healthy,-609,R,1,0.0536,0,638,1,246,500,,,,,,,,,,0,3,-6.0,,,,13,13,0.0,,,,50,33,34.0,64,80,-32.0,145,145,0.0,176,172,8.0,40.0,14.0,40.0,8.0
Healthy_015,III,1,Healthy,-609,qR,1,0.0687,0,638,1,246,500,,,,,,,,,,0,3,-6.0,13,13,0.0,22,23,-2.0,,,,51,33,36.0,65,70,-10.0,154,154,0.0,177,172,10.0,42.0,16.0,20.0,10.0
Healthy_015,aVL,1,Healthy,-609,RS,1,0.0645,0,638,1,246,500,,,,,,,,,,0,3,-6.0,,,,13,13,0.0,21,22,-2.0,50,33,34.0,63,97,-68.0,142,142,0.0,176,172,8.0,40.0,14.0,76.0,8.0
Healthy_015,aVF,1,Healthy,-609,R,1,0.0581,0,638,1,246,500,,,,,,,,,,0,3,-6.0,,13,,8,23,-30.0,,,,52,33,38.0,65,82,-34.0,150,151,-2.0,177,172,10.0,44.0,16.0,44.0,12.0
Healthy_015,V1,1,Healthy,-609,rS,1,0.0659,0,638,1,246,500,,,,,,,,,,0,3,-6.0,,22,,4,,,21,,,52,33,38.0,64,47,34.0,136,136,0.0,177,172,10.0,44.0,16.0,-24.0,10.0
Healthy_015,V3,1,Healthy,-609,qR,1,0.072,0,638,1,246,500,,,,,,,,,,0,3,-6.0,12,12,0.0,27,27,0.0,,,,52,33,38.0,64,70,-12.0,137,137,0.0,177,172,10.0,44.0,16.0,22.0,10.0
Healthy_015,V4,1,Healthy,-609,qR,1,0.0657,0,638,1,246,500,,,,,,,,,,0,3,-6.0,9,9,0.0,27,27,0.0,,,,53,33,40.0,64,80,-32.0,150,151,-2.0,177,172,10.0,46.0,16.0,42.0,12.0
Healthy_015,V5,1,Healthy,-609,qR,1,0.0534,0,638,1,246,500,,,,,,,,,,0,3,-6.0,8,8,0.0,24,24,0.0,,,,52,33,38.0,64,105,-82.0,152,152,0.0,177,172,10.0,44.0,16.0,92.0,10.0
Healthy_015,V6,1,Healthy,-609,qR,1,0.0514,0,638,1,246,500,,,,,,,,,,0,3,-6.0,7,,,22,22,0.0,,,,52,33,38.0,63,98,-70.0,150,150,0.0,177,172,10.0,44.0,16.0,80.0,10.0
Healthy_015,II,1,Healthy,-609,R,1,0.0473,0,638,1,246,500,,,,,,,,,,0,3,-6.0,,,,8,23,-30.0,,,,53,33,40.0,65,70,-10.0,148,148,0.0,177,172,10.0,46.0,16.0,20.0,10.0
Healthy_015,aVR,1,Healthy,-609,QS,1,0.0554,0,638,1,246,500,,,,,,,,,,0,3,-6.0,23,23,0.0,,,,,,,52,33,38.0,63,70,-14.0,146,146,0.0,177,172,10.0,44.0,16.0,24.0,10.0
Healthy_016,V1,1,Healthy,-611,rS,1,0.039,0,643,1,244,500,,,,,,,,,,0,2,-4.0,,,,6,6,0.0,23,23,0.0,45,39,12.0,60,50,20.0,140,140,0.0,179,170,18.0,16.0,22.0,-2.0,18.0
Healthy_016,I,1,Healthy,-611,R,1,0.046,0,643,1,244,500,,,,,,,,,,0,2,-4.0,,,,13,14,-2.0,,,,44,39,10.0,60,83,-46.0,144,144,0.0,178,170,16.0,14.0,20.0,62.0,16.0
Healthy_016,II,1,Healthy,-611,R,1,0.0307,0,643,1,244,500,,,,,,,,,,0,2,-4.0,,,,11,24,-26.0,,,,45,39,12.0,60,77,-34.0,145,146,-2.0,178,183,-10.0,16.0,-6.0,24.0,-8.0
Healthy_016,III,1,Healthy,-611,R,1,0.0543,0,643,1,244,500,,,,,,,,,,0,2,-4.0,,14,,7,24,-34.0,,,,44,39,10.0,61,70,-18.0,147,147,0.0,178,185,-14.0,14.0,-10.0,4.0,-14.0
Healthy_016,aVR,1,Healthy,-611,QS,1,0.0369,0,643,1,244,500,,,,,,,,,,0,2,-4.0,23,23,0.0,,41,,,,,45,39,12.0,60,77,-34.0,145,145,0.0,178,183,-10.0,16.0,-6.0,24.0,-10.0
Healthy_016,aVL,1,Healthy,-611,qRS,1,0.0526,0,643,1,244,500,,,,,,,,,,0,2,-4.0,6,7,-2.0,14,14,0.0,24,25,-2.0,44,39,10.0,59,62,-6.0,155,156,-2.0,178,184,-12.0,14.0,-8.0,-6.0,-10.0
Healthy_016,aVF,1,Healthy,-611,R,1,0.0398,0,643,1,244,500,,,,,,,,,,0,2,-4.0,,,,10,24,-28.0,,,,45,39,12.0,60,72,-24.0,146,146,0.0,178,189,-22.0,16.0,-18.0,2.0,-22.0
Healthy_016,V2,1,Healthy,-611,rS,1,0.0422,0,643,1,244,500,,,,,,,,,,0,2,-4.0,,11,,6,17,-22.0,24,24,0.0,44,39,10.0,61,57,8.0,142,142,0.0,178,176,4.0,14.0,8.0,-4.0,4.0
Healthy_016,V3,1,Healthy,-611,qR,1,0.045,0,643,1,244,500,,,,,,,,,,0,2,-4.0,8,9,-2.0,17,18,-2.0,,,,45,39,12.0,60,77,-34.0,147,147,0.0,178,178,0.0,16.0,4.0,34.0,0.0
Healthy_016,V4,1,Healthy,-611,qR,1,0.0483,0,643,1,244,500,,,,,,,,,,0,2,-4.0,7,7,0.0,18,27,-18.0,,,,45,39,12.0,60,77,-34.0,151,151,0.0,178,176,4.0,16.0,8.0,38.0,4.0
Healthy_016,V6,1,Healthy,-611,R,1,0.0328,0,643,1,244,500,,,,,,,,,,0,2,-4.0,,,,22,22,0.0,,32,,45,39,12.0,60,77,-34.0,149,149,0.0,178,170,16.0,16.0,20.0,50.0,16.0
Healthy_016,V5,1,Healthy,-611,R,1,0.0376,0,643,1,244,500,,,,,,,,,,0,2,-4.0,,,,23,23,0.0,,,,45,39,12.0,61,77,-32.0,148,149,-2.0,178,170,16.0,16.0,20.0,48.0,18.0
Healthy_017,V1,1,Healthy,-609,rS,1,0.0218,0,641,1,246,500,,,,,,,,,,0,2,-4.0,,,,7,7,0.0,26,27,-2.0,53,51,4.0,75,59,32.0,139,139,0.0,183,175,16.0,8.0,20.0,-16.0,16.0
Healthy_017,I,1,Healthy,-609,R,1,0.0212,0,641,1,246,500,,,,,,,,,,0,2,-4.0,,,,16,29,-26.0,,,,53,51,4.0,75,76,-2.0,149,150,-2.0,182,175,14.0,8.0,18.0,16.0,16.0
Healthy_017,II,1,Healthy,-609,R,1,0.0183,0,641,1,246,500,,,,,,,,,,0,2,-4.0,,14,,7,29,-44.0,,,,53,51,4.0,76,78,-4.0,149,149,0.0,183,175,16.0,8.0,20.0,20.0,16.0
Healthy_017,III,1,Healthy,-609,rS,1,0.0359,0,641,1,246,500,,,,,,,,,,0,2,-4.0,,16,,6,37,-62.0,15,,,53,51,4.0,76,97,-42.0,150,150,0.0,182,175,14.0,8.0,18.0,56.0,14.0
Healthy_017,aVR,1,Healthy,-609,QS,1,0.0197,0,641,1,246,500,,,,,,,,,,0,2,-4.0,28,28,0.0,,,,,,,53,51,4.0,74,76,-4.0,149,149,0.0,183,185,-4.0,8.0,0.0,0.0,-4.0
Healthy_017,aVL,1,Healthy,-609,qRs,1,0.0276,0,641,1,246,500,,,,,,,,,,0,2,-4.0,5,,,16,16,0.0,37,37,0.0,52,51,2.0,74,89,-30.0,150,150,0.0,182,175,14.0,6.0,18.0,44.0,14.0
Healthy_017,aVF,1,Healthy,-609,rS,1,0.0258,0,641,1,246,500,,,,,,,,,,0,2,-4.0,,16,,7,29,-44.0,15,,,53,51,4.0,74,76,-4.0,142,142,0.0,182,175,14.0,8.0,18.0,18.0,14.0
Healthy_017,V2,1,Healthy,-609,rS,1,0.0202,0,641,1,246,500,,,,,,,,,,0,2,-4.0,,27,,5,,,26,,,53,51,4.0,74,52,44.0,139,139,0.0,183,175,16.0,8.0,20.0,-28.0,16.0
Healthy_017,V3,1,Healthy,-609,Qr,1,0.0236,0,641,1,246,500,,,,,,,,,,0,2,-4.0,26,27,-2.0,37,37,0.0,,,,54,51,6.0,73,62,22.0,138,138,0.0,183,175,16.0,10.0,20.0,-6.0,16.0
Healthy_017,V4,1,Healthy,-609,QR,1,0.0248,0,641,1,246,500,,,,,,,,,,0,2,-4.0,15,16,-2.0,32,32,0.0,,,,53,51,4.0,74,78,-8.0,158,158,0.0,183,185,-4.0,8.0,0.0,4.0,-4.0
Healthy_017,V6,1,Healthy,-609,qR,1,0.0141,0,641,1,246,500,,,,,,,,,,0,2,-4.0,9,9,0.0,25,25,0.0,,,,52,51,2.0,74,103,-58.0,154,154,0.0,182,175,14.0,6.0,18.0,72.0,14.0
Healthy_017,V5,1,Healthy,-609,qR,1,0.0166,0,641,1,246,500,,,,,,,,,,0,2,-4.0,9,10,-2.0,30,30,0.0,,,,53,51,4.0,74,69,10.0,158,138,40.0,182,175,14.0,8.0,18.0,4.0,-26.0
Healthy_018,aVR,1,Healthy,-616,QS,1,0.0694,0,630,1,239,500,,,,,,,,,,0,2,-4.0,31,31,0.0,,,,,,,42,44,-4.0,58,72,-28.0,145,145,0.0,180,187,-14.0,0.0,-10.0,14.0,-14.0
Healthy_018,I,1,Healthy,-616,Rs,1,0.0724,0,630,1,239,500,,,,,,,,,,0,2,-4.0,,,,15,15,0.0,27,27,0.0,42,44,-4.0,56,76,-40.0,142,142,0.0,179,173,12.0,0.0,16.0,52.0,12.0
Healthy_018,II,1,Healthy,-616,R,1,0.0588,0,630,1,239,500,,,,,,,,,,0,2,-4.0,,,,30,31,-2.0,,,,42,44,-4.0,59,70,-22.0,147,148,-2.0,180,184,-8.0,0.0,-4.0,14.0,-6.0
Healthy_018,III,1,Healthy,-616,RS,1,0.0672,0,630,1,239,500,,,,,,,,,,0,2,-4.0,,15,,6,29,-46.0,14,,,42,44,-4.0,59,67,-16.0,152,152,0.0,180,185,-10.0,0.0,-6.0,6.0,-10.0
Healthy_018,aVL,1,Healthy,-616,rS,1,0.0653,0,630,1,239,500,,,,,,,,,,0,2,-4.0,,,,10,15,-10.0,28,29,-2.0,42,44,-4.0,56,71,-30.0,156,156,0.0,179,189,-20.0,0.0,-16.0,10.0,-20.0
Healthy_018,aVF,1,Healthy,-616,R,1,0.0665,0,630,1,239,500,,,,,,,,,,0,2,-4.0,,,,7,30,-46.0,,,,42,44,-4.0,59,78,-38.0,149,149,0.0,180,189,-18.0,0.0,-14.0,20.0,-18.0
Healthy_018,V1,1,Healthy,-616,rS,1,0.0626,0,630,1,239,500,,,,,,,,,,0,2,-4.0,,22,,5,,,22,,,42,44,-4.0,57,48,18.0,140,141,-2.0,180,176,8.0,0.0,12.0,-10.0,10.0
Healthy_018,V2,1,Healthy,-616,rS,1,0.0588,0,630,1,239,500,,,,,,,,,,0,2,-4.0,,19,,4,,,19,,,42,44,-4.0,58,44,28.0,141,141,0.0,180,182,-4.0,0.0,0.0,-32.0,-4.0
Healthy_018,V3,1,Healthy,-616,Qr,1,0.0723,0,630,1,239,500,,,,,,,,,,0,2,-4.0,25,25,0.0,39,,,,,,42,44,-4.0,57,51,12.0,139,139,0.0,180,183,-6.0,0.0,-2.0,-18.0,-6.0
Healthy_018,V4,1,Healthy,-616,Qr,1,0.0825,0,630,1,239,500,,,,,,,,,,0,2,-4.0,10,11,-2.0,38,38,0.0,,,,42,44,-4.0,58,68,-20.0,139,140,-2.0,179,185,-12.0,0.0,-8.0,8.0,-10.0
Healthy_018,V6,1,Healthy,-616,RS,1,0.0654,0,630,1,239,500,,,,,,,,,,0,2,-4.0,,,,17,17,0.0,30,30,0.0,42,44,-4.0,58,82,-48.0,144,144,0.0,180,173,14.0,0.0,18.0,62.0,14.0
Healthy_018,V5,1,Healthy,-616,qRs,1,0.0691,0,630,1,239,500,,,,,,,,,,0,2,-4.0,7,7,0.0,18,25,-14.0,34,34,0.0,42,44,-4.0,58,100,-84.0,151,151,0.0,180,173,14.0,0.0,18.0,98.0,14.0
Healthy_019,V2,1,Healthy,-611,rS,1,0.0418,0,641,1,244,500,,,,,,,,,,0,2,-4.0,,,,4,12,-16.0,23,22,2.0,46,48,-4.0,69,53,32.0,140,140,0.0,179,169,20.0,0.0,24.0,-12.0,20.0
Healthy_019,I,1,Healthy,-611,R,1,0.0449,0,641,1,244,500,,,,,,,,,,0,2,-4.0,,,,16,16,0.0,,,,46,48,-4.0,71,75,-8.0,145,146,-2.0,178,178,0.0,0.0,4.0,8.0,2.0
Healthy_019,II,1,Healthy,-611,R,1,0.0366,0,641,1,244,500,,,,,,,,,,0,2,-4.0,,,,10,27,-34.0,,,,47,48,-2.0,70,68,4.0,142,143,-2.0,179,182,-6.0,2.0,-2.0,-10.0,-4.0
Healthy_019,III,1,Healthy,-611,rS,1,0.0582,0,641,1,244,500,,,,,,,,,,0,2,-4.0,,16,,6,30,-48.0,16,,,46,48,-4.0,71,68,6.0,133,133,0.0,178,189,-22.0,0.0,-18.0,-28.0,-22.0
Healthy_019,aVR,1,Healthy,-611,QS,1,0.0452,0,641,1,244,500,,,,,,,,,,0,2,-4.0,26,26,0.0,,,,,,,46,48,-4.0,70,68,4.0,144,144,0.0,179,187,-16.0,0.0,-12.0,-20.0,-16.0
Healthy_019,aVL,1,Healthy,-611,Rs,1,0.0516,0,641,1,244,500,,,,,,,,,,0,2,-4.0,,,,16,16,0.0,34,34,0.0,46,48,-4.0,69,98,-58.0,147,147,0.0,178,185,-14.0,0.0,-10.0,44.0,-14.0
Healthy_019,aVF,1,Healthy,-611,Rs,1,0.0491,0,641,1,244,500,,,,,,,,,,0,2,-4.0,,16,,10,29,-38.0,16,,,46,48,-4.0,69,68,2.0,139,140,-2.0,178,185,-14.0,0.0,-10.0,-16.0,-12.0
Healthy_019,V1,1,Healthy,-611,rS,1,0.0402,0,641,1,244,500,,,,,,,,,,0,2,-4.0,,,,12,12,0.0,24,24,0.0,45,48,-6.0,69,55,28.0,139,140,-2.0,179,169,20.0,-2.0,24.0,-8.0,22.0
Healthy_019,V3,1,Healthy,-611,Qr,1,0.0497,0,641,1,244,500,,,,,,,,,,0,2,-4.0,21,21,0.0,40,,,,,,46,48,-4.0,68,59,18.0,138,139,-2.0,179,169,20.0,0.0,24.0,2.0,22.0
Healthy_019,V4,1,Healthy,-611,qR,1,0.0566,0,641,1,244,500,,,,,,,,,,0,2,-4.0,15,15,0.0,28,27,2.0,,,,47,48,-2.0,70,66,8.0,138,138,0.0,178,181,-6.0,2.0,-2.0,-14.0,-6.0
Healthy_019,V5,1,Healthy,-611,R,1,0.0474,0,641,1,244,500,,,,,,,,,,0,2,-4.0,,8,,27,27,0.0,,,,46,48,-4.0,69,94,-50.0,154,154,0.0,179,169,20.0,0.0,24.0,70.0,20.0
Healthy_019,V6,1,Healthy,-611,R,1,0.0401,0,641,1,244,500,,,,,,,,,,0,2,-4.0,,,,24,24,0.0,,34,,46,48,-4.0,69,94,-50.0,152,152,0.0,179,169,20.0,0.0,24.0,70.0,20.0
Healthy_020,V3,1,Healthy,-614,QR,1,0.0546,0,639,1,241,500,,,,,,,,,,0,2,-4.0,7,8,-2.0,13,25,-24.0,,,,45,27,36.0,60,60,0.0,139,139,0.0,175,176,-2.0,40.0,2.0,-2.0,-2.0
Healthy_020,I,1,Healthy,-614,qRs,1,0.0452,0,639,1,241,500,,,,,,,,,,0,2,-4.0,4,,,13,21,-16.0,28,28,0.0,42,27,30.0,59,90,-62.0,145,145,0.0,173,170,6.0,34.0,10.0,68.0,6.0
Healthy_020,II,1,Healthy,-614,R,1,0.0354,0,639,1,241,500,,,,,,,,,,0,2,-4.0,,,,9,21,-24.0,,35,,44,27,34.0,60,71,-22.0,146,146,0.0,173,170,6.0,38.0,10.0,28.0,6.0
Healthy_020,III,1,Healthy,-614,RS,1,0.0517,0,639,1,241,500,,,,,,,,,,0,2,-4.0,,12,,6,22,-32.0,11,,,41,27,28.0,59,66,-14.0,150,150,0.0,174,170,8.0,32.0,12.0,22.0,8.0
Healthy_020,aVR,1,Healthy,-614,QS,1,0.0402,0,639,1,241,500,,,,,,,,,,0,2,-4.0,21,21,0.0,,,,,,,43,27,32.0,60,69,-18.0,145,146,-2.0,174,170,8.0,36.0,12.0,26.0,10.0
Healthy_020,aVL,1,Healthy,-614,qRS,1,0.0508,0,639,1,241,500,,,,,,,,,,0,2,-4.0,5,,,12,12,0.0,27,27,0.0,42,27,30.0,58,62,-8.0,144,145,-2.0,173,170,6.0,34.0,10.0,14.0,8.0
Healthy_020,aVF,1,Healthy,-614,R,1,0.0414,0,639,1,241,500,,,,,,,,,,0,2,-4.0,,11,,7,21,-28.0,,,,42,27,30.0,60,72,-24.0,146,147,-2.0,173,170,6.0,34.0,10.0,30.0,8.0
Healthy_020,V1,1,Healthy,-614,rS,1,0.0466,0,639,1,241,500,,,,,,,,,,0,2,-4.0,,,,4,4,0.0,20,20,0.0,43,27,32.0,60,50,20.0,138,138,0.0,174,170,8.0,36.0,12.0,-12.0,8.0
Healthy_020,V2,1,Healthy,-614,rS,1,0.0511,0,639,1,241,500,,,,,,,,,,0,2,-4.0,,20,,3,25,-44.0,20,,,44,27,34.0,60,55,10.0,137,138,-2.0,175,170,10.0,38.0,14.0,0.0,12.0
Healthy_020,V4,1,Healthy,-614,qR,1,0.05,0,639,1,241,500,,,,,,,,,,0,2,-4.0,7,7,0.0,24,24,0.0,,,,45,27,36.0,60,74,-28.0,147,148,-2.0,174,170,8.0,40.0,12.0,36.0,10.0
Healthy_020,V5,1,Healthy,-614,qR,1,0.0356,0,639,1,241,500,,,,,,,,,,0,2,-4.0,6,,,20,20,0.0,,,,44,27,34.0,60,79,-38.0,148,148,0.0,174,170,8.0,38.0,12.0,46.0,8.0
Healthy_020,V6,1,Healthy,-614,qR,1,0.033,0,639,1,241,500,,,,,,,,,,0,2,-4.0,5,,,20,20,0.0,,,,43,27,32.0,60,98,-76.0,149,149,0.0,173,170,6.0,36.0,10.0,82.0,6.0
InferiorInfarction_001,aVR,1,InferiorInfarction,-614,QS,1,0.0024,0,626,1,241,500,,,,,,,,,,0,2,-4.0,23,23,0.0,,,,,,,53,50,6.0,59,109,-100.0,171,171,0.0,255,279,-48.0,10.0,-44.0,52.0,-48.0
InferiorInfarction_001,I,1,InferiorInfarction,-614,R,1,0.0023,0,626,1,241,500,,,,,,,,,,0,2,-4.0,,11,,7,14,-14.0,,18,,52,50,4.0,59,103,-88.0,162,162,0.0,252,286,-68.0,8.0,-64.0,20.0,-68.0
InferiorInfarction_001,II,1,InferiorInfarction,-614,R,1,0.0016,0,626,1,241,500,,,,,,,,,,0,2,-4.0,,,,11,23,-24.0,,,,53,50,6.0,59,119,-120.0,173,173,0.0,254,281,-54.0,10.0,-50.0,66.0,-54.0
InferiorInfarction_001,III,1,InferiorInfarction,-614,QR,1,0.002,0,626,1,241,500,,,,,,,,,,0,2,-4.0,6,6,0.0,11,23,-24.0,,,,53,50,6.0,59,103,-88.0,175,175,0.0,252,258,-12.0,10.0,-8.0,76.0,-12.0
InferiorInfarction_001,aVL,1,InferiorInfarction,-614,rS,1,0.0022,0,626,1,241,500,,,,,,,,,,0,2,-4.0,,,,6,6,0.0,23,23,0.0,52,50,4.0,59,89,-60.0,177,177,0.0,251,261,-20.0,8.0,-16.0,40.0,-20.0
InferiorInfarction_001,aVF,1,InferiorInfarction,-614,qR,1,0.0017,0,626,1,241,500,,,,,,,,,,0,2,-4.0,6,,,11,23,-24.0,,,,53,50,6.0,59,101,-84.0,174,174,0.0,253,266,-26.0,10.0,-22.0,58.0,-26.0
InferiorInfarction_001,V1,1,InferiorInfarction,-614,RS,1,0.0028,0,626,1,241,500,,,,,,,,,,0,2,-4.0,,,,6,7,-2.0,19,19,0.0,53,50,6.0,59,51,16.0,139,140,-2.0,250,255,-10.0,10.0,-6.0,-26.0,-8.0
InferiorInfarction_001,V2,1,InferiorInfarction,-614,rS,1,0.0016,0,626,1,241,500,,,,,,,,,,0,2,-4.0,,24,,5,,,24,,,53,50,6.0,59,51,16.0,139,139,0.0,248,263,-30.0,10.0,-26.0,-46.0,-30.0
InferiorInfarction_001,V3,1,InferiorInfarction,-614,qRs,1,0.0018,0,626,1,241,500,,,,,,,,,,0,2,-4.0,9,9,0.0,20,20,0.0,28,28,0.0,53,50,6.0,59,51,16.0,138,139,-2.0,248,255,-14.0,10.0,-10.0,-30.0,-12.0
InferiorInfarction_001,V4,1,InferiorInfarction,-614,qRs,1,0.0022,0,626,1,241,500,,,,,,,,,,0,2,-4.0,8,8,0.0,21,22,-2.0,33,,,53,50,6.0,59,51,16.0,140,141,-2.0,248,251,-6.0,10.0,-2.0,-22.0,-4.0
InferiorInfarction_001,V5,1,InferiorInfarction,-614,qR,1,0.0011,0,626,1,241,500,,,,,,,,,,0,2,-4.0,7,,,27,27,0.0,,,,53,50,6.0,59,51,16.0,169,169,0.0,252,277,-50.0,10.0,-46.0,-66.0,-50.0
InferiorInfarction_001,V6,1,InferiorInfarction,-614,Rs,1,0.0012,0,626,1,241,500,,,,,,,,,,0,2,-4.0,,,,29,29,0.0,53,,,53,50,6.0,59,91,-64.0,145,145,0.0,255,281,-52.0,10.0,-48.0,12.0,-52.0
InferiorInfarction_002,V6,1,InferiorInfarction,-604,qRs,1,0.0111,0,642,1,251,500,,,,,,,,,,0,2,-4.0,9,9,0.0,36,35,2.0,61,,,61,57,8.0,70,62,16.0,144,144,0.0,253,291,-76.0,12.0,-72.0,-92.0,-76.0
InferiorInfarction_002,I,1,InferiorInfarction,-604,R,1,0.0183,0,642,1,251,500,,,,,,,,,,0,2,-4.0,,,,9,16,-14.0,,72,,61,57,8.0,69,87,-36.0,144,145,-2.0,251,286,-70.0,12.0,-66.0,-34.0,-68.0
InferiorInfarction_002,III,1,InferiorInfarction,-604,qR,1,0.0179,0,642,1,251,500,,,,,,,,,,0,2,-4.0,8,16,-16.0,27,28,-2.0,,,,61,57,8.0,68,75,-14.0,140,141,-2.0,255,277,-44.0,12.0,-40.0,-30.0,-42.0
InferiorInfarction_002,aVR,1,InferiorInfarction,-604,QS,1,0.0158,0,642,1,251,500,,,,,,,,,,0,2,-4.0,31,32,-2.0,,,,,,,61,57,8.0,70,76,-12.0,151,151,0.0,254,294,-80.0,12.0,-76.0,-68.0,-80.0
InferiorInfarction_002,aVL,1,InferiorInfarction,-604,RS,1,0.0181,0,642,1,251,500,,,,,,,,,,0,2,-4.0,,,,8,16,-16.0,26,27,-2.0,61,57,8.0,68,94,-52.0,142,142,0.0,253,283,-60.0,12.0,-56.0,-8.0,-60.0
InferiorInfarction_002,aVF,1,InferiorInfarction,-604,QR,1,0.0143,0,642,1,251,500,,,,,,,,,,0,2,-4.0,7,8,-2.0,12,31,-38.0,,,,61,57,8.0,69,101,-64.0,158,183,-50.0,255,279,-48.0,12.0,-44.0,16.0,2.0
InferiorInfarction_002,V1,1,InferiorInfarction,-604,rS,1,0.0183,0,642,1,251,500,,,,,,,,,,0,2,-4.0,,,,7,7,0.0,31,31,0.0,61,57,8.0,68,68,0.0,142,143,-2.0,250,277,-54.0,12.0,-50.0,-54.0,-52.0
InferiorInfarction_002,V2,1,InferiorInfarction,-604,rS,1,0.0169,0,642,1,251,500,,,,,,,,,,0,2,-4.0,,,,7,7,0.0,31,31,0.0,61,57,8.0,69,64,10.0,142,143,-2.0,251,281,-60.0,12.0,-56.0,-70.0,-58.0
InferiorInfarction_002,V3,1,InferiorInfarction,-604,rS,1,0.0157,0,642,1,251,500,,,,,,,,,,0,2,-4.0,,,,6,6,0.0,32,32,0.0,61,57,8.0,69,58,22.0,142,142,0.0,251,282,-62.0,12.0,-58.0,-84.0,-62.0
InferiorInfarction_002,V4,1,InferiorInfarction,-604,rS,1,0.0153,0,642,1,251,500,,,,,,,,,,0,2,-4.0,,17,,3,,,17,,,61,57,8.0,69,74,-10.0,142,142,0.0,250,283,-66.0,12.0,-62.0,-56.0,-66.0
InferiorInfarction_002,V5,1,InferiorInfarction,-604,qR,1,0.0097,0,642,1,251,500,,,,,,,,,,0,2,-4.0,11,11,0.0,31,30,2.0,,,,61,57,8.0,68,64,8.0,159,160,-2.0,246,251,-10.0,12.0,-6.0,-18.0,-8.0
InferiorInfarction_002,II,1,InferiorInfarction,-604,R,1,0.0149,0,642,1,251,500,,,,,,,,,,0,2,-4.0,,,,12,32,-40.0,,,,61,57,8.0,68,68,0.0,156,182,-52.0,245,238,14.0,12.0,18.0,14.0,66.0
InferiorInfarction_003,V2,1,InferiorInfarction,-614,rS,1,0.0007,0,628,1,241,500,,,,,,,,,,0,2,-4.0,,25,,4,,,25,,,55,51,8.0,62,55,14.0,140,140,0.0,248,267,-38.0,12.0,-34.0,-52.0,-38.0
InferiorInfarction_003,I,1,InferiorInfarction,-614,R,1,0.0013,0,628,1,241,500,,,,,,,,,,0,2,-4.0,,,,7,30,-46.0,,,,55,51,8.0,62,64,-4.0,172,173,-2.0,248,281,-66.0,12.0,-62.0,-62.0,-64.0
InferiorInfarction_003,II,1,InferiorInfarction,-614,R,1,0.0009,0,628,1,241,500,,,,,,,,,,0,2,-4.0,,,,9,21,-24.0,,64,,55,51,8.0,63,98,-70.0,173,173,0.0,250,275,-50.0,12.0,-46.0,20.0,-50.0
InferiorInfarction_003,III,1,InferiorInfarction,-614,R,1,0.0009,0,628,1,241,500,,,,,,,,,,1,2,-2.0,,,,9,21,-24.0,,,,55,51,8.0,62,66,-8.0,143,143,0.0,246,243,6.0,10.0,8.0,14.0,6.0
InferiorInfarction_003,aVR,1,InferiorInfarction,-614,QS,1,0.0011,0,628,1,241,500,,,,,,,,,,0,2,-4.0,21,21,0.0,,,,,,,55,51,8.0,63,82,-38.0,173,173,0.0,253,279,-52.0,12.0,-48.0,-14.0,-52.0
InferiorInfarction_003,aVL,1,InferiorInfarction,-614,rS,1,0.0008,0,628,1,241,500,,,,,,,,,,0,2,-4.0,,21,,6,33,-54.0,20,,,55,51,8.0,62,54,16.0,142,142,0.0,249,269,-40.0,12.0,-36.0,-56.0,-40.0
InferiorInfarction_003,aVF,1,InferiorInfarction,-614,R,1,0.0007,0,628,1,241,500,,,,,,,,,,0,2,-4.0,,,,9,21,-24.0,,,,55,51,8.0,62,55,14.0,143,174,-62.0,248,262,-28.0,12.0,-24.0,-42.0,34.0
InferiorInfarction_003,V1,1,InferiorInfarction,-614,rS,1,0.0008,0,628,1,241,500,,,,,,,,,,0,2,-4.0,,,,5,5,0.0,22,21,2.0,55,51,8.0,62,55,14.0,140,140,0.0,247,255,-16.0,12.0,-12.0,-30.0,-16.0
InferiorInfarction_003,V3,1,InferiorInfarction,-614,qRs,1,0.0011,0,628,1,241,500,,,,,,,,,,0,2,-4.0,8,8,0.0,19,19,0.0,37,37,0.0,55,51,8.0,62,80,-36.0,144,144,0.0,246,251,-10.0,12.0,-6.0,26.0,-10.0
InferiorInfarction_003,V4,1,InferiorInfarction,-614,qRs,1,0.0017,0,628,1,241,500,,,,,,,,,,0,2,-4.0,8,8,0.0,21,22,-2.0,39,,,55,51,8.0,62,81,-38.0,148,148,0.0,248,253,-10.0,12.0,-6.0,28.0,-10.0
InferiorInfarction_003,V5,1,InferiorInfarction,-614,qR,1,0.0009,0,628,1,241,500,,,,,,,,,,0,2,-4.0,8,8,0.0,30,30,0.0,,,,55,51,8.0,63,70,-14.0,143,143,0.0,252,275,-46.0,12.0,-42.0,-32.0,-46.0
InferiorInfarction_003,V6,1,InferiorInfarction,-614,qRs,1,0.0009,0,628,1,241,500,,,,,,,,,,0,2,-4.0,5,6,-2.0,32,32,0.0,55,,,55,51,8.0,63,55,16.0,145,145,0.0,250,269,-38.0,12.0,-34.0,-54.0,-38.0
InferiorInfarction_004,V6,1,InferiorInfarction,-609,Rs,1,0.0045,0,622,1,246,500,,,,,,,,,,0,2,-4.0,,,,33,33,0.0,55,,,55,48,14.0,61,55,12.0,168,168,0.0,249,275,-52.0,18.0,-48.0,-64.0,-52.0
InferiorInfarction_004,I,1,InferiorInfarction,-609,R,1,0.0097,0,622,1,246,500,,,,,,,,,,0,2,-4.0,,,,14,14,0.0,,62,,54,48,12.0,62,93,-62.0,141,141,0.0,248,281,-66.0,16.0,-62.0,-4.0,-66.0
InferiorInfarction_004,II,1,InferiorInfarction,-609,R,1,0.0051,0,622,1,246,500,,,,,,,,,,0,2,-4.0,,,,26,27,-2.0,,64,,54,48,12.0,61,103,-84.0,149,176,-54.0,247,269,-44.0,16.0,-40.0,40.0,10.0
InferiorInfarction_004,III,1,InferiorInfarction,-609,qR,1,0.0035,0,622,1,246,500,,,,,,,,,,0,2,-4.0,7,7,0.0,26,26,0.0,,,,54,48,12.0,60,48,24.0,139,139,0.0,248,254,-12.0,16.0,-8.0,-36.0,-12.0
InferiorInfarction_004,aVR,1,InferiorInfarction,-609,QS,1,0.0089,0,622,1,246,500,,,,,,,,,,0,2,-4.0,27,27,0.0,,,,,,,54,48,12.0,61,51,20.0,144,176,-64.0,251,279,-56.0,16.0,-52.0,-76.0,8.0
InferiorInfarction_004,aVL,1,InferiorInfarction,-609,RS,1,0.0059,0,622,1,246,500,,,,,,,,,,0,2,-4.0,,,,8,14,-12.0,25,26,-2.0,54,48,12.0,61,50,22.0,140,140,0.0,250,277,-54.0,16.0,-50.0,-76.0,-54.0
InferiorInfarction_004,aVF,1,InferiorInfarction,-609,qR,1,0.0046,0,622,1,246,500,,,,,,,,,,1,2,-2.0,7,7,0.0,26,26,0.0,,,,54,48,12.0,61,66,-10.0,176,176,0.0,247,253,-12.0,14.0,-10.0,-2.0,-12.0
InferiorInfarction_004,V1,1,InferiorInfarction,-609,rS,1,0.0076,0,622,1,246,500,,,,,,,,,,0,2,-4.0,,21,,4,,,21,,,54,48,12.0,61,50,22.0,142,142,0.0,248,268,-40.0,16.0,-36.0,-62.0,-40.0
InferiorInfarction_004,V2,1,InferiorInfarction,-609,rS,1,0.006,0,622,1,246,500,,,,,,,,,,0,2,-4.0,,25,,3,,,25,,,55,48,14.0,61,50,22.0,140,140,0.0,246,263,-34.0,18.0,-30.0,-56.0,-34.0
InferiorInfarction_004,V3,1,InferiorInfarction,-609,QRS,1,0.0049,0,622,1,246,500,,,,,,,,,,0,2,-4.0,10,10,0.0,24,23,2.0,33,33,0.0,54,48,12.0,62,50,24.0,138,139,-2.0,250,275,-50.0,16.0,-46.0,-74.0,-48.0
InferiorInfarction_004,V4,1,InferiorInfarction,-609,qRs,1,0.0051,0,622,1,246,500,,,,,,,,,,0,2,-4.0,9,10,-2.0,26,26,0.0,39,35,8.0,54,48,12.0,61,50,22.0,144,144,0.0,249,266,-34.0,16.0,-30.0,-56.0,-34.0
InferiorInfarction_004,V5,1,InferiorInfarction,-609,R,1,0.004,0,622,1,246,500,,,,,,,,,,0,2,-4.0,,,,32,32,0.0,,,,54,48,12.0,61,50,22.0,251,139,224.0,251,277,-52.0,16.0,-48.0,-74.0,-276.0
InferiorInfarction_005,aVF,1,InferiorInfarction,-608,R,1,0.0057,0,621,1,247,500,,,,,,,,,,1,2,-2.0,,8,,23,23,0.0,,,,52,48,8.0,60,101,-82.0,149,173,-48.0,247,269,-44.0,10.0,-42.0,38.0,4.0
InferiorInfarction_005,I,1,InferiorInfarction,-608,R,1,0.0108,0,621,1,247,500,,,,,,,,,,1,2,-2.0,,,,10,32,-44.0,,64,,52,48,8.0,60,107,-94.0,245,171,148.0,245,275,-60.0,10.0,-58.0,34.0,-208.0
InferiorInfarction_005,II,1,InferiorInfarction,-608,R,1,0.007,0,621,1,247,500,,,,,,,,,,1,2,-2.0,,,,23,23,0.0,,,,52,48,8.0,60,105,-90.0,172,172,0.0,246,275,-58.0,10.0,-56.0,32.0,-58.0
InferiorInfarction_005,III,1,InferiorInfarction,-608,qR,1,0.0164,0,621,1,247,500,,,,,,,,,,1,2,-2.0,8,8,0.0,23,23,0.0,,,,52,48,8.0,60,50,20.0,150,151,-2.0,244,248,-8.0,10.0,-6.0,-28.0,-6.0
InferiorInfarction_005,aVR,1,InferiorInfarction,-608,QS,1,0.0091,0,621,1,247,500,,,,,,,,,,1,2,-2.0,24,23,2.0,,,,,,,52,48,8.0,60,53,14.0,249,172,154.0,251,275,-48.0,10.0,-46.0,-62.0,-202.0
InferiorInfarction_005,aVL,1,InferiorInfarction,-608,RS,1,0.007,0,621,1,247,500,,,,,,,,,,1,2,-2.0,,,,9,8,2.0,23,22,2.0,52,48,8.0,60,53,14.0,151,152,-2.0,244,265,-42.0,10.0,-40.0,-56.0,-40.0
InferiorInfarction_005,V1,1,InferiorInfarction,-608,rS,1,0.0069,0,621,1,247,500,,,,,,,,,,1,2,-2.0,,,,6,6,0.0,23,23,0.0,53,48,10.0,60,55,10.0,141,141,0.0,246,268,-44.0,12.0,-42.0,-54.0,-44.0
InferiorInfarction_005,V2,1,InferiorInfarction,-608,rS,1,0.0069,0,621,1,247,500,,,,,,,,,,1,2,-2.0,,24,,6,,,24,,,53,48,10.0,60,50,20.0,141,141,0.0,245,268,-46.0,12.0,-44.0,-66.0,-46.0
InferiorInfarction_005,V3,1,InferiorInfarction,-608,qRS,1,0.0088,0,621,1,247,500,,,,,,,,,,1,2,-2.0,9,9,0.0,15,15,0.0,25,25,0.0,53,48,10.0,60,50,20.0,142,142,0.0,245,267,-44.0,12.0,-42.0,-64.0,-44.0
InferiorInfarction_005,V4,1,InferiorInfarction,-608,qRs,1,0.0119,0,621,1,247,500,,,,,,,,,,1,2,-2.0,8,9,-2.0,15,15,0.0,37,37,0.0,53,48,10.0,60,54,12.0,146,147,-2.0,247,269,-44.0,12.0,-42.0,-56.0,-42.0
InferiorInfarction_005,V5,1,InferiorInfarction,-608,R,1,0.008,0,621,1,247,500,,,,,,,,,,1,2,-2.0,,,,31,30,2.0,,,,53,48,10.0,60,50,20.0,142,142,0.0,248,275,-54.0,12.0,-52.0,-74.0,-54.0
InferiorInfarction_005,V6,1,InferiorInfarction,-608,Rs,1,0.009,0,621,1,247,500,,,,,,,,,,1,2,-2.0,,,,31,32,-2.0,53,,,53,48,10.0,60,55,10.0,146,146,0.0,250,273,-46.0,12.0,-44.0,-56.0,-46.0
InferiorInfarction_006,V6,1,InferiorInfarction,-611,Rs,1,0.0022,0,626,1,244,500,,,,,,,,,,0,2,-4.0,,,,28,28,0.0,55,,,55,48,14.0,61,49,24.0,167,167,0.0,263,274,-22.0,18.0,-18.0,-46.0,-22.0
InferiorInfarction_006,I,1,InferiorInfarction,-611,R,1,0.0054,0,626,1,244,500,,,,,,,,,,0,2,-4.0,,,,14,14,0.0,,,,54,48,12.0,61,49,24.0,144,144,0.0,248,277,-58.0,16.0,-54.0,-82.0,-58.0
InferiorInfarction_006,II,1,InferiorInfarction,-611,R,1,0.0026,0,626,1,244,500,,,,,,,,,,0,2,-4.0,,,,10,24,-28.0,,,,55,48,14.0,61,49,24.0,138,173,-70.0,249,270,-42.0,18.0,-38.0,-66.0,28.0
InferiorInfarction_006,III,1,InferiorInfarction,-611,rS,1,0.0038,0,626,1,244,500,,,,,,,,,,0,2,-4.0,,14,,9,24,-30.0,14,,,54,48,12.0,61,49,24.0,173,173,0.0,261,264,-6.0,16.0,-2.0,-30.0,-6.0
InferiorInfarction_006,aVR,1,InferiorInfarction,-611,QS,1,0.0039,0,626,1,244,500,,,,,,,,,,0,2,-4.0,24,24,0.0,,,,,,,54,48,12.0,61,49,24.0,142,142,0.0,250,273,-46.0,16.0,-42.0,-70.0,-46.0
InferiorInfarction_006,aVL,1,InferiorInfarction,-611,rS,1,0.004,0,626,1,244,500,,,,,,,,,,0,2,-4.0,,,,7,14,-14.0,24,24,0.0,54,48,12.0,61,49,24.0,147,147,0.0,249,265,-32.0,16.0,-28.0,-56.0,-32.0
InferiorInfarction_006,aVF,1,InferiorInfarction,-611,R,1,0.0038,0,626,1,244,500,,,,,,,,,,0,2,-4.0,,14,,10,24,-28.0,,,,54,48,12.0,61,55,12.0,173,173,0.0,256,260,-8.0,16.0,-4.0,-20.0,-8.0
InferiorInfarction_006,V1,1,InferiorInfarction,-611,rS,1,0.0033,0,626,1,244,500,,,,,,,,,,0,2,-4.0,,,,8,8,0.0,22,22,0.0,55,48,14.0,61,49,24.0,140,140,0.0,247,271,-48.0,18.0,-44.0,-72.0,-48.0
InferiorInfarction_006,V2,1,InferiorInfarction,-611,rS,1,0.0022,0,626,1,244,500,,,,,,,,,,0,2,-4.0,,,,5,5,0.0,21,22,-2.0,55,48,14.0,61,49,24.0,140,140,0.0,248,265,-34.0,18.0,-30.0,-58.0,-34.0
InferiorInfarction_006,V3,1,InferiorInfarction,-611,rS,1,0.0014,0,626,1,244,500,,,,,,,,,,0,2,-4.0,,,,4,5,-2.0,26,25,2.0,55,48,14.0,61,49,24.0,139,139,0.0,251,267,-32.0,18.0,-28.0,-56.0,-32.0
InferiorInfarction_006,V4,1,InferiorInfarction,-611,rS,1,0.0017,0,626,1,244,500,,,,,,,,,,0,2,-4.0,,8,,4,17,-26.0,33,33,0.0,55,48,14.0,61,49,24.0,139,139,0.0,253,274,-42.0,18.0,-38.0,-66.0,-42.0
InferiorInfarction_006,V5,1,InferiorInfarction,-611,R,1,0.002,0,626,1,244,500,,,,,,,,,,0,2,-4.0,,,,17,24,-14.0,,,,55,48,14.0,61,49,24.0,137,137,0.0,245,242,6.0,18.0,10.0,-18.0,6.0
InferiorInfarction_007,V2,1,InferiorInfarction,-612,QrS,1,0.0307,0,629,1,243,500,,,,,,,,,,1,2,-2.0,11,11,0.0,23,24,-2.0,29,28,2.0,51,48,6.0,58,49,18.0,140,140,0.0,240,273,-66.0,8.0,-64.0,-84.0,-66.0
InferiorInfarction_007,I,1,InferiorInfarction,-612,RS,1,0.0437,0,629,1,243,500,,,,,,,,,,1,2,-2.0,,11,,7,29,-44.0,11,,,51,48,6.0,58,49,18.0,142,142,0.0,240,275,-70.0,8.0,-68.0,-88.0,-70.0
InferiorInfarction_007,II,1,InferiorInfarction,-612,R,1,0.0221,0,629,1,243,500,,,,,,,,,,1,2,-2.0,,,,20,20,0.0,,,,51,48,6.0,58,49,18.0,172,172,0.0,241,273,-64.0,8.0,-62.0,-82.0,-64.0
InferiorInfarction_007,III,1,InferiorInfarction,-612,qR,1,0.0221,0,629,1,243,500,,,,,,,,,,1,2,-2.0,6,,,19,19,0.0,,,,51,48,6.0,58,49,18.0,148,148,0.0,240,259,-38.0,8.0,-36.0,-56.0,-38.0
InferiorInfarction_007,aVR,1,InferiorInfarction,-612,QS,1,0.0362,0,629,1,243,500,,,,,,,,,,1,2,-2.0,23,24,-2.0,,,,,,,51,48,6.0,59,50,18.0,172,172,0.0,242,269,-54.0,8.0,-52.0,-72.0,-54.0
InferiorInfarction_007,aVF,1,InferiorInfarction,-612,qR,1,0.0233,0,629,1,243,500,,,,,,,,,,1,2,-2.0,6,,,19,20,-2.0,,,,51,48,6.0,58,49,18.0,172,172,0.0,241,273,-64.0,8.0,-62.0,-82.0,-64.0
InferiorInfarction_007,V1,1,InferiorInfarction,-612,rS,1,0.0289,0,629,1,243,500,,,,,,,,,,1,2,-2.0,,19,,5,,,18,,,51,48,6.0,58,49,18.0,139,139,0.0,239,267,-56.0,8.0,-54.0,-74.0,-56.0
InferiorInfarction_007,V3,1,InferiorInfarction,-612,QRs,1,0.0381,0,629,1,243,500,,,,,,,,,,1,2,-2.0,10,10,0.0,23,23,0.0,35,36,-2.0,51,48,6.0,58,49,18.0,142,143,-2.0,239,263,-48.0,8.0,-46.0,-66.0,-46.0
InferiorInfarction_007,V4,1,InferiorInfarction,-612,qR,1,0.0397,0,629,1,243,500,,,,,,,,,,1,2,-2.0,9,10,-2.0,23,23,0.0,,,,51,48,6.0,58,49,18.0,150,150,0.0,239,260,-42.0,8.0,-40.0,-60.0,-42.0
InferiorInfarction_007,V5,1,InferiorInfarction,-612,qRs,1,0.0387,0,629,1,243,500,,,,,,,,,,1,2,-2.0,9,9,0.0,24,28,-8.0,51,,,51,48,6.0,58,49,18.0,141,141,0.0,240,269,-58.0,8.0,-56.0,-76.0,-58.0
InferiorInfarction_007,V6,1,InferiorInfarction,-612,qRs,1,0.0312,0,629,1,243,500,,,,,,,,,,1,2,-2.0,10,10,0.0,28,28,0.0,52,,,52,48,8.0,58,49,18.0,141,142,-2.0,241,269,-56.0,10.0,-54.0,-74.0,-54.0
InferiorInfarction_007,aVL,1,InferiorInfarction,-612,rS,1,0.0166,0,629,1,243,500,,,,,,,,,,1,2,-2.0,,17,,7,37,-60.0,17,,,51,48,6.0,58,49,18.0,146,146,0.0,238,226,24.0,8.0,26.0,6.0,24.0
InferiorInfarction_008,II,1,InferiorInfarction,-612,R,1,0.0029,0,623,1,243,500,,,,,,,,,,0,2,-4.0,,,,10,23,-26.0,,,,54,50,8.0,62,62,0.0,173,174,-2.0,246,265,-38.0,12.0,-34.0,-38.0,-36.0
InferiorInfarction_008,I,1,InferiorInfarction,-612,R,1,0.0042,0,623,1,243,500,,,,,,,,,,0,2,-4.0,,,,7,14,-14.0,,,,54,50,8.0,62,66,-8.0,142,142,0.0,246,267,-42.0,12.0,-38.0,-34.0,-42.0
InferiorInfarction_008,III,1,InferiorInfarction,-612,qR,1,0.0026,0,623,1,243,500,,,,,,,,,,0,2,-4.0,13,14,-2.0,23,24,-2.0,,,,54,50,8.0,61,59,4.0,141,141,0.0,250,246,8.0,12.0,12.0,4.0,8.0
InferiorInfarction_008,aVR,1,InferiorInfarction,-612,QS,1,0.0041,0,623,1,243,500,,,,,,,,,,0,2,-4.0,23,23,0.0,,,,,,,54,50,8.0,62,62,0.0,143,174,-62.0,248,269,-42.0,12.0,-38.0,-42.0,20.0
InferiorInfarction_008,aVL,1,InferiorInfarction,-612,RS,1,0.0029,0,623,1,243,500,,,,,,,,,,0,2,-4.0,,10,,7,14,-14.0,23,24,-2.0,54,50,8.0,61,83,-44.0,141,142,-2.0,248,255,-14.0,12.0,-10.0,30.0,-12.0
InferiorInfarction_008,aVF,1,InferiorInfarction,-612,qR,1,0.0026,0,623,1,243,500,,,,,,,,,,0,2,-4.0,13,14,-2.0,23,23,0.0,,,,54,50,8.0,62,55,14.0,173,173,0.0,249,253,-8.0,12.0,-4.0,-22.0,-8.0
InferiorInfarction_008,V1,1,InferiorInfarction,-612,rS,1,0.0039,0,623,1,243,500,,,,,,,,,,0,2,-4.0,,,,6,7,-2.0,21,21,0.0,54,50,8.0,61,51,20.0,140,140,0.0,246,251,-10.0,12.0,-6.0,-30.0,-10.0
InferiorInfarction_008,V2,1,InferiorInfarction,-612,rS,1,0.0036,0,623,1,243,500,,,,,,,,,,0,2,-4.0,,16,,5,,,16,,,54,50,8.0,62,51,22.0,139,139,0.0,245,248,-6.0,12.0,-2.0,-28.0,-6.0
InferiorInfarction_008,V3,1,InferiorInfarction,-612,QRs,1,0.0038,0,623,1,243,500,,,,,,,,,,0,2,-4.0,13,14,-2.0,22,22,0.0,34,34,0.0,54,50,8.0,62,51,22.0,138,138,0.0,247,269,-44.0,12.0,-40.0,-66.0,-44.0
InferiorInfarction_008,V4,1,InferiorInfarction,-612,qRs,1,0.0035,0,623,1,243,500,,,,,,,,,,0,2,-4.0,11,11,0.0,23,23,0.0,38,39,-2.0,54,50,8.0,62,51,22.0,139,139,0.0,246,257,-22.0,12.0,-18.0,-44.0,-22.0
InferiorInfarction_008,V5,1,InferiorInfarction,-612,qR,1,0.0022,0,623,1,243,500,,,,,,,,,,0,2,-4.0,9,9,0.0,23,23,0.0,,,,54,50,8.0,62,51,22.0,173,173,0.0,245,238,14.0,12.0,18.0,-8.0,14.0
InferiorInfarction_008,V6,1,InferiorInfarction,-612,qRs,1,0.0023,0,623,1,243,500,,,,,,,,,,0,2,-4.0,8,,,30,31,-2.0,54,,,54,50,8.0,62,51,22.0,144,144,0.0,248,275,-54.0,12.0,-50.0,-76.0,-54.0
InferiorInfarction_009,V1,1,InferiorInfarction,-611,rS,1,0.0214,0,638,1,244,500,,,,,,,,,,0,2,-4.0,,,,8,7,2.0,24,24,0.0,52,46,12.0,59,50,18.0,140,140,0.0,243,268,-50.0,16.0,-46.0,-68.0,-50.0
InferiorInfarction_009,I,1,InferiorInfarction,-611,R,1,0.0247,0,638,1,244,500,,,,,,,,,,0,2,-4.0,,,,15,27,-24.0,,66,,52,46,12.0,60,94,-68.0,144,144,0.0,244,275,-62.0,16.0,-58.0,6.0,-62.0
InferiorInfarction_009,II,1,InferiorInfarction,-611,R,1,0.0162,0,638,1,244,500,,,,,,,,,,0,2,-4.0,,,,9,25,-32.0,,68,,52,46,12.0,60,97,-74.0,173,173,0.0,243,279,-72.0,16.0,-68.0,2.0,-72.0
InferiorInfarction_009,III,1,InferiorInfarction,-611,Qrs,1,0.0253,0,638,1,244,500,,,,,,,,,,0,2,-4.0,14,15,-2.0,20,19,2.0,30,30,0.0,52,46,12.0,59,92,-66.0,143,143,0.0,245,260,-30.0,16.0,-26.0,36.0,-30.0
InferiorInfarction_009,aVR,1,InferiorInfarction,-611,QS,1,0.0202,0,638,1,244,500,,,,,,,,,,0,2,-4.0,25,25,0.0,,,,,,,52,46,12.0,60,52,16.0,144,145,-2.0,244,275,-62.0,16.0,-58.0,-78.0,-60.0
InferiorInfarction_009,aVL,1,InferiorInfarction,-611,R,1,0.0161,0,638,1,244,500,,,,,,,,,,0,2,-4.0,,,,15,15,0.0,,19,,52,46,12.0,60,72,-24.0,143,144,-2.0,245,273,-56.0,16.0,-52.0,-32.0,-54.0
InferiorInfarction_009,aVF,1,InferiorInfarction,-611,qR,1,0.0218,0,638,1,244,500,,,,,,,,,,0,2,-4.0,14,14,0.0,25,25,0.0,,,,52,46,12.0,59,50,18.0,172,172,0.0,245,260,-30.0,16.0,-26.0,-48.0,-30.0
InferiorInfarction_009,V2,1,InferiorInfarction,-611,rS,1,0.0192,0,638,1,244,500,,,,,,,,,,0,2,-4.0,,,,8,7,2.0,24,23,2.0,52,46,12.0,59,50,18.0,140,140,0.0,245,268,-46.0,16.0,-42.0,-64.0,-46.0
InferiorInfarction_009,V3,1,InferiorInfarction,-611,rS,1,0.0188,0,638,1,244,500,,,,,,,,,,0,2,-4.0,,22,,4,,,22,,,52,46,12.0,59,50,18.0,139,140,-2.0,246,269,-46.0,16.0,-42.0,-64.0,-44.0
InferiorInfarction_009,V4,1,InferiorInfarction,-611,rS,1,0.0167,0,638,1,244,500,,,,,,,,,,0,2,-4.0,,14,,4,25,-42.0,35,35,0.0,52,46,12.0,59,70,-22.0,140,140,0.0,245,273,-56.0,16.0,-52.0,-34.0,-56.0
InferiorInfarction_009,V5,1,InferiorInfarction,-611,qR,1,0.0305,0,638,1,244,500,,,,,,,,,,0,2,-4.0,7,,,24,25,-2.0,,,,52,46,12.0,59,72,-26.0,147,147,0.0,242,172,140.0,16.0,144.0,166.0,140.0
InferiorInfarction_009,V6,1,InferiorInfarction,-611,qR,1,0.0129,0,638,1,244,500,,,,,,,,,,0,2,-4.0,7,7,0.0,25,25,0.0,,,,52,46,12.0,60,68,-16.0,170,171,-2.0,244,273,-58.0,16.0,-54.0,-42.0,-56.0
InferiorInfarction_010,aVR,1,InferiorInfarction,-608,QS,1,0.0353,0,639,1,247,500,,,,,,,,,,1,2,-2.0,28,28,0.0,,,,,,,52,46,12.0,60,48,24.0,175,175,0.0,250,275,-50.0,14.0,-48.0,-74.0,-50.0
InferiorInfarction_010,I,1,InferiorInfarction,-608,R,1,0.0277,0,639,1,247,500,,,,,,,,,,1,2,-2.0,,,,13,32,-38.0,,,,52,46,12.0,59,64,-10.0,139,139,0.0,246,275,-58.0,14.0,-56.0,-48.0,-58.0
InferiorInfarction_010,II,1,InferiorInfarction,-608,qR,1,0.0183,0,639,1,247,500,,,,,,,,,,1,2,-2.0,12,13,-2.0,27,27,0.0,,,,52,46,12.0,60,48,24.0,175,176,-2.0,245,273,-56.0,14.0,-54.0,-80.0,-54.0
InferiorInfarction_010,III,1,InferiorInfarction,-608,qR,1,0.0215,0,639,1,247,500,,,,,,,,,,1,2,-2.0,13,13,0.0,26,27,-2.0,,,,52,46,12.0,60,48,24.0,139,139,0.0,248,277,-58.0,14.0,-56.0,-82.0,-58.0
InferiorInfarction_010,aVL,1,InferiorInfarction,-608,RS,1,0.0181,0,639,1,247,500,,,,,,,,,,0,2,-4.0,,,,13,13,0.0,24,24,0.0,52,46,12.0,59,83,-48.0,139,139,0.0,244,255,-22.0,16.0,-18.0,26.0,-22.0
InferiorInfarction_010,aVF,1,InferiorInfarction,-608,qR,1,0.0172,0,639,1,247,500,,,,,,,,,,1,2,-2.0,12,13,-2.0,27,27,0.0,,,,52,46,12.0,60,48,24.0,139,139,0.0,249,269,-40.0,14.0,-38.0,-64.0,-40.0
InferiorInfarction_010,V1,1,InferiorInfarction,-608,rS,1,0.0289,0,639,1,247,500,,,,,,,,,,1,2,-2.0,,27,,4,,,26,,,52,46,12.0,59,48,22.0,142,143,-2.0,245,269,-48.0,14.0,-46.0,-70.0,-46.0
InferiorInfarction_010,V2,1,InferiorInfarction,-608,rS,1,0.0272,0,639,1,247,500,,,,,,,,,,1,2,-2.0,,26,,4,,,26,,,52,46,12.0,59,48,22.0,141,141,0.0,244,263,-38.0,14.0,-36.0,-60.0,-38.0
InferiorInfarction_010,V3,1,InferiorInfarction,-608,Qr,1,0.0325,0,639,1,247,500,,,,,,,,,,1,2,-2.0,14,14,0.0,51,,,,,,52,46,12.0,60,48,24.0,140,140,0.0,245,269,-48.0,14.0,-46.0,-72.0,-48.0
InferiorInfarction_010,V4,1,InferiorInfarction,-608,QRs,1,0.0369,0,639,1,247,500,,,,,,,,,,1,2,-2.0,12,13,-2.0,29,29,0.0,38,38,0.0,52,46,12.0,61,80,-38.0,141,141,0.0,248,273,-50.0,14.0,-48.0,-12.0,-50.0
InferiorInfarction_010,V5,1,InferiorInfarction,-608,qR,1,0.024,0,639,1,247,500,,,,,,,,,,1,2,-2.0,9,10,-2.0,30,30,0.0,,,,52,46,12.0,62,51,22.0,141,141,0.0,248,275,-54.0,14.0,-52.0,-76.0,-54.0
InferiorInfarction_010,V6,1,InferiorInfarction,-608,Rs,1,0.0221,0,639,1,247,500,,,,,,,,,,1,2,-2.0,,,,31,32,-2.0,53,,,53,46,14.0,61,54,14.0,145,145,0.0,251,275,-48.0,16.0,-46.0,-62.0,-48.0
InferiorInfarction_011,V4,1,InferiorInfarction,-605,QRS,1,0.0089,0,627,1,250,500,,,,,,,,,,0,2,-4.0,10,10,0.0,20,21,-2.0,34,34,0.0,58,53,10.0,64,56,16.0,148,148,0.0,247,279,-64.0,14.0,-60.0,-80.0,-64.0
InferiorInfarction_011,I,1,InferiorInfarction,-605,Rs,1,0.0146,0,627,1,250,500,,,,,,,,,,0,2,-4.0,,,,8,35,-54.0,58,,,58,53,10.0,64,100,-72.0,161,161,0.0,244,279,-70.0,14.0,-66.0,2.0,-70.0
InferiorInfarction_011,II,1,InferiorInfarction,-605,R,1,0.009,0,627,1,250,500,,,,,,,,,,0,2,-4.0,,,,11,29,-36.0,,,,58,53,10.0,64,59,10.0,174,174,0.0,243,283,-80.0,14.0,-76.0,-90.0,-80.0
InferiorInfarction_011,III,1,InferiorInfarction,-605,qR,1,0.0073,0,627,1,250,500,,,,,,,,,,0,2,-4.0,6,,,11,29,-36.0,,,,58,53,10.0,64,68,-8.0,141,141,0.0,247,275,-56.0,14.0,-52.0,-48.0,-56.0
InferiorInfarction_011,aVR,1,InferiorInfarction,-605,QS,1,0.0184,0,627,1,250,500,,,,,,,,,,0,2,-4.0,29,29,0.0,,,,,,,58,53,10.0,64,60,8.0,173,173,0.0,246,283,-74.0,14.0,-70.0,-82.0,-74.0
InferiorInfarction_011,aVL,1,InferiorInfarction,-605,rS,1,0.0088,0,627,1,250,500,,,,,,,,,,0,2,-4.0,,,,6,7,-2.0,26,26,0.0,58,53,10.0,64,103,-78.0,141,141,0.0,245,282,-74.0,14.0,-70.0,4.0,-74.0
InferiorInfarction_011,aVF,1,InferiorInfarction,-605,R,1,0.0068,0,627,1,250,500,,,,,,,,,,0,2,-4.0,,,,11,29,-36.0,,,,58,53,10.0,64,54,20.0,141,141,0.0,244,281,-74.0,14.0,-70.0,-94.0,-74.0
InferiorInfarction_011,V1,1,InferiorInfarction,-605,rS,1,0.008,0,627,1,250,500,,,,,,,,,,0,2,-4.0,,,,7,8,-2.0,28,29,-2.0,58,53,10.0,64,56,16.0,142,142,0.0,242,277,-70.0,14.0,-66.0,-86.0,-70.0
InferiorInfarction_011,V2,1,InferiorInfarction,-605,rS,1,0.0088,0,627,1,250,500,,,,,,,,,,0,2,-4.0,,,,5,5,0.0,29,29,0.0,58,53,10.0,64,55,18.0,142,143,-2.0,246,281,-70.0,14.0,-66.0,-88.0,-68.0
InferiorInfarction_011,V3,1,InferiorInfarction,-605,rS,1,0.0054,0,627,1,250,500,,,,,,,,,,0,2,-4.0,,30,,4,,,30,,,58,53,10.0,64,56,16.0,143,143,0.0,246,275,-58.0,14.0,-54.0,-74.0,-58.0
InferiorInfarction_011,V5,1,InferiorInfarction,-605,qR,1,0.0078,0,627,1,250,500,,,,,,,,,,0,2,-4.0,10,11,-2.0,34,34,0.0,,,,58,53,10.0,64,54,20.0,175,175,0.0,247,282,-70.0,14.0,-66.0,-90.0,-70.0
InferiorInfarction_011,V6,1,InferiorInfarction,-605,RS,1,0.0086,0,627,1,250,500,,,,,,,,,,0,2,-4.0,,18,,8,37,-58.0,58,,,58,53,10.0,64,92,-56.0,155,156,-2.0,247,287,-80.0,14.0,-76.0,-24.0,-78.0
InferiorInfarction_012,II,1,InferiorInfarction,-606,R,1,0.0094,0,619,1,249,500,,,,,,,,,,1,2,-2.0,,,,12,30,-36.0,,,,60,52,16.0,67,54,26.0,179,179,0.0,248,287,-78.0,18.0,-76.0,-104.0,-78.0
InferiorInfarction_012,I,1,InferiorInfarction,-606,R,1,0.0181,0,619,1,249,500,,,,,,,,,,1,2,-2.0,,,,16,16,0.0,,,,59,52,14.0,66,71,-10.0,144,144,0.0,250,286,-72.0,16.0,-70.0,-62.0,-72.0
InferiorInfarction_012,III,1,InferiorInfarction,-606,qR,1,0.0193,0,619,1,249,500,,,,,,,,,,1,2,-2.0,15,16,-2.0,29,29,0.0,,,,60,52,16.0,84,54,60.0,144,144,0.0,252,283,-62.0,18.0,-60.0,-122.0,-62.0
InferiorInfarction_012,aVR,1,InferiorInfarction,-606,QS,1,0.0164,0,619,1,249,500,,,,,,,,,,1,2,-2.0,29,30,-2.0,,,,,,,60,52,16.0,67,55,24.0,144,144,0.0,250,282,-64.0,18.0,-62.0,-88.0,-64.0
InferiorInfarction_012,aVL,1,InferiorInfarction,-606,RS,1,0.0171,0,619,1,249,500,,,,,,,,,,1,2,-2.0,,,,9,16,-14.0,26,26,0.0,59,52,14.0,69,81,-24.0,144,144,0.0,250,279,-58.0,16.0,-56.0,-34.0,-58.0
InferiorInfarction_012,aVF,1,InferiorInfarction,-606,QRS,1,0.0136,0,619,1,249,500,,,,,,,,,,1,2,-2.0,7,7,0.0,11,29,-36.0,15,,,60,52,16.0,101,54,94.0,143,144,-2.0,252,283,-62.0,18.0,-60.0,-156.0,-60.0
InferiorInfarction_012,V1,1,InferiorInfarction,-606,rS,1,0.0134,0,619,1,249,500,,,,,,,,,,1,2,-2.0,,29,,6,,,28,,,60,52,16.0,67,54,26.0,142,143,-2.0,249,283,-68.0,18.0,-66.0,-94.0,-66.0
InferiorInfarction_012,V2,1,InferiorInfarction,-606,rS,1,0.013,0,619,1,249,500,,,,,,,,,,1,2,-2.0,,24,,8,,,24,,,60,52,16.0,81,54,54.0,141,141,0.0,250,262,-24.0,18.0,-22.0,-78.0,-24.0
InferiorInfarction_012,V3,1,InferiorInfarction,-606,Qr,1,0.0114,0,619,1,249,500,,,,,,,,,,1,2,-2.0,29,29,0.0,60,,,,,,60,52,16.0,99,54,90.0,140,140,0.0,252,275,-46.0,18.0,-44.0,-136.0,-46.0
InferiorInfarction_012,V4,1,InferiorInfarction,-606,QRs,1,0.0128,0,619,1,249,500,,,,,,,,,,1,2,-2.0,16,16,0.0,32,32,0.0,42,42,0.0,60,52,16.0,67,62,10.0,140,140,0.0,251,277,-52.0,18.0,-50.0,-62.0,-52.0
InferiorInfarction_012,V5,1,InferiorInfarction,-606,qR,1,0.0131,0,619,1,249,500,,,,,,,,,,1,2,-2.0,8,8,0.0,31,32,-2.0,,,,60,52,16.0,66,54,24.0,140,141,-2.0,249,181,136.0,18.0,138.0,112.0,138.0
InferiorInfarction_012,V6,1,InferiorInfarction,-606,Rs,1,0.0101,0,619,1,249,500,,,,,,,,,,1,2,-2.0,,,,35,36,-2.0,60,,,60,52,16.0,68,64,8.0,145,145,0.0,251,284,-66.0,18.0,-64.0,-74.0,-66.0
InferiorInfarction_013,V3,1,InferiorInfarction,-609,QRS,1,0.0563,0,622,1,246,500,,,,,,,,,,0,2,-4.0,9,9,0.0,15,15,0.0,36,36,0.0,57,54,6.0,63,74,-22.0,143,144,-2.0,248,275,-54.0,10.0,-50.0,-32.0,-52.0
InferiorInfarction_013,I,1,InferiorInfarction,-609,R,1,0.0574,0,622,1,246,500,,,,,,,,,,0,2,-4.0,,,,7,31,-48.0,,,,57,54,6.0,63,54,18.0,170,171,-2.0,250,283,-66.0,10.0,-62.0,-84.0,-64.0
InferiorInfarction_013,II,1,InferiorInfarction,-609,R,1,0.0342,0,622,1,246,500,,,,,,,,,,0,2,-4.0,,,,25,24,2.0,,,,57,54,6.0,63,54,18.0,174,174,0.0,250,279,-58.0,10.0,-54.0,-76.0,-58.0
InferiorInfarction_013,III,1,InferiorInfarction,-609,qR,1,0.0384,0,622,1,246,500,,,,,,,,,,0,2,-4.0,13,14,-2.0,23,24,-2.0,,,,57,54,6.0,62,54,16.0,140,140,0.0,254,255,-2.0,10.0,2.0,-18.0,-2.0
InferiorInfarction_013,aVR,1,InferiorInfarction,-609,QS,1,0.0491,0,622,1,246,500,,,,,,,,,,0,2,-4.0,25,26,-2.0,,,,,,,57,54,6.0,63,54,18.0,173,174,-2.0,252,275,-46.0,10.0,-42.0,-64.0,-44.0
InferiorInfarction_013,aVL,1,InferiorInfarction,-609,rS,1,0.0397,0,622,1,246,500,,,,,,,,,,0,2,-4.0,,10,,6,14,-16.0,22,23,-2.0,57,54,6.0,62,93,-62.0,139,140,-2.0,250,277,-54.0,10.0,-50.0,8.0,-52.0
InferiorInfarction_013,aVF,1,InferiorInfarction,-609,qR,1,0.0322,0,622,1,246,500,,,,,,,,,,0,2,-4.0,13,14,-2.0,24,24,0.0,,,,57,54,6.0,63,54,18.0,175,175,0.0,256,286,-60.0,10.0,-56.0,-78.0,-60.0
InferiorInfarction_013,V1,1,InferiorInfarction,-609,rS,1,0.0528,0,622,1,246,500,,,,,,,,,,0,2,-4.0,,,,5,6,-2.0,24,24,0.0,57,54,6.0,63,54,18.0,141,142,-2.0,249,273,-48.0,10.0,-44.0,-66.0,-46.0
InferiorInfarction_013,V2,1,InferiorInfarction,-609,rS,1,0.0529,0,622,1,246,500,,,,,,,,,,0,2,-4.0,,24,,4,,,24,,,57,54,6.0,63,54,18.0,142,142,0.0,248,273,-50.0,10.0,-46.0,-68.0,-50.0
InferiorInfarction_013,V4,1,InferiorInfarction,-609,qRs,1,0.0559,0,622,1,246,500,,,,,,,,,,0,2,-4.0,9,9,0.0,26,27,-2.0,39,,,57,54,6.0,63,87,-48.0,149,149,0.0,248,263,-30.0,10.0,-26.0,18.0,-30.0
InferiorInfarction_013,V5,1,InferiorInfarction,-609,qRs,1,0.0499,0,622,1,246,500,,,,,,,,,,0,2,-4.0,8,8,0.0,27,27,0.0,57,,,57,54,6.0,63,64,-2.0,140,141,-2.0,252,283,-62.0,10.0,-58.0,-60.0,-60.0
InferiorInfarction_013,V6,1,InferiorInfarction,-609,qRs,1,0.0412,0,622,1,246,500,,,,,,,,,,0,2,-4.0,8,8,0.0,31,32,-2.0,57,,,57,54,6.0,63,58,10.0,145,145,0.0,253,279,-52.0,10.0,-48.0,-62.0,-52.0
InferiorInfarction_014,V1,1,InferiorInfarction,-609,rS,1,0.0633,0,622,1,246,500,,,,,,,,,,1,2,-2.0,,,,7,8,-2.0,26,26,0.0,55,50,10.0,61,52,18.0,140,140,0.0,252,269,-34.0,12.0,-32.0,-52.0,-34.0
InferiorInfarction_014,I,1,InferiorInfarction,-609,R,1,0.0595,0,622,1,246,500,,,,,,,,,,1,2,-2.0,,,,14,28,-28.0,,,,55,50,10.0,61,64,-6.0,143,173,-60.0,251,284,-66.0,12.0,-64.0,-60.0,-6.0
InferiorInfarction_014,II,1,InferiorInfarction,-609,R,1,0.044,0,622,1,246,500,,,,,,,,,,1,2,-2.0,,,,26,26,0.0,,,,55,50,10.0,61,148,-174.0,174,175,-2.0,252,273,-42.0,12.0,-40.0,132.0,-40.0
InferiorInfarction_014,III,1,InferiorInfarction,-609,qR,1,0.0301,0,622,1,246,500,,,,,,,,,,1,2,-2.0,8,8,0.0,26,26,0.0,,,,55,50,10.0,61,52,18.0,175,175,0.0,253,281,-56.0,12.0,-54.0,-74.0,-56.0
InferiorInfarction_014,aVR,1,InferiorInfarction,-609,QS,1,0.0729,0,622,1,246,500,,,,,,,,,,1,2,-2.0,26,26,0.0,,,,,,,55,50,10.0,61,62,-2.0,174,175,-2.0,253,283,-60.0,12.0,-58.0,-58.0,-58.0
InferiorInfarction_014,aVL,1,InferiorInfarction,-609,rS,1,0.0391,0,622,1,246,500,,,,,,,,,,1,2,-2.0,,,,8,15,-14.0,26,26,0.0,55,50,10.0,61,89,-56.0,139,139,0.0,251,253,-4.0,12.0,-2.0,52.0,-4.0
InferiorInfarction_014,aVF,1,InferiorInfarction,-609,R,1,0.0296,0,622,1,246,500,,,,,,,,,,1,2,-2.0,,,,26,26,0.0,,,,55,50,10.0,61,62,-2.0,175,175,0.0,253,277,-48.0,12.0,-46.0,-46.0,-48.0
InferiorInfarction_014,V2,1,InferiorInfarction,-609,rS,1,0.0605,0,622,1,246,500,,,,,,,,,,1,2,-2.0,,,,7,15,-16.0,27,27,0.0,56,50,12.0,61,52,18.0,140,141,-2.0,250,261,-22.0,14.0,-20.0,-40.0,-20.0
InferiorInfarction_014,V3,1,InferiorInfarction,-609,qRS,1,0.0629,0,622,1,246,500,,,,,,,,,,1,2,-2.0,10,10,0.0,15,16,-2.0,32,32,0.0,55,50,10.0,61,68,-14.0,142,142,0.0,250,275,-50.0,12.0,-48.0,-36.0,-50.0
InferiorInfarction_014,V4,1,InferiorInfarction,-609,qRs,1,0.0694,0,622,1,246,500,,,,,,,,,,1,2,-2.0,10,10,0.0,16,23,-14.0,40,32,16.0,55,50,10.0,61,72,-22.0,146,146,0.0,251,268,-34.0,12.0,-32.0,-12.0,-34.0
InferiorInfarction_014,V5,1,InferiorInfarction,-609,qR,1,0.0755,0,622,1,246,500,,,,,,,,,,1,2,-2.0,7,,,28,28,0.0,,,,56,50,12.0,61,64,-6.0,171,171,0.0,251,262,-22.0,14.0,-20.0,-16.0,-22.0
InferiorInfarction_014,V6,1,InferiorInfarction,-609,qRs,1,0.0681,0,622,1,246,500,,,,,,,,,,1,2,-2.0,8,8,0.0,29,29,0.0,55,,,55,50,10.0,61,90,-58.0,143,143,0.0,254,275,-42.0,12.0,-40.0,16.0,-42.0
InferiorInfarction_015,aVR,1,InferiorInfarction,-608,QS,1,0.0188,0,637,1,247,500,,,,,,,,,,0,3,-6.0,27,28,-2.0,,,,,,,55,53,4.0,62,64,-4.0,174,174,0.0,255,291,-72.0,10.0,-66.0,-68.0,-72.0
InferiorInfarction_015,I,1,InferiorInfarction,-608,R,1,0.0178,0,637,1,247,500,,,,,,,,,,0,3,-6.0,,18,,8,28,-40.0,,,,55,53,4.0,62,66,-8.0,141,141,0.0,252,288,-72.0,10.0,-66.0,-64.0,-72.0
InferiorInfarction_015,II,1,InferiorInfarction,-608,qR,1,0.01,0,637,1,247,500,,,,,,,,,,0,3,-6.0,5,,,27,26,2.0,,,,55,53,4.0,62,54,16.0,174,174,0.0,253,287,-68.0,10.0,-62.0,-84.0,-68.0
InferiorInfarction_015,III,1,InferiorInfarction,-608,qR,1,0.0108,0,637,1,247,500,,,,,,,,,,0,3,-6.0,7,8,-2.0,25,25,0.0,,,,55,53,4.0,61,54,14.0,139,140,-2.0,255,281,-52.0,10.0,-46.0,-66.0,-50.0
InferiorInfarction_015,aVL,1,InferiorInfarction,-608,rS,1,0.0095,0,637,1,247,500,,,,,,,,,,0,3,-6.0,,,,8,13,-10.0,22,22,0.0,55,53,4.0,61,54,14.0,140,140,0.0,250,262,-24.0,10.0,-18.0,-38.0,-24.0
InferiorInfarction_015,aVF,1,InferiorInfarction,-608,qR,1,0.0087,0,637,1,247,500,,,,,,,,,,0,3,-6.0,6,,,25,26,-2.0,,,,55,53,4.0,62,54,16.0,139,175,-72.0,255,283,-56.0,10.0,-50.0,-72.0,16.0
InferiorInfarction_015,V1,1,InferiorInfarction,-608,rS,1,0.0152,0,637,1,247,500,,,,,,,,,,0,3,-6.0,,25,,5,,,24,,,55,53,4.0,61,54,14.0,140,140,0.0,250,262,-24.0,10.0,-18.0,-38.0,-24.0
InferiorInfarction_015,V2,1,InferiorInfarction,-608,rS,1,0.013,0,637,1,247,500,,,,,,,,,,0,3,-6.0,,16,,4,,,15,,,55,53,4.0,61,54,14.0,140,140,0.0,250,277,-54.0,10.0,-48.0,-68.0,-54.0
InferiorInfarction_015,V3,1,InferiorInfarction,-608,QRs,1,0.0102,0,637,1,247,500,,,,,,,,,,0,3,-6.0,10,12,-4.0,26,26,0.0,38,37,2.0,55,53,4.0,62,66,-8.0,141,142,-2.0,251,283,-64.0,10.0,-58.0,-56.0,-62.0
InferiorInfarction_015,V4,1,InferiorInfarction,-608,qR,1,0.0089,0,637,1,247,500,,,,,,,,,,0,3,-6.0,9,9,0.0,27,27,0.0,,,,55,53,4.0,61,78,-34.0,149,149,0.0,248,253,-10.0,10.0,-4.0,24.0,-10.0
InferiorInfarction_015,V5,1,InferiorInfarction,-608,qR,1,0.0063,0,637,1,247,500,,,,,,,,,,0,3,-6.0,9,9,0.0,27,27,0.0,,,,55,53,4.0,61,54,14.0,138,138,0.0,248,253,-10.0,10.0,-4.0,-24.0,-10.0
InferiorInfarction_015,V6,1,InferiorInfarction,-608,qRs,1,0.0093,0,637,1,247,500,,,,,,,,,,0,3,-6.0,8,8,0.0,29,30,-2.0,55,,,55,53,4.0,62,87,-50.0,144,145,-2.0,253,284,-62.0,10.0,-56.0,-12.0,-60.0
InferiorInfarction_016,aVR,1,InferiorInfarction,-607,QS,1,0.0938,0,620,1,248,500,,,,,,,,,,1,3,-4.0,28,28,0.0,,,,,,,53,48,10.0,60,57,6.0,176,176,0.0,255,281,-52.0,14.0,-48.0,-58.0,-52.0
InferiorInfarction_016,I,1,InferiorInfarction,-607,Rs,1,0.1032,0,620,1,248,500,,,,,,,,,,1,3,-4.0,,,,11,29,-36.0,53,,,53,48,10.0,59,55,8.0,250,173,154.0,251,275,-48.0,14.0,-44.0,-56.0,-202.0
InferiorInfarction_016,II,1,InferiorInfarction,-607,R,1,0.0581,0,620,1,248,500,,,,,,,,,,1,3,-4.0,,,,11,28,-34.0,,,,53,48,10.0,60,66,-12.0,177,177,0.0,251,269,-36.0,14.0,-32.0,-24.0,-36.0
InferiorInfarction_016,III,1,InferiorInfarction,-607,R,1,0.0539,0,620,1,248,500,,,,,,,,,,1,3,-4.0,,14,,7,25,-36.0,,,,53,48,10.0,59,87,-56.0,152,179,-54.0,251,263,-24.0,14.0,-20.0,32.0,30.0
InferiorInfarction_016,aVL,1,InferiorInfarction,-607,qrS,1,0.0618,0,620,1,248,500,,,,,,,,,,1,3,-4.0,5,,,13,14,-2.0,24,24,0.0,53,48,10.0,59,51,16.0,152,153,-2.0,252,273,-42.0,14.0,-38.0,-58.0,-40.0
InferiorInfarction_016,aVF,1,InferiorInfarction,-607,R,1,0.0501,0,620,1,248,500,,,,,,,,,,1,3,-4.0,,,,10,28,-36.0,,,,53,48,10.0,60,64,-8.0,177,178,-2.0,254,269,-30.0,14.0,-26.0,-22.0,-28.0
InferiorInfarction_016,V1,1,InferiorInfarction,-607,rS,1,0.0502,0,620,1,248,500,,,,,,,,,,1,3,-4.0,,,,6,6,0.0,24,24,0.0,53,48,10.0,59,51,16.0,142,142,0.0,251,268,-34.0,14.0,-30.0,-50.0,-34.0
InferiorInfarction_016,V2,1,InferiorInfarction,-607,rS,1,0.0464,0,620,1,248,500,,,,,,,,,,0,3,-6.0,,10,,6,18,-24.0,28,29,-2.0,53,48,10.0,60,51,18.0,143,143,0.0,249,269,-40.0,16.0,-34.0,-58.0,-40.0
InferiorInfarction_016,V3,1,InferiorInfarction,-607,qRs,1,0.0665,0,620,1,248,500,,,,,,,,,,0,3,-6.0,8,8,0.0,17,18,-2.0,36,36,0.0,53,48,10.0,60,76,-32.0,146,146,0.0,249,279,-60.0,16.0,-54.0,-28.0,-60.0
InferiorInfarction_016,V4,1,InferiorInfarction,-607,qR,1,0.0759,0,620,1,248,500,,,,,,,,,,0,3,-6.0,8,8,0.0,18,29,-22.0,,,,53,48,10.0,60,82,-44.0,151,151,0.0,250,271,-42.0,16.0,-36.0,2.0,-42.0
InferiorInfarction_016,V5,1,InferiorInfarction,-607,Rs,1,0.0951,0,620,1,248,500,,,,,,,,,,0,3,-6.0,,,,29,29,0.0,53,57,-8.0,53,48,10.0,60,94,-68.0,171,172,-2.0,251,277,-52.0,16.0,-46.0,16.0,-50.0
InferiorInfarction_016,V6,1,InferiorInfarction,-607,RS,1,0.0939,0,620,1,248,500,,,,,,,,,,0,3,-6.0,,,,11,30,-38.0,53,58,-10.0,53,48,10.0,60,90,-60.0,146,146,0.0,256,281,-50.0,16.0,-44.0,10.0,-50.0
InferiorInfarction_017,V6,1,InferiorInfarction,-604,qRs,1,0.0044,0,629,1,251,500,,,,,,,,,,0,2,-4.0,9,10,-2.0,33,34,-2.0,62,,,62,57,10.0,68,59,18.0,143,143,0.0,255,286,-62.0,14.0,-58.0,-80.0,-62.0
InferiorInfarction_017,I,1,InferiorInfarction,-604,Rs,1,0.0066,0,629,1,251,500,,,,,,,,,,0,2,-4.0,,,,11,37,-52.0,62,,,62,57,10.0,68,66,4.0,146,179,-66.0,253,283,-60.0,14.0,-56.0,-64.0,6.0
InferiorInfarction_017,II,1,InferiorInfarction,-604,QR,1,0.0038,0,629,1,251,500,,,,,,,,,,0,2,-4.0,8,8,0.0,12,30,-36.0,,,,62,57,10.0,68,70,-4.0,154,178,-48.0,252,280,-56.0,14.0,-52.0,-52.0,-8.0
InferiorInfarction_017,III,1,InferiorInfarction,-604,QRs,1,0.0055,0,629,1,251,500,,,,,,,,,,0,2,-4.0,15,16,-2.0,27,28,-2.0,47,47,0.0,62,57,10.0,68,62,12.0,139,139,0.0,253,277,-48.0,14.0,-44.0,-60.0,-48.0
InferiorInfarction_017,aVR,1,InferiorInfarction,-604,QS,1,0.0053,0,629,1,251,500,,,,,,,,,,0,2,-4.0,31,32,-2.0,,,,,,,62,57,10.0,68,63,10.0,151,179,-56.0,255,283,-56.0,14.0,-52.0,-66.0,0.0
InferiorInfarction_017,aVL,1,InferiorInfarction,-604,Rs,1,0.0051,0,629,1,251,500,,,,,,,,,,0,2,-4.0,,25,,10,37,-54.0,24,,,62,57,10.0,68,68,0.0,141,141,0.0,253,288,-70.0,14.0,-66.0,-70.0,-70.0
InferiorInfarction_017,aVF,1,InferiorInfarction,-604,qR,1,0.0051,0,629,1,251,500,,,,,,,,,,0,2,-4.0,9,10,-2.0,29,29,0.0,,,,62,57,10.0,68,67,2.0,138,138,0.0,250,259,-18.0,14.0,-14.0,-20.0,-18.0
InferiorInfarction_017,V1,1,InferiorInfarction,-604,rS,1,0.0054,0,629,1,251,500,,,,,,,,,,0,2,-4.0,,,,7,7,0.0,29,29,0.0,62,57,10.0,68,58,20.0,142,141,2.0,253,285,-64.0,14.0,-60.0,-84.0,-66.0
InferiorInfarction_017,V2,1,InferiorInfarction,-604,rS,1,0.006,0,629,1,251,500,,,,,,,,,,0,2,-4.0,,,,5,6,-2.0,29,29,0.0,62,57,10.0,69,58,22.0,141,142,-2.0,254,280,-52.0,14.0,-48.0,-74.0,-50.0
InferiorInfarction_017,V3,1,InferiorInfarction,-604,Qr,1,0.0067,0,629,1,251,500,,,,,,,,,,0,2,-4.0,29,30,-2.0,62,,,,,,62,57,10.0,69,58,22.0,141,141,0.0,255,280,-50.0,14.0,-46.0,-72.0,-50.0
InferiorInfarction_017,V4,1,InferiorInfarction,-604,QRS,1,0.0061,0,629,1,251,500,,,,,,,,,,0,2,-4.0,12,13,-2.0,31,32,-2.0,46,46,0.0,62,57,10.0,68,77,-18.0,141,141,0.0,256,285,-58.0,14.0,-54.0,-40.0,-58.0
InferiorInfarction_017,V5,1,InferiorInfarction,-604,qR,1,0.0042,0,629,1,251,500,,,,,,,,,,0,2,-4.0,10,10,0.0,31,32,-2.0,,,,62,57,10.0,68,58,20.0,140,140,0.0,255,282,-54.0,14.0,-50.0,-74.0,-54.0
InferiorInfarction_018,V3,1,InferiorInfarction,-606,Qr,1,0.0142,0,642,1,249,500,,,,,,,,,,1,2,-2.0,29,29,0.0,56,,,,,,56,49,14.0,62,51,22.0,141,141,0.0,248,267,-38.0,16.0,-36.0,-60.0,-38.0
InferiorInfarction_018,I,1,InferiorInfarction,-606,RS,1,0.0286,0,642,1,249,500,,,,,,,,,,1,2,-2.0,,,,9,15,-12.0,25,25,0.0,55,49,12.0,62,51,22.0,139,140,-2.0,252,273,-42.0,14.0,-40.0,-64.0,-40.0
InferiorInfarction_018,II,1,InferiorInfarction,-606,R,1,0.0154,0,642,1,249,500,,,,,,,,,,1,2,-2.0,,,,33,33,0.0,,,,55,49,12.0,62,64,-4.0,154,179,-50.0,248,275,-54.0,14.0,-52.0,-50.0,-4.0
InferiorInfarction_018,III,1,InferiorInfarction,-606,qR,1,0.0252,0,642,1,249,500,,,,,,,,,,1,2,-2.0,8,9,-2.0,33,33,0.0,,,,55,49,12.0,64,53,22.0,156,179,-46.0,255,275,-40.0,14.0,-38.0,-62.0,6.0
InferiorInfarction_018,aVR,1,InferiorInfarction,-606,QS,1,0.024,0,642,1,249,500,,,,,,,,,,1,2,-2.0,33,33,0.0,,,,,,,55,49,12.0,63,53,20.0,148,179,-62.0,252,273,-42.0,14.0,-40.0,-62.0,20.0
InferiorInfarction_018,aVL,1,InferiorInfarction,-606,rS,1,0.0207,0,642,1,249,500,,,,,,,,,,1,2,-2.0,,,,9,9,0.0,33,33,0.0,55,49,12.0,62,53,18.0,138,138,0.0,248,261,-26.0,14.0,-24.0,-44.0,-26.0
InferiorInfarction_018,aVF,1,InferiorInfarction,-606,R,1,0.0192,0,642,1,249,500,,,,,,,,,,1,2,-2.0,,,,33,33,0.0,,,,55,49,12.0,64,53,22.0,155,179,-48.0,255,275,-40.0,14.0,-38.0,-62.0,8.0
InferiorInfarction_018,V1,1,InferiorInfarction,-606,rS,1,0.0214,0,642,1,249,500,,,,,,,,,,1,2,-2.0,,29,,6,,,29,,,55,49,12.0,63,55,16.0,143,143,0.0,250,283,-66.0,14.0,-64.0,-82.0,-66.0
InferiorInfarction_018,V2,1,InferiorInfarction,-606,rS,1,0.0202,0,642,1,249,500,,,,,,,,,,1,2,-2.0,,,,5,5,0.0,28,29,-2.0,56,49,14.0,64,51,26.0,142,142,0.0,250,283,-66.0,16.0,-64.0,-92.0,-66.0
InferiorInfarction_018,V4,1,InferiorInfarction,-606,Qr,1,0.0169,0,642,1,249,500,,,,,,,,,,1,2,-2.0,30,30,0.0,56,,,,,,56,49,14.0,62,54,16.0,143,143,0.0,247,222,50.0,16.0,52.0,34.0,50.0
InferiorInfarction_018,V5,1,InferiorInfarction,-606,R,1,0.0164,0,642,1,249,500,,,,,,,,,,1,2,-2.0,,,,18,33,-30.0,,,,55,49,12.0,63,50,26.0,161,161,0.0,254,273,-38.0,14.0,-36.0,-64.0,-38.0
InferiorInfarction_018,V6,1,InferiorInfarction,-606,Rs,1,0.0183,0,642,1,249,500,,,,,,,,,,1,2,-2.0,,,,9,32,-46.0,55,,,55,49,12.0,64,59,10.0,154,155,-2.0,260,283,-46.0,14.0,-44.0,-56.0,-44.0
InferiorInfarction_019,V5,1,InferiorInfarction,-606,qR,1,0.0019,0,623,1,249,500,,,,,,,,,,0,2,-4.0,8,,,28,29,-2.0,,,,58,51,14.0,64,52,24.0,138,139,-2.0,255,279,-48.0,18.0,-44.0,-72.0,-46.0
InferiorInfarction_019,I,1,InferiorInfarction,-606,Rs,1,0.0053,0,623,1,249,500,,,,,,,,,,0,2,-4.0,,,,15,32,-34.0,58,,,58,51,14.0,65,68,-6.0,142,143,-2.0,256,282,-52.0,18.0,-48.0,-46.0,-50.0
InferiorInfarction_019,II,1,InferiorInfarction,-606,R,1,0.0035,0,623,1,249,500,,,,,,,,,,1,2,-2.0,,,,11,29,-36.0,,,,58,51,14.0,64,72,-16.0,143,180,-74.0,255,271,-32.0,16.0,-30.0,-16.0,42.0
InferiorInfarction_019,III,1,InferiorInfarction,-606,qR,1,0.0048,0,623,1,249,500,,,,,,,,,,1,2,-2.0,15,16,-2.0,29,28,2.0,,,,58,51,14.0,64,54,20.0,184,184,0.0,265,267,-4.0,16.0,-2.0,-24.0,-4.0
InferiorInfarction_019,aVR,1,InferiorInfarction,-606,QS,1,0.0041,0,623,1,249,500,,,,,,,,,,1,2,-2.0,29,29,0.0,,,,,,,58,51,14.0,64,60,8.0,143,178,-70.0,259,287,-56.0,16.0,-54.0,-64.0,14.0
InferiorInfarction_019,aVL,1,InferiorInfarction,-606,Rs,1,0.0043,0,623,1,249,500,,,,,,,,,,0,2,-4.0,,,,8,16,-16.0,28,28,0.0,58,51,14.0,66,53,26.0,142,142,0.0,258,291,-66.0,18.0,-62.0,-92.0,-66.0
InferiorInfarction_019,aVF,1,InferiorInfarction,-606,Rs,1,0.0046,0,623,1,249,500,,,,,,,,,,1,2,-2.0,,16,,11,29,-36.0,15,,,58,51,14.0,64,68,-8.0,181,181,0.0,260,265,-10.0,16.0,-8.0,-2.0,-10.0
InferiorInfarction_019,V1,1,InferiorInfarction,-606,rS,1,0.0045,0,623,1,249,500,,,,,,,,,,0,2,-4.0,,,,12,12,0.0,29,28,2.0,58,51,14.0,64,54,20.0,141,142,-2.0,256,265,-18.0,18.0,-14.0,-38.0,-16.0
InferiorInfarction_019,V2,1,InferiorInfarction,-606,rS,1,0.0032,0,623,1,249,500,,,,,,,,,,1,2,-2.0,,,,9,12,-6.0,29,30,-2.0,58,51,14.0,64,54,20.0,141,141,0.0,253,260,-14.0,16.0,-12.0,-34.0,-14.0
InferiorInfarction_019,V3,1,InferiorInfarction,-606,Qr,1,0.0019,0,623,1,249,500,,,,,,,,,,0,2,-4.0,31,31,0.0,58,,,,,,58,51,14.0,64,59,10.0,140,141,-2.0,255,277,-44.0,18.0,-40.0,-54.0,-42.0
InferiorInfarction_019,V4,1,InferiorInfarction,-606,qRS,1,0.0024,0,623,1,249,500,,,,,,,,,,1,2,-2.0,10,10,0.0,26,26,0.0,33,34,-2.0,58,51,14.0,64,54,20.0,141,142,-2.0,256,289,-66.0,16.0,-64.0,-86.0,-64.0
InferiorInfarction_019,V6,1,InferiorInfarction,-606,Rs,1,0.0027,0,623,1,249,500,,,,,,,,,,1,2,-2.0,,8,,32,32,0.0,58,,,58,51,14.0,64,55,18.0,145,145,0.0,258,288,-60.0,16.0,-58.0,-78.0,-60.0
InferiorInfarction_020,V2,1,InferiorInfarction,-611,rS,1,0.0262,0,637,1,244,500,,,,,,,,,,1,2,-2.0,,29,,4,,,29,,,50,45,10.0,57,54,6.0,141,141,0.0,247,275,-56.0,12.0,-54.0,-62.0,-56.0
InferiorInfarction_020,I,1,InferiorInfarction,-611,R,1,0.0386,0,637,1,244,500,,,,,,,,,,1,2,-2.0,,,,12,26,-28.0,,,,50,45,10.0,57,70,-26.0,249,174,150.0,250,281,-62.0,12.0,-60.0,-36.0,-212.0
InferiorInfarction_020,II,1,InferiorInfarction,-611,R,1,0.0236,0,637,1,244,500,,,,,,,,,,1,2,-2.0,,,,23,24,-2.0,,,,50,45,10.0,57,47,20.0,171,172,-2.0,249,271,-44.0,12.0,-42.0,-64.0,-42.0
InferiorInfarction_020,III,1,InferiorInfarction,-611,R,1,0.0301,0,637,1,244,500,,,,,,,,,,1,2,-2.0,,,,22,22,0.0,,,,50,45,10.0,57,47,20.0,170,170,0.0,252,263,-22.0,12.0,-20.0,-42.0,-22.0
InferiorInfarction_020,aVR,1,InferiorInfarction,-611,QS,1,0.0379,0,637,1,244,500,,,,,,,,,,1,2,-2.0,24,24,0.0,,,,,,,50,45,10.0,57,57,0.0,172,172,0.0,251,275,-48.0,12.0,-46.0,-48.0,-48.0
InferiorInfarction_020,aVL,1,InferiorInfarction,-611,rS,1,0.0241,0,637,1,244,500,,,,,,,,,,1,2,-2.0,,,,11,11,0.0,20,20,0.0,50,45,10.0,56,47,18.0,166,166,0.0,251,265,-28.0,12.0,-26.0,-46.0,-28.0
InferiorInfarction_020,aVF,1,InferiorInfarction,-611,R,1,0.0243,0,637,1,244,500,,,,,,,,,,1,2,-2.0,,,,23,23,0.0,,,,50,45,10.0,57,62,-10.0,171,171,0.0,251,273,-44.0,12.0,-42.0,-34.0,-44.0
InferiorInfarction_020,V1,1,InferiorInfarction,-611,rS,1,0.0319,0,637,1,244,500,,,,,,,,,,1,2,-2.0,,,,4,5,-2.0,22,22,0.0,50,45,10.0,56,57,-2.0,141,141,0.0,249,263,-28.0,12.0,-26.0,-26.0,-28.0
InferiorInfarction_020,V3,1,InferiorInfarction,-611,QRS,1,0.0263,0,637,1,244,500,,,,,,,,,,1,2,-2.0,8,8,0.0,13,24,-22.0,30,30,0.0,50,45,10.0,57,66,-18.0,143,143,0.0,246,271,-50.0,12.0,-48.0,-32.0,-50.0
InferiorInfarction_020,V4,1,InferiorInfarction,-611,qR,1,0.0372,0,637,1,244,500,,,,,,,,,,1,2,-2.0,8,8,0.0,24,24,0.0,,,,50,45,10.0,56,74,-36.0,147,147,0.0,246,251,-10.0,12.0,-8.0,26.0,-10.0
InferiorInfarction_020,V5,1,InferiorInfarction,-611,qR,1,0.0276,0,637,1,244,500,,,,,,,,,,1,2,-2.0,7,,,26,26,0.0,,,,50,45,10.0,57,76,-38.0,170,170,0.0,249,281,-64.0,12.0,-62.0,-26.0,-64.0
InferiorInfarction_020,V6,1,InferiorInfarction,-611,qRs,1,0.0249,0,637,1,244,500,,,,,,,,,,1,2,-2.0,7,,,28,29,-2.0,50,,,50,45,10.0,57,90,-66.0,143,143,0.0,250,279,-58.0,12.0,-56.0,8.0,-58.0
InferiorIschemia_001,aVF,1,InferiorIschemia,-614,qR,1,0.0664,0,642,1,241,500,,,,,,,,,,1,2,-2.0,6,,,11,23,-24.0,,,,41,40,2.0,56,53,6.0,177,119,116.0,177,180,-6.0,4.0,-4.0,-12.0,-122.0
InferiorIschemia_001,I,1,InferiorIschemia,-614,R,1,0.0445,0,642,1,241,500,,,,,,,,,,0,2,-4.0,,11,,7,14,-14.0,,18,,41,40,2.0,55,62,-14.0,165,116,98.0,174,172,4.0,6.0,8.0,18.0,-94.0
InferiorIschemia_001,II,1,InferiorIschemia,-614,R,1,0.0383,0,642,1,241,500,,,,,,,,,,0,2,-4.0,,,,23,23,0.0,,,,41,40,2.0,55,53,4.0,177,119,116.0,177,175,4.0,6.0,8.0,0.0,-112.0
InferiorIschemia_001,III,1,InferiorIschemia,-614,QR,1,0.1026,0,642,1,241,500,,,,,,,,,,1,2,-2.0,6,,,11,23,-24.0,,,,42,40,4.0,56,54,4.0,176,122,108.0,176,179,-6.0,6.0,-4.0,-10.0,-114.0
InferiorIschemia_001,aVR,1,InferiorIschemia,-614,QS,1,0.0306,0,642,1,241,500,,,,,,,,,,0,2,-4.0,22,22,0.0,,,,,,,41,40,2.0,55,59,-8.0,184,119,130.0,184,181,6.0,6.0,10.0,14.0,-124.0
InferiorIschemia_001,aVL,1,InferiorIschemia,-614,rS,1,0.068,0,642,1,241,500,,,,,,,,,,1,2,-2.0,,,,6,6,0.0,23,23,0.0,41,40,2.0,55,59,-8.0,176,133,86.0,176,183,-14.0,4.0,-12.0,-6.0,-100.0
InferiorIschemia_001,V1,1,InferiorIschemia,-614,RS,1,0.0704,0,642,1,241,500,,,,,,,,,,0,2,-4.0,,,,6,7,-2.0,19,19,0.0,41,40,2.0,55,59,-8.0,140,140,0.0,176,174,4.0,6.0,8.0,12.0,4.0
InferiorIschemia_001,V2,1,InferiorIschemia,-614,rS,1,0.0785,0,642,1,241,500,,,,,,,,,,0,2,-4.0,,24,,5,,,23,,,41,40,2.0,55,57,-4.0,139,139,0.0,175,172,6.0,6.0,10.0,10.0,6.0
InferiorIschemia_001,V6,1,InferiorIschemia,-614,qR,1,0.0354,0,642,1,241,500,,,,,,,,,,0,2,-4.0,5,,,28,28,0.0,,,,41,40,2.0,55,41,28.0,181,101,160.0,181,167,28.0,6.0,32.0,0.0,-132.0
InferiorIschemia_001,V3,1,InferiorIschemia,-614,qRs,1,0.0839,0,642,1,241,500,,,,,,,,,,0,2,-4.0,9,9,0.0,20,20,0.0,27,,,41,40,2.0,55,59,-8.0,139,139,0.0,174,167,14.0,6.0,18.0,22.0,14.0
InferiorIschemia_001,V4,1,InferiorIschemia,-614,qR,1,0.065,0,642,1,241,500,,,,,,,,,,0,2,-4.0,8,8,0.0,21,22,-2.0,,,,41,40,2.0,55,59,-8.0,140,141,-2.0,174,167,14.0,6.0,18.0,22.0,16.0
InferiorIschemia_001,V5,1,InferiorIschemia,-614,qR,1,0.0378,0,642,1,241,500,,,,,,,,,,0,2,-4.0,7,,,24,24,0.0,,,,41,40,2.0,55,59,-8.0,178,114,128.0,178,167,22.0,6.0,26.0,30.0,-106.0
InferiorIschemia_002,I,1,InferiorIschemia,-604,R,1,0.0472,0,643,1,251,500,,,,,,,,,,1,2,-2.0,,,,16,16,0.0,,,,53,51,4.0,67,57,20.0,141,141,0.0,180,183,-6.0,6.0,-4.0,-26.0,-6.0
InferiorIschemia_002,II,1,InferiorIschemia,-604,R,1,0.0546,0,643,1,251,500,,,,,,,,,,1,2,-2.0,,7,,12,32,-40.0,,,,53,51,4.0,68,69,-2.0,181,122,118.0,181,184,-6.0,6.0,-4.0,-4.0,-124.0
InferiorIschemia_002,III,1,InferiorIschemia,-604,qR,1,0.1188,0,643,1,251,500,,,,,,,,,,1,2,-2.0,15,16,-2.0,28,28,0.0,,,,53,51,4.0,67,69,-4.0,142,104,76.0,181,183,-4.0,6.0,-2.0,0.0,-80.0
InferiorIschemia_002,aVR,1,InferiorIschemia,-604,QS,1,0.048,0,643,1,251,500,,,,,,,,,,1,2,-2.0,31,32,-2.0,,,,,,,53,51,4.0,67,69,-4.0,136,136,0.0,184,185,-2.0,6.0,0.0,2.0,-2.0
InferiorIschemia_002,aVL,1,InferiorIschemia,-604,RS,1,0.0688,0,643,1,251,500,,,,,,,,,,1,2,-2.0,,,,9,16,-14.0,27,27,0.0,53,51,4.0,67,101,-68.0,141,141,0.0,181,182,-2.0,6.0,0.0,66.0,-2.0
InferiorIschemia_002,aVF,1,InferiorIschemia,-604,qR,1,0.0865,0,643,1,251,500,,,,,,,,,,1,2,-2.0,15,16,-2.0,31,31,0.0,,,,53,51,4.0,68,54,28.0,181,108,146.0,181,187,-12.0,6.0,-10.0,-40.0,-158.0
InferiorIschemia_002,V1,1,InferiorIschemia,-604,rS,1,0.079,0,643,1,251,500,,,,,,,,,,1,2,-2.0,,,,7,7,0.0,31,31,0.0,53,51,4.0,67,76,-18.0,144,144,0.0,181,172,18.0,6.0,20.0,36.0,18.0
InferiorIschemia_002,V2,1,InferiorIschemia,-604,rS,1,0.0796,0,643,1,251,500,,,,,,,,,,1,2,-2.0,,,,7,7,0.0,31,31,0.0,53,51,4.0,68,72,-8.0,143,144,-2.0,181,172,18.0,6.0,20.0,26.0,20.0
InferiorIschemia_002,V3,1,InferiorIschemia,-604,rS,1,0.0834,0,643,1,251,500,,,,,,,,,,1,2,-2.0,,,,6,7,-2.0,32,32,0.0,53,51,4.0,67,69,-4.0,143,143,0.0,180,178,4.0,6.0,6.0,8.0,4.0
InferiorIschemia_002,V4,1,InferiorIschemia,-604,rS,1,0.0858,0,643,1,251,500,,,,,,,,,,1,2,-2.0,,17,,4,42,-76.0,17,,,53,51,4.0,67,74,-14.0,143,143,0.0,180,185,-10.0,6.0,-8.0,4.0,-10.0
InferiorIschemia_002,V5,1,InferiorIschemia,-604,qR,1,0.0624,0,643,1,251,500,,,,,,,,,,1,2,-2.0,10,11,-2.0,31,31,0.0,,,,53,51,4.0,67,69,-4.0,159,159,0.0,182,191,-18.0,6.0,-16.0,-14.0,-18.0
InferiorIschemia_002,V6,1,InferiorIschemia,-604,qR,1,0.0536,0,643,1,251,500,,,,,,,,,,1,2,-2.0,11,10,2.0,35,36,-2.0,,,,53,51,4.0,67,55,24.0,145,92,106.0,183,185,-4.0,6.0,-2.0,-28.0,-110.0
InferiorIschemia_003,aVR,1,InferiorIschemia,-614,QS,1,0.0321,0,628,1,241,500,,,,,,,,,,0,2,-4.0,21,21,0.0,,,,,,,44,43,2.0,64,57,14.0,176,124,104.0,176,180,-8.0,6.0,-4.0,-22.0,-112.0
InferiorIschemia_003,I,1,InferiorIschemia,-614,R,1,0.0387,0,628,1,241,500,,,,,,,,,,0,2,-4.0,,,,7,28,-42.0,,,,44,43,2.0,61,49,24.0,175,118,114.0,175,169,12.0,6.0,16.0,-12.0,-102.0
InferiorIschemia_003,II,1,InferiorIschemia,-614,R,1,0.033,0,628,1,241,500,,,,,,,,,,0,2,-4.0,,,,9,21,-24.0,,,,44,43,2.0,64,50,28.0,126,126,0.0,175,179,-8.0,6.0,-4.0,-36.0,-8.0
InferiorIschemia_003,III,1,InferiorIschemia,-614,R,1,0.0779,0,628,1,241,500,,,,,,,,,,0,2,-4.0,,,,9,21,-24.0,,,,44,43,2.0,63,57,12.0,142,143,-2.0,175,175,0.0,6.0,4.0,-12.0,2.0
InferiorIschemia_003,aVL,1,InferiorIschemia,-614,rS,1,0.0534,0,628,1,241,500,,,,,,,,,,0,2,-4.0,,21,,6,31,-50.0,21,,,44,43,2.0,54,62,-16.0,147,147,0.0,175,180,-10.0,6.0,-6.0,6.0,-10.0
InferiorIschemia_003,aVF,1,InferiorIschemia,-614,R,1,0.0548,0,628,1,241,500,,,,,,,,,,0,2,-4.0,,,,9,21,-24.0,,,,44,43,2.0,64,57,14.0,134,134,0.0,175,178,-6.0,6.0,-2.0,-20.0,-6.0
InferiorIschemia_003,V1,1,InferiorIschemia,-614,rS,1,0.0706,0,628,1,241,500,,,,,,,,,,0,2,-4.0,,,,5,5,0.0,22,21,2.0,44,43,2.0,53,64,-22.0,141,141,0.0,176,178,-4.0,6.0,0.0,18.0,-4.0
InferiorIschemia_003,V2,1,InferiorIschemia,-614,rS,1,0.0749,0,628,1,241,500,,,,,,,,,,0,2,-4.0,,9,,4,19,-30.0,25,25,0.0,44,43,2.0,53,66,-26.0,141,141,0.0,176,176,0.0,6.0,4.0,26.0,0.0
InferiorIschemia_003,V3,1,InferiorIschemia,-614,qRs,1,0.0878,0,628,1,241,500,,,,,,,,,,0,2,-4.0,8,8,0.0,19,19,0.0,31,,,44,43,2.0,52,68,-32.0,144,144,0.0,175,169,12.0,6.0,16.0,44.0,12.0
InferiorIschemia_003,V4,1,InferiorIschemia,-614,qR,1,0.0773,0,628,1,241,500,,,,,,,,,,0,2,-4.0,8,8,0.0,21,22,-2.0,,,,44,43,2.0,53,80,-54.0,147,148,-2.0,175,172,6.0,6.0,10.0,60.0,8.0
InferiorIschemia_003,V6,1,InferiorIschemia,-614,qR,1,0.0345,0,628,1,241,500,,,,,,,,,,0,2,-4.0,6,6,0.0,30,31,-2.0,,,,44,43,2.0,58,47,22.0,152,100,104.0,176,169,14.0,6.0,18.0,-8.0,-90.0
InferiorIschemia_003,V5,1,InferiorIschemia,-614,qR,1,0.0425,0,628,1,241,500,,,,,,,,,,0,2,-4.0,7,8,-2.0,29,30,-2.0,,,,44,43,2.0,55,57,-4.0,175,113,124.0,175,169,12.0,6.0,16.0,16.0,-112.0
InferiorIschemia_004,aVR,1,InferiorIschemia,-609,QS,1,0.0318,0,642,1,246,500,,,,,,,,,,0,2,-4.0,27,27,0.0,,,,,,,44,44,0.0,57,49,16.0,128,128,0.0,193,175,36.0,4.0,40.0,20.0,36.0
InferiorIschemia_004,II,1,InferiorIschemia,-609,R,1,0.0339,0,642,1,246,500,,,,,,,,,,0,2,-4.0,,,,10,27,-34.0,,,,44,44,0.0,59,54,10.0,180,118,124.0,180,176,8.0,4.0,12.0,-2.0,-116.0
InferiorIschemia_004,III,1,InferiorIschemia,-609,qR,1,0.073,0,642,1,246,500,,,,,,,,,,0,2,-4.0,13,14,-2.0,26,26,0.0,,,,44,44,0.0,53,48,10.0,139,85,108.0,183,175,16.0,4.0,20.0,6.0,-92.0
InferiorIschemia_004,aVL,1,InferiorIschemia,-609,RS,1,0.0457,0,642,1,246,500,,,,,,,,,,0,2,-4.0,,,,8,14,-12.0,25,26,-2.0,44,44,0.0,52,78,-52.0,138,138,0.0,181,179,4.0,4.0,8.0,56.0,4.0
InferiorIschemia_004,aVF,1,InferiorIschemia,-609,qR,1,0.053,0,642,1,246,500,,,,,,,,,,0,2,-4.0,7,,,26,26,0.0,,,,44,44,0.0,57,49,16.0,183,102,162.0,183,177,12.0,4.0,16.0,-4.0,-150.0
InferiorIschemia_004,V1,1,InferiorIschemia,-609,rS,1,0.0626,0,642,1,246,500,,,,,,,,,,0,2,-4.0,,,,4,5,-2.0,21,21,0.0,44,44,0.0,54,60,-12.0,143,144,-2.0,184,175,18.0,4.0,22.0,30.0,20.0
InferiorIschemia_004,V2,1,InferiorIschemia,-609,rS,1,0.0578,0,642,1,246,500,,,,,,,,,,0,2,-4.0,,25,,3,,,25,,,44,44,0.0,61,61,0.0,142,142,0.0,194,175,38.0,4.0,42.0,38.0,38.0
InferiorIschemia_004,V3,1,InferiorIschemia,-609,QRs,1,0.0696,0,642,1,246,500,,,,,,,,,,0,2,-4.0,10,10,0.0,24,25,-2.0,33,33,0.0,44,44,0.0,61,65,-8.0,141,141,0.0,189,175,28.0,4.0,32.0,36.0,28.0
InferiorIschemia_004,V4,1,InferiorIschemia,-609,qR,1,0.0623,0,642,1,246,500,,,,,,,,,,0,2,-4.0,9,10,-2.0,26,26,0.0,,,,44,44,0.0,56,97,-82.0,151,152,-2.0,193,175,36.0,4.0,40.0,118.0,38.0
InferiorIschemia_004,V5,1,InferiorIschemia,-609,R,1,0.0364,0,642,1,246,500,,,,,,,,,,0,2,-4.0,,,,31,31,0.0,,,,44,44,0.0,59,87,-56.0,189,117,144.0,189,175,28.0,4.0,32.0,84.0,-116.0
InferiorIschemia_004,I,1,InferiorIschemia,-609,R,1,0.0339,0,642,1,246,500,,,,,,,,,,0,2,-4.0,,,,14,14,0.0,,,,44,44,0.0,56,46,20.0,135,136,-2.0,179,175,8.0,4.0,12.0,-12.0,10.0
InferiorIschemia_004,V6,1,InferiorIschemia,-609,R,1,0.0304,0,642,1,246,500,,,,,,,,,,0,2,-4.0,,,,32,32,0.0,,,,44,44,0.0,59,46,26.0,187,100,174.0,187,175,24.0,4.0,28.0,-2.0,-150.0
InferiorIschemia_005,III,1,InferiorIschemia,-611,qR,1,0.0754,0,624,1,244,500,,,,,,,,,,1,2,-2.0,8,8,0.0,23,23,0.0,,,,41,40,2.0,53,44,18.0,150,150,0.0,174,168,12.0,4.0,14.0,-6.0,12.0
InferiorIschemia_005,I,1,InferiorIschemia,-611,R,1,0.0339,0,624,1,244,500,,,,,,,,,,1,2,-2.0,,,,11,11,0.0,,,,41,40,2.0,52,59,-14.0,129,129,0.0,170,168,4.0,4.0,6.0,18.0,4.0
InferiorIschemia_005,II,1,InferiorIschemia,-611,R,1,0.035,0,624,1,244,500,,,,,,,,,,1,2,-2.0,,,,23,23,0.0,,,,41,40,2.0,52,44,16.0,172,124,96.0,172,168,8.0,4.0,10.0,-8.0,-88.0
InferiorIschemia_005,aVR,1,InferiorIschemia,-611,QS,1,0.0306,0,624,1,244,500,,,,,,,,,,1,2,-2.0,23,23,0.0,,,,,,,41,40,2.0,53,46,14.0,126,127,-2.0,172,176,-8.0,4.0,-6.0,-22.0,-6.0
InferiorIschemia_005,aVL,1,InferiorIschemia,-611,RS,1,0.0491,0,624,1,244,500,,,,,,,,,,1,2,-2.0,,,,10,11,-2.0,23,23,0.0,41,40,2.0,53,42,22.0,151,152,-2.0,171,176,-10.0,4.0,-8.0,-32.0,-8.0
InferiorIschemia_005,aVF,1,InferiorIschemia,-611,R,1,0.0549,0,624,1,244,500,,,,,,,,,,1,2,-2.0,,8,,23,23,0.0,,,,41,40,2.0,52,49,6.0,173,121,104.0,173,174,-2.0,4.0,0.0,-8.0,-106.0
InferiorIschemia_005,V1,1,InferiorIschemia,-611,rS,1,0.067,0,624,1,244,500,,,,,,,,,,1,2,-2.0,,,,6,6,0.0,21,21,0.0,41,40,2.0,52,62,-20.0,142,143,-2.0,175,168,14.0,4.0,16.0,34.0,16.0
InferiorIschemia_005,V2,1,InferiorIschemia,-611,rS,1,0.0703,0,624,1,244,500,,,,,,,,,,1,2,-2.0,,24,,6,,,24,,,41,40,2.0,52,70,-36.0,142,142,0.0,175,168,14.0,4.0,16.0,50.0,14.0
InferiorIschemia_005,V3,1,InferiorIschemia,-611,qRs,1,0.0803,0,624,1,244,500,,,,,,,,,,1,2,-2.0,9,9,0.0,15,15,0.0,25,25,0.0,41,40,2.0,52,72,-40.0,143,144,-2.0,174,179,-10.0,4.0,-8.0,30.0,-8.0
InferiorIschemia_005,V4,1,InferiorIschemia,-611,qR,1,0.0687,0,624,1,244,500,,,,,,,,,,1,2,-2.0,8,8,0.0,15,15,0.0,,,,41,40,2.0,50,94,-88.0,147,147,0.0,173,168,10.0,4.0,12.0,98.0,10.0
InferiorIschemia_005,V6,1,InferiorIschemia,-611,R,1,0.037,0,624,1,244,500,,,,,,,,,,1,2,-2.0,,,,13,29,-32.0,,,,41,40,2.0,50,49,2.0,173,103,140.0,173,175,-4.0,4.0,-2.0,-6.0,-144.0
InferiorIschemia_005,V5,1,InferiorIschemia,-611,R,1,0.0438,0,624,1,244,500,,,,,,,,,,1,2,-2.0,,,,15,30,-30.0,,,,41,40,2.0,51,49,4.0,174,112,124.0,174,168,12.0,4.0,14.0,8.0,-112.0
InferiorIschemia_006,aVR,1,InferiorIschemia,-611,QS,1,0.0469,0,626,1,244,500,,,,,,,,,,1,2,-2.0,24,24,0.0,,,,,,,48,39,18.0,61,51,20.0,132,132,0.0,181,175,12.0,20.0,14.0,-8.0,12.0
InferiorIschemia_006,II,1,InferiorIschemia,-611,R,1,0.0625,0,626,1,244,500,,,,,,,,,,1,2,-2.0,,,,10,24,-28.0,,,,48,39,18.0,61,51,20.0,176,126,100.0,176,177,-2.0,20.0,0.0,-22.0,-102.0
InferiorIschemia_006,III,1,InferiorIschemia,-611,rS,1,0.1422,0,626,1,244,500,,,,,,,,,,1,2,-2.0,,14,,9,24,-30.0,14,,,48,39,18.0,62,55,14.0,177,112,130.0,177,178,-2.0,20.0,0.0,-16.0,-132.0
InferiorIschemia_006,aVL,1,InferiorIschemia,-611,rS,1,0.0844,0,626,1,244,500,,,,,,,,,,1,2,-2.0,,,,7,14,-14.0,24,24,0.0,47,39,16.0,61,41,40.0,138,87,102.0,175,166,18.0,18.0,20.0,-22.0,-84.0
InferiorIschemia_006,aVF,1,InferiorIschemia,-611,R,1,0.1043,0,626,1,244,500,,,,,,,,,,1,2,-2.0,,14,,10,25,-30.0,,,,47,39,16.0,62,55,14.0,177,118,118.0,177,176,2.0,18.0,4.0,-12.0,-116.0
InferiorIschemia_006,V1,1,InferiorIschemia,-611,rS,1,0.1035,0,626,1,244,500,,,,,,,,,,1,2,-2.0,,,,8,8,0.0,22,22,0.0,47,39,16.0,60,59,2.0,142,142,0.0,176,176,0.0,18.0,2.0,-2.0,0.0
InferiorIschemia_006,V2,1,InferiorIschemia,-611,rS,1,0.1044,0,626,1,244,500,,,,,,,,,,0,2,-4.0,,,,5,8,-6.0,21,22,-2.0,48,39,18.0,61,55,12.0,141,141,0.0,177,181,-8.0,22.0,-4.0,-20.0,-8.0
InferiorIschemia_006,V3,1,InferiorIschemia,-611,rS,1,0.1151,0,626,1,244,500,,,,,,,,,,0,2,-4.0,,,,4,5,-2.0,21,21,0.0,48,39,18.0,61,66,-10.0,140,141,-2.0,177,168,18.0,22.0,22.0,28.0,20.0
InferiorIschemia_006,V4,1,InferiorIschemia,-611,RS,1,0.0994,0,626,1,244,500,,,,,,,,,,1,2,-2.0,,8,,4,24,-40.0,33,33,0.0,49,39,20.0,61,72,-22.0,141,141,0.0,177,167,20.0,22.0,22.0,42.0,20.0
InferiorIschemia_006,V5,1,InferiorIschemia,-611,R,1,0.0623,0,626,1,244,500,,,,,,,,,,1,2,-2.0,,,,17,24,-14.0,,,,48,39,18.0,62,76,-28.0,180,119,122.0,180,168,24.0,20.0,26.0,52.0,-98.0
InferiorIschemia_006,V6,1,InferiorIschemia,-611,R,1,0.054,0,626,1,244,500,,,,,,,,,,1,2,-2.0,,,,27,27,0.0,,,,48,39,18.0,62,51,22.0,180,101,158.0,180,166,28.0,20.0,30.0,6.0,-130.0
InferiorIschemia_006,I,1,InferiorIschemia,-611,R,1,0.0531,0,626,1,244,500,,,,,,,,,,0,2,-4.0,,,,14,14,0.0,,,,49,39,20.0,62,51,22.0,135,135,0.0,174,166,16.0,24.0,20.0,-6.0,16.0
InferiorIschemia_007,III,1,InferiorIschemia,-612,qR,1,0.041,0,629,1,243,500,,,,,,,,,,1,3,-4.0,7,7,0.0,19,20,-2.0,,,,43,43,0.0,51,52,-2.0,145,146,-2.0,176,167,18.0,4.0,22.0,20.0,20.0
InferiorIschemia_007,II,1,InferiorIschemia,-612,qR,1,0.0152,0,629,1,243,500,,,,,,,,,,1,3,-4.0,6,,,20,24,-8.0,,,,43,43,0.0,51,52,-2.0,176,107,138.0,176,167,18.0,4.0,22.0,20.0,-120.0
InferiorIschemia_007,V3,1,InferiorIschemia,-612,qRs,1,0.0498,0,629,1,243,500,,,,,,,,,,1,3,-4.0,10,10,0.0,23,23,0.0,35,,,43,43,0.0,49,101,-104.0,143,144,-2.0,174,167,14.0,4.0,18.0,118.0,16.0
InferiorIschemia_007,I,1,InferiorIschemia,-612,RS,1,0.0222,0,629,1,243,500,,,,,,,,,,1,3,-4.0,,11,,7,24,-34.0,11,,,43,43,0.0,55,52,6.0,149,103,92.0,174,167,14.0,4.0,18.0,8.0,-78.0
InferiorIschemia_007,aVR,1,InferiorIschemia,-612,QS,1,0.0166,0,629,1,243,500,,,,,,,,,,1,3,-4.0,23,24,-2.0,,,,,,,43,43,0.0,56,52,8.0,179,105,148.0,179,167,24.0,4.0,28.0,16.0,-124.0
InferiorIschemia_007,aVL,1,InferiorIschemia,-612,rS,1,0.026,0,629,1,243,500,,,,,,,,,,1,3,-4.0,,,,7,7,0.0,18,18,0.0,43,43,0.0,53,52,2.0,147,147,0.0,176,167,18.0,4.0,22.0,16.0,18.0
InferiorIschemia_007,aVF,1,InferiorIschemia,-612,qR,1,0.0237,0,629,1,243,500,,,,,,,,,,1,3,-4.0,7,7,0.0,20,20,0.0,,,,43,43,0.0,51,52,-2.0,174,109,130.0,174,167,14.0,4.0,18.0,16.0,-116.0
InferiorIschemia_007,V1,1,InferiorIschemia,-612,rS,1,0.0392,0,629,1,243,500,,,,,,,,,,1,3,-4.0,,19,,5,,,19,,,43,43,0.0,51,52,-2.0,140,141,-2.0,176,167,18.0,4.0,22.0,20.0,20.0
InferiorIschemia_007,V2,1,InferiorIschemia,-612,Qrs,1,0.045,0,629,1,243,500,,,,,,,,,,1,3,-4.0,10,11,-2.0,22,23,-2.0,28,28,0.0,43,43,0.0,51,52,-2.0,141,141,0.0,175,167,16.0,4.0,20.0,18.0,16.0
InferiorIschemia_007,V4,1,InferiorIschemia,-612,qR,1,0.0474,0,629,1,243,500,,,,,,,,,,1,3,-4.0,9,10,-2.0,23,23,0.0,,,,43,43,0.0,51,52,-2.0,97,98,-2.0,175,167,16.0,4.0,20.0,18.0,18.0
InferiorIschemia_007,V5,1,InferiorIschemia,-612,qR,1,0.0265,0,629,1,243,500,,,,,,,,,,1,3,-4.0,10,10,0.0,24,25,-2.0,,,,43,43,0.0,52,52,0.0,148,104,88.0,178,167,22.0,4.0,26.0,22.0,-66.0
InferiorIschemia_007,V6,1,InferiorIschemia,-612,qR,1,0.0215,0,629,1,243,500,,,,,,,,,,1,3,-4.0,10,10,0.0,27,27,0.0,,,,43,43,0.0,52,52,0.0,145,101,88.0,180,167,26.0,4.0,30.0,26.0,-62.0
InferiorIschemia_008,I,1,InferiorIschemia,-612,R,1,0.0173,0,637,1,243,500,,,,,,,,,,0,2,-4.0,,,,14,14,0.0,,,,43,41,4.0,60,53,14.0,135,135,0.0,177,171,12.0,8.0,16.0,-2.0,12.0
InferiorIschemia_008,aVR,1,InferiorIschemia,-612,QS,1,0.0146,0,637,1,243,500,,,,,,,,,,0,2,-4.0,23,23,0.0,,,,,,,42,41,2.0,59,53,12.0,181,129,104.0,181,175,12.0,6.0,16.0,0.0,-92.0
InferiorIschemia_008,V3,1,InferiorIschemia,-612,QRs,1,0.0371,0,637,1,243,500,,,,,,,,,,0,2,-4.0,13,14,-2.0,22,22,0.0,34,,,42,41,2.0,59,64,-10.0,139,139,0.0,177,171,12.0,6.0,16.0,22.0,12.0
InferiorIschemia_008,V4,1,InferiorIschemia,-612,qR,1,0.0304,0,637,1,243,500,,,,,,,,,,0,2,-4.0,11,11,0.0,23,23,0.0,,,,42,41,2.0,59,66,-14.0,139,139,0.0,177,171,12.0,6.0,16.0,26.0,12.0
InferiorIschemia_008,II,1,InferiorIschemia,-612,R,1,0.0158,0,637,1,243,500,,,,,,,,,,0,2,-4.0,,,,23,23,0.0,,,,42,41,2.0,60,53,14.0,178,117,122.0,178,171,14.0,6.0,18.0,0.0,-108.0
InferiorIschemia_008,III,1,InferiorIschemia,-612,QR,1,0.0492,0,637,1,243,500,,,,,,,,,,0,2,-4.0,13,14,-2.0,23,23,0.0,,,,42,41,2.0,59,53,12.0,140,79,122.0,180,171,18.0,6.0,22.0,6.0,-104.0
InferiorIschemia_008,aVL,1,InferiorIschemia,-612,Rs,1,0.0296,0,637,1,243,500,,,,,,,,,,0,2,-4.0,,,,13,14,-2.0,23,24,-2.0,42,41,2.0,59,53,12.0,138,138,0.0,177,171,12.0,6.0,16.0,0.0,12.0
InferiorIschemia_008,aVF,1,InferiorIschemia,-612,qR,1,0.0266,0,637,1,243,500,,,,,,,,,,0,2,-4.0,13,14,-2.0,23,23,0.0,,,,42,41,2.0,60,53,14.0,179,106,146.0,179,171,16.0,6.0,20.0,2.0,-130.0
InferiorIschemia_008,V1,1,InferiorIschemia,-612,rS,1,0.0375,0,637,1,243,500,,,,,,,,,,0,2,-4.0,,,,6,7,-2.0,21,21,0.0,42,41,2.0,59,53,12.0,141,141,0.0,179,171,16.0,6.0,20.0,4.0,16.0
InferiorIschemia_008,V2,1,InferiorIschemia,-612,rS,1,0.0388,0,637,1,243,500,,,,,,,,,,0,2,-4.0,,16,,5,,,16,,,42,41,2.0,59,53,12.0,140,140,0.0,179,171,16.0,6.0,20.0,4.0,16.0
InferiorIschemia_008,V5,1,InferiorIschemia,-612,qR,1,0.0174,0,637,1,243,500,,,,,,,,,,0,2,-4.0,8,9,-2.0,23,23,0.0,,,,42,41,2.0,59,53,12.0,180,112,136.0,180,171,18.0,6.0,22.0,6.0,-118.0
InferiorIschemia_008,V6,1,InferiorIschemia,-612,qR,1,0.0162,0,637,1,243,500,,,,,,,,,,0,2,-4.0,7,8,-2.0,29,30,-2.0,,,,42,41,2.0,59,53,12.0,180,101,158.0,180,171,18.0,6.0,22.0,6.0,-140.0
InferiorIschemia_009,I,1,InferiorIschemia,-611,R,1,0.0426,0,638,1,244,500,,,,,,,,,,0,2,-4.0,,,,15,25,-20.0,,,,41,39,4.0,61,76,-30.0,138,138,0.0,178,168,20.0,8.0,24.0,50.0,20.0
InferiorIschemia_009,V3,1,InferiorIschemia,-611,rS,1,0.0875,0,638,1,244,500,,,,,,,,,,0,2,-4.0,,17,,4,,,21,,,41,39,4.0,61,68,-14.0,141,141,0.0,179,175,8.0,8.0,12.0,22.0,8.0
InferiorIschemia_009,V4,1,InferiorIschemia,-611,rS,1,0.0728,0,638,1,244,500,,,,,,,,,,0,2,-4.0,,14,,4,26,-44.0,14,35,-42.0,41,39,4.0,62,62,0.0,141,141,0.0,182,168,28.0,8.0,32.0,28.0,28.0
InferiorIschemia_009,V5,1,InferiorIschemia,-611,qR,1,0.0507,0,638,1,244,500,,,,,,,,,,0,2,-4.0,11,11,0.0,24,25,-2.0,,,,41,39,4.0,61,70,-18.0,146,146,0.0,187,168,38.0,8.0,42.0,56.0,38.0
InferiorIschemia_009,II,1,InferiorIschemia,-611,R,1,0.0481,0,638,1,244,500,,,,,,,,,,0,2,-4.0,,,,9,25,-32.0,,,,41,39,4.0,61,55,12.0,183,120,126.0,183,168,30.0,8.0,34.0,18.0,-96.0
InferiorIschemia_009,III,1,InferiorIschemia,-611,Qrs,1,0.1448,0,638,1,244,500,,,,,,,,,,0,2,-4.0,14,15,-2.0,20,19,2.0,29,29,0.0,41,39,4.0,61,55,12.0,141,141,0.0,181,168,26.0,8.0,30.0,14.0,26.0
InferiorIschemia_009,aVR,1,InferiorIschemia,-611,QS,1,0.0422,0,638,1,244,500,,,,,,,,,,0,2,-4.0,25,25,0.0,,,,,,,41,39,4.0,61,55,12.0,134,134,0.0,193,168,50.0,8.0,54.0,38.0,50.0
InferiorIschemia_009,aVL,1,InferiorIschemia,-611,R,1,0.0845,0,638,1,244,500,,,,,,,,,,0,2,-4.0,,,,14,15,-2.0,,41,,41,39,4.0,61,55,12.0,139,139,0.0,180,168,24.0,8.0,28.0,12.0,24.0
InferiorIschemia_009,aVF,1,InferiorIschemia,-611,qR,1,0.0965,0,638,1,244,500,,,,,,,,,,0,2,-4.0,14,14,0.0,25,25,0.0,,,,41,39,4.0,61,55,12.0,183,92,182.0,183,168,30.0,8.0,34.0,18.0,-152.0
InferiorIschemia_009,V1,1,InferiorIschemia,-611,rS,1,0.1002,0,638,1,244,500,,,,,,,,,,0,2,-4.0,,,,8,9,-2.0,24,24,0.0,41,39,4.0,61,55,12.0,142,143,-2.0,180,168,24.0,8.0,28.0,12.0,26.0
InferiorIschemia_009,V2,1,InferiorIschemia,-611,rS,1,0.0878,0,638,1,244,500,,,,,,,,,,0,2,-4.0,,,,5,7,-4.0,23,23,0.0,41,39,4.0,61,55,12.0,142,142,0.0,180,168,24.0,8.0,28.0,12.0,24.0
InferiorIschemia_009,V6,1,InferiorIschemia,-611,qR,1,0.0449,0,638,1,244,500,,,,,,,,,,0,2,-4.0,8,8,0.0,24,24,0.0,,,,41,39,4.0,61,55,12.0,188,103,170.0,188,168,40.0,8.0,44.0,28.0,-130.0
InferiorIschemia_010,aVR,1,InferiorIschemia,-608,QS,1,0.0224,0,642,1,247,500,,,,,,,,,,0,2,-4.0,28,28,0.0,,,,,,,42,42,0.0,61,53,16.0,200,127,146.0,200,171,58.0,4.0,62.0,42.0,-88.0
InferiorIschemia_010,I,1,InferiorIschemia,-608,R,1,0.0307,0,642,1,247,500,,,,,,,,,,0,2,-4.0,,,,13,33,-40.0,,,,43,42,2.0,60,53,14.0,134,134,0.0,179,171,16.0,6.0,20.0,2.0,16.0
InferiorIschemia_010,aVL,1,InferiorIschemia,-608,RS,1,0.0376,0,642,1,247,500,,,,,,,,,,0,2,-4.0,,,,13,13,0.0,24,25,-2.0,43,42,2.0,60,52,16.0,137,137,0.0,182,175,14.0,6.0,18.0,-2.0,14.0
InferiorIschemia_010,aVF,1,InferiorIschemia,-608,qR,1,0.0398,0,642,1,247,500,,,,,,,,,,0,2,-4.0,12,13,-2.0,27,27,0.0,,,,43,42,2.0,60,53,14.0,141,71,140.0,189,187,4.0,6.0,8.0,-10.0,-136.0
InferiorIschemia_010,V1,1,InferiorIschemia,-608,rS,1,0.0503,0,642,1,247,500,,,,,,,,,,0,2,-4.0,,26,,5,,,26,,,42,42,0.0,60,60,0.0,144,144,0.0,183,171,24.0,4.0,28.0,24.0,24.0
InferiorIschemia_010,V2,1,InferiorIschemia,-608,rS,1,0.0476,0,642,1,247,500,,,,,,,,,,0,2,-4.0,,26,,4,,,26,,,43,42,2.0,61,53,16.0,142,142,0.0,186,177,18.0,6.0,22.0,2.0,18.0
InferiorIschemia_010,V3,1,InferiorIschemia,-608,QS,1,0.0485,0,642,1,247,500,,,,,,,,,,0,2,-4.0,13,13,0.0,,,,,,,42,42,0.0,60,65,-10.0,141,142,-2.0,182,171,22.0,4.0,26.0,32.0,24.0
InferiorIschemia_010,V4,1,InferiorIschemia,-608,QR,1,0.0415,0,642,1,247,500,,,,,,,,,,0,2,-4.0,12,13,-2.0,29,29,0.0,,,,42,42,0.0,60,44,32.0,144,76,136.0,183,171,24.0,4.0,28.0,-8.0,-112.0
InferiorIschemia_010,V5,1,InferiorIschemia,-608,qR,1,0.0257,0,642,1,247,500,,,,,,,,,,0,2,-4.0,9,10,-2.0,30,30,0.0,,,,42,42,0.0,61,69,-16.0,143,144,-2.0,190,171,38.0,4.0,42.0,54.0,40.0
InferiorIschemia_010,V6,1,InferiorIschemia,-608,R,1,0.0241,0,642,1,247,500,,,,,,,,,,0,2,-4.0,,,,32,32,0.0,,,,43,42,2.0,61,47,28.0,150,99,102.0,193,171,44.0,6.0,48.0,16.0,-58.0
InferiorIschemia_010,II,1,InferiorIschemia,-608,qR,1,0.0234,0,642,1,247,500,,,,,,,,,,0,2,-4.0,12,13,-2.0,27,28,-2.0,,,,43,42,2.0,61,53,16.0,187,111,152.0,187,171,32.0,6.0,36.0,16.0,-120.0
InferiorIschemia_010,III,1,InferiorIschemia,-608,qR,1,0.0623,0,642,1,247,500,,,,,,,,,,0,2,-4.0,12,13,-2.0,26,27,-2.0,,,,43,42,2.0,60,53,14.0,139,139,0.0,185,171,28.0,6.0,32.0,14.0,28.0
InferiorIschemia_011,aVF,1,InferiorIschemia,-606,R,1,0.0697,0,643,1,249,500,,,,,,,,,,1,2,-2.0,,,,11,29,-36.0,,,,46,45,2.0,51,54,-6.0,179,110,138.0,179,173,12.0,4.0,14.0,18.0,-126.0
InferiorIschemia_011,I,1,InferiorIschemia,-606,R,1,0.0377,0,643,1,249,500,,,,,,,,,,0,2,-4.0,,,,8,34,-52.0,,,,47,45,4.0,52,72,-40.0,160,128,64.0,179,186,-14.0,8.0,-10.0,26.0,-78.0
InferiorIschemia_011,aVL,1,InferiorIschemia,-606,rS,1,0.0448,0,643,1,249,500,,,,,,,,,,1,2,-2.0,,,,6,7,-2.0,26,27,-2.0,46,45,2.0,51,54,-6.0,178,110,136.0,178,183,-10.0,4.0,-8.0,-4.0,-146.0
InferiorIschemia_011,V1,1,InferiorIschemia,-606,rS,1,0.0689,0,643,1,249,500,,,,,,,,,,0,2,-4.0,,,,7,8,-2.0,28,29,-2.0,46,45,2.0,52,66,-28.0,144,144,0.0,180,173,14.0,6.0,18.0,42.0,14.0
InferiorIschemia_011,V2,1,InferiorIschemia,-606,rS,1,0.058,0,643,1,249,500,,,,,,,,,,0,2,-4.0,,,,5,5,0.0,28,29,-2.0,47,45,4.0,52,66,-28.0,144,144,0.0,179,173,12.0,8.0,16.0,40.0,12.0
InferiorIschemia_011,V3,1,InferiorIschemia,-606,rS,1,0.0686,0,643,1,249,500,,,,,,,,,,0,2,-4.0,,,,4,4,0.0,30,30,0.0,46,45,2.0,51,65,-28.0,144,145,-2.0,179,173,12.0,6.0,16.0,40.0,14.0
InferiorIschemia_011,V4,1,InferiorIschemia,-606,QRs,1,0.0698,0,643,1,249,500,,,,,,,,,,1,2,-2.0,10,10,0.0,21,21,0.0,33,33,0.0,46,45,2.0,51,75,-48.0,149,149,0.0,179,186,-14.0,4.0,-12.0,34.0,-14.0
InferiorIschemia_011,V5,1,InferiorIschemia,-606,qR,1,0.0386,0,643,1,249,500,,,,,,,,,,0,2,-4.0,10,11,-2.0,33,34,-2.0,,,,47,45,4.0,52,57,-10.0,179,121,116.0,179,173,12.0,8.0,16.0,22.0,-104.0
InferiorIschemia_011,V6,1,InferiorIschemia,-606,RS,1,0.038,0,643,1,249,500,,,,,,,,,,0,2,-4.0,,19,,8,35,-54.0,19,,,47,45,4.0,52,45,14.0,155,98,114.0,179,173,12.0,8.0,16.0,-2.0,-102.0
InferiorIschemia_011,II,1,InferiorIschemia,-606,R,1,0.0426,0,643,1,249,500,,,,,,,,,,0,2,-4.0,,,,11,29,-36.0,,,,46,45,2.0,52,54,-4.0,178,111,134.0,178,173,10.0,6.0,14.0,14.0,-124.0
InferiorIschemia_011,III,1,InferiorIschemia,-606,QR,1,0.0833,0,643,1,249,500,,,,,,,,,,1,2,-2.0,6,7,-2.0,11,29,-36.0,,,,46,45,2.0,51,54,-6.0,179,110,138.0,179,173,12.0,4.0,14.0,18.0,-126.0
InferiorIschemia_011,aVR,1,InferiorIschemia,-606,QS,1,0.0399,0,643,1,249,500,,,,,,,,,,1,2,-2.0,28,29,-2.0,,,,,,,47,45,4.0,52,54,-4.0,179,112,134.0,179,173,12.0,6.0,14.0,16.0,-122.0
InferiorIschemia_012,aVR,1,InferiorIschemia,-606,QS,1,0.0319,0,642,1,249,500,,,,,,,,,,0,2,-4.0,29,30,-2.0,,,,,,,49,45,8.0,65,64,2.0,135,136,-2.0,207,181,52.0,12.0,56.0,50.0,54.0
InferiorIschemia_012,I,1,InferiorIschemia,-606,R,1,0.0428,0,642,1,249,500,,,,,,,,,,0,2,-4.0,,,,16,16,0.0,,,,49,45,8.0,65,64,2.0,140,141,-2.0,191,176,30.0,12.0,34.0,28.0,32.0
InferiorIschemia_012,II,1,InferiorIschemia,-606,R,1,0.0304,0,642,1,249,500,,,,,,,,,,0,2,-4.0,,,,11,29,-36.0,,,,49,45,8.0,65,55,20.0,189,115,148.0,189,189,0.0,12.0,4.0,-20.0,-148.0
InferiorIschemia_012,III,1,InferiorIschemia,-606,QR,1,0.0799,0,642,1,249,500,,,,,,,,,,0,2,-4.0,16,16,0.0,29,29,0.0,,,,48,45,6.0,64,64,0.0,144,86,116.0,185,184,2.0,10.0,6.0,2.0,-114.0
InferiorIschemia_012,aVL,1,InferiorIschemia,-606,RS,1,0.0562,0,642,1,249,500,,,,,,,,,,0,2,-4.0,,,,9,16,-14.0,29,29,0.0,48,45,6.0,64,83,-38.0,142,143,-2.0,186,172,28.0,10.0,32.0,66.0,30.0
InferiorIschemia_012,aVF,1,InferiorIschemia,-606,qRS,1,0.0545,0,642,1,249,500,,,,,,,,,,0,2,-4.0,7,16,-18.0,11,29,-36.0,15,,,49,45,8.0,65,52,26.0,146,95,102.0,188,191,-6.0,12.0,-2.0,-32.0,-108.0
InferiorIschemia_012,V1,1,InferiorIschemia,-606,rS,1,0.0628,0,642,1,249,500,,,,,,,,,,0,2,-4.0,,28,,6,,,28,,,49,45,8.0,63,79,-32.0,144,144,0.0,184,175,18.0,12.0,22.0,50.0,18.0
InferiorIschemia_012,V2,1,InferiorIschemia,-606,rS,1,0.0536,0,642,1,249,500,,,,,,,,,,0,2,-4.0,,24,,8,,,24,,,49,45,8.0,65,61,8.0,142,142,0.0,184,199,-30.0,12.0,-26.0,-38.0,-30.0
InferiorIschemia_012,V3,1,InferiorIschemia,-606,QS,1,0.0615,0,642,1,249,500,,,,,,,,,,0,2,-4.0,16,16,0.0,,,,,,,49,45,8.0,65,67,-4.0,141,141,0.0,185,188,-6.0,12.0,-2.0,-2.0,-6.0
InferiorIschemia_012,V4,1,InferiorIschemia,-606,QR,1,0.0531,0,642,1,249,500,,,,,,,,,,0,2,-4.0,16,16,0.0,32,32,0.0,,,,49,45,8.0,65,74,-18.0,141,141,0.0,188,182,12.0,12.0,16.0,30.0,12.0
InferiorIschemia_012,V5,1,InferiorIschemia,-606,qR,1,0.0362,0,642,1,249,500,,,,,,,,,,0,2,-4.0,8,8,0.0,31,32,-2.0,,,,49,45,8.0,65,58,14.0,140,140,0.0,205,179,52.0,12.0,56.0,38.0,52.0
InferiorIschemia_012,V6,1,InferiorIschemia,-606,R,1,0.0305,0,642,1,249,500,,,,,,,,,,0,2,-4.0,,,,32,33,-2.0,,,,49,45,8.0,65,46,38.0,147,79,136.0,206,179,54.0,12.0,58.0,16.0,-82.0
InferiorIschemia_013,aVF,1,InferiorIschemia,-610,qR,1,0.0538,0,623,1,245,500,,,,,,,,,,1,2,-2.0,13,14,-2.0,24,24,0.0,,,,44,44,0.0,55,49,12.0,180,101,158.0,180,171,18.0,2.0,20.0,6.0,-140.0
InferiorIschemia_013,I,1,InferiorIschemia,-610,R,1,0.0361,0,623,1,245,500,,,,,,,,,,1,2,-2.0,,,,7,29,-44.0,,,,44,44,0.0,59,44,30.0,176,130,92.0,176,161,30.0,2.0,32.0,0.0,-62.0
InferiorIschemia_013,II,1,InferiorIschemia,-610,R,1,0.0346,0,623,1,245,500,,,,,,,,,,1,2,-2.0,,,,24,25,-2.0,,,,44,44,0.0,53,49,8.0,178,106,144.0,178,171,14.0,2.0,16.0,6.0,-130.0
InferiorIschemia_013,aVL,1,InferiorIschemia,-610,rS,1,0.0556,0,623,1,245,500,,,,,,,,,,1,2,-2.0,,9,,6,14,-16.0,22,23,-2.0,44,44,0.0,56,46,20.0,138,139,-2.0,178,171,14.0,2.0,16.0,-6.0,16.0
InferiorIschemia_013,V1,1,InferiorIschemia,-610,rS,1,0.0679,0,623,1,245,500,,,,,,,,,,1,2,-2.0,,,,5,6,-2.0,24,24,0.0,44,44,0.0,53,68,-30.0,143,143,0.0,179,171,16.0,2.0,18.0,46.0,16.0
InferiorIschemia_013,V3,1,InferiorIschemia,-610,QRs,1,0.0713,0,623,1,245,500,,,,,,,,,,1,2,-2.0,9,9,0.0,15,15,0.0,24,,,44,44,0.0,54,74,-40.0,144,145,-2.0,178,171,14.0,2.0,16.0,54.0,16.0
InferiorIschemia_013,V4,1,InferiorIschemia,-610,qR,1,0.0566,0,623,1,245,500,,,,,,,,,,1,2,-2.0,9,9,0.0,26,26,0.0,,,,44,44,0.0,54,97,-86.0,148,149,-2.0,179,171,16.0,2.0,18.0,102.0,18.0
InferiorIschemia_013,V5,1,InferiorIschemia,-610,qR,1,0.0371,0,623,1,245,500,,,,,,,,,,1,2,-2.0,8,8,0.0,27,27,0.0,,,,44,44,0.0,55,49,12.0,180,108,144.0,180,171,18.0,2.0,20.0,6.0,-126.0
InferiorIschemia_013,V6,1,InferiorIschemia,-610,qR,1,0.033,0,623,1,245,500,,,,,,,,,,1,2,-2.0,8,8,0.0,30,31,-2.0,,,,44,44,0.0,54,46,16.0,151,99,104.0,181,171,20.0,2.0,22.0,4.0,-84.0
InferiorIschemia_013,III,1,InferiorIschemia,-610,qR,1,0.0858,0,623,1,245,500,,,,,,,,,,1,2,-2.0,13,14,-2.0,23,24,-2.0,,,,44,44,0.0,54,49,10.0,180,94,172.0,180,171,18.0,2.0,20.0,8.0,-154.0
InferiorIschemia_013,aVR,1,InferiorIschemia,-610,QS,1,0.0282,0,623,1,245,500,,,,,,,,,,1,2,-2.0,25,26,-2.0,,,,,,,44,44,0.0,60,49,22.0,183,111,144.0,183,171,24.0,2.0,26.0,2.0,-120.0
InferiorIschemia_013,V2,1,InferiorIschemia,-610,rS,1,0.0628,0,623,1,245,500,,,,,,,,,,1,2,-2.0,,9,,4,14,-20.0,24,24,0.0,44,44,0.0,54,49,10.0,143,143,0.0,179,171,16.0,2.0,18.0,6.0,16.0
InferiorIschemia_014,I,1,InferiorIschemia,-609,R,1,0.0745,0,638,1,246,500,,,,,,,,,,1,2,-2.0,,,,14,25,-22.0,,,,42,42,0.0,55,59,-8.0,134,134,0.0,174,178,-8.0,2.0,-6.0,0.0,-8.0
InferiorIschemia_014,II,1,InferiorIschemia,-609,R,1,0.0571,0,638,1,246,500,,,,,,,,,,1,2,-2.0,,,,26,26,0.0,,,,42,42,0.0,55,43,24.0,175,113,124.0,175,176,-2.0,2.0,0.0,-26.0,-126.0
InferiorIschemia_014,III,1,InferiorIschemia,-609,qR,1,0.1324,0,638,1,246,500,,,,,,,,,,1,2,-2.0,14,8,12.0,26,26,0.0,,,,42,42,0.0,55,43,24.0,176,107,138.0,176,181,-10.0,2.0,-8.0,-34.0,-148.0
InferiorIschemia_014,aVR,1,InferiorIschemia,-609,QS,1,0.0503,0,638,1,246,500,,,,,,,,,,1,2,-2.0,25,26,-2.0,,,,,,,42,42,0.0,56,51,10.0,178,120,116.0,178,174,8.0,2.0,10.0,-2.0,-108.0
InferiorIschemia_014,aVL,1,InferiorIschemia,-609,rS,1,0.0879,0,638,1,246,500,,,,,,,,,,1,2,-2.0,,,,8,15,-14.0,26,26,0.0,42,42,0.0,55,51,8.0,138,88,100.0,176,174,4.0,2.0,6.0,-4.0,-96.0
InferiorIschemia_014,aVF,1,InferiorIschemia,-609,R,1,0.0862,0,638,1,246,500,,,,,,,,,,1,2,-2.0,,,,26,26,0.0,,,,42,42,0.0,55,51,8.0,176,111,130.0,176,179,-6.0,2.0,-4.0,-14.0,-136.0
InferiorIschemia_014,V2,1,InferiorIschemia,-609,rS,1,0.1131,0,638,1,246,500,,,,,,,,,,1,2,-2.0,,,,7,15,-16.0,26,27,-2.0,42,42,0.0,55,66,-22.0,142,142,0.0,175,167,16.0,2.0,18.0,38.0,16.0
InferiorIschemia_014,V3,1,InferiorIschemia,-609,qRs,1,0.121,0,638,1,246,500,,,,,,,,,,1,2,-2.0,10,10,0.0,15,16,-2.0,31,32,-2.0,42,42,0.0,53,71,-36.0,143,143,0.0,174,174,0.0,2.0,2.0,36.0,0.0
InferiorIschemia_014,V4,1,InferiorIschemia,-609,qR,1,0.0996,0,638,1,246,500,,,,,,,,,,1,2,-2.0,9,9,0.0,16,24,-16.0,,,,42,42,0.0,53,69,-32.0,145,146,-2.0,174,167,14.0,2.0,16.0,46.0,16.0
InferiorIschemia_014,V5,1,InferiorIschemia,-609,qR,1,0.0662,0,638,1,246,500,,,,,,,,,,1,2,-2.0,7,,,26,26,0.0,,,,42,42,0.0,55,58,-6.0,177,116,122.0,177,167,20.0,2.0,22.0,26.0,-102.0
InferiorIschemia_014,V6,1,InferiorIschemia,-609,qR,1,0.0606,0,638,1,246,500,,,,,,,,,,1,2,-2.0,8,8,0.0,28,28,0.0,,,,42,42,0.0,56,51,10.0,178,104,148.0,178,172,12.0,2.0,14.0,2.0,-136.0
InferiorIschemia_014,V1,1,InferiorIschemia,-609,rS,1,0.1084,0,638,1,246,500,,,,,,,,,,1,2,-2.0,,,,7,8,-2.0,26,26,0.0,42,42,0.0,53,51,4.0,142,142,0.0,176,167,18.0,2.0,20.0,14.0,18.0
InferiorIschemia_015,aVR,1,InferiorIschemia,-608,QS,1,0.0095,0,637,1,247,500,,,,,,,,,,0,3,-6.0,27,27,0.0,,,,,,,43,42,2.0,65,49,32.0,192,122,140.0,192,171,42.0,8.0,48.0,10.0,-98.0
InferiorIschemia_015,II,1,InferiorIschemia,-608,qR,1,0.0098,0,637,1,247,500,,,,,,,,,,0,3,-6.0,5,,,26,26,0.0,,,,43,42,2.0,64,49,30.0,178,103,150.0,178,171,14.0,8.0,20.0,-16.0,-136.0
InferiorIschemia_015,III,1,InferiorIschemia,-608,qR,1,0.0348,0,637,1,247,500,,,,,,,,,,0,3,-6.0,12,13,-2.0,25,25,0.0,,,,43,42,2.0,51,46,10.0,140,91,98.0,180,174,12.0,8.0,18.0,2.0,-86.0
InferiorIschemia_015,V1,1,InferiorIschemia,-608,rS,1,0.0288,0,637,1,247,500,,,,,,,,,,0,3,-6.0,,23,,5,,,23,,,43,42,2.0,60,59,2.0,142,142,0.0,183,171,24.0,8.0,30.0,22.0,24.0
InferiorIschemia_015,V2,1,InferiorIschemia,-608,rS,1,0.0283,0,637,1,247,500,,,,,,,,,,0,3,-6.0,,15,,4,,,15,,,43,42,2.0,65,70,-10.0,141,142,-2.0,190,171,38.0,8.0,44.0,48.0,40.0
InferiorIschemia_015,V3,1,InferiorIschemia,-608,QR,1,0.0271,0,637,1,247,500,,,,,,,,,,0,3,-6.0,10,10,0.0,26,26,0.0,,,,42,42,0.0,65,72,-14.0,144,144,0.0,184,171,26.0,6.0,32.0,40.0,26.0
InferiorIschemia_015,V4,1,InferiorIschemia,-608,qR,1,0.0211,0,637,1,247,500,,,,,,,,,,0,3,-6.0,9,9,0.0,27,27,0.0,,,,42,42,0.0,65,82,-34.0,150,150,0.0,190,171,38.0,6.0,44.0,72.0,38.0
InferiorIschemia_015,I,1,InferiorIschemia,-608,R,1,0.0122,0,637,1,247,500,,,,,,,,,,0,3,-6.0,,,,8,13,-10.0,,,,42,42,0.0,64,49,30.0,135,135,0.0,177,171,12.0,6.0,18.0,-18.0,12.0
InferiorIschemia_015,aVL,1,InferiorIschemia,-608,RS,1,0.0216,0,637,1,247,500,,,,,,,,,,0,3,-6.0,,,,8,13,-10.0,22,22,0.0,42,42,0.0,60,49,22.0,138,138,0.0,176,171,10.0,6.0,16.0,-12.0,10.0
InferiorIschemia_015,aVF,1,InferiorIschemia,-608,qR,1,0.0195,0,637,1,247,500,,,,,,,,,,0,3,-6.0,6,,,25,26,-2.0,,,,43,42,2.0,62,49,26.0,177,97,160.0,177,171,12.0,8.0,18.0,-14.0,-148.0
InferiorIschemia_015,V5,1,InferiorIschemia,-608,qR,1,0.0129,0,637,1,247,500,,,,,,,,,,0,3,-6.0,8,9,-2.0,27,27,0.0,,,,43,42,2.0,65,49,32.0,190,107,166.0,190,171,38.0,8.0,44.0,6.0,-128.0
InferiorIschemia_015,V6,1,InferiorIschemia,-608,qR,1,0.0121,0,637,1,247,500,,,,,,,,,,0,3,-6.0,8,8,0.0,28,29,-2.0,,,,43,42,2.0,65,49,32.0,190,98,184.0,190,171,38.0,8.0,44.0,6.0,-146.0
InferiorIschemia_016,aVR,1,InferiorIschemia,-610,QS,1,0.0361,0,639,1,245,500,,,,,,,,,,0,2,-4.0,25,25,0.0,,,,,,,42,41,2.0,59,44,30.0,136,136,0.0,182,180,4.0,6.0,8.0,-26.0,4.0
InferiorIschemia_016,I,1,InferiorIschemia,-610,Rs,1,0.0504,0,639,1,245,500,,,,,,,,,,0,2,-4.0,,,,7,15,-16.0,19,19,0.0,42,41,2.0,59,63,-8.0,138,138,0.0,177,171,12.0,6.0,16.0,20.0,12.0
InferiorIschemia_016,II,1,InferiorIschemia,-610,R,1,0.0431,0,639,1,245,500,,,,,,,,,,0,2,-4.0,,,,25,25,0.0,,,,42,41,2.0,60,69,-18.0,177,125,104.0,177,171,12.0,6.0,16.0,30.0,-92.0
InferiorIschemia_016,aVL,1,InferiorIschemia,-610,rS,1,0.085,0,639,1,245,500,,,,,,,,,,0,2,-4.0,,,,6,6,0.0,20,21,-2.0,42,41,2.0,58,41,34.0,139,91,96.0,177,171,12.0,6.0,16.0,-22.0,-84.0
InferiorIschemia_016,V1,1,InferiorIschemia,-610,rS,1,0.0923,0,639,1,245,500,,,,,,,,,,0,2,-4.0,,,,4,10,-12.0,23,23,0.0,42,41,2.0,58,56,4.0,141,141,0.0,178,171,14.0,6.0,18.0,10.0,14.0
InferiorIschemia_016,V2,1,InferiorIschemia,-610,rS,1,0.0805,0,639,1,245,500,,,,,,,,,,0,2,-4.0,,21,,4,,,21,,,42,41,2.0,60,59,2.0,141,141,0.0,179,171,16.0,6.0,20.0,14.0,16.0
InferiorIschemia_016,V3,1,InferiorIschemia,-610,QR,1,0.0846,0,639,1,245,500,,,,,,,,,,0,2,-4.0,14,13,2.0,27,27,0.0,,,,41,41,0.0,60,65,-10.0,142,142,0.0,180,171,18.0,4.0,22.0,28.0,18.0
InferiorIschemia_016,V4,1,InferiorIschemia,-610,qR,1,0.0688,0,639,1,245,500,,,,,,,,,,0,2,-4.0,9,9,0.0,26,27,-2.0,,,,42,41,2.0,58,44,28.0,154,99,110.0,179,178,2.0,6.0,6.0,-26.0,-108.0
InferiorIschemia_016,V6,1,InferiorIschemia,-610,R,1,0.0388,0,639,1,245,500,,,,,,,,,,0,2,-4.0,,9,,26,26,0.0,,,,42,41,2.0,59,43,32.0,179,104,150.0,179,171,16.0,6.0,20.0,-16.0,-134.0
InferiorIschemia_016,III,1,InferiorIschemia,-610,qR,1,0.1247,0,639,1,245,500,,,,,,,,,,0,2,-4.0,6,6,0.0,10,29,-38.0,,,,42,41,2.0,59,44,30.0,179,99,160.0,179,171,16.0,6.0,20.0,-14.0,-144.0
InferiorIschemia_016,aVF,1,InferiorIschemia,-610,R,1,0.078,0,639,1,245,500,,,,,,,,,,0,2,-4.0,,,,11,26,-30.0,,,,42,41,2.0,59,44,30.0,178,113,130.0,178,171,14.0,6.0,18.0,-16.0,-116.0
InferiorIschemia_016,V5,1,InferiorIschemia,-610,qR,1,0.0437,0,639,1,245,500,,,,,,,,,,0,2,-4.0,9,9,0.0,24,24,0.0,,,,42,41,2.0,60,44,32.0,181,118,126.0,181,171,20.0,6.0,24.0,-12.0,-106.0
InferiorIschemia_017,I,1,InferiorIschemia,-612,R,1,0.0382,0,638,1,243,500,,,,,,,,,,1,2,-2.0,,,,15,24,-18.0,,,,39,38,2.0,62,42,40.0,135,136,-2.0,174,168,12.0,4.0,14.0,-28.0,14.0
InferiorIschemia_017,II,1,InferiorIschemia,-612,R,1,0.0341,0,638,1,243,500,,,,,,,,,,1,2,-2.0,,,,11,25,-28.0,,,,39,38,2.0,63,48,30.0,175,127,96.0,175,168,14.0,4.0,16.0,-16.0,-82.0
InferiorIschemia_017,III,1,InferiorIschemia,-612,QR,1,0.0811,0,638,1,243,500,,,,,,,,,,1,2,-2.0,14,14,0.0,25,25,0.0,,,,38,38,0.0,62,52,20.0,139,95,88.0,177,168,18.0,2.0,20.0,-2.0,-70.0
InferiorIschemia_017,V1,1,InferiorIschemia,-612,rS,1,0.083,0,638,1,243,500,,,,,,,,,,1,2,-2.0,,17,,3,,,16,,,38,38,0.0,45,64,-38.0,142,142,0.0,177,168,18.0,2.0,20.0,56.0,18.0
InferiorIschemia_017,V2,1,InferiorIschemia,-612,Qrs,1,0.0779,0,638,1,243,500,,,,,,,,,,1,2,-2.0,11,12,-2.0,23,24,-2.0,27,,,38,38,0.0,62,66,-8.0,145,145,0.0,178,168,20.0,2.0,22.0,28.0,20.0
InferiorIschemia_017,V3,1,InferiorIschemia,-612,qR,1,0.0717,0,638,1,243,500,,,,,,,,,,1,2,-2.0,10,10,0.0,23,23,0.0,,,,39,38,2.0,41,72,-62.0,148,148,0.0,176,168,16.0,4.0,18.0,78.0,16.0
InferiorIschemia_017,V4,1,InferiorIschemia,-612,qR,1,0.0599,0,638,1,243,500,,,,,,,,,,1,2,-2.0,9,9,0.0,21,21,0.0,,,,39,38,2.0,41,72,-62.0,148,148,0.0,177,168,18.0,4.0,20.0,80.0,18.0
InferiorIschemia_017,aVR,1,InferiorIschemia,-612,QS,1,0.0339,0,638,1,243,500,,,,,,,,,,1,2,-2.0,24,25,-2.0,,,,,,,39,38,2.0,64,42,44.0,180,133,94.0,180,168,24.0,4.0,26.0,-20.0,-70.0
InferiorIschemia_017,aVL,1,InferiorIschemia,-612,R,1,0.0636,0,638,1,243,500,,,,,,,,,,1,2,-2.0,,,,10,15,-10.0,,,,38,38,0.0,61,42,38.0,137,137,0.0,174,168,12.0,2.0,14.0,-26.0,12.0
InferiorIschemia_017,aVF,1,InferiorIschemia,-612,R,1,0.0506,0,638,1,243,500,,,,,,,,,,1,2,-2.0,,14,,11,25,-28.0,,,,39,38,2.0,62,42,40.0,176,106,140.0,176,168,16.0,4.0,18.0,-24.0,-124.0
InferiorIschemia_017,V5,1,InferiorIschemia,-612,R,1,0.0457,0,638,1,243,500,,,,,,,,,,1,2,-2.0,,,,20,20,0.0,,,,38,38,0.0,62,42,40.0,180,103,154.0,180,168,24.0,2.0,26.0,-16.0,-130.0
InferiorIschemia_017,V6,1,InferiorIschemia,-612,R,1,0.0432,0,638,1,243,500,,,,,,,,,,1,2,-2.0,,,,26,26,0.0,,,,39,38,2.0,62,42,40.0,180,99,162.0,180,168,24.0,4.0,26.0,-16.0,-138.0
InferiorIschemia_018,II,1,InferiorIschemia,-609,R,1,0.0422,0,638,1,246,500,,,,,,,,,,1,2,-2.0,,,,24,24,0.0,,,,41,43,-4.0,65,51,28.0,140,140,0.0,175,172,6.0,-2.0,8.0,-22.0,6.0
InferiorIschemia_018,III,1,InferiorIschemia,-609,RS,1,0.0854,0,638,1,246,500,,,,,,,,,,1,2,-2.0,,16,,7,20,-26.0,26,26,0.0,41,43,-4.0,65,70,-10.0,151,151,0.0,176,184,-16.0,-2.0,-14.0,-6.0,-16.0
InferiorIschemia_018,aVR,1,InferiorIschemia,-609,QS,1,0.0393,0,638,1,246,500,,,,,,,,,,1,2,-2.0,24,25,-2.0,,,,,,,41,43,-4.0,65,48,34.0,139,139,0.0,176,174,4.0,-2.0,6.0,-30.0,4.0
InferiorIschemia_018,aVF,1,InferiorIschemia,-609,R,1,0.0599,0,638,1,246,500,,,,,,,,,,1,2,-2.0,,,,14,23,-18.0,,,,41,43,-4.0,65,62,6.0,141,141,0.0,175,179,-8.0,-2.0,-6.0,-14.0,-8.0
InferiorIschemia_018,V1,1,InferiorIschemia,-609,rS,1,0.0917,0,638,1,246,500,,,,,,,,,,1,2,-2.0,,20,,3,,,20,,,41,43,-4.0,65,68,-6.0,141,141,0.0,175,169,12.0,-2.0,14.0,18.0,12.0
InferiorIschemia_018,V2,1,InferiorIschemia,-609,QS,1,0.0781,0,638,1,246,500,,,,,,,,,,0,2,-4.0,17,17,0.0,,,,,,,41,43,-4.0,65,72,-14.0,144,144,0.0,176,169,14.0,0.0,18.0,28.0,14.0
InferiorIschemia_018,V3,1,InferiorIschemia,-609,qR,1,0.0695,0,638,1,246,500,,,,,,,,,,0,2,-4.0,10,11,-2.0,27,27,0.0,,,,41,43,-4.0,65,76,-22.0,149,149,0.0,175,169,12.0,0.0,16.0,34.0,12.0
InferiorIschemia_018,V4,1,InferiorIschemia,-609,qR,1,0.0646,0,638,1,246,500,,,,,,,,,,1,2,-2.0,9,10,-2.0,26,27,-2.0,,,,41,43,-4.0,65,76,-22.0,148,148,0.0,176,169,14.0,-2.0,16.0,36.0,14.0
InferiorIschemia_018,V5,1,InferiorIschemia,-609,R,1,0.0483,0,638,1,246,500,,,,,,,,,,1,2,-2.0,,,,24,24,0.0,,,,41,43,-4.0,65,51,28.0,176,122,108.0,176,169,14.0,-2.0,16.0,-14.0,-94.0
InferiorIschemia_018,I,1,InferiorIschemia,-609,R,1,0.0447,0,638,1,246,500,,,,,,,,,,1,2,-2.0,,,,25,25,0.0,,,,41,43,-4.0,65,51,28.0,138,139,-2.0,175,169,12.0,-2.0,14.0,-16.0,14.0
InferiorIschemia_018,aVL,1,InferiorIschemia,-609,R,1,0.0636,0,638,1,246,500,,,,,,,,,,1,2,-2.0,,,,16,25,-18.0,,,,41,43,-4.0,65,51,28.0,175,137,76.0,175,169,12.0,-2.0,14.0,-16.0,-64.0
InferiorIschemia_018,V6,1,InferiorIschemia,-609,R,1,0.0455,0,638,1,246,500,,,,,,,,,,1,2,-2.0,,,,25,25,0.0,,,,41,43,-4.0,65,51,28.0,176,102,148.0,176,169,14.0,-2.0,16.0,-14.0,-134.0
InferiorIschemia_019,I,1,InferiorIschemia,-612,R,1,0.0192,0,638,1,243,500,,,,,,,,,,0,2,-4.0,,,,8,24,-32.0,,,,50,32,36.0,65,46,38.0,125,125,0.0,176,168,16.0,40.0,20.0,-22.0,16.0
InferiorIschemia_019,II,1,InferiorIschemia,-612,R,1,0.0185,0,638,1,243,500,,,,,,,,,,0,2,-4.0,,,,10,22,-24.0,,,,44,32,24.0,65,66,-2.0,176,107,138.0,176,173,6.0,28.0,10.0,8.0,-132.0
InferiorIschemia_019,III,1,InferiorIschemia,-612,QR,1,0.0573,0,638,1,243,500,,,,,,,,,,0,2,-4.0,13,13,0.0,19,20,-2.0,,,,45,32,26.0,64,52,24.0,134,87,94.0,178,173,10.0,30.0,14.0,-14.0,-84.0
InferiorIschemia_019,aVR,1,InferiorIschemia,-612,QS,1,0.017,0,638,1,243,500,,,,,,,,,,0,2,-4.0,22,22,0.0,,,,,,,43,32,22.0,65,72,-14.0,178,108,140.0,178,173,10.0,26.0,14.0,24.0,-130.0
InferiorIschemia_019,aVL,1,InferiorIschemia,-612,Rs,1,0.0359,0,638,1,243,500,,,,,,,,,,0,2,-4.0,,,,7,13,-12.0,17,17,0.0,45,32,26.0,65,47,36.0,129,129,0.0,176,173,6.0,30.0,10.0,-30.0,6.0
InferiorIschemia_019,aVF,1,InferiorIschemia,-612,QR,1,0.0345,0,638,1,243,500,,,,,,,,,,0,2,-4.0,6,,,10,21,-22.0,,,,45,32,26.0,65,66,-2.0,177,106,142.0,177,173,8.0,30.0,12.0,10.0,-134.0
InferiorIschemia_019,V1,1,InferiorIschemia,-612,rS,1,0.0436,0,638,1,243,500,,,,,,,,,,0,2,-4.0,,14,,3,,,13,,,45,32,26.0,65,55,20.0,142,142,0.0,178,173,10.0,30.0,14.0,-10.0,10.0
InferiorIschemia_019,V2,1,InferiorIschemia,-612,QRs,1,0.0443,0,638,1,243,500,,,,,,,,,,0,2,-4.0,9,11,-4.0,23,31,-16.0,48,,,48,32,32.0,66,68,-4.0,142,142,0.0,179,173,12.0,36.0,16.0,16.0,12.0
InferiorIschemia_019,V3,1,InferiorIschemia,-612,qR,1,0.0456,0,638,1,243,500,,,,,,,,,,0,2,-4.0,9,8,2.0,24,24,0.0,,,,45,32,26.0,67,46,42.0,154,96,116.0,178,173,10.0,30.0,14.0,-32.0,-106.0
InferiorIschemia_019,V4,1,InferiorIschemia,-612,qR,1,0.0424,0,638,1,243,500,,,,,,,,,,0,2,-4.0,8,8,0.0,22,22,0.0,,,,46,32,28.0,66,46,40.0,153,72,162.0,177,176,2.0,32.0,6.0,-38.0,-160.0
InferiorIschemia_019,V5,1,InferiorIschemia,-612,qR,1,0.026,0,638,1,243,500,,,,,,,,,,0,2,-4.0,7,,,23,24,-2.0,,,,44,32,24.0,65,33,64.0,177,103,148.0,177,173,8.0,28.0,12.0,-56.0,-140.0
InferiorIschemia_019,V6,1,InferiorIschemia,-612,R,1,0.0224,0,638,1,243,500,,,,,,,,,,0,2,-4.0,,,,23,22,2.0,,,,46,32,28.0,65,36,58.0,151,103,96.0,176,173,6.0,32.0,10.0,-52.0,-90.0
InferiorIschemia_020,II,1,InferiorIschemia,-612,R,1,0.0513,0,632,1,243,500,,,,,,,,,,1,2,-2.0,,,,10,23,-26.0,,,,38,37,2.0,58,69,-22.0,176,109,134.0,176,171,10.0,4.0,12.0,32.0,-124.0
InferiorIschemia_020,I,1,InferiorIschemia,-612,R,1,0.0623,0,632,1,243,500,,,,,,,,,,1,2,-2.0,,,,7,30,-46.0,,,,38,37,2.0,57,46,22.0,163,106,114.0,176,168,16.0,4.0,18.0,-6.0,-98.0
InferiorIschemia_020,III,1,InferiorIschemia,-612,qR,1,0.0923,0,632,1,243,500,,,,,,,,,,1,2,-2.0,7,7,0.0,23,23,0.0,,,,38,37,2.0,57,48,18.0,176,151,50.0,176,171,10.0,4.0,12.0,-8.0,-40.0
InferiorIschemia_020,aVR,1,InferiorIschemia,-612,QS,1,0.0512,0,632,1,243,500,,,,,,,,,,1,2,-2.0,22,23,-2.0,,,,,,,38,37,2.0,58,50,16.0,178,110,136.0,178,171,14.0,4.0,16.0,-2.0,-122.0
InferiorIschemia_020,aVL,1,InferiorIschemia,-612,RS,1,0.0704,0,632,1,243,500,,,,,,,,,,1,2,-2.0,,,,7,7,0.0,23,23,0.0,39,37,4.0,41,43,-4.0,153,130,46.0,176,171,10.0,6.0,12.0,14.0,-36.0
InferiorIschemia_020,aVF,1,InferiorIschemia,-612,qR,1,0.0752,0,632,1,243,500,,,,,,,,,,1,2,-2.0,6,,,23,23,0.0,,,,38,37,2.0,57,66,-18.0,176,109,134.0,176,171,10.0,4.0,12.0,28.0,-124.0
InferiorIschemia_020,V1,1,InferiorIschemia,-612,rS,1,0.1039,0,632,1,243,500,,,,,,,,,,1,2,-2.0,,16,,4,,,15,,,39,37,4.0,40,59,-38.0,141,141,0.0,178,171,14.0,6.0,16.0,52.0,14.0
InferiorIschemia_020,V2,1,InferiorIschemia,-612,QR,1,0.0984,0,632,1,243,500,,,,,,,,,,1,2,-2.0,9,9,0.0,22,22,0.0,,,,39,37,4.0,41,62,-42.0,142,142,0.0,177,171,12.0,6.0,14.0,54.0,12.0
InferiorIschemia_020,V3,1,InferiorIschemia,-612,qR,1,0.1054,0,632,1,243,500,,,,,,,,,,1,2,-2.0,9,9,0.0,23,24,-2.0,,,,39,37,4.0,40,67,-54.0,146,146,0.0,177,171,12.0,6.0,14.0,66.0,12.0
InferiorIschemia_020,V4,1,InferiorIschemia,-612,qR,1,0.086,0,632,1,243,500,,,,,,,,,,1,2,-2.0,7,,,23,24,-2.0,,,,39,37,4.0,40,85,-90.0,149,150,-2.0,176,171,10.0,6.0,12.0,100.0,12.0
InferiorIschemia_020,V5,1,InferiorIschemia,-612,R,1,0.0643,0,632,1,243,500,,,,,,,,,,1,2,-2.0,,,,24,24,0.0,,,,39,37,4.0,41,49,-16.0,178,102,152.0,178,171,14.0,6.0,16.0,30.0,-138.0
InferiorIschemia_020,V6,1,InferiorIschemia,-612,qR,1,0.0577,0,632,1,243,500,,,,,,,,,,1,2,-2.0,5,,,28,29,-2.0,,,,38,37,2.0,44,37,14.0,147,100,94.0,178,173,10.0,4.0,12.0,-4.0,-84.0
AnteriorInfarction_001,I,1,AnteriorInfarction,-613,RS,1,0.0078,0,638,1,242,500,,,,,,,,,,0,0,0.0,,13,,7,30,-46.0,12,,,45,42,6.0,57,46,22.0,162,161,2.0,242,249,-14.0,6.0,-14.0,-36.0,-16.0
AnteriorInfarction_001,III,1,AnteriorInfarction,-613,rS,1,0.0101,0,638,1,242,500,,,,,,,,,,0,0,0.0,,,,5,16,-22.0,30,30,0.0,45,42,6.0,57,46,22.0,143,143,0.0,240,251,-22.0,6.0,-22.0,-44.0,-22.0
AnteriorInfarction_001,aVR,1,AnteriorInfarction,-613,QS,1,0.006,0,638,1,242,500,,,,,,,,,,0,0,0.0,23,23,0.0,,,,,,,45,42,6.0,58,76,-36.0,140,140,0.0,247,255,-16.0,6.0,-16.0,20.0,-16.0
AnteriorInfarction_001,aVL,1,AnteriorInfarction,-613,QRs,1,0.0112,0,638,1,242,500,,,,,,,,,,0,0,0.0,14,14,0.0,30,30,0.0,44,,,45,42,6.0,56,46,20.0,145,145,0.0,239,252,-26.0,6.0,-26.0,-46.0,-26.0
AnteriorInfarction_001,aVF,1,AnteriorInfarction,-613,Rs,1,0.0062,0,638,1,242,500,,,,,,,,,,0,0,0.0,,,,16,23,-14.0,30,30,0.0,45,42,6.0,58,46,24.0,142,143,-2.0,239,234,10.0,6.0,10.0,-14.0,12.0
AnteriorInfarction_001,V2,1,AnteriorInfarction,-613,rS,1,0.0107,0,638,1,242,500,,,,,,,,,,0,0,0.0,,,,4,5,-2.0,19,19,0.0,45,42,6.0,57,56,2.0,140,140,0.0,254,262,-16.0,6.0,-16.0,-18.0,-16.0
AnteriorInfarction_001,V3,1,AnteriorInfarction,-613,qR,1,0.0088,0,638,1,242,500,,,,,,,,,,0,0,0.0,8,8,0.0,25,25,0.0,,,,45,42,6.0,57,139,-164.0,156,156,0.0,255,269,-28.0,6.0,-28.0,136.0,-28.0
AnteriorInfarction_001,V4,1,AnteriorInfarction,-613,qR,1,0.0081,0,638,1,242,500,,,,,,,,,,0,0,0.0,7,8,-2.0,23,23,0.0,,,,46,42,8.0,58,46,24.0,130,133,-6.0,248,253,-10.0,8.0,-10.0,-34.0,-4.0
AnteriorInfarction_001,V5,1,AnteriorInfarction,-613,qR,1,0.0057,0,638,1,242,500,,,,,,,,,,0,0,0.0,7,7,0.0,22,22,0.0,,,,45,42,6.0,58,96,-76.0,152,152,0.0,250,251,-2.0,6.0,-2.0,74.0,-2.0
AnteriorInfarction_001,V6,1,AnteriorInfarction,-613,R,1,0.0059,0,638,1,242,500,,,,,,,,,,0,0,0.0,,5,,21,22,-2.0,,,,45,42,6.0,58,46,24.0,147,147,0.0,250,252,-4.0,6.0,-4.0,-28.0,-4.0
AnteriorInfarction_001,II,1,AnteriorInfarction,-613,R,1,0.0057,0,638,1,242,500,,,,,,,,,,0,0,0.0,,,,23,23,0.0,,,,45,42,6.0,57,46,22.0,142,142,0.0,238,172,132.0,6.0,132.0,110.0,132.0
AnteriorInfarction_001,V1,1,AnteriorInfarction,-613,RS,1,0.0102,0,638,1,242,500,,,,,,,,,,0,0,0.0,,,,7,7,0.0,20,20,0.0,45,42,6.0,56,46,20.0,141,142,-2.0,253,262,-18.0,6.0,-18.0,-38.0,-16.0
AnteriorInfarction_002,V1,1,AnteriorInfarction,-603,rS,1,0.0011,0,636,1,252,500,,,,,,,,,,0,2,-4.0,,,,7,12,-10.0,33,33,0.0,60,57,6.0,92,66,52.0,153,153,0.0,260,277,-34.0,10.0,-30.0,-86.0,-34.0
AnteriorInfarction_002,I,1,AnteriorInfarction,-603,R,1,0.0016,0,636,1,252,500,,,,,,,,,,0,2,-4.0,,,,8,34,-52.0,,,,61,57,8.0,91,143,-104.0,172,172,0.0,261,277,-32.0,12.0,-28.0,72.0,-32.0
AnteriorInfarction_002,II,1,AnteriorInfarction,-603,R,1,0.0003,0,636,1,252,500,,,,,,,,,,0,2,-4.0,,,,11,12,-2.0,,,,60,57,6.0,89,61,56.0,145,145,0.0,260,281,-42.0,10.0,-38.0,-98.0,-42.0
AnteriorInfarction_002,III,1,AnteriorInfarction,-603,RS,1,0.0006,0,636,1,252,500,,,,,,,,,,0,2,-4.0,,,,11,12,-2.0,35,35,0.0,60,57,6.0,90,61,58.0,146,147,-2.0,260,281,-42.0,10.0,-38.0,-100.0,-40.0
AnteriorInfarction_002,aVR,1,AnteriorInfarction,-603,QS,1,0.0007,0,636,1,252,500,,,,,,,,,,0,2,-4.0,32,32,0.0,,,,,,,61,57,8.0,86,78,16.0,144,144,0.0,259,263,-8.0,12.0,-4.0,-24.0,-8.0
AnteriorInfarction_002,aVL,1,AnteriorInfarction,-603,qRs,1,0.0008,0,636,1,252,500,,,,,,,,,,0,2,-4.0,12,12,0.0,35,35,0.0,60,56,8.0,60,57,6.0,92,61,62.0,149,149,0.0,262,283,-42.0,10.0,-38.0,-104.0,-42.0
AnteriorInfarction_002,aVF,1,AnteriorInfarction,-603,Rs,1,0.0004,0,636,1,252,500,,,,,,,,,,0,2,-4.0,,,,11,12,-2.0,35,36,-2.0,60,57,6.0,91,61,60.0,145,146,-2.0,261,279,-36.0,10.0,-32.0,-96.0,-34.0
AnteriorInfarction_002,V2,1,AnteriorInfarction,-603,RS,1,0.0009,0,636,1,252,500,,,,,,,,,,0,2,-4.0,,,,7,12,-10.0,33,33,0.0,60,57,6.0,92,65,54.0,151,151,0.0,260,282,-44.0,10.0,-40.0,-98.0,-44.0
AnteriorInfarction_002,V3,1,AnteriorInfarction,-603,RS,1,0.001,0,636,1,252,500,,,,,,,,,,0,2,-4.0,,,,7,12,-10.0,33,34,-2.0,60,57,6.0,91,155,-128.0,176,176,0.0,260,283,-46.0,10.0,-42.0,82.0,-46.0
AnteriorInfarction_002,V4,1,AnteriorInfarction,-603,R,1,0.0008,0,636,1,252,500,,,,,,,,,,0,2,-4.0,,8,,4,42,-76.0,,,,60,57,6.0,90,61,58.0,160,161,-2.0,260,282,-44.0,10.0,-40.0,-102.0,-42.0
AnteriorInfarction_002,V5,1,AnteriorInfarction,-603,qR,1,0.0006,0,636,1,252,500,,,,,,,,,,0,2,-4.0,9,9,0.0,32,32,0.0,,,,60,57,6.0,89,61,56.0,158,156,4.0,259,275,-32.0,10.0,-28.0,-88.0,-36.0
AnteriorInfarction_002,V6,1,AnteriorInfarction,-603,qR,1,0.0006,0,636,1,252,500,,,,,,,,,,0,2,-4.0,8,8,0.0,26,26,0.0,,,,60,57,6.0,88,61,54.0,153,153,0.0,260,277,-34.0,10.0,-30.0,-88.0,-34.0
