record_id,lead,disease_class,label_quality,qrs_end_flag,pred_qrs_onset,true_qrs_onset,err_qrs_onset,pred_qrs_offset,true_qrs_offset,err_qrs_offset,pred_t_onset,true_t_onset,err_t_onset,pred_t_peak,true_t_peak,err_t_peak,pred_t_offset,true_t_offset,err_t_offset,bioerr_qrs_duration,bioerr_qt_interval,bioerr_t_duration,bioerr_t_peak_to_end
AnteriorInfarction_001,I,AnteriorInfarction,reviewed,True,10.0,4.0,6.0,96.0,81.0,15.0,248.0,118.0,130.0,324.0,318.0,6.0,502.0,504.0,-2.0,9.0,-8.0,-132.0,-8.0
AnteriorInfarction_001,II,AnteriorInfarction,propagated,False,4.0,4.0,0.0,84.0,81.0,3.0,194.0,118.0,76.0,284.0,283.0,1.0,354.0,504.0,-150.0,3.0,-150.0,-226.0,-151.0
AnteriorInfarction_001,III,AnteriorInfarction,propagated,False,10.0,4.0,6.0,90.0,81.0,9.0,202.0,118.0,84.0,286.0,286.0,0.0,378.0,504.0,-126.0,3.0,-132.0,-210.0,-126.0
AnteriorInfarction_001,aVR,AnteriorInfarction,propagated,False,10.0,4.0,6.0,90.0,81.0,9.0,186.0,118.0,68.0,280.0,280.0,0.0,410.0,504.0,-94.0,3.0,-100.0,-162.0,-94.0
AnteriorInfarction_001,aVL,AnteriorInfarction,propagated,False,10.0,4.0,6.0,90.0,81.0,9.0,208.0,118.0,90.0,290.0,289.0,1.0,492.0,504.0,-12.0,3.0,-18.0,-102.0,-13.0
AnteriorInfarction_001,aVF,AnteriorInfarction,propagated,False,4.0,4.0,0.0,88.0,81.0,7.0,198.0,118.0,80.0,284.0,285.0,-1.0,360.0,504.0,-144.0,7.0,-144.0,-224.0,-143.0
AnteriorInfarction_001,V1,AnteriorInfarction,propagated,False,2.0,4.0,-2.0,84.0,81.0,3.0,166.0,118.0,48.0,282.0,283.0,-1.0,342.0,504.0,-162.0,5.0,-160.0,-210.0,-161.0
AnteriorInfarction_001,V2,AnteriorInfarction,propagated,False,10.0,4.0,6.0,88.0,81.0,7.0,154.0,118.0,36.0,280.0,280.0,0.0,560.0,504.0,56.0,1.0,50.0,20.0,56.0
AnteriorInfarction_001,V3,AnteriorInfarction,propagated,True,4.0,4.0,0.0,102.0,81.0,21.0,198.0,118.0,80.0,312.0,312.0,0.0,420.0,504.0,-84.0,21.0,-84.0,-164.0,-84.0
AnteriorInfarction_001,V4,AnteriorInfarction,propagated,False,4.0,4.0,0.0,90.0,81.0,9.0,100.0,118.0,-18.0,130.0,128.0,2.0,336.0,504.0,-168.0,9.0,-168.0,-150.0,-170.0
AnteriorInfarction_001,V5,AnteriorInfarction,propagated,False,10.0,4.0,6.0,90.0,81.0,9.0,202.0,118.0,84.0,304.0,303.0,1.0,476.0,504.0,-28.0,3.0,-34.0,-112.0,-29.0
AnteriorInfarction_001,V6,AnteriorInfarction,propagated,False,10.0,4.0,6.0,86.0,81.0,5.0,218.0,118.0,100.0,294.0,293.0,1.0,346.0,504.0,-158.0,-1.0,-164.0,-258.0,-159.0
AnteriorInfarction_002,I,AnteriorInfarction,propagated,True,10.0,3.0,7.0,124.0,111.0,13.0,234.0,154.0,80.0,344.0,344.0,0.0,560.0,542.0,18.0,6.0,11.0,-62.0,18.0
AnteriorInfarction_002,II,AnteriorInfarction,propagated,True,10.0,3.0,7.0,116.0,111.0,5.0,210.0,154.0,56.0,290.0,289.0,1.0,478.0,542.0,-64.0,-2.0,-71.0,-120.0,-65.0
AnteriorInfarction_002,III,AnteriorInfarction,propagated,True,10.0,3.0,7.0,118.0,111.0,7.0,218.0,154.0,64.0,292.0,293.0,-1.0,432.0,542.0,-110.0,0.0,-117.0,-174.0,-109.0
AnteriorInfarction_002,aVR,AnteriorInfarction,propagated,True,10.0,3.0,7.0,118.0,111.0,7.0,202.0,154.0,48.0,288.0,287.0,1.0,522.0,542.0,-20.0,0.0,-27.0,-68.0,-21.0
AnteriorInfarction_002,aVL,AnteriorInfarction,propagated,True,10.0,3.0,7.0,122.0,111.0,11.0,226.0,154.0,72.0,298.0,298.0,0.0,558.0,542.0,16.0,4.0,9.0,-56.0,16.0
AnteriorInfarction_002,aVF,AnteriorInfarction,propagated,True,10.0,3.0,7.0,118.0,111.0,7.0,214.0,154.0,60.0,290.0,291.0,-1.0,430.0,542.0,-112.0,0.0,-119.0,-172.0,-111.0
AnteriorInfarction_002,V1,AnteriorInfarction,reviewed,True,0.0,3.0,-3.0,116.0,111.0,5.0,126.0,154.0,-28.0,306.0,306.0,0.0,586.0,542.0,44.0,8.0,47.0,72.0,44.0
AnteriorInfarction_002,V2,AnteriorInfarction,propagated,True,0.0,3.0,-3.0,116.0,111.0,5.0,126.0,154.0,-28.0,302.0,302.0,0.0,560.0,542.0,18.0,8.0,21.0,46.0,18.0
AnteriorInfarction_002,V3,AnteriorInfarction,propagated,True,0.0,3.0,-3.0,124.0,111.0,13.0,198.0,154.0,44.0,352.0,351.0,1.0,568.0,542.0,26.0,16.0,29.0,-18.0,25.0
AnteriorInfarction_002,V4,AnteriorInfarction,propagated,True,10.0,3.0,7.0,124.0,111.0,13.0,228.0,154.0,74.0,320.0,321.0,-1.0,566.0,542.0,24.0,6.0,17.0,-50.0,25.0
AnteriorInfarction_002,V5,AnteriorInfarction,propagated,True,4.0,3.0,1.0,118.0,111.0,7.0,128.0,154.0,-26.0,280.0,279.0,1.0,450.0,542.0,-92.0,6.0,-93.0,-66.0,-93.0
AnteriorInfarction_002,V6,AnteriorInfarction,propagated,True,4.0,3.0,1.0,114.0,111.0,3.0,224.0,154.0,70.0,306.0,306.0,0.0,472.0,542.0,-70.0,2.0,-71.0,-140.0,-70.0
AnteriorInfarction_003,I,AnteriorInfarction,propagated,True,10.0,7.0,3.0,94.0,87.0,7.0,186.0,93.0,93.0,282.0,282.0,0.0,482.0,487.0,-5.0,4.0,-8.0,-98.0,-5.0
AnteriorInfarction_003,II,AnteriorInfarction,propagated,True,0.0,7.0,-7.0,92.0,87.0,5.0,198.0,93.0,105.0,284.0,285.0,-1.0,366.0,487.0,-121.0,12.0,-114.0,-226.0,-120.0
AnteriorInfarction_003,III,AnteriorInfarction,propagated,True,0.0,7.0,-7.0,94.0,87.0,7.0,202.0,93.0,109.0,286.0,285.0,1.0,502.0,487.0,15.0,14.0,22.0,-94.0,14.0
AnteriorInfarction_003,aVR,AnteriorInfarction,propagated,False,2.0,7.0,-5.0,90.0,87.0,3.0,194.0,93.0,101.0,284.0,284.0,0.0,356.0,487.0,-131.0,8.0,-126.0,-232.0,-131.0
AnteriorInfarction_003,aVL,AnteriorInfarction,propagated,True,2.0,7.0,-5.0,96.0,87.0,9.0,210.0,93.0,117.0,288.0,288.0,0.0,504.0,487.0,17.0,14.0,22.0,-100.0,17.0
AnteriorInfarction_003,aVF,AnteriorInfarction,propagated,True,0.0,7.0,-7.0,94.0,87.0,7.0,200.0,93.0,107.0,286.0,285.0,1.0,490.0,487.0,3.0,14.0,10.0,-104.0,2.0
AnteriorInfarction_003,V1,AnteriorInfarction,propagated,True,0.0,7.0,-7.0,96.0,87.0,9.0,106.0,93.0,13.0,294.0,295.0,-1.0,574.0,487.0,87.0,16.0,94.0,74.0,88.0
AnteriorInfarction_003,V2,AnteriorInfarction,propagated,True,0.0,7.0,-7.0,108.0,87.0,21.0,228.0,93.0,135.0,324.0,325.0,-1.0,514.0,487.0,27.0,28.0,34.0,-108.0,28.0
AnteriorInfarction_003,V3,AnteriorInfarction,reviewed,True,4.0,7.0,-3.0,106.0,87.0,19.0,226.0,93.0,133.0,324.0,324.0,0.0,510.0,487.0,23.0,22.0,26.0,-110.0,23.0
AnteriorInfarction_003,V4,AnteriorInfarction,propagated,True,4.0,7.0,-3.0,100.0,87.0,13.0,222.0,93.0,129.0,280.0,280.0,0.0,440.0,487.0,-47.0,16.0,-44.0,-176.0,-47.0
AnteriorInfarction_003,V5,AnteriorInfarction,propagated,True,2.0,7.0,-5.0,94.0,87.0,7.0,230.0,93.0,137.0,308.0,308.0,0.0,350.0,487.0,-137.0,12.0,-132.0,-274.0,-137.0
AnteriorInfarction_003,V6,AnteriorInfarction,propagated,True,4.0,7.0,-3.0,92.0,87.0,5.0,220.0,93.0,127.0,298.0,297.0,1.0,356.0,487.0,-131.0,8.0,-128.0,-258.0,-132.0
AnteriorInfarction_004,I,AnteriorInfarction,propagated,True,10.0,3.0,7.0,108.0,91.0,17.0,272.0,124.0,148.0,338.0,338.0,0.0,512.0,507.0,5.0,10.0,-2.0,-143.0,5.0
AnteriorInfarction_004,II,AnteriorInfarction,propagated,True,2.0,3.0,-1.0,100.0,91.0,9.0,200.0,124.0,76.0,284.0,285.0,-1.0,364.0,507.0,-143.0,10.0,-142.0,-219.0,-142.0
AnteriorInfarction_004,III,AnteriorInfarction,propagated,True,0.0,3.0,-3.0,106.0,91.0,15.0,214.0,124.0,90.0,294.0,294.0,0.0,504.0,507.0,-3.0,18.0,0.0,-93.0,-3.0
AnteriorInfarction_004,aVR,AnteriorInfarction,propagated,True,4.0,3.0,1.0,108.0,91.0,17.0,190.0,124.0,66.0,282.0,282.0,0.0,512.0,507.0,5.0,16.0,4.0,-61.0,5.0
AnteriorInfarction_004,aVL,AnteriorInfarction,propagated,True,4.0,3.0,1.0,106.0,91.0,15.0,232.0,124.0,108.0,308.0,308.0,0.0,508.0,507.0,1.0,14.0,0.0,-107.0,1.0
AnteriorInfarction_004,aVF,AnteriorInfarction,propagated,True,2.0,3.0,-1.0,102.0,91.0,11.0,206.0,124.0,82.0,288.0,288.0,0.0,496.0,507.0,-11.0,12.0,-10.0,-93.0,-11.0
AnteriorInfarction_004,V1,AnteriorInfarction,reviewed,True,0.0,3.0,-3.0,100.0,91.0,9.0,190.0,124.0,66.0,302.0,303.0,-1.0,426.0,507.0,-81.0,12.0,-78.0,-147.0,-80.0
AnteriorInfarction_004,V2,AnteriorInfarction,propagated,True,0.0,3.0,-3.0,100.0,91.0,9.0,162.0,124.0,38.0,308.0,309.0,-1.0,518.0,507.0,11.0,12.0,14.0,-27.0,12.0
AnteriorInfarction_004,V3,AnteriorInfarction,propagated,False,10.0,3.0,7.0,88.0,91.0,-3.0,220.0,124.0,96.0,286.0,287.0,-1.0,566.0,507.0,59.0,-10.0,52.0,-37.0,60.0
AnteriorInfarction_004,V4,AnteriorInfarction,propagated,False,10.0,3.0,7.0,88.0,91.0,-3.0,98.0,124.0,-26.0,284.0,285.0,-1.0,454.0,507.0,-53.0,-10.0,-60.0,-27.0,-52.0
AnteriorInfarction_004,V5,AnteriorInfarction,propagated,True,10.0,3.0,7.0,102.0,91.0,11.0,206.0,124.0,82.0,296.0,296.0,0.0,426.0,507.0,-81.0,4.0,-88.0,-163.0,-81.0
AnteriorInfarction_004,V6,AnteriorInfarction,propagated,False,10.0,3.0,7.0,86.0,91.0,-5.0,208.0,124.0,84.0,288.0,288.0,0.0,354.0,507.0,-153.0,-12.0,-160.0,-237.0,-153.0
AnteriorInfarction_005,I,AnteriorInfarction,propagated,True,10.0,9.0,1.0,98.0,88.0,10.0,188.0,94.0,94.0,274.0,274.0,0.0,494.0,470.0,24.0,9.0,23.0,-70.0,24.0
AnteriorInfarction_005,II,AnteriorInfarction,propagated,True,2.0,9.0,-7.0,94.0,88.0,6.0,200.0,94.0,106.0,284.0,283.0,1.0,352.0,470.0,-118.0,13.0,-111.0,-224.0,-119.0
AnteriorInfarction_005,III,AnteriorInfarction,propagated,True,0.0,9.0,-9.0,96.0,88.0,8.0,210.0,94.0,116.0,294.0,295.0,-1.0,526.0,470.0,56.0,17.0,65.0,-60.0,57.0
AnteriorInfarction_005,aVR,AnteriorInfarction,propagated,True,4.0,9.0,-5.0,96.0,88.0,8.0,196.0,94.0,102.0,280.0,279.0,1.0,380.0,470.0,-90.0,13.0,-85.0,-192.0,-91.0
AnteriorInfarction_005,aVL,AnteriorInfarction,propagated,True,2.0,9.0,-7.0,98.0,88.0,10.0,252.0,94.0,158.0,306.0,306.0,0.0,492.0,470.0,22.0,17.0,29.0,-136.0,22.0
AnteriorInfarction_005,aVF,AnteriorInfarction,propagated,True,2.0,9.0,-7.0,96.0,88.0,8.0,204.0,94.0,110.0,288.0,288.0,0.0,370.0,470.0,-100.0,15.0,-93.0,-210.0,-100.0
AnteriorInfarction_005,V1,AnteriorInfarction,propagated,True,0.0,9.0,-9.0,96.0,88.0,8.0,170.0,94.0,76.0,274.0,273.0,1.0,554.0,470.0,84.0,17.0,93.0,8.0,83.0
AnteriorInfarction_005,V2,AnteriorInfarction,propagated,True,0.0,9.0,-9.0,100.0,88.0,12.0,224.0,94.0,130.0,284.0,284.0,0.0,534.0,470.0,64.0,21.0,73.0,-66.0,64.0
AnteriorInfarction_005,V3,AnteriorInfarction,reviewed,True,10.0,9.0,1.0,102.0,88.0,14.0,220.0,94.0,126.0,292.0,291.0,1.0,524.0,470.0,54.0,13.0,53.0,-72.0,53.0
AnteriorInfarction_005,V4,AnteriorInfarction,propagated,True,10.0,9.0,1.0,102.0,88.0,14.0,218.0,94.0,124.0,288.0,289.0,-1.0,494.0,470.0,24.0,13.0,23.0,-100.0,25.0
AnteriorInfarction_005,V5,AnteriorInfarction,propagated,True,10.0,9.0,1.0,98.0,88.0,10.0,108.0,94.0,14.0,344.0,344.0,0.0,498.0,470.0,28.0,9.0,27.0,14.0,28.0
AnteriorInfarction_005,V6,AnteriorInfarction,propagated,True,10.0,9.0,1.0,94.0,88.0,6.0,206.0,94.0,112.0,286.0,286.0,0.0,348.0,470.0,-122.0,5.0,-123.0,-234.0,-122.0
AnteriorInfarction_006,I,AnteriorInfarction,propagated,True,10.0,3.0,7.0,104.0,85.0,19.0,270.0,147.0,123.0,336.0,336.0,0.0,518.0,498.0,20.0,12.0,13.0,-103.0,20.0
AnteriorInfarction_006,II,AnteriorInfarction,propagated,False,2.0,3.0,-1.0,90.0,85.0,5.0,196.0,147.0,49.0,280.0,281.0,-1.0,352.0,498.0,-146.0,6.0,-145.0,-195.0,-145.0
AnteriorInfarction_006,III,AnteriorInfarction,propagated,False,2.0,3.0,-1.0,90.0,85.0,5.0,210.0,147.0,63.0,284.0,283.0,1.0,500.0,498.0,2.0,6.0,3.0,-61.0,1.0
AnteriorInfarction_006,aVR,AnteriorInfarction,propagated,True,2.0,3.0,-1.0,98.0,85.0,13.0,186.0,147.0,39.0,280.0,280.0,0.0,520.0,498.0,22.0,14.0,23.0,-17.0,22.0
AnteriorInfarction_006,aVL,AnteriorInfarction,propagated,True,2.0,3.0,-1.0,92.0,85.0,7.0,224.0,147.0,77.0,292.0,292.0,0.0,512.0,498.0,14.0,8.0,15.0,-63.0,14.0
AnteriorInfarction_006,aVF,AnteriorInfarction,propagated,False,2.0,3.0,-1.0,88.0,85.0,3.0,202.0,147.0,55.0,282.0,282.0,0.0,366.0,498.0,-132.0,4.0,-131.0,-187.0,-132.0
AnteriorInfarction_006,V1,AnteriorInfarction,propagated,False,2.0,3.0,-1.0,90.0,85.0,5.0,154.0,147.0,7.0,296.0,296.0,0.0,576.0,498.0,78.0,6.0,79.0,71.0,78.0
AnteriorInfarction_006,V2,AnteriorInfarction,propagated,False,2.0,3.0,-1.0,86.0,85.0,1.0,148.0,147.0,1.0,286.0,285.0,1.0,342.0,498.0,-156.0,2.0,-155.0,-157.0,-157.0
AnteriorInfarction_006,V3,AnteriorInfarction,propagated,True,2.0,3.0,-1.0,98.0,85.0,13.0,186.0,147.0,39.0,316.0,315.0,1.0,472.0,498.0,-26.0,14.0,-25.0,-65.0,-27.0
AnteriorInfarction_006,V4,AnteriorInfarction,propagated,True,2.0,3.0,-1.0,98.0,85.0,13.0,242.0,147.0,95.0,308.0,308.0,0.0,498.0,498.0,0.0,14.0,1.0,-95.0,0.0
AnteriorInfarction_006,V5,AnteriorInfarction,reviewed,False,10.0,3.0,7.0,90.0,85.0,5.0,244.0,147.0,97.0,338.0,338.0,0.0,512.0,498.0,14.0,-2.0,7.0,-83.0,14.0
AnteriorInfarction_006,V6,AnteriorInfarction,propagated,False,10.0,3.0,7.0,88.0,85.0,3.0,214.0,147.0,67.0,294.0,294.0,0.0,352.0,498.0,-146.0,-4.0,-153.0,-213.0,-146.0
AnteriorInfarction_007,I,AnteriorInfarction,propagated,True,10.0,5.0,5.0,94.0,85.0,9.0,236.0,95.0,141.0,330.0,330.0,0.0,490.0,456.0,34.0,4.0,29.0,-107.0,34.0
AnteriorInfarction_007,II,AnteriorInfarction,propagated,False,10.0,5.0,5.0,80.0,85.0,-5.0,204.0,95.0,109.0,282.0,282.0,0.0,350.0,456.0,-106.0,-10.0,-111.0,-215.0,-106.0
AnteriorInfarction_007,III,AnteriorInfarction,propagated,True,10.0,5.0,5.0,94.0,85.0,9.0,208.0,95.0,113.0,282.0,282.0,0.0,482.0,456.0,26.0,4.0,21.0,-87.0,26.0
AnteriorInfarction_007,aVR,AnteriorInfarction,propagated,True,10.0,5.0,5.0,92.0,85.0,7.0,198.0,95.0,103.0,282.0,282.0,0.0,342.0,456.0,-114.0,2.0,-119.0,-217.0,-114.0
AnteriorInfarction_007,aVL,AnteriorInfarction,propagated,True,10.0,5.0,5.0,94.0,85.0,9.0,214.0,95.0,119.0,282.0,283.0,-1.0,488.0,456.0,32.0,4.0,27.0,-87.0,33.0
AnteriorInfarction_007,aVF,AnteriorInfarction,propagated,True,10.0,5.0,5.0,92.0,85.0,7.0,204.0,95.0,109.0,282.0,282.0,0.0,464.0,456.0,8.0,2.0,3.0,-101.0,8.0
AnteriorInfarction_007,V1,AnteriorInfarction,propagated,True,0.0,5.0,-5.0,94.0,85.0,9.0,148.0,95.0,53.0,298.0,297.0,1.0,578.0,456.0,122.0,14.0,127.0,69.0,121.0
AnteriorInfarction_007,V2,AnteriorInfarction,propagated,True,10.0,5.0,5.0,106.0,85.0,21.0,220.0,95.0,125.0,284.0,285.0,-1.0,522.0,456.0,66.0,16.0,61.0,-59.0,67.0
AnteriorInfarction_007,V3,AnteriorInfarction,reviewed,True,4.0,5.0,-1.0,100.0,85.0,15.0,218.0,95.0,123.0,282.0,283.0,-1.0,516.0,456.0,60.0,16.0,61.0,-63.0,61.0
AnteriorInfarction_007,V4,AnteriorInfarction,propagated,True,4.0,5.0,-1.0,100.0,85.0,15.0,230.0,95.0,135.0,280.0,279.0,1.0,472.0,456.0,16.0,16.0,17.0,-119.0,15.0
AnteriorInfarction_007,V5,AnteriorInfarction,propagated,False,10.0,5.0,5.0,68.0,85.0,-17.0,214.0,95.0,119.0,290.0,290.0,0.0,338.0,456.0,-118.0,-22.0,-123.0,-237.0,-118.0
AnteriorInfarction_007,V6,AnteriorInfarction,propagated,False,10.0,5.0,5.0,90.0,85.0,5.0,214.0,95.0,119.0,290.0,290.0,0.0,342.0,456.0,-114.0,0.0,-119.0,-233.0,-114.0
AnteriorInfarction_008,I,AnteriorInfarction,propagated,True,10.0,3.0,7.0,102.0,88.0,14.0,218.0,124.0,94.0,332.0,333.0,-1.0,506.0,499.0,7.0,7.0,0.0,-87.0,8.0
AnteriorInfarction_008,II,AnteriorInfarction,propagated,False,4.0,3.0,1.0,84.0,88.0,-4.0,200.0,124.0,76.0,286.0,285.0,1.0,350.0,499.0,-149.0,-5.0,-150.0,-225.0,-150.0
AnteriorInfarction_008,III,AnteriorInfarction,propagated,True,2.0,3.0,-1.0,96.0,88.0,8.0,214.0,124.0,90.0,294.0,294.0,0.0,502.0,499.0,3.0,9.0,4.0,-87.0,3.0
AnteriorInfarction_008,aVR,AnteriorInfarction,propagated,True,4.0,3.0,1.0,96.0,88.0,8.0,186.0,124.0,62.0,282.0,282.0,0.0,506.0,499.0,7.0,7.0,6.0,-55.0,7.0
AnteriorInfarction_008,aVL,AnteriorInfarction,propagated,True,2.0,3.0,-1.0,100.0,88.0,12.0,230.0,124.0,106.0,304.0,305.0,-1.0,506.0,499.0,7.0,13.0,8.0,-99.0,8.0
AnteriorInfarction_008,aVF,AnteriorInfarction,propagated,True,4.0,3.0,1.0,94.0,88.0,6.0,206.0,124.0,82.0,288.0,289.0,-1.0,484.0,499.0,-15.0,5.0,-16.0,-97.0,-14.0
AnteriorInfarction_008,V1,AnteriorInfarction,propagated,True,2.0,3.0,-1.0,92.0,88.0,4.0,172.0,124.0,48.0,292.0,292.0,0.0,572.0,499.0,73.0,5.0,74.0,25.0,73.0
AnteriorInfarction_008,V2,AnteriorInfarction,reviewed,False,0.0,3.0,-3.0,88.0,88.0,0.0,156.0,124.0,32.0,288.0,288.0,0.0,568.0,499.0,69.0,3.0,72.0,37.0,69.0
AnteriorInfarction_008,V3,AnteriorInfarction,propagated,True,0.0,3.0,-3.0,92.0,88.0,4.0,200.0,124.0,76.0,314.0,314.0,0.0,512.0,499.0,13.0,7.0,16.0,-63.0,13.0
AnteriorInfarction_008,V4,AnteriorInfarction,propagated,True,10.0,3.0,7.0,92.0,88.0,4.0,102.0,124.0,-22.0,314.0,314.0,0.0,370.0,499.0,-129.0,-3.0,-136.0,-107.0,-129.0
AnteriorInfarction_008,V5,AnteriorInfarction,propagated,True,4.0,3.0,1.0,94.0,88.0,6.0,104.0,124.0,-20.0,336.0,335.0,1.0,470.0,499.0,-29.0,5.0,-30.0,-9.0,-30.0
AnteriorInfarction_008,V6,AnteriorInfarction,propagated,False,4.0,3.0,1.0,90.0,88.0,2.0,212.0,124.0,88.0,292.0,292.0,0.0,346.0,499.0,-153.0,1.0,-154.0,-241.0,-153.0
AnteriorInfarction_009,I,AnteriorInfarction,propagated,True,10.0,3.0,7.0,106.0,97.0,9.0,228.0,156.0,72.0,336.0,337.0,-1.0,508.0,464.0,44.0,2.0,37.0,-28.0,45.0
AnteriorInfarction_009,II,AnteriorInfarction,propagated,True,2.0,3.0,-1.0,92.0,97.0,-5.0,204.0,156.0,48.0,284.0,284.0,0.0,352.0,464.0,-112.0,-4.0,-111.0,-160.0,-112.0
AnteriorInfarction_009,III,AnteriorInfarction,propagated,True,0.0,3.0,-3.0,100.0,97.0,3.0,218.0,156.0,62.0,286.0,286.0,0.0,506.0,464.0,42.0,6.0,45.0,-20.0,42.0
AnteriorInfarction_009,aVR,AnteriorInfarction,propagated,True,4.0,3.0,1.0,100.0,97.0,3.0,190.0,156.0,34.0,284.0,283.0,1.0,508.0,464.0,44.0,2.0,43.0,10.0,43.0
AnteriorInfarction_009,aVL,AnteriorInfarction,propagated,True,2.0,3.0,-1.0,106.0,97.0,9.0,236.0,156.0,80.0,334.0,334.0,0.0,506.0,464.0,42.0,10.0,43.0,-38.0,42.0
AnteriorInfarction_009,aVF,AnteriorInfarction,propagated,True,2.0,3.0,-1.0,100.0,97.0,3.0,210.0,156.0,54.0,286.0,285.0,1.0,504.0,464.0,40.0,4.0,41.0,-14.0,39.0
AnteriorInfarction_009,V1,AnteriorInfarction,reviewed,True,2.0,3.0,-1.0,92.0,97.0,-5.0,102.0,156.0,-54.0,320.0,319.0,1.0,490.0,464.0,26.0,-4.0,27.0,80.0,25.0
AnteriorInfarction_009,V2,AnteriorInfarction,propagated,False,0.0,3.0,-3.0,90.0,97.0,-7.0,144.0,156.0,-12.0,280.0,280.0,0.0,350.0,464.0,-114.0,-4.0,-111.0,-102.0,-114.0
AnteriorInfarction_009,V3,AnteriorInfarction,propagated,True,0.0,3.0,-3.0,92.0,97.0,-5.0,150.0,156.0,-6.0,276.0,275.0,1.0,402.0,464.0,-62.0,-2.0,-59.0,-56.0,-63.0
AnteriorInfarction_009,V4,AnteriorInfarction,propagated,True,0.0,3.0,-3.0,92.0,97.0,-5.0,172.0,156.0,16.0,276.0,276.0,0.0,330.0,464.0,-134.0,-2.0,-131.0,-150.0,-134.0
AnteriorInfarction_009,V5,AnteriorInfarction,propagated,True,10.0,3.0,7.0,92.0,97.0,-5.0,204.0,156.0,48.0,288.0,289.0,-1.0,338.0,464.0,-126.0,-12.0,-133.0,-174.0,-125.0
AnteriorInfarction_009,V6,AnteriorInfarction,propagated,True,10.0,3.0,7.0,94.0,97.0,-3.0,212.0,156.0,56.0,290.0,291.0,-1.0,444.0,464.0,-20.0,-10.0,-27.0,-76.0,-19.0
AnteriorInfarction_010,I,AnteriorInfarction,propagated,True,10.0,3.0,7.0,112.0,91.0,21.0,268.0,123.0,145.0,330.0,329.0,1.0,518.0,517.0,1.0,14.0,-6.0,-144.0,0.0
AnteriorInfarction_010,II,AnteriorInfarction,propagated,True,4.0,3.0,1.0,96.0,91.0,5.0,204.0,123.0,81.0,286.0,286.0,0.0,394.0,517.0,-123.0,4.0,-124.0,-204.0,-123.0
AnteriorInfarction_010,III,AnteriorInfarction,propagated,True,2.0,3.0,-1.0,104.0,91.0,13.0,218.0,123.0,95.0,296.0,296.0,0.0,508.0,517.0,-9.0,14.0,-8.0,-104.0,-9.0
AnteriorInfarction_010,aVR,AnteriorInfarction,propagated,True,10.0,3.0,7.0,112.0,91.0,21.0,196.0,123.0,73.0,282.0,282.0,0.0,522.0,517.0,5.0,14.0,-2.0,-68.0,5.0
AnteriorInfarction_010,aVL,AnteriorInfarction,propagated,True,4.0,3.0,1.0,106.0,91.0,15.0,236.0,123.0,113.0,308.0,309.0,-1.0,512.0,517.0,-5.0,14.0,-6.0,-118.0,-4.0
AnteriorInfarction_010,aVF,AnteriorInfarction,propagated,True,4.0,3.0,1.0,100.0,91.0,9.0,210.0,123.0,87.0,290.0,290.0,0.0,500.0,517.0,-17.0,8.0,-18.0,-104.0,-17.0
AnteriorInfarction_010,V1,AnteriorInfarction,propagated,True,0.0,3.0,-3.0,98.0,91.0,7.0,204.0,123.0,81.0,302.0,302.0,0.0,582.0,517.0,65.0,10.0,68.0,-16.0,65.0
AnteriorInfarction_010,V2,AnteriorInfarction,reviewed,True,0.0,3.0,-3.0,98.0,91.0,7.0,166.0,123.0,43.0,306.0,306.0,0.0,586.0,517.0,69.0,10.0,72.0,26.0,69.0
AnteriorInfarction_010,V3,AnteriorInfarction,propagated,True,10.0,3.0,7.0,106.0,91.0,15.0,216.0,123.0,93.0,282.0,282.0,0.0,422.0,517.0,-95.0,8.0,-102.0,-188.0,-95.0
AnteriorInfarction_010,V4,AnteriorInfarction,propagated,True,4.0,3.0,1.0,98.0,91.0,7.0,210.0,123.0,87.0,284.0,283.0,1.0,354.0,517.0,-163.0,6.0,-164.0,-250.0,-164.0
AnteriorInfarction_010,V5,AnteriorInfarction,propagated,True,4.0,3.0,1.0,110.0,91.0,19.0,204.0,123.0,81.0,296.0,296.0,0.0,488.0,517.0,-29.0,18.0,-30.0,-110.0,-29.0
AnteriorInfarction_010,V6,AnteriorInfarction,propagated,True,10.0,3.0,7.0,92.0,91.0,1.0,208.0,123.0,85.0,288.0,288.0,0.0,344.0,517.0,-173.0,-6.0,-180.0,-258.0,-173.0
AnteriorInfarction_011,I,AnteriorInfarction,propagated,True,10.0,4.0,6.0,118.0,103.0,15.0,218.0,106.0,112.0,322.0,321.0,1.0,518.0,486.0,32.0,9.0,26.0,-80.0,31.0
AnteriorInfarction_011,II,AnteriorInfarction,propagated,True,4.0,4.0,0.0,110.0,103.0,7.0,206.0,106.0,100.0,286.0,286.0,0.0,474.0,486.0,-12.0,7.0,-12.0,-112.0,-12.0
AnteriorInfarction_011,III,AnteriorInfarction,propagated,True,4.0,4.0,0.0,112.0,103.0,9.0,210.0,106.0,104.0,288.0,289.0,-1.0,508.0,486.0,22.0,9.0,22.0,-82.0,23.0
AnteriorInfarction_011,aVR,AnteriorInfarction,propagated,True,4.0,4.0,0.0,110.0,103.0,7.0,202.0,106.0,96.0,284.0,284.0,0.0,352.0,486.0,-134.0,7.0,-134.0,-230.0,-134.0
AnteriorInfarction_011,aVL,AnteriorInfarction,propagated,True,4.0,4.0,0.0,116.0,103.0,13.0,214.0,106.0,108.0,294.0,293.0,1.0,512.0,486.0,26.0,13.0,26.0,-82.0,25.0
AnteriorInfarction_011,aVF,AnteriorInfarction,propagated,True,4.0,4.0,0.0,112.0,103.0,9.0,208.0,106.0,102.0,286.0,287.0,-1.0,502.0,486.0,16.0,9.0,16.0,-86.0,17.0
AnteriorInfarction_011,V1,AnteriorInfarction,propagated,True,0.0,4.0,-4.0,92.0,103.0,-11.0,102.0,106.0,-4.0,312.0,313.0,-1.0,592.0,486.0,106.0,-7.0,110.0,110.0,107.0
AnteriorInfarction_011,V2,AnteriorInfarction,propagated,True,0.0,4.0,-4.0,112.0,103.0,9.0,184.0,106.0,78.0,278.0,278.0,0.0,558.0,486.0,72.0,13.0,76.0,-6.0,72.0
AnteriorInfarction_011,V3,AnteriorInfarction,propagated,True,0.0,4.0,-4.0,124.0,103.0,21.0,224.0,106.0,118.0,288.0,288.0,0.0,548.0,486.0,62.0,25.0,66.0,-56.0,62.0
AnteriorInfarction_011,V4,AnteriorInfarction,reviewed,True,4.0,4.0,0.0,122.0,103.0,19.0,224.0,106.0,118.0,292.0,291.0,1.0,548.0,486.0,62.0,19.0,62.0,-56.0,61.0
AnteriorInfarction_011,V5,AnteriorInfarction,propagated,True,4.0,4.0,0.0,118.0,103.0,15.0,240.0,106.0,134.0,344.0,345.0,-1.0,512.0,486.0,26.0,15.0,26.0,-108.0,27.0
AnteriorInfarction_011,V6,AnteriorInfarction,propagated,True,10.0,4.0,6.0,110.0,103.0,7.0,210.0,106.0,104.0,286.0,286.0,0.0,424.0,486.0,-62.0,1.0,-68.0,-166.0,-62.0
AnteriorInfarction_012,I,AnteriorInfarction,propagated,True,10.0,4.0,6.0,126.0,102.0,24.0,270.0,129.0,141.0,340.0,341.0,-1.0,552.0,521.0,31.0,18.0,25.0,-110.0,32.0
AnteriorInfarction_012,II,AnteriorInfarction,propagated,True,4.0,4.0,0.0,112.0,102.0,10.0,202.0,129.0,73.0,286.0,285.0,1.0,370.0,521.0,-151.0,10.0,-151.0,-224.0,-152.0
AnteriorInfarction_012,III,AnteriorInfarction,propagated,True,4.0,4.0,0.0,118.0,102.0,16.0,216.0,129.0,87.0,290.0,290.0,0.0,552.0,521.0,31.0,16.0,31.0,-56.0,31.0
AnteriorInfarction_012,aVR,AnteriorInfarction,propagated,True,4.0,4.0,0.0,120.0,102.0,18.0,194.0,129.0,65.0,282.0,283.0,-1.0,518.0,521.0,-3.0,18.0,-3.0,-68.0,-2.0
AnteriorInfarction_012,aVL,AnteriorInfarction,propagated,True,4.0,4.0,0.0,120.0,102.0,18.0,232.0,129.0,103.0,320.0,319.0,1.0,556.0,521.0,35.0,18.0,35.0,-68.0,34.0
AnteriorInfarction_012,aVF,AnteriorInfarction,propagated,True,4.0,4.0,0.0,114.0,102.0,12.0,210.0,129.0,81.0,288.0,287.0,1.0,428.0,521.0,-93.0,12.0,-93.0,-174.0,-94.0
AnteriorInfarction_012,V1,AnteriorInfarction,propagated,True,0.0,4.0,-4.0,114.0,102.0,12.0,208.0,129.0,79.0,302.0,301.0,1.0,396.0,521.0,-125.0,16.0,-121.0,-204.0,-126.0
AnteriorInfarction_012,V2,AnteriorInfarction,reviewed,True,2.0,4.0,-2.0,112.0,102.0,10.0,198.0,129.0,69.0,302.0,301.0,1.0,582.0,521.0,61.0,12.0,63.0,-8.0,60.0
AnteriorInfarction_012,V3,AnteriorInfarction,propagated,True,10.0,4.0,6.0,112.0,102.0,10.0,168.0,129.0,39.0,332.0,332.0,0.0,612.0,521.0,91.0,4.0,85.0,52.0,91.0
AnteriorInfarction_012,V4,AnteriorInfarction,propagated,True,4.0,4.0,0.0,112.0,102.0,10.0,220.0,129.0,91.0,302.0,303.0,-1.0,582.0,521.0,61.0,10.0,61.0,-30.0,62.0
AnteriorInfarction_012,V5,AnteriorInfarction,propagated,True,4.0,4.0,0.0,114.0,102.0,12.0,200.0,129.0,71.0,286.0,286.0,0.0,354.0,521.0,-167.0,12.0,-167.0,-238.0,-167.0
AnteriorInfarction_012,V6,AnteriorInfarction,propagated,True,10.0,4.0,6.0,112.0,102.0,10.0,220.0,129.0,91.0,300.0,300.0,0.0,362.0,521.0,-159.0,4.0,-165.0,-250.0,-159.0
AnteriorInfarction_013,I,AnteriorInfarction,propagated,True,2.0,6.0,-4.0,98.0,88.0,10.0,186.0,96.0,90.0,282.0,282.0,0.0,486.0,488.0,-2.0,14.0,2.0,-92.0,-2.0
AnteriorInfarction_013,II,AnteriorInfarction,propagated,True,10.0,6.0,4.0,96.0,88.0,8.0,204.0,96.0,108.0,286.0,286.0,0.0,474.0,488.0,-14.0,4.0,-18.0,-122.0,-14.0
AnteriorInfarction_013,III,AnteriorInfarction,propagated,True,4.0,6.0,-2.0,98.0,88.0,10.0,210.0,96.0,114.0,290.0,291.0,-1.0,494.0,488.0,6.0,12.0,8.0,-108.0,7.0
AnteriorInfarction_013,aVR,AnteriorInfarction,propagated,True,10.0,6.0,4.0,96.0,88.0,8.0,200.0,96.0,104.0,284.0,285.0,-1.0,354.0,488.0,-134.0,4.0,-138.0,-238.0,-133.0
AnteriorInfarction_013,aVL,AnteriorInfarction,propagated,True,2.0,6.0,-4.0,102.0,88.0,14.0,224.0,96.0,128.0,306.0,305.0,1.0,492.0,488.0,4.0,18.0,8.0,-124.0,3.0
AnteriorInfarction_013,aVF,AnteriorInfarction,propagated,True,4.0,6.0,-2.0,98.0,88.0,10.0,206.0,96.0,110.0,288.0,288.0,0.0,492.0,488.0,4.0,12.0,6.0,-106.0,4.0
AnteriorInfarction_013,V1,AnteriorInfarction,propagated,True,0.0,6.0,-6.0,96.0,88.0,8.0,170.0,96.0,74.0,344.0,344.0,0.0,492.0,488.0,4.0,14.0,10.0,-70.0,4.0
AnteriorInfarction_013,V2,AnteriorInfarction,propagated,True,0.0,6.0,-6.0,102.0,88.0,14.0,222.0,96.0,126.0,292.0,292.0,0.0,510.0,488.0,22.0,20.0,28.0,-104.0,22.0
AnteriorInfarction_013,V3,AnteriorInfarction,reviewed,True,4.0,6.0,-2.0,104.0,88.0,16.0,220.0,96.0,124.0,294.0,293.0,1.0,508.0,488.0,20.0,18.0,22.0,-104.0,19.0
AnteriorInfarction_013,V4,AnteriorInfarction,propagated,True,4.0,6.0,-2.0,98.0,88.0,10.0,214.0,96.0,118.0,286.0,285.0,1.0,490.0,488.0,2.0,12.0,4.0,-116.0,1.0
AnteriorInfarction_013,V5,AnteriorInfarction,propagated,True,2.0,6.0,-4.0,96.0,88.0,8.0,228.0,96.0,132.0,304.0,303.0,1.0,352.0,488.0,-136.0,12.0,-132.0,-268.0,-137.0
AnteriorInfarction_013,V6,AnteriorInfarction,propagated,True,4.0,6.0,-2.0,96.0,88.0,8.0,220.0,96.0,124.0,296.0,296.0,0.0,364.0,488.0,-124.0,10.0,-122.0,-248.0,-124.0
AnteriorInfarction_014,I,AnteriorInfarction,propagated,True,2.0,9.0,-7.0,110.0,89.0,21.0,188.0,93.0,95.0,282.0,282.0,0.0,502.0,482.0,20.0,28.0,27.0,-75.0,20.0
AnteriorInfarction_014,II,AnteriorInfarction,propagated,True,4.0,9.0,-5.0,98.0,89.0,9.0,206.0,93.0,113.0,288.0,287.0,1.0,366.0,482.0,-116.0,14.0,-111.0,-229.0,-117.0
AnteriorInfarction_014,III,AnteriorInfarction,propagated,True,2.0,9.0,-7.0,98.0,89.0,9.0,212.0,93.0,119.0,288.0,289.0,-1.0,494.0,482.0,12.0,16.0,19.0,-107.0,13.0
AnteriorInfarction_014,aVR,AnteriorInfarction,propagated,True,10.0,9.0,1.0,110.0,89.0,21.0,202.0,93.0,109.0,286.0,286.0,0.0,354.0,482.0,-128.0,20.0,-129.0,-237.0,-128.0
AnteriorInfarction_014,aVL,AnteriorInfarction,propagated,True,2.0,9.0,-7.0,104.0,89.0,15.0,220.0,93.0,127.0,292.0,292.0,0.0,500.0,482.0,18.0,22.0,25.0,-109.0,18.0
AnteriorInfarction_014,aVF,AnteriorInfarction,propagated,True,4.0,9.0,-5.0,98.0,89.0,9.0,208.0,93.0,115.0,288.0,288.0,0.0,482.0,482.0,0.0,14.0,5.0,-115.0,0.0
AnteriorInfarction_014,V1,AnteriorInfarction,propagated,True,0.0,9.0,-9.0,98.0,89.0,9.0,230.0,93.0,137.0,284.0,284.0,0.0,526.0,482.0,44.0,18.0,53.0,-93.0,44.0
AnteriorInfarction_014,V2,AnteriorInfarction,propagated,True,10.0,9.0,1.0,110.0,89.0,21.0,224.0,93.0,131.0,292.0,292.0,0.0,506.0,482.0,24.0,20.0,23.0,-107.0,24.0
AnteriorInfarction_014,V3,AnteriorInfarction,propagated,True,10.0,9.0,1.0,104.0,89.0,15.0,226.0,93.0,133.0,296.0,296.0,0.0,508.0,482.0,26.0,14.0,25.0,-107.0,26.0
AnteriorInfarction_014,V4,AnteriorInfarction,reviewed,True,4.0,9.0,-5.0,104.0,89.0,15.0,228.0,93.0,135.0,290.0,289.0,1.0,502.0,482.0,20.0,20.0,25.0,-115.0,19.0
AnteriorInfarction_014,V5,AnteriorInfarction,propagated,True,4.0,9.0,-5.0,98.0,89.0,9.0,198.0,93.0,105.0,296.0,295.0,1.0,494.0,482.0,12.0,14.0,17.0,-93.0,11.0
AnteriorInfarction_014,V6,AnteriorInfarction,propagated,False,4.0,9.0,-5.0,86.0,89.0,-3.0,216.0,93.0,123.0,294.0,294.0,0.0,348.0,482.0,-134.0,2.0,-129.0,-257.0,-134.0
AnteriorInfarction_015,I,AnteriorInfarction,propagated,True,10.0,5.0,5.0,102.0,89.0,13.0,202.0,123.0,79.0,328.0,328.0,0.0,508.0,522.0,-14.0,8.0,-19.0,-93.0,-14.0
AnteriorInfarction_015,II,AnteriorInfarction,propagated,True,10.0,5.0,5.0,98.0,89.0,9.0,208.0,123.0,85.0,288.0,288.0,0.0,460.0,522.0,-62.0,4.0,-67.0,-147.0,-62.0
AnteriorInfarction_015,III,AnteriorInfarction,propagated,True,4.0,5.0,-1.0,100.0,89.0,11.0,216.0,123.0,93.0,292.0,292.0,0.0,502.0,522.0,-20.0,12.0,-19.0,-113.0,-20.0
AnteriorInfarction_015,aVR,AnteriorInfarction,propagated,True,10.0,5.0,5.0,102.0,89.0,13.0,200.0,123.0,77.0,284.0,285.0,-1.0,512.0,522.0,-10.0,8.0,-15.0,-87.0,-9.0
AnteriorInfarction_015,aVL,AnteriorInfarction,propagated,True,4.0,5.0,-1.0,102.0,89.0,13.0,224.0,123.0,101.0,298.0,297.0,1.0,506.0,522.0,-16.0,14.0,-15.0,-117.0,-17.0
AnteriorInfarction_015,aVF,AnteriorInfarction,propagated,True,10.0,5.0,5.0,100.0,89.0,11.0,212.0,123.0,89.0,290.0,290.0,0.0,498.0,522.0,-24.0,6.0,-29.0,-113.0,-24.0
AnteriorInfarction_015,V1,AnteriorInfarction,reviewed,True,0.0,5.0,-5.0,94.0,89.0,5.0,104.0,123.0,-19.0,302.0,302.0,0.0,582.0,522.0,60.0,10.0,65.0,79.0,60.0
AnteriorInfarction_015,V2,AnteriorInfarction,propagated,True,0.0,5.0,-5.0,100.0,89.0,11.0,110.0,123.0,-13.0,198.0,198.0,0.0,446.0,522.0,-76.0,16.0,-71.0,-63.0,-76.0
AnteriorInfarction_015,V3,AnteriorInfarction,propagated,True,10.0,5.0,5.0,100.0,89.0,11.0,230.0,123.0,107.0,286.0,286.0,0.0,408.0,522.0,-114.0,6.0,-119.0,-221.0,-114.0
AnteriorInfarction_015,V4,AnteriorInfarction,propagated,True,4.0,5.0,-1.0,100.0,89.0,11.0,280.0,123.0,157.0,314.0,315.0,-1.0,354.0,522.0,-168.0,12.0,-167.0,-325.0,-167.0
AnteriorInfarction_015,V5,AnteriorInfarction,propagated,True,4.0,5.0,-1.0,98.0,89.0,9.0,236.0,123.0,113.0,306.0,306.0,0.0,354.0,522.0,-168.0,10.0,-167.0,-281.0,-168.0
AnteriorInfarction_015,V6,AnteriorInfarction,propagated,True,4.0,5.0,-1.0,94.0,89.0,5.0,222.0,123.0,99.0,296.0,296.0,0.0,352.0,522.0,-170.0,6.0,-169.0,-269.0,-170.0
AnteriorInfarction_016,I,AnteriorInfarction,propagated,True,10.0,12.0,-2.0,104.0,94.0,10.0,198.0,99.0,99.0,280.0,280.0,0.0,354.0,496.0,-142.0,12.0,-140.0,-241.0,-142.0
AnteriorInfarction_016,II,AnteriorInfarction,propagated,True,4.0,12.0,-8.0,94.0,94.0,0.0,206.0,99.0,107.0,286.0,286.0,0.0,442.0,496.0,-54.0,8.0,-46.0,-161.0,-54.0
AnteriorInfarction_016,III,AnteriorInfarction,propagated,True,2.0,12.0,-10.0,104.0,94.0,10.0,212.0,99.0,113.0,290.0,291.0,-1.0,398.0,496.0,-98.0,20.0,-88.0,-211.0,-97.0
AnteriorInfarction_016,aVR,AnteriorInfarction,propagated,True,10.0,12.0,-2.0,98.0,94.0,4.0,204.0,99.0,105.0,284.0,284.0,0.0,434.0,496.0,-62.0,6.0,-60.0,-167.0,-62.0
AnteriorInfarction_016,aVL,AnteriorInfarction,propagated,True,2.0,12.0,-10.0,104.0,94.0,10.0,234.0,99.0,135.0,304.0,304.0,0.0,376.0,496.0,-120.0,20.0,-110.0,-255.0,-120.0
AnteriorInfarction_016,aVF,AnteriorInfarction,propagated,True,4.0,12.0,-8.0,104.0,94.0,10.0,208.0,99.0,109.0,288.0,288.0,0.0,456.0,496.0,-40.0,18.0,-32.0,-149.0,-40.0
AnteriorInfarction_016,V1,AnteriorInfarction,propagated,True,0.0,12.0,-12.0,106.0,94.0,12.0,226.0,99.0,127.0,282.0,282.0,0.0,496.0,496.0,0.0,24.0,12.0,-127.0,0.0
AnteriorInfarction_016,V2,AnteriorInfarction,propagated,True,0.0,12.0,-12.0,118.0,94.0,24.0,222.0,99.0,123.0,294.0,294.0,0.0,530.0,496.0,34.0,36.0,46.0,-89.0,34.0
AnteriorInfarction_016,V3,AnteriorInfarction,reviewed,True,10.0,12.0,-2.0,112.0,94.0,18.0,226.0,99.0,127.0,294.0,293.0,1.0,522.0,496.0,26.0,20.0,28.0,-101.0,25.0
AnteriorInfarction_016,V4,AnteriorInfarction,propagated,True,4.0,12.0,-8.0,106.0,94.0,12.0,228.0,99.0,129.0,280.0,281.0,-1.0,474.0,496.0,-22.0,20.0,-14.0,-151.0,-21.0
AnteriorInfarction_016,V5,AnteriorInfarction,propagated,True,10.0,12.0,-2.0,98.0,94.0,4.0,208.0,99.0,109.0,292.0,292.0,0.0,430.0,496.0,-66.0,6.0,-64.0,-175.0,-66.0
AnteriorInfarction_016,V6,AnteriorInfarction,propagated,True,10.0,12.0,-2.0,104.0,94.0,10.0,212.0,99.0,113.0,290.0,290.0,0.0,414.0,496.0,-82.0,12.0,-80.0,-195.0,-82.0
AnteriorInfarction_017,I,AnteriorInfarction,propagated,True,10.0,3.0,7.0,124.0,108.0,16.0,198.0,158.0,40.0,286.0,285.0,1.0,522.0,532.0,-10.0,9.0,-17.0,-50.0,-11.0
AnteriorInfarction_017,II,AnteriorInfarction,propagated,True,4.0,3.0,1.0,118.0,108.0,10.0,210.0,158.0,52.0,292.0,292.0,0.0,432.0,532.0,-100.0,9.0,-101.0,-152.0,-100.0
AnteriorInfarction_017,III,AnteriorInfarction,propagated,True,2.0,3.0,-1.0,118.0,108.0,10.0,230.0,158.0,72.0,298.0,297.0,1.0,550.0,532.0,18.0,11.0,19.0,-54.0,17.0
AnteriorInfarction_017,aVR,AnteriorInfarction,propagated,True,10.0,3.0,7.0,124.0,108.0,16.0,206.0,158.0,48.0,290.0,289.0,1.0,528.0,532.0,-4.0,9.0,-11.0,-52.0,-5.0
AnteriorInfarction_017,aVL,AnteriorInfarction,propagated,True,4.0,3.0,1.0,120.0,108.0,12.0,264.0,158.0,106.0,350.0,351.0,-1.0,546.0,532.0,14.0,11.0,13.0,-92.0,15.0
AnteriorInfarction_017,aVF,AnteriorInfarction,propagated,True,2.0,3.0,-1.0,118.0,108.0,10.0,218.0,158.0,60.0,294.0,294.0,0.0,552.0,532.0,20.0,11.0,21.0,-40.0,20.0
AnteriorInfarction_017,V1,AnteriorInfarction,reviewed,True,0.0,3.0,-3.0,100.0,108.0,-8.0,110.0,158.0,-48.0,306.0,306.0,0.0,586.0,532.0,54.0,-5.0,57.0,102.0,54.0
AnteriorInfarction_017,V2,AnteriorInfarction,propagated,True,0.0,3.0,-3.0,120.0,108.0,12.0,186.0,158.0,28.0,352.0,353.0,-1.0,558.0,532.0,26.0,15.0,29.0,-2.0,27.0
AnteriorInfarction_017,V3,AnteriorInfarction,propagated,True,10.0,3.0,7.0,124.0,108.0,16.0,226.0,158.0,68.0,300.0,300.0,0.0,556.0,532.0,24.0,9.0,17.0,-44.0,24.0
AnteriorInfarction_017,V4,AnteriorInfarction,propagated,True,10.0,3.0,7.0,118.0,108.0,10.0,222.0,158.0,64.0,300.0,300.0,0.0,460.0,532.0,-72.0,3.0,-79.0,-136.0,-72.0
AnteriorInfarction_017,V5,AnteriorInfarction,propagated,True,10.0,3.0,7.0,118.0,108.0,10.0,290.0,158.0,132.0,318.0,318.0,0.0,420.0,532.0,-112.0,3.0,-119.0,-244.0,-112.0
AnteriorInfarction_017,V6,AnteriorInfarction,propagated,True,10.0,3.0,7.0,118.0,108.0,10.0,224.0,158.0,66.0,302.0,302.0,0.0,478.0,532.0,-54.0,3.0,-61.0,-120.0,-54.0
AnteriorInfarction_018,I,AnteriorInfarction,propagated,True,10.0,3.0,7.0,110.0,96.0,14.0,216.0,101.0,115.0,320.0,321.0,-1.0,544.0,480.0,64.0,7.0,57.0,-51.0,65.0
AnteriorInfarction_018,II,AnteriorInfarction,propagated,True,4.0,3.0,1.0,94.0,96.0,-2.0,210.0,101.0,109.0,290.0,290.0,0.0,364.0,480.0,-116.0,-3.0,-117.0,-225.0,-116.0
AnteriorInfarction_018,III,AnteriorInfarction,propagated,True,2.0,3.0,-1.0,104.0,96.0,8.0,218.0,101.0,117.0,294.0,295.0,-1.0,542.0,480.0,62.0,9.0,63.0,-55.0,63.0
AnteriorInfarction_018,aVR,AnteriorInfarction,propagated,True,10.0,3.0,7.0,104.0,96.0,8.0,202.0,101.0,101.0,286.0,286.0,0.0,506.0,480.0,26.0,1.0,19.0,-75.0,26.0
AnteriorInfarction_018,aVL,AnteriorInfarction,propagated,True,2.0,3.0,-1.0,104.0,96.0,8.0,226.0,101.0,125.0,300.0,300.0,0.0,550.0,480.0,70.0,9.0,71.0,-55.0,70.0
AnteriorInfarction_018,aVF,AnteriorInfarction,propagated,True,4.0,3.0,1.0,104.0,96.0,8.0,214.0,101.0,113.0,292.0,292.0,0.0,384.0,480.0,-96.0,7.0,-97.0,-209.0,-96.0
AnteriorInfarction_018,V1,AnteriorInfarction,propagated,True,2.0,3.0,-1.0,98.0,96.0,2.0,214.0,101.0,113.0,314.0,313.0,1.0,460.0,480.0,-20.0,3.0,-19.0,-133.0,-21.0
AnteriorInfarction_018,V2,AnteriorInfarction,propagated,True,0.0,3.0,-3.0,102.0,96.0,6.0,162.0,101.0,61.0,312.0,313.0,-1.0,592.0,480.0,112.0,9.0,115.0,51.0,113.0
AnteriorInfarction_018,V3,AnteriorInfarction,propagated,True,10.0,3.0,7.0,110.0,96.0,14.0,222.0,101.0,121.0,290.0,290.0,0.0,548.0,480.0,68.0,7.0,61.0,-53.0,68.0
AnteriorInfarction_018,V4,AnteriorInfarction,propagated,True,4.0,3.0,1.0,122.0,96.0,26.0,220.0,101.0,119.0,294.0,293.0,1.0,540.0,480.0,60.0,25.0,59.0,-59.0,59.0
AnteriorInfarction_018,V5,AnteriorInfarction,reviewed,True,4.0,3.0,1.0,116.0,96.0,20.0,240.0,101.0,139.0,340.0,340.0,0.0,540.0,480.0,60.0,19.0,59.0,-79.0,60.0
AnteriorInfarction_018,V6,AnteriorInfarction,propagated,True,10.0,3.0,7.0,100.0,96.0,4.0,206.0,101.0,105.0,286.0,285.0,1.0,338.0,480.0,-142.0,-3.0,-149.0,-247.0,-143.0
AnteriorInfarction_019,I,AnteriorInfarction,propagated,True,4.0,3.0,1.0,116.0,95.0,21.0,188.0,172.0,16.0,282.0,282.0,0.0,512.0,529.0,-17.0,20.0,-18.0,-33.0,-17.0
AnteriorInfarction_019,II,AnteriorInfarction,propagated,True,4.0,3.0,1.0,102.0,95.0,7.0,202.0,172.0,30.0,284.0,284.0,0.0,380.0,529.0,-149.0,6.0,-150.0,-179.0,-149.0
AnteriorInfarction_019,III,AnteriorInfarction,propagated,True,2.0,3.0,-1.0,104.0,95.0,9.0,214.0,172.0,42.0,286.0,285.0,1.0,502.0,529.0,-27.0,10.0,-26.0,-69.0,-28.0
AnteriorInfarction_019,aVR,AnteriorInfarction,propagated,True,4.0,3.0,1.0,122.0,95.0,27.0,200.0,172.0,28.0,284.0,284.0,0.0,518.0,529.0,-11.0,26.0,-12.0,-39.0,-11.0
AnteriorInfarction_019,aVL,AnteriorInfarction,propagated,True,10.0,3.0,7.0,104.0,95.0,9.0,248.0,172.0,76.0,334.0,333.0,1.0,508.0,529.0,-21.0,2.0,-28.0,-97.0,-22.0
AnteriorInfarction_019,aVF,AnteriorInfarction,reviewed,True,2.0,3.0,-1.0,104.0,95.0,9.0,208.0,172.0,36.0,284.0,284.0,0.0,492.0,529.0,-37.0,10.0,-36.0,-73.0,-37.0
AnteriorInfarction_019,V1,AnteriorInfarction,propagated,True,10.0,3.0,7.0,98.0,95.0,3.0,158.0,172.0,-14.0,304.0,303.0,1.0,584.0,529.0,55.0,-4.0,48.0,69.0,54.0
AnteriorInfarction_019,V2,AnteriorInfarction,propagated,True,10.0,3.0,7.0,102.0,95.0,7.0,112.0,172.0,-60.0,300.0,299.0,1.0,580.0,529.0,51.0,0.0,44.0,111.0,50.0
AnteriorInfarction_019,V3,AnteriorInfarction,propagated,True,10.0,3.0,7.0,114.0,95.0,19.0,236.0,172.0,64.0,314.0,313.0,1.0,550.0,529.0,21.0,12.0,14.0,-43.0,20.0
AnteriorInfarction_019,V4,AnteriorInfarction,propagated,True,10.0,3.0,7.0,106.0,95.0,11.0,236.0,172.0,64.0,302.0,301.0,1.0,466.0,529.0,-63.0,4.0,-70.0,-127.0,-64.0
AnteriorInfarction_019,V5,AnteriorInfarction,propagated,True,10.0,3.0,7.0,104.0,95.0,9.0,224.0,172.0,52.0,312.0,312.0,0.0,482.0,529.0,-47.0,2.0,-54.0,-99.0,-47.0
AnteriorInfarction_019,V6,AnteriorInfarction,propagated,True,10.0,3.0,7.0,102.0,95.0,7.0,218.0,172.0,46.0,298.0,298.0,0.0,366.0,529.0,-163.0,0.0,-170.0,-209.0,-163.0
AnteriorInfarction_020,I,AnteriorInfarction,propagated,False,2.0,6.0,-4.0,86.0,78.0,8.0,204.0,95.0,109.0,282.0,283.0,-1.0,492.0,476.0,16.0,12.0,20.0,-93.0,17.0
AnteriorInfarction_020,II,AnteriorInfarction,propagated,False,4.0,6.0,-2.0,76.0,78.0,-2.0,206.0,95.0,111.0,288.0,287.0,1.0,360.0,476.0,-116.0,0.0,-114.0,-227.0,-117.0
AnteriorInfarction_020,III,AnteriorInfarction,propagated,False,2.0,6.0,-4.0,84.0,78.0,6.0,206.0,95.0,111.0,296.0,295.0,1.0,488.0,476.0,12.0,10.0,16.0,-99.0,11.0
AnteriorInfarction_020,aVR,AnteriorInfarction,propagated,False,10.0,6.0,4.0,84.0,78.0,6.0,204.0,95.0,109.0,286.0,286.0,0.0,344.0,476.0,-132.0,2.0,-136.0,-241.0,-132.0
AnteriorInfarction_020,aVL,AnteriorInfarction,propagated,False,0.0,6.0,-6.0,86.0,78.0,8.0,228.0,95.0,133.0,314.0,315.0,-1.0,498.0,476.0,22.0,14.0,28.0,-111.0,23.0
AnteriorInfarction_020,aVF,AnteriorInfarction,propagated,False,2.0,6.0,-4.0,84.0,78.0,6.0,206.0,95.0,111.0,290.0,290.0,0.0,392.0,476.0,-84.0,10.0,-80.0,-195.0,-84.0
AnteriorInfarction_020,V1,AnteriorInfarction,propagated,False,0.0,6.0,-6.0,88.0,78.0,10.0,172.0,95.0,77.0,286.0,286.0,0.0,444.0,476.0,-32.0,16.0,-26.0,-109.0,-32.0
AnteriorInfarction_020,V2,AnteriorInfarction,propagated,False,2.0,6.0,-4.0,90.0,78.0,12.0,224.0,95.0,129.0,294.0,293.0,1.0,502.0,476.0,26.0,16.0,30.0,-103.0,25.0
AnteriorInfarction_020,V3,AnteriorInfarction,reviewed,False,4.0,6.0,-2.0,88.0,78.0,10.0,222.0,95.0,127.0,294.0,295.0,-1.0,490.0,476.0,14.0,12.0,16.0,-113.0,15.0
AnteriorInfarction_020,V4,AnteriorInfarction,propagated,False,4.0,6.0,-2.0,88.0,78.0,10.0,222.0,95.0,127.0,286.0,286.0,0.0,452.0,476.0,-24.0,12.0,-22.0,-151.0,-24.0
AnteriorInfarction_020,V5,AnteriorInfarction,propagated,False,4.0,6.0,-2.0,84.0,78.0,6.0,216.0,95.0,121.0,292.0,292.0,0.0,342.0,476.0,-134.0,8.0,-132.0,-255.0,-134.0
AnteriorInfarction_020,V6,AnteriorInfarction,propagated,False,4.0,6.0,-2.0,82.0,78.0,4.0,218.0,95.0,123.0,292.0,292.0,0.0,344.0,476.0,-132.0,6.0,-130.0,-255.0,-132.0
AnteriorInfarction_021,I,AnteriorInfarction,propagated,True,10.0,3.0,7.0,118.0,105.0,13.0,220.0,124.0,96.0,338.0,338.0,0.0,546.0,426.0,120.0,6.0,113.0,24.0,120.0
AnteriorInfarction_021,II,AnteriorInfarction,propagated,True,4.0,3.0,1.0,114.0,105.0,9.0,210.0,124.0,86.0,288.0,288.0,0.0,446.0,426.0,20.0,8.0,19.0,-66.0,20.0
AnteriorInfarction_021,III,AnteriorInfarction,propagated,True,4.0,3.0,1.0,116.0,105.0,11.0,220.0,124.0,96.0,292.0,292.0,0.0,432.0,426.0,6.0,10.0,5.0,-90.0,6.0
AnteriorInfarction_021,aVR,AnteriorInfarction,propagated,True,10.0,3.0,7.0,114.0,105.0,9.0,200.0,124.0,76.0,284.0,284.0,0.0,400.0,426.0,-26.0,2.0,-33.0,-102.0,-26.0
AnteriorInfarction_021,aVL,AnteriorInfarction,propagated,True,4.0,3.0,1.0,118.0,105.0,13.0,230.0,124.0,106.0,298.0,298.0,0.0,556.0,426.0,130.0,12.0,129.0,24.0,130.0
AnteriorInfarction_021,aVF,AnteriorInfarction,propagated,True,4.0,3.0,1.0,114.0,105.0,9.0,216.0,124.0,92.0,290.0,290.0,0.0,430.0,426.0,4.0,8.0,3.0,-88.0,4.0
AnteriorInfarction_021,V1,AnteriorInfarction,propagated,True,0.0,3.0,-3.0,106.0,105.0,1.0,168.0,124.0,44.0,310.0,310.0,0.0,360.0,426.0,-66.0,4.0,-63.0,-110.0,-66.0
AnteriorInfarction_021,V2,AnteriorInfarction,propagated,True,0.0,3.0,-3.0,114.0,105.0,9.0,180.0,124.0,56.0,308.0,308.0,0.0,444.0,426.0,18.0,12.0,21.0,-38.0,18.0
AnteriorInfarction_021,V3,AnteriorInfarction,propagated,True,0.0,3.0,-3.0,118.0,105.0,13.0,192.0,124.0,68.0,358.0,358.0,0.0,554.0,426.0,128.0,16.0,131.0,60.0,128.0
AnteriorInfarction_021,V4,AnteriorInfarction,reviewed,True,10.0,3.0,7.0,118.0,105.0,13.0,228.0,124.0,104.0,288.0,288.0,0.0,428.0,426.0,2.0,6.0,-5.0,-102.0,2.0
AnteriorInfarction_021,V5,AnteriorInfarction,propagated,True,2.0,3.0,-1.0,114.0,105.0,9.0,124.0,124.0,0.0,282.0,283.0,-1.0,422.0,426.0,-4.0,10.0,-3.0,-4.0,-3.0
AnteriorInfarction_021,V6,AnteriorInfarction,propagated,True,4.0,3.0,1.0,112.0,105.0,7.0,218.0,124.0,94.0,298.0,298.0,0.0,440.0,426.0,14.0,6.0,13.0,-80.0,14.0
AnteriorInfarction_022,I,AnteriorInfarction,propagated,True,10.0,7.0,3.0,106.0,91.0,15.0,184.0,132.0,52.0,278.0,277.0,1.0,498.0,467.0,31.0,12.0,28.0,-21.0,30.0
AnteriorInfarction_022,II,AnteriorInfarction,propagated,True,4.0,7.0,-3.0,98.0,91.0,7.0,206.0,132.0,74.0,286.0,287.0,-1.0,484.0,467.0,17.0,10.0,20.0,-57.0,18.0
AnteriorInfarction_022,III,AnteriorInfarction,propagated,True,2.0,7.0,-5.0,106.0,91.0,15.0,220.0,132.0,88.0,294.0,293.0,1.0,500.0,467.0,33.0,20.0,38.0,-55.0,32.0
AnteriorInfarction_022,aVR,AnteriorInfarction,propagated,True,10.0,7.0,3.0,106.0,91.0,15.0,200.0,132.0,68.0,284.0,284.0,0.0,358.0,467.0,-109.0,12.0,-112.0,-177.0,-109.0
AnteriorInfarction_022,aVL,AnteriorInfarction,propagated,True,10.0,7.0,3.0,106.0,91.0,15.0,250.0,132.0,118.0,306.0,305.0,1.0,500.0,467.0,33.0,12.0,30.0,-85.0,32.0
AnteriorInfarction_022,aVF,AnteriorInfarction,propagated,True,4.0,7.0,-3.0,106.0,91.0,15.0,212.0,132.0,80.0,290.0,289.0,1.0,498.0,467.0,31.0,18.0,34.0,-49.0,30.0
AnteriorInfarction_022,V1,AnteriorInfarction,propagated,True,0.0,7.0,-7.0,104.0,91.0,13.0,114.0,132.0,-18.0,304.0,303.0,1.0,410.0,467.0,-57.0,20.0,-50.0,-39.0,-58.0
AnteriorInfarction_022,V2,AnteriorInfarction,propagated,True,10.0,7.0,3.0,100.0,91.0,9.0,226.0,132.0,94.0,340.0,340.0,0.0,508.0,467.0,41.0,6.0,38.0,-53.0,41.0
AnteriorInfarction_022,V3,AnteriorInfarction,reviewed,True,4.0,7.0,-3.0,104.0,91.0,13.0,216.0,132.0,84.0,284.0,284.0,0.0,494.0,467.0,27.0,16.0,30.0,-57.0,27.0
AnteriorInfarction_022,V4,AnteriorInfarction,propagated,True,4.0,7.0,-3.0,98.0,91.0,7.0,200.0,132.0,68.0,278.0,278.0,0.0,344.0,467.0,-123.0,10.0,-120.0,-191.0,-123.0
AnteriorInfarction_022,V5,AnteriorInfarction,propagated,False,4.0,7.0,-3.0,88.0,91.0,-3.0,218.0,132.0,86.0,300.0,301.0,-1.0,364.0,467.0,-103.0,0.0,-100.0,-189.0,-102.0
AnteriorInfarction_022,V6,AnteriorInfarction,propagated,True,10.0,7.0,3.0,98.0,91.0,7.0,212.0,132.0,80.0,292.0,292.0,0.0,362.0,467.0,-105.0,4.0,-108.0,-185.0,-105.0
AnteriorInfarction_023,I,AnteriorInfarction,propagated,True,10.0,3.0,7.0,106.0,101.0,5.0,218.0,145.0,73.0,336.0,336.0,0.0,536.0,508.0,28.0,-2.0,21.0,-45.0,28.0
AnteriorInfarction_023,II,AnteriorInfarction,propagated,True,10.0,3.0,7.0,96.0,101.0,-5.0,208.0,145.0,63.0,288.0,287.0,1.0,398.0,508.0,-110.0,-12.0,-117.0,-173.0,-111.0
AnteriorInfarction_023,III,AnteriorInfarction,propagated,True,10.0,3.0,7.0,100.0,101.0,-1.0,216.0,145.0,71.0,290.0,289.0,1.0,542.0,508.0,34.0,-8.0,27.0,-37.0,33.0
AnteriorInfarction_023,aVR,AnteriorInfarction,propagated,True,10.0,3.0,7.0,106.0,101.0,5.0,198.0,145.0,53.0,286.0,285.0,1.0,522.0,508.0,14.0,-2.0,7.0,-39.0,13.0
AnteriorInfarction_023,aVL,AnteriorInfarction,propagated,True,4.0,3.0,1.0,106.0,101.0,5.0,224.0,145.0,79.0,292.0,292.0,0.0,542.0,508.0,34.0,4.0,33.0,-45.0,34.0
AnteriorInfarction_023,aVF,AnteriorInfarction,propagated,True,10.0,3.0,7.0,100.0,101.0,-1.0,212.0,145.0,67.0,288.0,288.0,0.0,542.0,508.0,34.0,-8.0,27.0,-33.0,34.0
AnteriorInfarction_023,V1,AnteriorInfarction,reviewed,True,0.0,3.0,-3.0,98.0,101.0,-3.0,174.0,145.0,29.0,304.0,304.0,0.0,516.0,508.0,8.0,0.0,11.0,-21.0,8.0
AnteriorInfarction_023,V2,AnteriorInfarction,propagated,True,0.0,3.0,-3.0,92.0,101.0,-9.0,148.0,145.0,3.0,302.0,303.0,-1.0,582.0,508.0,74.0,-6.0,77.0,71.0,75.0
AnteriorInfarction_023,V3,AnteriorInfarction,propagated,True,10.0,3.0,7.0,104.0,101.0,3.0,228.0,145.0,83.0,300.0,300.0,0.0,580.0,508.0,72.0,-4.0,65.0,-11.0,72.0
AnteriorInfarction_023,V4,AnteriorInfarction,propagated,True,10.0,3.0,7.0,98.0,101.0,-3.0,218.0,145.0,73.0,294.0,293.0,1.0,364.0,508.0,-144.0,-10.0,-151.0,-217.0,-145.0
AnteriorInfarction_023,V5,AnteriorInfarction,propagated,True,4.0,3.0,1.0,100.0,101.0,-1.0,224.0,145.0,79.0,302.0,302.0,0.0,354.0,508.0,-154.0,-2.0,-155.0,-233.0,-154.0
AnteriorInfarction_023,V6,AnteriorInfarction,propagated,False,10.0,3.0,7.0,84.0,101.0,-17.0,218.0,145.0,73.0,294.0,295.0,-1.0,358.0,508.0,-150.0,-24.0,-157.0,-223.0,-149.0
AnteriorInfarction_024,I,AnteriorInfarction,propagated,True,10.0,3.0,7.0,114.0,104.0,10.0,290.0,148.0,142.0,354.0,355.0,-1.0,516.0,543.0,-27.0,3.0,-34.0,-169.0,-26.0
AnteriorInfarction_024,II,AnteriorInfarction,propagated,True,4.0,3.0,1.0,112.0,104.0,8.0,208.0,148.0,60.0,286.0,286.0,0.0,542.0,543.0,-1.0,7.0,-2.0,-61.0,-1.0
AnteriorInfarction_024,III,AnteriorInfarction,propagated,True,2.0,3.0,-1.0,114.0,104.0,10.0,220.0,148.0,72.0,286.0,285.0,1.0,546.0,543.0,3.0,11.0,4.0,-69.0,2.0
AnteriorInfarction_024,aVR,AnteriorInfarction,propagated,True,10.0,3.0,7.0,112.0,104.0,8.0,202.0,148.0,54.0,286.0,287.0,-1.0,396.0,543.0,-147.0,1.0,-154.0,-201.0,-146.0
AnteriorInfarction_024,aVL,AnteriorInfarction,propagated,True,2.0,3.0,-1.0,120.0,104.0,16.0,236.0,148.0,88.0,284.0,285.0,-1.0,514.0,543.0,-29.0,17.0,-28.0,-117.0,-28.0
AnteriorInfarction_024,aVF,AnteriorInfarction,propagated,True,4.0,3.0,1.0,114.0,104.0,10.0,214.0,148.0,66.0,286.0,286.0,0.0,426.0,543.0,-117.0,9.0,-118.0,-183.0,-117.0
AnteriorInfarction_024,V1,AnteriorInfarction,reviewed,True,0.0,3.0,-3.0,106.0,104.0,2.0,116.0,148.0,-32.0,286.0,286.0,0.0,566.0,543.0,23.0,5.0,26.0,55.0,23.0
AnteriorInfarction_024,V2,AnteriorInfarction,propagated,True,0.0,3.0,-3.0,112.0,104.0,8.0,122.0,148.0,-26.0,282.0,281.0,1.0,562.0,543.0,19.0,11.0,22.0,45.0,18.0
AnteriorInfarction_024,V3,AnteriorInfarction,propagated,True,0.0,3.0,-3.0,114.0,104.0,10.0,206.0,148.0,58.0,318.0,318.0,0.0,562.0,543.0,19.0,13.0,22.0,-39.0,19.0
AnteriorInfarction_024,V4,AnteriorInfarction,propagated,True,10.0,3.0,7.0,114.0,104.0,10.0,274.0,148.0,126.0,316.0,316.0,0.0,448.0,543.0,-95.0,3.0,-102.0,-221.0,-95.0
AnteriorInfarction_024,V5,AnteriorInfarction,propagated,True,10.0,3.0,7.0,112.0,104.0,8.0,272.0,148.0,124.0,320.0,320.0,0.0,442.0,543.0,-101.0,1.0,-108.0,-225.0,-101.0
AnteriorInfarction_024,V6,AnteriorInfarction,propagated,True,10.0,3.0,7.0,112.0,104.0,8.0,230.0,148.0,82.0,308.0,307.0,1.0,494.0,543.0,-49.0,1.0,-56.0,-131.0,-50.0
AnteriorInfarction_025,I,AnteriorInfarction,propagated,True,10.0,3.0,7.0,98.0,89.0,9.0,268.0,125.0,143.0,328.0,329.0,-1.0,506.0,480.0,26.0,2.0,19.0,-117.0,27.0
AnteriorInfarction_025,II,AnteriorInfarction,propagated,True,4.0,3.0,1.0,96.0,89.0,7.0,200.0,125.0,75.0,284.0,283.0,1.0,510.0,480.0,30.0,6.0,29.0,-45.0,29.0
AnteriorInfarction_025,III,AnteriorInfarction,propagated,True,2.0,3.0,-1.0,96.0,89.0,7.0,210.0,125.0,85.0,290.0,290.0,0.0,370.0,480.0,-110.0,8.0,-109.0,-195.0,-110.0
AnteriorInfarction_025,aVR,AnteriorInfarction,propagated,True,10.0,3.0,7.0,110.0,89.0,21.0,196.0,125.0,71.0,280.0,280.0,0.0,510.0,480.0,30.0,14.0,23.0,-41.0,30.0
AnteriorInfarction_025,aVL,AnteriorInfarction,propagated,True,2.0,3.0,-1.0,98.0,89.0,9.0,226.0,125.0,101.0,300.0,301.0,-1.0,496.0,480.0,16.0,10.0,17.0,-85.0,17.0
AnteriorInfarction_025,aVF,AnteriorInfarction,propagated,True,4.0,3.0,1.0,94.0,89.0,5.0,204.0,125.0,79.0,286.0,286.0,0.0,360.0,480.0,-120.0,4.0,-121.0,-199.0,-120.0
AnteriorInfarction_025,V1,AnteriorInfarction,reviewed,True,2.0,3.0,-1.0,96.0,89.0,7.0,168.0,125.0,43.0,302.0,301.0,1.0,582.0,480.0,102.0,8.0,103.0,59.0,101.0
AnteriorInfarction_025,V2,AnteriorInfarction,propagated,True,2.0,3.0,-1.0,96.0,89.0,7.0,170.0,125.0,45.0,338.0,338.0,0.0,532.0,480.0,52.0,8.0,53.0,7.0,52.0
AnteriorInfarction_025,V3,AnteriorInfarction,propagated,True,2.0,3.0,-1.0,108.0,89.0,19.0,218.0,125.0,93.0,298.0,297.0,1.0,500.0,480.0,20.0,20.0,21.0,-73.0,19.0
AnteriorInfarction_025,V4,AnteriorInfarction,propagated,True,2.0,3.0,-1.0,96.0,89.0,7.0,208.0,125.0,83.0,288.0,288.0,0.0,386.0,480.0,-94.0,8.0,-93.0,-177.0,-94.0
AnteriorInfarction_025,V5,AnteriorInfarction,propagated,True,4.0,3.0,1.0,94.0,89.0,5.0,174.0,125.0,49.0,306.0,305.0,1.0,490.0,480.0,10.0,4.0,9.0,-39.0,9.0
AnteriorInfarction_025,V6,AnteriorInfarction,propagated,True,4.0,3.0,1.0,92.0,89.0,3.0,218.0,125.0,93.0,292.0,293.0,-1.0,350.0,480.0,-130.0,2.0,-131.0,-223.0,-129.0
AnteriorInfarction_026,I,AnteriorInfarction,propagated,True,10.0,3.0,7.0,106.0,95.0,11.0,268.0,142.0,126.0,336.0,336.0,0.0,504.0,482.0,22.0,4.0,15.0,-104.0,22.0
AnteriorInfarction_026,II,AnteriorInfarction,propagated,True,2.0,3.0,-1.0,96.0,95.0,1.0,204.0,142.0,62.0,282.0,283.0,-1.0,490.0,482.0,8.0,2.0,9.0,-54.0,9.0
AnteriorInfarction_026,III,AnteriorInfarction,propagated,True,2.0,3.0,-1.0,102.0,95.0,7.0,218.0,142.0,76.0,286.0,285.0,1.0,508.0,482.0,26.0,8.0,27.0,-50.0,25.0
AnteriorInfarction_026,aVR,AnteriorInfarction,propagated,True,4.0,3.0,1.0,98.0,95.0,3.0,194.0,142.0,52.0,280.0,281.0,-1.0,496.0,482.0,14.0,2.0,13.0,-38.0,15.0
AnteriorInfarction_026,aVL,AnteriorInfarction,propagated,True,2.0,3.0,-1.0,104.0,95.0,9.0,240.0,142.0,98.0,330.0,330.0,0.0,506.0,482.0,24.0,10.0,25.0,-74.0,24.0
AnteriorInfarction_026,aVF,AnteriorInfarction,propagated,True,2.0,3.0,-1.0,100.0,95.0,5.0,210.0,142.0,68.0,284.0,284.0,0.0,508.0,482.0,26.0,6.0,27.0,-42.0,26.0
AnteriorInfarction_026,V1,AnteriorInfarction,reviewed,True,0.0,3.0,-3.0,96.0,95.0,1.0,200.0,142.0,58.0,302.0,301.0,1.0,432.0,482.0,-50.0,4.0,-47.0,-108.0,-51.0
AnteriorInfarction_026,V2,AnteriorInfarction,propagated,True,0.0,3.0,-3.0,92.0,95.0,-3.0,174.0,142.0,32.0,294.0,293.0,1.0,354.0,482.0,-128.0,0.0,-125.0,-160.0,-129.0
AnteriorInfarction_026,V3,AnteriorInfarction,propagated,False,0.0,3.0,-3.0,84.0,95.0,-11.0,160.0,142.0,18.0,282.0,283.0,-1.0,562.0,482.0,80.0,-8.0,83.0,62.0,81.0
AnteriorInfarction_026,V4,AnteriorInfarction,propagated,True,0.0,3.0,-3.0,94.0,95.0,-1.0,192.0,142.0,50.0,278.0,279.0,-1.0,558.0,482.0,76.0,2.0,79.0,26.0,77.0
AnteriorInfarction_026,V5,AnteriorInfarction,propagated,False,2.0,3.0,-1.0,84.0,95.0,-11.0,156.0,142.0,14.0,318.0,318.0,0.0,498.0,482.0,16.0,-10.0,17.0,2.0,16.0
AnteriorInfarction_026,V6,AnteriorInfarction,propagated,True,10.0,3.0,7.0,98.0,95.0,3.0,212.0,142.0,70.0,290.0,291.0,-1.0,490.0,482.0,8.0,-4.0,1.0,-62.0,9.0
AnteriorInfarction_027,I,AnteriorInfarction,propagated,True,10.0,3.0,7.0,116.0,96.0,20.0,208.0,124.0,84.0,336.0,335.0,1.0,532.0,485.0,47.0,13.0,40.0,-37.0,46.0
AnteriorInfarction_027,II,AnteriorInfarction,propagated,True,10.0,3.0,7.0,96.0,96.0,0.0,202.0,124.0,78.0,284.0,283.0,1.0,358.0,485.0,-127.0,-7.0,-134.0,-205.0,-128.0
AnteriorInfarction_027,III,AnteriorInfarction,propagated,True,10.0,3.0,7.0,104.0,96.0,8.0,214.0,124.0,90.0,288.0,287.0,1.0,540.0,485.0,55.0,1.0,48.0,-35.0,54.0
AnteriorInfarction_027,aVR,AnteriorInfarction,propagated,True,10.0,3.0,7.0,114.0,96.0,18.0,190.0,124.0,66.0,280.0,280.0,0.0,506.0,485.0,21.0,11.0,14.0,-45.0,21.0
AnteriorInfarction_027,aVL,AnteriorInfarction,propagated,True,10.0,3.0,7.0,108.0,96.0,12.0,224.0,124.0,100.0,290.0,291.0,-1.0,540.0,485.0,55.0,5.0,48.0,-45.0,56.0
AnteriorInfarction_027,aVF,AnteriorInfarction,propagated,True,10.0,3.0,7.0,102.0,96.0,6.0,208.0,124.0,84.0,286.0,285.0,1.0,532.0,485.0,47.0,-1.0,40.0,-37.0,46.0
AnteriorInfarction_027,V1,AnteriorInfarction,reviewed,True,2.0,3.0,-1.0,102.0,96.0,6.0,220.0,124.0,96.0,304.0,303.0,1.0,434.0,485.0,-51.0,7.0,-50.0,-147.0,-52.0
AnteriorInfarction_027,V2,AnteriorInfarction,propagated,True,2.0,3.0,-1.0,100.0,96.0,4.0,202.0,124.0,78.0,300.0,300.0,0.0,356.0,485.0,-129.0,5.0,-128.0,-207.0,-129.0
AnteriorInfarction_027,V3,AnteriorInfarction,propagated,True,2.0,3.0,-1.0,92.0,96.0,-4.0,162.0,124.0,38.0,302.0,302.0,0.0,446.0,485.0,-39.0,-3.0,-38.0,-77.0,-39.0
AnteriorInfarction_027,V4,AnteriorInfarction,propagated,True,10.0,3.0,7.0,108.0,96.0,12.0,210.0,124.0,86.0,276.0,276.0,0.0,456.0,485.0,-29.0,5.0,-36.0,-115.0,-29.0
AnteriorInfarction_027,V5,AnteriorInfarction,propagated,True,4.0,3.0,1.0,108.0,96.0,12.0,222.0,124.0,98.0,284.0,283.0,1.0,500.0,485.0,15.0,11.0,14.0,-83.0,14.0
AnteriorInfarction_027,V6,AnteriorInfarction,propagated,True,4.0,3.0,1.0,104.0,96.0,8.0,212.0,124.0,88.0,298.0,298.0,0.0,372.0,485.0,-113.0,7.0,-114.0,-201.0,-113.0
AnteriorInfarction_028,I,AnteriorInfarction,propagated,True,10.0,2.0,8.0,92.0,121.0,-29.0,196.0,167.0,29.0,280.0,280.0,0.0,504.0,462.0,42.0,-37.0,34.0,13.0,42.0
AnteriorInfarction_028,II,AnteriorInfarction,propagated,False,0.0,2.0,-2.0,86.0,121.0,-35.0,198.0,167.0,31.0,282.0,281.0,1.0,362.0,462.0,-100.0,-33.0,-98.0,-131.0,-101.0
AnteriorInfarction_028,III,AnteriorInfarction,propagated,False,10.0,2.0,8.0,88.0,121.0,-33.0,270.0,167.0,103.0,330.0,329.0,1.0,500.0,462.0,38.0,-41.0,30.0,-65.0,37.0
AnteriorInfarction_028,aVR,AnteriorInfarction,propagated,True,2.0,2.0,0.0,98.0,121.0,-23.0,196.0,167.0,29.0,280.0,280.0,0.0,508.0,462.0,46.0,-23.0,46.0,17.0,46.0
AnteriorInfarction_028,aVL,AnteriorInfarction,propagated,False,10.0,2.0,8.0,88.0,121.0,-33.0,192.0,167.0,25.0,280.0,279.0,1.0,502.0,462.0,40.0,-41.0,32.0,15.0,39.0
AnteriorInfarction_028,aVF,AnteriorInfarction,reviewed,False,2.0,2.0,0.0,88.0,121.0,-33.0,202.0,167.0,35.0,284.0,285.0,-1.0,494.0,462.0,32.0,-33.0,32.0,-3.0,33.0
AnteriorInfarction_028,V1,AnteriorInfarction,propagated,False,0.0,2.0,-2.0,86.0,121.0,-35.0,168.0,167.0,1.0,274.0,274.0,0.0,420.0,462.0,-42.0,-33.0,-40.0,-43.0,-42.0
AnteriorInfarction_028,V2,AnteriorInfarction,propagated,False,0.0,2.0,-2.0,86.0,121.0,-35.0,174.0,167.0,7.0,338.0,338.0,0.0,484.0,462.0,22.0,-33.0,24.0,15.0,22.0
AnteriorInfarction_028,V3,AnteriorInfarction,propagated,False,0.0,2.0,-2.0,84.0,121.0,-37.0,180.0,167.0,13.0,336.0,336.0,0.0,464.0,462.0,2.0,-35.0,4.0,-11.0,2.0
AnteriorInfarction_028,V4,AnteriorInfarction,propagated,False,0.0,2.0,-2.0,80.0,121.0,-41.0,90.0,167.0,-77.0,342.0,342.0,0.0,444.0,462.0,-18.0,-39.0,-16.0,59.0,-18.0
AnteriorInfarction_028,V5,AnteriorInfarction,propagated,False,2.0,2.0,0.0,78.0,121.0,-43.0,196.0,167.0,29.0,280.0,280.0,0.0,348.0,462.0,-114.0,-43.0,-114.0,-143.0,-114.0
AnteriorInfarction_028,V6,AnteriorInfarction,propagated,False,4.0,2.0,2.0,86.0,121.0,-35.0,204.0,167.0,37.0,282.0,283.0,-1.0,364.0,462.0,-98.0,-37.0,-100.0,-135.0,-97.0
AnteriorInfarction_029,I,AnteriorInfarction,propagated,True,10.0,5.0,5.0,108.0,97.0,11.0,266.0,129.0,137.0,338.0,338.0,0.0,496.0,527.0,-31.0,6.0,-36.0,-168.0,-31.0
AnteriorInfarction_029,II,AnteriorInfarction,propagated,True,4.0,5.0,-1.0,108.0,97.0,11.0,206.0,129.0,77.0,288.0,288.0,0.0,422.0,527.0,-105.0,12.0,-104.0,-182.0,-105.0
AnteriorInfarction_029,III,AnteriorInfarction,propagated,True,10.0,5.0,5.0,110.0,97.0,13.0,220.0,129.0,91.0,296.0,297.0,-1.0,540.0,527.0,13.0,8.0,8.0,-78.0,14.0
AnteriorInfarction_029,aVR,AnteriorInfarction,propagated,True,4.0,5.0,-1.0,102.0,97.0,5.0,198.0,129.0,69.0,284.0,283.0,1.0,522.0,527.0,-5.0,6.0,-4.0,-74.0,-6.0
AnteriorInfarction_029,aVL,AnteriorInfarction,reviewed,True,10.0,5.0,5.0,110.0,97.0,13.0,236.0,129.0,107.0,304.0,304.0,0.0,534.0,527.0,7.0,8.0,2.0,-100.0,7.0
AnteriorInfarction_029,aVF,AnteriorInfarction,propagated,True,4.0,5.0,-1.0,110.0,97.0,13.0,212.0,129.0,83.0,292.0,292.0,0.0,544.0,527.0,17.0,14.0,18.0,-66.0,17.0
AnteriorInfarction_029,V1,AnteriorInfarction,propagated,True,2.0,5.0,-3.0,106.0,97.0,9.0,176.0,129.0,47.0,294.0,294.0,0.0,354.0,527.0,-173.0,12.0,-170.0,-220.0,-173.0
AnteriorInfarction_029,V2,AnteriorInfarction,propagated,True,0.0,5.0,-5.0,110.0,97.0,13.0,120.0,129.0,-9.0,296.0,296.0,0.0,548.0,527.0,21.0,18.0,26.0,30.0,21.0
AnteriorInfarction_029,V3,AnteriorInfarction,propagated,True,10.0,5.0,5.0,108.0,97.0,11.0,228.0,129.0,99.0,294.0,294.0,0.0,574.0,527.0,47.0,6.0,42.0,-52.0,47.0
AnteriorInfarction_029,V4,AnteriorInfarction,propagated,True,10.0,5.0,5.0,30.0,97.0,-67.0,54.0,129.0,-75.0,70.0,283.0,-213.0,136.0,527.0,-391.0,-72.0,-396.0,-316.0,-178.0
AnteriorInfarction_029,V5,AnteriorInfarction,propagated,True,10.0,5.0,5.0,108.0,97.0,11.0,222.0,129.0,93.0,304.0,305.0,-1.0,362.0,527.0,-165.0,6.0,-170.0,-258.0,-164.0
AnteriorInfarction_029,V6,AnteriorInfarction,propagated,True,4.0,5.0,-1.0,108.0,97.0,11.0,226.0,129.0,97.0,304.0,304.0,0.0,364.0,527.0,-163.0,12.0,-162.0,-260.0,-163.0
AnteriorInfarction_030,I,AnteriorInfarction,reviewed,True,10.0,3.0,7.0,106.0,110.0,-4.0,210.0,167.0,43.0,336.0,335.0,1.0,510.0,508.0,2.0,-11.0,-5.0,-41.0,1.0
AnteriorInfarction_030,II,AnteriorInfarction,propagated,True,4.0,3.0,1.0,98.0,110.0,-12.0,210.0,167.0,43.0,288.0,288.0,0.0,414.0,508.0,-94.0,-13.0,-95.0,-137.0,-94.0
AnteriorInfarction_030,III,AnteriorInfarction,propagated,True,2.0,3.0,-1.0,106.0,110.0,-4.0,220.0,167.0,53.0,292.0,292.0,0.0,536.0,508.0,28.0,-3.0,29.0,-25.0,28.0
AnteriorInfarction_030,aVR,AnteriorInfarction,propagated,True,10.0,3.0,7.0,106.0,110.0,-4.0,198.0,167.0,31.0,284.0,284.0,0.0,514.0,508.0,6.0,-11.0,-1.0,-25.0,6.0
AnteriorInfarction_030,aVL,AnteriorInfarction,propagated,True,4.0,3.0,1.0,106.0,110.0,-4.0,230.0,167.0,63.0,298.0,299.0,-1.0,528.0,508.0,20.0,-5.0,19.0,-43.0,21.0
AnteriorInfarction_030,aVF,AnteriorInfarction,propagated,True,4.0,3.0,1.0,102.0,110.0,-8.0,214.0,167.0,47.0,290.0,290.0,0.0,540.0,508.0,32.0,-9.0,31.0,-15.0,32.0
AnteriorInfarction_030,V1,AnteriorInfarction,propagated,True,0.0,3.0,-3.0,100.0,110.0,-10.0,198.0,167.0,31.0,314.0,315.0,-1.0,524.0,508.0,16.0,-7.0,19.0,-15.0,17.0
AnteriorInfarction_030,V2,AnteriorInfarction,propagated,True,0.0,3.0,-3.0,104.0,110.0,-6.0,162.0,167.0,-5.0,316.0,317.0,-1.0,532.0,508.0,24.0,-3.0,27.0,29.0,25.0
AnteriorInfarction_030,V3,AnteriorInfarction,propagated,True,2.0,3.0,-1.0,104.0,110.0,-6.0,232.0,167.0,65.0,288.0,288.0,0.0,568.0,508.0,60.0,-5.0,61.0,-5.0,60.0
AnteriorInfarction_030,V4,AnteriorInfarction,propagated,True,2.0,3.0,-1.0,104.0,110.0,-6.0,242.0,167.0,75.0,318.0,318.0,0.0,512.0,508.0,4.0,-5.0,5.0,-71.0,4.0
AnteriorInfarction_030,V5,AnteriorInfarction,propagated,True,10.0,3.0,7.0,100.0,110.0,-10.0,224.0,167.0,57.0,298.0,299.0,-1.0,356.0,508.0,-152.0,-17.0,-159.0,-209.0,-151.0
AnteriorInfarction_030,V6,AnteriorInfarction,propagated,True,10.0,3.0,7.0,98.0,110.0,-12.0,216.0,167.0,49.0,292.0,292.0,0.0,448.0,508.0,-60.0,-19.0,-67.0,-109.0,-60.0
AnteriorInfarction_031,I,AnteriorInfarction,propagated,True,10.0,6.0,4.0,104.0,95.0,9.0,192.0,103.0,89.0,288.0,287.0,1.0,496.0,510.0,-14.0,5.0,-18.0,-103.0,-15.0
AnteriorInfarction_031,II,AnteriorInfarction,propagated,True,4.0,6.0,-2.0,100.0,95.0,5.0,206.0,103.0,103.0,300.0,299.0,1.0,366.0,510.0,-144.0,7.0,-142.0,-247.0,-145.0
AnteriorInfarction_031,III,AnteriorInfarction,propagated,True,10.0,6.0,4.0,102.0,95.0,7.0,216.0,103.0,113.0,310.0,311.0,-1.0,390.0,510.0,-120.0,3.0,-124.0,-233.0,-119.0
AnteriorInfarction_031,aVR,AnteriorInfarction,propagated,True,4.0,6.0,-2.0,104.0,95.0,9.0,202.0,103.0,99.0,294.0,293.0,1.0,376.0,510.0,-134.0,11.0,-132.0,-233.0,-135.0
AnteriorInfarction_031,aVL,AnteriorInfarction,propagated,True,10.0,6.0,4.0,104.0,95.0,9.0,234.0,103.0,131.0,318.0,318.0,0.0,546.0,510.0,36.0,5.0,32.0,-95.0,36.0
AnteriorInfarction_031,aVF,AnteriorInfarction,propagated,True,4.0,6.0,-2.0,102.0,95.0,7.0,210.0,103.0,107.0,306.0,305.0,1.0,374.0,510.0,-136.0,9.0,-134.0,-243.0,-137.0
AnteriorInfarction_031,V1,AnteriorInfarction,propagated,True,2.0,6.0,-4.0,104.0,95.0,9.0,202.0,103.0,99.0,328.0,328.0,0.0,432.0,510.0,-78.0,13.0,-74.0,-177.0,-78.0
AnteriorInfarction_031,V2,AnteriorInfarction,propagated,True,10.0,6.0,4.0,116.0,95.0,21.0,232.0,103.0,129.0,318.0,318.0,0.0,538.0,510.0,28.0,17.0,24.0,-101.0,28.0
AnteriorInfarction_031,V3,AnteriorInfarction,reviewed,True,2.0,6.0,-4.0,110.0,95.0,15.0,230.0,103.0,127.0,308.0,308.0,0.0,528.0,510.0,18.0,19.0,22.0,-109.0,18.0
AnteriorInfarction_031,V4,AnteriorInfarction,propagated,True,2.0,6.0,-4.0,104.0,95.0,9.0,220.0,103.0,117.0,296.0,296.0,0.0,456.0,510.0,-54.0,13.0,-50.0,-171.0,-54.0
AnteriorInfarction_031,V5,AnteriorInfarction,propagated,True,2.0,6.0,-4.0,104.0,95.0,9.0,242.0,103.0,139.0,312.0,313.0,-1.0,390.0,510.0,-120.0,13.0,-116.0,-259.0,-119.0
AnteriorInfarction_031,V6,AnteriorInfarction,propagated,False,4.0,6.0,-2.0,86.0,95.0,-9.0,238.0,103.0,135.0,308.0,309.0,-1.0,368.0,510.0,-142.0,-7.0,-140.0,-277.0,-141.0
AnteriorInfarction_032,I,AnteriorInfarction,propagated,True,10.0,4.0,6.0,96.0,84.0,12.0,212.0,93.0,119.0,340.0,339.0,1.0,502.0,492.0,10.0,6.0,4.0,-109.0,9.0
AnteriorInfarction_032,II,AnteriorInfarction,propagated,True,4.0,4.0,0.0,92.0,84.0,8.0,198.0,93.0,105.0,282.0,281.0,1.0,342.0,492.0,-150.0,8.0,-150.0,-255.0,-151.0
AnteriorInfarction_032,III,AnteriorInfarction,reviewed,False,10.0,4.0,6.0,90.0,84.0,6.0,212.0,93.0,119.0,288.0,288.0,0.0,516.0,492.0,24.0,0.0,18.0,-95.0,24.0
AnteriorInfarction_032,aVR,AnteriorInfarction,propagated,True,10.0,4.0,6.0,104.0,84.0,20.0,186.0,93.0,93.0,276.0,276.0,0.0,482.0,492.0,-10.0,14.0,-16.0,-103.0,-10.0
AnteriorInfarction_032,aVL,AnteriorInfarction,propagated,True,4.0,4.0,0.0,92.0,84.0,8.0,224.0,93.0,131.0,292.0,293.0,-1.0,510.0,492.0,18.0,8.0,18.0,-113.0,19.0
AnteriorInfarction_032,aVF,AnteriorInfarction,propagated,False,4.0,4.0,0.0,90.0,84.0,6.0,206.0,93.0,113.0,284.0,284.0,0.0,522.0,492.0,30.0,6.0,30.0,-83.0,30.0
AnteriorInfarction_032,V1,AnteriorInfarction,propagated,False,2.0,4.0,-2.0,80.0,84.0,-4.0,160.0,93.0,67.0,284.0,285.0,-1.0,340.0,492.0,-152.0,-2.0,-150.0,-219.0,-151.0
AnteriorInfarction_032,V2,AnteriorInfarction,propagated,True,10.0,4.0,6.0,92.0,84.0,8.0,158.0,93.0,65.0,284.0,283.0,1.0,512.0,492.0,20.0,2.0,14.0,-45.0,19.0
AnteriorInfarction_032,V3,AnteriorInfarction,propagated,True,10.0,4.0,6.0,104.0,84.0,20.0,210.0,93.0,117.0,336.0,337.0,-1.0,510.0,492.0,18.0,14.0,12.0,-99.0,19.0
AnteriorInfarction_032,V4,AnteriorInfarction,propagated,True,4.0,4.0,0.0,92.0,84.0,8.0,194.0,93.0,101.0,336.0,337.0,-1.0,480.0,492.0,-12.0,8.0,-12.0,-113.0,-11.0
AnteriorInfarction_032,V5,AnteriorInfarction,propagated,True,4.0,4.0,0.0,104.0,84.0,20.0,236.0,93.0,143.0,338.0,339.0,-1.0,492.0,492.0,0.0,20.0,0.0,-143.0,1.0
AnteriorInfarction_032,V6,AnteriorInfarction,propagated,False,4.0,4.0,0.0,90.0,84.0,6.0,188.0,93.0,95.0,274.0,275.0,-1.0,336.0,492.0,-156.0,6.0,-156.0,-251.0,-155.0
AnteriorInfarction_033,I,AnteriorInfarction,propagated,True,10.0,3.0,7.0,106.0,95.0,11.0,268.0,119.0,149.0,336.0,336.0,0.0,550.0,463.0,87.0,4.0,80.0,-62.0,87.0
AnteriorInfarction_033,II,AnteriorInfarction,propagated,True,10.0,3.0,7.0,98.0,95.0,3.0,204.0,119.0,85.0,284.0,285.0,-1.0,378.0,463.0,-85.0,-4.0,-92.0,-170.0,-84.0
AnteriorInfarction_033,III,AnteriorInfarction,propagated,True,10.0,3.0,7.0,106.0,95.0,11.0,212.0,119.0,93.0,288.0,288.0,0.0,544.0,463.0,81.0,4.0,74.0,-12.0,81.0
AnteriorInfarction_033,aVR,AnteriorInfarction,propagated,True,4.0,3.0,1.0,114.0,95.0,19.0,198.0,119.0,79.0,282.0,283.0,-1.0,422.0,463.0,-41.0,18.0,-42.0,-120.0,-40.0
AnteriorInfarction_033,aVL,AnteriorInfarction,propagated,True,10.0,3.0,7.0,106.0,95.0,11.0,224.0,119.0,105.0,292.0,293.0,-1.0,548.0,463.0,85.0,4.0,78.0,-20.0,86.0
AnteriorInfarction_033,aVF,AnteriorInfarction,propagated,True,10.0,3.0,7.0,104.0,95.0,9.0,208.0,119.0,89.0,286.0,286.0,0.0,540.0,463.0,77.0,2.0,70.0,-12.0,77.0
AnteriorInfarction_033,V1,AnteriorInfarction,propagated,True,0.0,3.0,-3.0,102.0,95.0,7.0,112.0,119.0,-7.0,326.0,326.0,0.0,470.0,463.0,7.0,10.0,10.0,14.0,7.0
AnteriorInfarction_033,V2,AnteriorInfarction,propagated,True,0.0,3.0,-3.0,102.0,95.0,7.0,188.0,119.0,69.0,286.0,285.0,1.0,424.0,463.0,-39.0,10.0,-36.0,-108.0,-40.0
AnteriorInfarction_033,V3,AnteriorInfarction,propagated,True,10.0,3.0,7.0,102.0,95.0,7.0,220.0,119.0,101.0,286.0,286.0,0.0,518.0,463.0,55.0,0.0,48.0,-46.0,55.0
AnteriorInfarction_033,V4,AnteriorInfarction,reviewed,True,4.0,3.0,1.0,102.0,95.0,7.0,216.0,119.0,97.0,284.0,283.0,1.0,410.0,463.0,-53.0,6.0,-54.0,-150.0,-54.0
AnteriorInfarction_033,V5,AnteriorInfarction,propagated,True,10.0,3.0,7.0,102.0,95.0,7.0,204.0,119.0,85.0,292.0,292.0,0.0,350.0,463.0,-113.0,0.0,-120.0,-198.0,-113.0
AnteriorInfarction_033,V6,AnteriorInfarction,propagated,False,10.0,3.0,7.0,84.0,95.0,-11.0,210.0,119.0,91.0,290.0,290.0,0.0,354.0,463.0,-109.0,-18.0,-116.0,-200.0,-109.0
AnteriorInfarction_034,I,AnteriorInfarction,propagated,True,10.0,4.0,6.0,94.0,87.0,7.0,202.0,187.0,15.0,288.0,287.0,1.0,350.0,438.0,-88.0,1.0,-94.0,-103.0,-89.0
AnteriorInfarction_034,II,AnteriorInfarction,propagated,True,10.0,4.0,6.0,92.0,87.0,5.0,208.0,187.0,21.0,284.0,284.0,0.0,480.0,438.0,42.0,-1.0,36.0,21.0,42.0
AnteriorInfarction_034,III,AnteriorInfarction,propagated,True,10.0,4.0,6.0,94.0,87.0,7.0,214.0,187.0,27.0,280.0,280.0,0.0,524.0,438.0,86.0,1.0,80.0,59.0,86.0
AnteriorInfarction_034,aVR,AnteriorInfarction,propagated,False,10.0,4.0,6.0,88.0,87.0,1.0,206.0,187.0,19.0,286.0,285.0,1.0,420.0,438.0,-18.0,-5.0,-24.0,-37.0,-19.0
AnteriorInfarction_034,aVL,AnteriorInfarction,propagated,True,10.0,4.0,6.0,94.0,87.0,7.0,232.0,187.0,45.0,342.0,342.0,0.0,524.0,438.0,86.0,1.0,80.0,41.0,86.0
AnteriorInfarction_034,aVF,AnteriorInfarction,propagated,True,10.0,4.0,6.0,94.0,87.0,7.0,208.0,187.0,21.0,282.0,283.0,-1.0,490.0,438.0,52.0,1.0,46.0,31.0,53.0
AnteriorInfarction_034,V1,AnteriorInfarction,propagated,True,0.0,4.0,-4.0,98.0,87.0,11.0,240.0,187.0,53.0,286.0,286.0,0.0,468.0,438.0,30.0,15.0,34.0,-23.0,30.0
AnteriorInfarction_034,V2,AnteriorInfarction,reviewed,True,10.0,4.0,6.0,98.0,87.0,11.0,218.0,187.0,31.0,282.0,281.0,1.0,488.0,438.0,50.0,5.0,44.0,19.0,49.0
AnteriorInfarction_034,V3,AnteriorInfarction,propagated,True,10.0,4.0,6.0,92.0,87.0,5.0,216.0,187.0,29.0,272.0,273.0,-1.0,430.0,438.0,-8.0,-1.0,-14.0,-37.0,-7.0
AnteriorInfarction_034,V4,AnteriorInfarction,propagated,True,10.0,4.0,6.0,92.0,87.0,5.0,212.0,187.0,25.0,296.0,296.0,0.0,350.0,438.0,-88.0,-1.0,-94.0,-113.0,-88.0
AnteriorInfarction_034,V5,AnteriorInfarction,propagated,False,10.0,4.0,6.0,88.0,87.0,1.0,208.0,187.0,21.0,286.0,286.0,0.0,358.0,438.0,-80.0,-5.0,-86.0,-101.0,-80.0
AnteriorInfarction_034,V6,AnteriorInfarction,propagated,True,10.0,4.0,6.0,92.0,87.0,5.0,212.0,187.0,25.0,286.0,287.0,-1.0,486.0,438.0,48.0,-1.0,42.0,23.0,49.0
AnteriorInfarction_035,I,AnteriorInfarction,propagated,True,10.0,9.0,1.0,96.0,88.0,8.0,210.0,190.0,20.0,292.0,291.0,1.0,360.0,460.0,-100.0,7.0,-101.0,-120.0,-101.0
AnteriorInfarction_035,II,AnteriorInfarction,propagated,True,10.0,9.0,1.0,96.0,88.0,8.0,210.0,190.0,20.0,288.0,288.0,0.0,474.0,460.0,14.0,7.0,13.0,-6.0,14.0
AnteriorInfarction_035,III,AnteriorInfarction,reviewed,True,10.0,9.0,1.0,96.0,88.0,8.0,214.0,190.0,24.0,278.0,277.0,1.0,494.0,460.0,34.0,7.0,33.0,10.0,33.0
AnteriorInfarction_035,aVR,AnteriorInfarction,propagated,False,10.0,9.0,1.0,88.0,88.0,0.0,210.0,190.0,20.0,290.0,289.0,1.0,418.0,460.0,-42.0,-1.0,-43.0,-62.0,-43.0
AnteriorInfarction_035,aVL,AnteriorInfarction,propagated,True,10.0,9.0,1.0,96.0,88.0,8.0,212.0,190.0,22.0,296.0,296.0,0.0,352.0,460.0,-108.0,7.0,-109.0,-130.0,-108.0
AnteriorInfarction_035,aVF,AnteriorInfarction,propagated,True,10.0,9.0,1.0,96.0,88.0,8.0,210.0,190.0,20.0,286.0,285.0,1.0,534.0,460.0,74.0,7.0,73.0,54.0,73.0
AnteriorInfarction_035,V1,AnteriorInfarction,propagated,True,10.0,9.0,1.0,102.0,88.0,14.0,224.0,190.0,34.0,290.0,291.0,-1.0,540.0,460.0,80.0,13.0,79.0,46.0,81.0
AnteriorInfarction_035,V2,AnteriorInfarction,propagated,True,10.0,9.0,1.0,102.0,88.0,14.0,220.0,190.0,30.0,290.0,289.0,1.0,538.0,460.0,78.0,13.0,77.0,48.0,77.0
AnteriorInfarction_035,V3,AnteriorInfarction,propagated,True,10.0,9.0,1.0,98.0,88.0,10.0,220.0,190.0,30.0,280.0,280.0,0.0,468.0,460.0,8.0,9.0,7.0,-22.0,8.0
AnteriorInfarction_035,V4,AnteriorInfarction,propagated,True,10.0,9.0,1.0,98.0,88.0,10.0,210.0,190.0,20.0,298.0,298.0,0.0,354.0,460.0,-106.0,9.0,-107.0,-126.0,-106.0
AnteriorInfarction_035,V5,AnteriorInfarction,propagated,True,10.0,9.0,1.0,94.0,88.0,6.0,212.0,190.0,22.0,290.0,290.0,0.0,444.0,460.0,-16.0,5.0,-17.0,-38.0,-16.0
AnteriorInfarction_035,V6,AnteriorInfarction,propagated,True,10.0,9.0,1.0,96.0,88.0,8.0,216.0,190.0,26.0,290.0,290.0,0.0,478.0,460.0,18.0,7.0,17.0,-8.0,18.0
AnteriorInfarction_036,I,AnteriorInfarction,propagated,True,10.0,4.0,6.0,92.0,86.0,6.0,188.0,111.0,77.0,276.0,276.0,0.0,496.0,472.0,24.0,0.0,18.0,-53.0,24.0
AnteriorInfarction_036,II,AnteriorInfarction,propagated,True,4.0,4.0,0.0,92.0,86.0,6.0,202.0,111.0,91.0,284.0,284.0,0.0,348.0,472.0,-124.0,6.0,-124.0,-215.0,-124.0
AnteriorInfarction_036,III,AnteriorInfarction,propagated,True,2.0,4.0,-2.0,92.0,86.0,6.0,224.0,111.0,113.0,294.0,295.0,-1.0,502.0,472.0,30.0,8.0,32.0,-83.0,31.0
AnteriorInfarction_036,aVR,AnteriorInfarction,propagated,True,10.0,4.0,6.0,92.0,86.0,6.0,198.0,111.0,87.0,280.0,280.0,0.0,338.0,472.0,-134.0,0.0,-140.0,-221.0,-134.0
AnteriorInfarction_036,aVL,AnteriorInfarction,propagated,True,10.0,4.0,6.0,92.0,86.0,6.0,216.0,111.0,105.0,316.0,315.0,1.0,502.0,472.0,30.0,0.0,24.0,-75.0,29.0
AnteriorInfarction_036,aVF,AnteriorInfarction,propagated,False,4.0,4.0,0.0,90.0,86.0,4.0,210.0,111.0,99.0,288.0,288.0,0.0,494.0,472.0,22.0,4.0,22.0,-77.0,22.0
AnteriorInfarction_036,V1,AnteriorInfarction,propagated,False,0.0,4.0,-4.0,86.0,86.0,0.0,142.0,111.0,31.0,290.0,291.0,-1.0,408.0,472.0,-64.0,4.0,-60.0,-95.0,-63.0
AnteriorInfarction_036,V2,AnteriorInfarction,propagated,True,4.0,4.0,0.0,98.0,86.0,12.0,222.0,111.0,111.0,286.0,285.0,1.0,502.0,472.0,30.0,12.0,30.0,-81.0,29.0
AnteriorInfarction_036,V3,AnteriorInfarction,reviewed,True,2.0,4.0,-2.0,92.0,86.0,6.0,224.0,111.0,113.0,280.0,280.0,0.0,432.0,472.0,-40.0,8.0,-38.0,-153.0,-40.0
AnteriorInfarction_036,V4,AnteriorInfarction,propagated,True,4.0,4.0,0.0,92.0,86.0,6.0,188.0,111.0,77.0,298.0,299.0,-1.0,346.0,472.0,-126.0,6.0,-126.0,-203.0,-125.0
AnteriorInfarction_036,V5,AnteriorInfarction,propagated,True,10.0,4.0,6.0,92.0,86.0,6.0,200.0,111.0,89.0,286.0,285.0,1.0,340.0,472.0,-132.0,0.0,-138.0,-221.0,-133.0
AnteriorInfarction_036,V6,AnteriorInfarction,propagated,False,10.0,4.0,6.0,84.0,86.0,-2.0,208.0,111.0,97.0,284.0,284.0,0.0,334.0,472.0,-138.0,-8.0,-144.0,-235.0,-138.0
AnteriorInfarction_037,I,AnteriorInfarction,propagated,True,10.0,5.0,5.0,98.0,88.0,10.0,186.0,103.0,83.0,274.0,273.0,1.0,498.0,483.0,15.0,5.0,10.0,-68.0,14.0
AnteriorInfarction_037,II,AnteriorInfarction,propagated,True,2.0,5.0,-3.0,92.0,88.0,4.0,200.0,103.0,97.0,286.0,286.0,0.0,434.0,483.0,-49.0,7.0,-46.0,-146.0,-49.0
AnteriorInfarction_037,III,AnteriorInfarction,propagated,True,10.0,5.0,5.0,98.0,88.0,10.0,216.0,103.0,113.0,296.0,297.0,-1.0,498.0,483.0,15.0,5.0,10.0,-98.0,16.0
AnteriorInfarction_037,aVR,AnteriorInfarction,propagated,True,4.0,5.0,-1.0,98.0,88.0,10.0,194.0,103.0,91.0,280.0,281.0,-1.0,350.0,483.0,-133.0,11.0,-132.0,-224.0,-132.0
AnteriorInfarction_037,aVL,AnteriorInfarction,propagated,True,10.0,5.0,5.0,98.0,88.0,10.0,274.0,103.0,171.0,304.0,304.0,0.0,504.0,483.0,21.0,5.0,16.0,-150.0,21.0
AnteriorInfarction_037,aVF,AnteriorInfarction,propagated,True,2.0,5.0,-3.0,98.0,88.0,10.0,206.0,103.0,103.0,292.0,292.0,0.0,484.0,483.0,1.0,13.0,4.0,-102.0,1.0
AnteriorInfarction_037,V1,AnteriorInfarction,propagated,True,0.0,5.0,-5.0,94.0,88.0,6.0,150.0,103.0,47.0,282.0,282.0,0.0,436.0,483.0,-47.0,11.0,-42.0,-94.0,-47.0
AnteriorInfarction_037,V2,AnteriorInfarction,propagated,True,10.0,5.0,5.0,98.0,88.0,10.0,188.0,103.0,85.0,340.0,339.0,1.0,512.0,483.0,29.0,5.0,24.0,-56.0,28.0
AnteriorInfarction_037,V3,AnteriorInfarction,reviewed,True,4.0,5.0,-1.0,96.0,88.0,8.0,196.0,103.0,93.0,344.0,343.0,1.0,488.0,483.0,5.0,9.0,6.0,-88.0,4.0
AnteriorInfarction_037,V4,AnteriorInfarction,propagated,True,10.0,5.0,5.0,96.0,88.0,8.0,192.0,103.0,89.0,298.0,298.0,0.0,424.0,483.0,-59.0,3.0,-64.0,-148.0,-59.0
AnteriorInfarction_037,V5,AnteriorInfarction,propagated,True,10.0,5.0,5.0,96.0,88.0,8.0,196.0,103.0,93.0,286.0,285.0,1.0,346.0,483.0,-137.0,3.0,-142.0,-230.0,-138.0
AnteriorInfarction_037,V6,AnteriorInfarction,propagated,True,10.0,5.0,5.0,92.0,88.0,4.0,206.0,103.0,103.0,284.0,285.0,-1.0,338.0,483.0,-145.0,-1.0,-150.0,-248.0,-144.0
AnteriorInfarction_038,I,AnteriorInfarction,propagated,False,10.0,4.0,6.0,88.0,81.0,7.0,198.0,92.0,106.0,282.0,281.0,1.0,508.0,490.0,18.0,1.0,12.0,-88.0,17.0
AnteriorInfarction_038,II,AnteriorInfarction,propagated,False,4.0,4.0,0.0,88.0,81.0,7.0,202.0,92.0,110.0,284.0,283.0,1.0,356.0,490.0,-134.0,7.0,-134.0,-244.0,-135.0
AnteriorInfarction_038,III,AnteriorInfarction,propagated,False,2.0,4.0,-2.0,86.0,81.0,5.0,204.0,92.0,112.0,284.0,285.0,-1.0,490.0,490.0,0.0,7.0,2.0,-112.0,1.0
AnteriorInfarction_038,aVR,AnteriorInfarction,propagated,False,10.0,4.0,6.0,88.0,81.0,7.0,202.0,92.0,110.0,282.0,283.0,-1.0,352.0,490.0,-138.0,1.0,-144.0,-248.0,-137.0
AnteriorInfarction_038,aVL,AnteriorInfarction,propagated,False,2.0,4.0,-2.0,88.0,81.0,7.0,220.0,92.0,128.0,314.0,314.0,0.0,504.0,490.0,14.0,9.0,16.0,-114.0,14.0
AnteriorInfarction_038,aVF,AnteriorInfarction,propagated,False,4.0,4.0,0.0,84.0,81.0,3.0,202.0,92.0,110.0,284.0,284.0,0.0,380.0,490.0,-110.0,3.0,-110.0,-220.0,-110.0
AnteriorInfarction_038,V1,AnteriorInfarction,propagated,False,10.0,4.0,6.0,86.0,81.0,5.0,220.0,92.0,128.0,286.0,286.0,0.0,508.0,490.0,18.0,-1.0,12.0,-110.0,18.0
AnteriorInfarction_038,V2,AnteriorInfarction,propagated,True,10.0,4.0,6.0,98.0,81.0,17.0,220.0,92.0,128.0,290.0,290.0,0.0,518.0,490.0,28.0,11.0,22.0,-100.0,28.0
AnteriorInfarction_038,V3,AnteriorInfarction,propagated,False,10.0,4.0,6.0,88.0,81.0,7.0,222.0,92.0,130.0,290.0,290.0,0.0,518.0,490.0,28.0,1.0,22.0,-102.0,28.0
AnteriorInfarction_038,V4,AnteriorInfarction,reviewed,False,10.0,4.0,6.0,88.0,81.0,7.0,242.0,92.0,150.0,334.0,334.0,0.0,514.0,490.0,24.0,1.0,18.0,-126.0,24.0
AnteriorInfarction_038,V5,AnteriorInfarction,propagated,False,10.0,4.0,6.0,88.0,81.0,7.0,200.0,92.0,108.0,286.0,285.0,1.0,374.0,490.0,-116.0,1.0,-122.0,-224.0,-117.0
AnteriorInfarction_038,V6,AnteriorInfarction,propagated,False,10.0,4.0,6.0,84.0,81.0,3.0,210.0,92.0,118.0,286.0,286.0,0.0,352.0,490.0,-138.0,-3.0,-144.0,-256.0,-138.0
AnteriorInfarction_039,I,AnteriorInfarction,propagated,True,10.0,4.0,6.0,94.0,73.0,21.0,188.0,196.0,-8.0,280.0,279.0,1.0,492.0,460.0,32.0,15.0,26.0,40.0,31.0
AnteriorInfarction_039,II,AnteriorInfarction,propagated,False,4.0,4.0,0.0,80.0,73.0,7.0,204.0,196.0,8.0,282.0,283.0,-1.0,472.0,460.0,12.0,7.0,12.0,4.0,13.0
AnteriorInfarction_039,III,AnteriorInfarction,propagated,True,4.0,4.0,0.0,92.0,73.0,19.0,208.0,196.0,12.0,284.0,284.0,0.0,490.0,460.0,30.0,19.0,30.0,18.0,30.0
AnteriorInfarction_039,aVR,AnteriorInfarction,propagated,False,10.0,4.0,6.0,86.0,73.0,13.0,200.0,196.0,4.0,282.0,282.0,0.0,348.0,460.0,-112.0,7.0,-118.0,-116.0,-112.0
AnteriorInfarction_039,aVL,AnteriorInfarction,propagated,True,10.0,4.0,6.0,92.0,73.0,19.0,224.0,196.0,28.0,290.0,291.0,-1.0,490.0,460.0,30.0,13.0,24.0,2.0,31.0
AnteriorInfarction_039,aVF,AnteriorInfarction,propagated,False,4.0,4.0,0.0,86.0,73.0,13.0,206.0,196.0,10.0,284.0,283.0,1.0,490.0,460.0,30.0,13.0,30.0,20.0,29.0
AnteriorInfarction_039,V1,AnteriorInfarction,propagated,False,10.0,4.0,6.0,80.0,73.0,7.0,216.0,196.0,20.0,282.0,283.0,-1.0,464.0,460.0,4.0,1.0,-2.0,-16.0,5.0
AnteriorInfarction_039,V2,AnteriorInfarction,propagated,False,0.0,4.0,-4.0,86.0,73.0,13.0,220.0,196.0,24.0,284.0,284.0,0.0,486.0,460.0,26.0,17.0,30.0,2.0,26.0
AnteriorInfarction_039,V3,AnteriorInfarction,propagated,False,10.0,4.0,6.0,86.0,73.0,13.0,222.0,196.0,26.0,284.0,283.0,1.0,484.0,460.0,24.0,7.0,18.0,-2.0,23.0
AnteriorInfarction_039,V4,AnteriorInfarction,reviewed,False,10.0,4.0,6.0,86.0,73.0,13.0,230.0,196.0,34.0,278.0,277.0,1.0,472.0,460.0,12.0,7.0,6.0,-22.0,11.0
AnteriorInfarction_039,V5,AnteriorInfarction,propagated,False,10.0,4.0,6.0,86.0,73.0,13.0,194.0,196.0,-2.0,290.0,290.0,0.0,468.0,460.0,8.0,7.0,2.0,10.0,8.0
AnteriorInfarction_039,V6,AnteriorInfarction,propagated,False,10.0,4.0,6.0,80.0,73.0,7.0,204.0,196.0,8.0,284.0,284.0,0.0,392.0,460.0,-68.0,1.0,-74.0,-76.0,-68.0
AnteriorIschemia_001,I,AnteriorIschemia,propagated,False,10.0,4.0,6.0,74.0,110.0,-36.0,164.0,130.0,34.0,270.0,271.0,-1.0,326.0,332.0,-6.0,-42.0,-12.0,-40.0,-5.0
AnteriorIschemia_001,II,AnteriorIschemia,propagated,False,4.0,4.0,0.0,72.0,110.0,-38.0,204.0,130.0,74.0,284.0,284.0,0.0,352.0,332.0,20.0,-38.0,20.0,-54.0,20.0
AnteriorIschemia_001,III,AnteriorIschemia,propagated,False,10.0,4.0,6.0,78.0,110.0,-32.0,202.0,130.0,72.0,288.0,288.0,0.0,354.0,332.0,22.0,-38.0,16.0,-50.0,22.0
AnteriorIschemia_001,aVR,AnteriorIschemia,propagated,False,4.0,4.0,0.0,74.0,110.0,-36.0,202.0,130.0,72.0,282.0,281.0,1.0,348.0,332.0,16.0,-36.0,16.0,-56.0,15.0
AnteriorIschemia_001,aVL,AnteriorIschemia,propagated,True,10.0,4.0,6.0,92.0,110.0,-18.0,206.0,130.0,76.0,292.0,293.0,-1.0,354.0,332.0,22.0,-24.0,16.0,-54.0,23.0
AnteriorIschemia_001,aVF,AnteriorIschemia,propagated,False,4.0,4.0,0.0,76.0,110.0,-34.0,202.0,130.0,72.0,286.0,286.0,0.0,352.0,332.0,20.0,-34.0,20.0,-52.0,20.0
AnteriorIschemia_001,V1,AnteriorIschemia,propagated,False,2.0,4.0,-2.0,74.0,110.0,-36.0,142.0,130.0,12.0,270.0,269.0,1.0,336.0,332.0,4.0,-34.0,6.0,-8.0,3.0
AnteriorIschemia_001,V2,AnteriorIschemia,propagated,False,10.0,4.0,6.0,72.0,110.0,-38.0,140.0,130.0,10.0,258.0,257.0,1.0,340.0,332.0,8.0,-44.0,2.0,-2.0,7.0
AnteriorIschemia_001,V3,AnteriorIschemia,reviewed,False,2.0,4.0,-2.0,76.0,110.0,-34.0,154.0,130.0,24.0,224.0,223.0,1.0,326.0,332.0,-6.0,-32.0,-4.0,-30.0,-7.0
AnteriorIschemia_001,V4,AnteriorIschemia,propagated,False,4.0,4.0,0.0,76.0,110.0,-34.0,174.0,130.0,44.0,256.0,257.0,-1.0,320.0,332.0,-12.0,-34.0,-12.0,-56.0,-11.0
AnteriorIschemia_001,V5,AnteriorIschemia,propagated,False,10.0,4.0,6.0,76.0,110.0,-34.0,164.0,130.0,34.0,290.0,291.0,-1.0,344.0,332.0,12.0,-40.0,6.0,-22.0,13.0
AnteriorIschemia_001,V6,AnteriorIschemia,propagated,False,10.0,4.0,6.0,70.0,110.0,-40.0,176.0,130.0,46.0,292.0,293.0,-1.0,342.0,332.0,10.0,-46.0,4.0,-36.0,11.0
AnteriorIschemia_002,I,AnteriorIschemia,propagated,True,10.0,3.0,7.0,150.0,109.0,41.0,160.0,129.0,31.0,264.0,264.0,0.0,366.0,350.0,16.0,34.0,9.0,-15.0,16.0
AnteriorIschemia_002,II,AnteriorIschemia,propagated,True,10.0,3.0,7.0,106.0,109.0,-3.0,208.0,129.0,79.0,292.0,292.0,0.0,376.0,350.0,26.0,-10.0,19.0,-53.0,26.0
AnteriorIschemia_002,III,AnteriorIschemia,propagated,True,10.0,3.0,7.0,116.0,109.0,7.0,220.0,129.0,91.0,296.0,296.0,0.0,376.0,350.0,26.0,0.0,19.0,-65.0,26.0
AnteriorIschemia_002,aVR,AnteriorIschemia,reviewed,True,10.0,3.0,7.0,120.0,109.0,11.0,202.0,129.0,73.0,288.0,288.0,0.0,376.0,350.0,26.0,4.0,19.0,-47.0,26.0
AnteriorIschemia_002,aVL,AnteriorIschemia,propagated,True,10.0,3.0,7.0,154.0,109.0,45.0,186.0,129.0,57.0,196.0,151.0,45.0,370.0,350.0,20.0,38.0,13.0,-37.0,-25.0
AnteriorIschemia_002,aVF,AnteriorIschemia,propagated,True,10.0,3.0,7.0,106.0,109.0,-3.0,214.0,129.0,85.0,294.0,294.0,0.0,376.0,350.0,26.0,-10.0,19.0,-59.0,26.0
AnteriorIschemia_002,V1,AnteriorIschemia,propagated,True,0.0,3.0,-3.0,98.0,109.0,-11.0,150.0,129.0,21.0,210.0,212.0,-2.0,346.0,350.0,-4.0,-8.0,-1.0,-25.0,-2.0
AnteriorIschemia_002,V2,AnteriorIschemia,propagated,True,0.0,3.0,-3.0,92.0,109.0,-17.0,148.0,129.0,19.0,230.0,229.0,1.0,362.0,350.0,12.0,-14.0,15.0,-7.0,11.0
AnteriorIschemia_002,V3,AnteriorIschemia,propagated,True,0.0,3.0,-3.0,112.0,109.0,3.0,162.0,129.0,33.0,218.0,217.0,1.0,362.0,350.0,12.0,6.0,15.0,-21.0,11.0
AnteriorIschemia_002,V4,AnteriorIschemia,propagated,True,2.0,3.0,-1.0,118.0,109.0,9.0,170.0,129.0,41.0,218.0,218.0,0.0,370.0,350.0,20.0,10.0,21.0,-21.0,20.0
AnteriorIschemia_002,V5,AnteriorIschemia,propagated,True,4.0,3.0,1.0,100.0,109.0,-9.0,236.0,129.0,107.0,312.0,312.0,0.0,354.0,350.0,4.0,-10.0,3.0,-103.0,4.0
AnteriorIschemia_002,V6,AnteriorIschemia,propagated,True,4.0,3.0,1.0,98.0,109.0,-11.0,226.0,129.0,97.0,306.0,306.0,0.0,364.0,350.0,14.0,-12.0,13.0,-83.0,14.0
AnteriorIschemia_003,I,AnteriorIschemia,reviewed,False,4.0,6.0,-2.0,84.0,129.0,-45.0,210.0,149.0,61.0,286.0,286.0,0.0,352.0,330.0,22.0,-43.0,24.0,-39.0,22.0
AnteriorIschemia_003,II,AnteriorIschemia,propagated,False,2.0,6.0,-4.0,86.0,129.0,-43.0,204.0,149.0,55.0,286.0,286.0,0.0,358.0,330.0,28.0,-39.0,32.0,-27.0,28.0
AnteriorIschemia_003,III,AnteriorIschemia,propagated,True,0.0,6.0,-6.0,106.0,129.0,-23.0,200.0,149.0,51.0,286.0,287.0,-1.0,360.0,330.0,30.0,-17.0,36.0,-21.0,31.0
AnteriorIschemia_003,aVR,AnteriorIschemia,propagated,False,2.0,6.0,-4.0,84.0,129.0,-45.0,206.0,149.0,57.0,286.0,286.0,0.0,356.0,330.0,26.0,-41.0,30.0,-31.0,26.0
AnteriorIschemia_003,aVL,AnteriorIschemia,propagated,True,0.0,6.0,-6.0,106.0,129.0,-23.0,176.0,149.0,27.0,286.0,287.0,-1.0,354.0,330.0,24.0,-17.0,30.0,-3.0,25.0
AnteriorIschemia_003,aVF,AnteriorIschemia,propagated,True,0.0,6.0,-6.0,110.0,129.0,-19.0,204.0,149.0,55.0,286.0,287.0,-1.0,358.0,330.0,28.0,-13.0,34.0,-27.0,29.0
AnteriorIschemia_003,V1,AnteriorIschemia,propagated,False,10.0,6.0,4.0,84.0,129.0,-45.0,158.0,149.0,9.0,230.0,230.0,0.0,338.0,330.0,8.0,-49.0,4.0,-1.0,8.0
AnteriorIschemia_003,V2,AnteriorIschemia,propagated,True,10.0,6.0,4.0,92.0,129.0,-37.0,166.0,149.0,17.0,230.0,229.0,1.0,346.0,330.0,16.0,-41.0,12.0,-1.0,15.0
AnteriorIschemia_003,V3,AnteriorIschemia,propagated,True,4.0,6.0,-2.0,92.0,129.0,-37.0,170.0,149.0,21.0,224.0,224.0,0.0,342.0,330.0,12.0,-35.0,14.0,-9.0,12.0
AnteriorIschemia_003,V4,AnteriorIschemia,propagated,False,4.0,6.0,-2.0,84.0,129.0,-45.0,156.0,149.0,7.0,228.0,228.0,0.0,340.0,330.0,10.0,-43.0,12.0,3.0,10.0
AnteriorIschemia_003,V5,AnteriorIschemia,propagated,False,4.0,6.0,-2.0,84.0,129.0,-45.0,186.0,149.0,37.0,304.0,305.0,-1.0,350.0,330.0,20.0,-43.0,22.0,-17.0,21.0
AnteriorIschemia_003,V6,AnteriorIschemia,propagated,False,10.0,6.0,4.0,80.0,129.0,-49.0,248.0,149.0,99.0,300.0,299.0,1.0,346.0,330.0,16.0,-53.0,12.0,-83.0,15.0
AnteriorIschemia_004,I,AnteriorIschemia,reviewed,False,10.0,3.0,7.0,90.0,113.0,-23.0,178.0,128.0,50.0,272.0,273.0,-1.0,348.0,349.0,-1.0,-30.0,-8.0,-51.0,0.0
AnteriorIschemia_004,II,AnteriorIschemia,propagated,True,2.0,3.0,-1.0,94.0,113.0,-19.0,198.0,128.0,70.0,286.0,286.0,0.0,360.0,349.0,11.0,-18.0,12.0,-59.0,11.0
AnteriorIschemia_004,III,AnteriorIschemia,propagated,True,0.0,3.0,-3.0,94.0,113.0,-19.0,224.0,128.0,96.0,298.0,298.0,0.0,364.0,349.0,15.0,-16.0,18.0,-81.0,15.0
AnteriorIschemia_004,aVR,AnteriorIschemia,propagated,False,4.0,3.0,1.0,86.0,113.0,-27.0,188.0,128.0,60.0,282.0,281.0,1.0,358.0,349.0,9.0,-28.0,8.0,-51.0,8.0
AnteriorIschemia_004,aVL,AnteriorIschemia,propagated,True,4.0,3.0,1.0,132.0,113.0,19.0,178.0,128.0,50.0,208.0,208.0,0.0,358.0,349.0,9.0,18.0,8.0,-41.0,9.0
AnteriorIschemia_004,aVF,AnteriorIschemia,propagated,True,2.0,3.0,-1.0,96.0,113.0,-17.0,208.0,128.0,80.0,290.0,291.0,-1.0,362.0,349.0,13.0,-16.0,14.0,-67.0,14.0
AnteriorIschemia_004,V1,AnteriorIschemia,propagated,False,0.0,3.0,-3.0,84.0,113.0,-29.0,142.0,128.0,14.0,242.0,242.0,0.0,352.0,349.0,3.0,-26.0,6.0,-11.0,3.0
AnteriorIschemia_004,V2,AnteriorIschemia,propagated,False,0.0,3.0,-3.0,84.0,113.0,-29.0,142.0,128.0,14.0,204.0,204.0,0.0,358.0,349.0,9.0,-26.0,12.0,-5.0,9.0
AnteriorIschemia_004,V3,AnteriorIschemia,propagated,False,10.0,3.0,7.0,90.0,113.0,-23.0,192.0,128.0,64.0,302.0,302.0,0.0,350.0,349.0,1.0,-30.0,-6.0,-63.0,1.0
AnteriorIschemia_004,V4,AnteriorIschemia,propagated,False,10.0,3.0,7.0,86.0,113.0,-27.0,96.0,128.0,-32.0,288.0,287.0,1.0,344.0,349.0,-5.0,-34.0,-12.0,27.0,-6.0
AnteriorIschemia_004,V5,AnteriorIschemia,propagated,True,10.0,3.0,7.0,92.0,113.0,-21.0,208.0,128.0,80.0,294.0,294.0,0.0,352.0,349.0,3.0,-28.0,-4.0,-77.0,3.0
AnteriorIschemia_004,V6,AnteriorIschemia,propagated,False,10.0,3.0,7.0,84.0,113.0,-29.0,214.0,128.0,86.0,290.0,289.0,1.0,348.0,349.0,-1.0,-36.0,-8.0,-87.0,-2.0
AnteriorIschemia_005,I,AnteriorIschemia,propagated,False,10.0,7.0,3.0,82.0,101.0,-19.0,200.0,111.0,89.0,272.0,272.0,0.0,340.0,331.0,9.0,-22.0,6.0,-80.0,9.0
AnteriorIschemia_005,II,AnteriorIschemia,propagated,False,2.0,7.0,-5.0,78.0,101.0,-23.0,206.0,111.0,95.0,286.0,286.0,0.0,354.0,331.0,23.0,-18.0,28.0,-72.0,23.0
AnteriorIschemia_005,III,AnteriorIschemia,propagated,True,2.0,7.0,-5.0,94.0,101.0,-7.0,208.0,111.0,97.0,294.0,293.0,1.0,358.0,331.0,27.0,-2.0,32.0,-70.0,26.0
AnteriorIschemia_005,aVR,AnteriorIschemia,reviewed,False,4.0,7.0,-3.0,80.0,101.0,-21.0,204.0,111.0,93.0,282.0,282.0,0.0,352.0,331.0,21.0,-18.0,24.0,-72.0,21.0
AnteriorIschemia_005,aVL,AnteriorIschemia,propagated,True,10.0,7.0,3.0,92.0,101.0,-9.0,260.0,111.0,149.0,304.0,304.0,0.0,354.0,331.0,23.0,-12.0,20.0,-126.0,23.0
AnteriorIschemia_005,aVF,AnteriorIschemia,propagated,False,2.0,7.0,-5.0,86.0,101.0,-15.0,206.0,111.0,95.0,290.0,289.0,1.0,358.0,331.0,27.0,-10.0,32.0,-68.0,26.0
AnteriorIschemia_005,V1,AnteriorIschemia,propagated,False,0.0,7.0,-7.0,80.0,101.0,-21.0,134.0,111.0,23.0,206.0,207.0,-1.0,334.0,331.0,3.0,-14.0,10.0,-20.0,4.0
AnteriorIschemia_005,V2,AnteriorIschemia,propagated,True,0.0,7.0,-7.0,116.0,101.0,15.0,126.0,111.0,15.0,204.0,205.0,-1.0,344.0,331.0,13.0,22.0,20.0,-2.0,14.0
AnteriorIschemia_005,V3,AnteriorIschemia,propagated,True,10.0,7.0,3.0,114.0,101.0,13.0,124.0,111.0,13.0,206.0,206.0,0.0,342.0,331.0,11.0,10.0,8.0,-2.0,11.0
AnteriorIschemia_005,V4,AnteriorIschemia,propagated,True,10.0,7.0,3.0,110.0,101.0,9.0,162.0,111.0,51.0,210.0,210.0,0.0,340.0,331.0,9.0,6.0,6.0,-42.0,9.0
AnteriorIschemia_005,V5,AnteriorIschemia,propagated,False,10.0,7.0,3.0,84.0,101.0,-17.0,214.0,111.0,103.0,292.0,292.0,0.0,348.0,331.0,17.0,-20.0,14.0,-86.0,17.0
AnteriorIschemia_005,V6,AnteriorIschemia,propagated,False,10.0,7.0,3.0,80.0,101.0,-21.0,228.0,111.0,117.0,290.0,290.0,0.0,344.0,331.0,13.0,-24.0,10.0,-104.0,13.0
AnteriorIschemia_006,I,AnteriorIschemia,propagated,False,10.0,3.0,7.0,80.0,117.0,-37.0,182.0,133.0,49.0,270.0,269.0,1.0,342.0,331.0,11.0,-44.0,4.0,-38.0,10.0
AnteriorIschemia_006,II,AnteriorIschemia,propagated,False,2.0,3.0,-1.0,76.0,117.0,-41.0,194.0,133.0,61.0,282.0,282.0,0.0,354.0,331.0,23.0,-40.0,24.0,-38.0,23.0
AnteriorIschemia_006,III,AnteriorIschemia,propagated,False,2.0,3.0,-1.0,80.0,117.0,-37.0,212.0,133.0,79.0,288.0,288.0,0.0,356.0,331.0,25.0,-36.0,26.0,-54.0,25.0
AnteriorIschemia_006,aVR,AnteriorIschemia,reviewed,False,4.0,3.0,1.0,76.0,117.0,-41.0,188.0,133.0,55.0,278.0,278.0,0.0,350.0,331.0,19.0,-42.0,18.0,-36.0,19.0
AnteriorIschemia_006,aVL,AnteriorIschemia,propagated,True,2.0,3.0,-1.0,94.0,117.0,-23.0,104.0,133.0,-29.0,206.0,205.0,1.0,354.0,331.0,23.0,-22.0,24.0,52.0,22.0
AnteriorIschemia_006,aVF,AnteriorIschemia,propagated,False,2.0,3.0,-1.0,80.0,117.0,-37.0,200.0,133.0,67.0,284.0,284.0,0.0,356.0,331.0,25.0,-36.0,26.0,-42.0,25.0
AnteriorIschemia_006,V1,AnteriorIschemia,propagated,False,2.0,3.0,-1.0,76.0,117.0,-41.0,138.0,133.0,5.0,248.0,249.0,-1.0,330.0,331.0,-1.0,-40.0,0.0,-6.0,0.0
AnteriorIschemia_006,V2,AnteriorIschemia,propagated,False,2.0,3.0,-1.0,74.0,117.0,-43.0,144.0,133.0,11.0,264.0,264.0,0.0,334.0,331.0,3.0,-42.0,4.0,-8.0,3.0
AnteriorIschemia_006,V3,AnteriorIschemia,propagated,False,2.0,3.0,-1.0,84.0,117.0,-33.0,150.0,133.0,17.0,224.0,225.0,-1.0,324.0,331.0,-7.0,-32.0,-6.0,-24.0,-6.0
AnteriorIschemia_006,V4,AnteriorIschemia,propagated,False,2.0,3.0,-1.0,90.0,117.0,-27.0,158.0,133.0,25.0,224.0,224.0,0.0,346.0,331.0,15.0,-26.0,16.0,-10.0,15.0
AnteriorIschemia_006,V5,AnteriorIschemia,propagated,False,10.0,3.0,7.0,82.0,117.0,-35.0,184.0,133.0,51.0,234.0,233.0,1.0,334.0,331.0,3.0,-42.0,-4.0,-48.0,2.0
AnteriorIschemia_006,V6,AnteriorIschemia,propagated,False,10.0,3.0,7.0,76.0,117.0,-41.0,228.0,133.0,95.0,294.0,295.0,-1.0,346.0,331.0,15.0,-48.0,8.0,-80.0,16.0
AnteriorIschemia_007,I,AnteriorIschemia,propagated,False,10.0,5.0,5.0,76.0,108.0,-32.0,166.0,130.0,36.0,288.0,288.0,0.0,336.0,329.0,7.0,-37.0,2.0,-29.0,7.0
AnteriorIschemia_007,II,AnteriorIschemia,propagated,False,10.0,5.0,5.0,78.0,108.0,-30.0,212.0,130.0,82.0,284.0,285.0,-1.0,348.0,329.0,19.0,-35.0,14.0,-63.0,20.0
AnteriorIschemia_007,III,AnteriorIschemia,propagated,False,10.0,5.0,5.0,86.0,108.0,-22.0,210.0,130.0,80.0,284.0,284.0,0.0,350.0,329.0,21.0,-27.0,16.0,-59.0,21.0
AnteriorIschemia_007,aVR,AnteriorIschemia,propagated,False,10.0,5.0,5.0,78.0,108.0,-30.0,212.0,130.0,82.0,284.0,285.0,-1.0,346.0,329.0,17.0,-35.0,12.0,-65.0,18.0
AnteriorIschemia_007,aVL,AnteriorIschemia,propagated,False,10.0,5.0,5.0,76.0,108.0,-32.0,210.0,130.0,80.0,284.0,284.0,0.0,344.0,329.0,15.0,-37.0,10.0,-65.0,15.0
AnteriorIschemia_007,aVF,AnteriorIschemia,propagated,False,10.0,5.0,5.0,86.0,108.0,-22.0,210.0,130.0,80.0,284.0,284.0,0.0,352.0,329.0,23.0,-27.0,18.0,-57.0,23.0
AnteriorIschemia_007,V1,AnteriorIschemia,propagated,False,10.0,5.0,5.0,74.0,108.0,-34.0,142.0,130.0,12.0,222.0,221.0,1.0,344.0,329.0,15.0,-39.0,10.0,3.0,14.0
AnteriorIschemia_007,V2,AnteriorIschemia,reviewed,False,10.0,5.0,5.0,78.0,108.0,-30.0,152.0,130.0,22.0,214.0,215.0,-1.0,336.0,329.0,7.0,-35.0,2.0,-15.0,8.0
AnteriorIschemia_007,V3,AnteriorIschemia,propagated,False,4.0,5.0,-1.0,78.0,108.0,-30.0,174.0,130.0,44.0,216.0,217.0,-1.0,296.0,329.0,-33.0,-29.0,-32.0,-77.0,-32.0
AnteriorIschemia_007,V4,AnteriorIschemia,propagated,False,10.0,5.0,5.0,78.0,108.0,-30.0,156.0,130.0,26.0,222.0,223.0,-1.0,328.0,329.0,-1.0,-35.0,-6.0,-27.0,0.0
AnteriorIschemia_007,V5,AnteriorIschemia,propagated,False,10.0,5.0,5.0,78.0,108.0,-30.0,220.0,130.0,90.0,292.0,291.0,1.0,340.0,329.0,11.0,-35.0,6.0,-79.0,10.0
AnteriorIschemia_007,V6,AnteriorIschemia,propagated,False,10.0,5.0,5.0,72.0,108.0,-36.0,236.0,130.0,106.0,292.0,293.0,-1.0,340.0,329.0,11.0,-41.0,6.0,-95.0,12.0
AnteriorIschemia_008,I,AnteriorIschemia,propagated,False,10.0,3.0,7.0,78.0,117.0,-39.0,180.0,132.0,48.0,264.0,264.0,0.0,338.0,343.0,-5.0,-46.0,-12.0,-53.0,-5.0
AnteriorIschemia_008,II,AnteriorIschemia,propagated,False,4.0,3.0,1.0,78.0,117.0,-39.0,204.0,132.0,72.0,288.0,287.0,1.0,352.0,343.0,9.0,-40.0,8.0,-63.0,8.0
AnteriorIschemia_008,III,AnteriorIschemia,propagated,True,2.0,3.0,-1.0,94.0,117.0,-23.0,236.0,132.0,104.0,298.0,299.0,-1.0,354.0,343.0,11.0,-22.0,12.0,-93.0,12.0
AnteriorIschemia_008,aVR,AnteriorIschemia,reviewed,False,4.0,3.0,1.0,78.0,117.0,-39.0,190.0,132.0,58.0,280.0,280.0,0.0,348.0,343.0,5.0,-40.0,4.0,-53.0,5.0
AnteriorIschemia_008,aVL,AnteriorIschemia,propagated,True,2.0,3.0,-1.0,92.0,117.0,-25.0,102.0,132.0,-30.0,208.0,207.0,1.0,348.0,343.0,5.0,-24.0,6.0,35.0,4.0
AnteriorIschemia_008,aVF,AnteriorIschemia,propagated,False,4.0,3.0,1.0,86.0,117.0,-31.0,218.0,132.0,86.0,292.0,293.0,-1.0,352.0,343.0,9.0,-32.0,8.0,-77.0,10.0
AnteriorIschemia_008,V1,AnteriorIschemia,propagated,False,2.0,3.0,-1.0,78.0,117.0,-39.0,142.0,132.0,10.0,270.0,271.0,-1.0,350.0,343.0,7.0,-38.0,8.0,-3.0,8.0
AnteriorIschemia_008,V2,AnteriorIschemia,propagated,False,0.0,3.0,-3.0,76.0,117.0,-41.0,144.0,132.0,12.0,258.0,258.0,0.0,354.0,343.0,11.0,-38.0,14.0,-1.0,11.0
AnteriorIschemia_008,V3,AnteriorIschemia,propagated,False,0.0,3.0,-3.0,86.0,117.0,-31.0,150.0,132.0,18.0,218.0,217.0,1.0,344.0,343.0,1.0,-28.0,4.0,-17.0,0.0
AnteriorIschemia_008,V4,AnteriorIschemia,propagated,False,10.0,3.0,7.0,86.0,117.0,-31.0,158.0,132.0,26.0,220.0,221.0,-1.0,350.0,343.0,7.0,-38.0,0.0,-19.0,8.0
AnteriorIschemia_008,V5,AnteriorIschemia,propagated,False,4.0,3.0,1.0,80.0,117.0,-37.0,204.0,132.0,72.0,292.0,292.0,0.0,340.0,343.0,-3.0,-38.0,-4.0,-75.0,-3.0
AnteriorIschemia_008,V6,AnteriorIschemia,propagated,False,4.0,3.0,1.0,76.0,117.0,-41.0,228.0,132.0,96.0,294.0,293.0,1.0,344.0,343.0,1.0,-42.0,0.0,-95.0,0.0
AnteriorIschemia_009,I,AnteriorIschemia,propagated,False,10.0,3.0,7.0,88.0,110.0,-22.0,98.0,127.0,-29.0,256.0,257.0,-1.0,344.0,337.0,7.0,-29.0,0.0,36.0,8.0
AnteriorIschemia_009,II,AnteriorIschemia,propagated,False,2.0,3.0,-1.0,82.0,110.0,-28.0,206.0,127.0,79.0,286.0,286.0,0.0,350.0,337.0,13.0,-27.0,14.0,-66.0,13.0
AnteriorIschemia_009,III,AnteriorIschemia,propagated,False,0.0,3.0,-3.0,90.0,110.0,-20.0,100.0,127.0,-27.0,206.0,205.0,1.0,332.0,337.0,-5.0,-17.0,-2.0,22.0,-6.0
AnteriorIschemia_009,aVR,AnteriorIschemia,propagated,False,4.0,3.0,1.0,80.0,110.0,-30.0,184.0,127.0,57.0,282.0,281.0,1.0,348.0,337.0,11.0,-31.0,10.0,-46.0,10.0
AnteriorIschemia_009,aVL,AnteriorIschemia,propagated,False,2.0,3.0,-1.0,88.0,110.0,-22.0,98.0,127.0,-29.0,220.0,220.0,0.0,342.0,337.0,5.0,-21.0,6.0,34.0,5.0
AnteriorIschemia_009,aVF,AnteriorIschemia,propagated,False,2.0,3.0,-1.0,90.0,110.0,-20.0,228.0,127.0,101.0,290.0,289.0,1.0,350.0,337.0,13.0,-19.0,14.0,-88.0,12.0
AnteriorIschemia_009,V1,AnteriorIschemia,propagated,False,10.0,3.0,7.0,80.0,110.0,-30.0,136.0,127.0,9.0,194.0,195.0,-1.0,340.0,337.0,3.0,-37.0,-4.0,-6.0,4.0
AnteriorIschemia_009,V2,AnteriorIschemia,propagated,False,0.0,3.0,-3.0,76.0,110.0,-34.0,140.0,127.0,13.0,220.0,219.0,1.0,348.0,337.0,11.0,-31.0,14.0,-2.0,10.0
AnteriorIschemia_009,V3,AnteriorIschemia,reviewed,False,0.0,3.0,-3.0,88.0,110.0,-22.0,146.0,127.0,19.0,224.0,223.0,1.0,338.0,337.0,1.0,-19.0,4.0,-18.0,0.0
AnteriorIschemia_009,V4,AnteriorIschemia,propagated,False,0.0,3.0,-3.0,88.0,110.0,-22.0,154.0,127.0,27.0,258.0,259.0,-1.0,342.0,337.0,5.0,-19.0,8.0,-22.0,6.0
AnteriorIschemia_009,V5,AnteriorIschemia,propagated,False,10.0,3.0,7.0,82.0,110.0,-28.0,202.0,127.0,75.0,288.0,288.0,0.0,336.0,337.0,-1.0,-35.0,-8.0,-76.0,-1.0
AnteriorIschemia_009,V6,AnteriorIschemia,propagated,False,10.0,3.0,7.0,82.0,110.0,-28.0,228.0,127.0,101.0,292.0,293.0,-1.0,346.0,337.0,9.0,-35.0,2.0,-92.0,10.0
AnteriorIschemia_010,I,AnteriorIschemia,propagated,False,10.0,3.0,7.0,82.0,111.0,-29.0,180.0,128.0,52.0,268.0,268.0,0.0,344.0,348.0,-4.0,-36.0,-11.0,-56.0,-4.0
AnteriorIschemia_010,II,AnteriorIschemia,propagated,False,4.0,3.0,1.0,88.0,111.0,-23.0,206.0,128.0,78.0,288.0,289.0,-1.0,362.0,348.0,14.0,-24.0,13.0,-64.0,15.0
AnteriorIschemia_010,III,AnteriorIschemia,propagated,False,2.0,3.0,-1.0,86.0,111.0,-25.0,238.0,128.0,110.0,300.0,299.0,1.0,360.0,348.0,12.0,-24.0,13.0,-98.0,11.0
AnteriorIschemia_010,aVR,AnteriorIschemia,reviewed,False,10.0,3.0,7.0,90.0,111.0,-21.0,194.0,128.0,66.0,282.0,282.0,0.0,362.0,348.0,14.0,-28.0,7.0,-52.0,14.0
AnteriorIschemia_010,aVL,AnteriorIschemia,propagated,False,10.0,3.0,7.0,86.0,111.0,-25.0,96.0,128.0,-32.0,208.0,208.0,0.0,358.0,348.0,10.0,-32.0,3.0,42.0,10.0
AnteriorIschemia_010,aVF,AnteriorIschemia,propagated,False,4.0,3.0,1.0,86.0,111.0,-25.0,220.0,128.0,92.0,294.0,293.0,1.0,360.0,348.0,12.0,-26.0,11.0,-80.0,11.0
AnteriorIschemia_010,V1,AnteriorIschemia,propagated,False,0.0,3.0,-3.0,82.0,111.0,-29.0,144.0,128.0,16.0,292.0,292.0,0.0,356.0,348.0,8.0,-26.0,11.0,-8.0,8.0
AnteriorIschemia_010,V2,AnteriorIschemia,propagated,False,0.0,3.0,-3.0,82.0,111.0,-29.0,140.0,128.0,12.0,218.0,219.0,-1.0,358.0,348.0,10.0,-26.0,13.0,-2.0,11.0
AnteriorIschemia_010,V3,AnteriorIschemia,propagated,False,10.0,3.0,7.0,90.0,111.0,-21.0,154.0,128.0,26.0,214.0,213.0,1.0,302.0,348.0,-46.0,-28.0,-53.0,-72.0,-47.0
AnteriorIschemia_010,V4,AnteriorIschemia,propagated,False,4.0,3.0,1.0,90.0,111.0,-21.0,202.0,128.0,74.0,290.0,289.0,1.0,348.0,348.0,0.0,-22.0,-1.0,-74.0,-1.0
AnteriorIschemia_010,V5,AnteriorIschemia,propagated,False,10.0,3.0,7.0,86.0,111.0,-25.0,206.0,128.0,78.0,294.0,295.0,-1.0,354.0,348.0,6.0,-32.0,-1.0,-72.0,7.0
AnteriorIschemia_010,V6,AnteriorIschemia,propagated,False,10.0,3.0,7.0,80.0,111.0,-31.0,216.0,128.0,88.0,290.0,290.0,0.0,348.0,348.0,0.0,-38.0,-7.0,-88.0,0.0
AnteriorIschemia_011,I,AnteriorIschemia,propagated,True,10.0,3.0,7.0,120.0,91.0,29.0,198.0,96.0,102.0,272.0,272.0,0.0,372.0,343.0,29.0,22.0,22.0,-73.0,29.0
AnteriorIschemia_011,II,AnteriorIschemia,propagated,True,4.0,3.0,1.0,104.0,91.0,13.0,208.0,96.0,112.0,288.0,289.0,-1.0,370.0,343.0,27.0,12.0,26.0,-85.0,28.0
AnteriorIschemia_011,III,AnteriorIschemia,propagated,True,4.0,3.0,1.0,104.0,91.0,13.0,212.0,96.0,116.0,292.0,292.0,0.0,372.0,343.0,29.0,12.0,28.0,-87.0,29.0
AnteriorIschemia_011,aVR,AnteriorIschemia,propagated,True,4.0,3.0,1.0,108.0,91.0,17.0,206.0,96.0,110.0,286.0,286.0,0.0,356.0,343.0,13.0,16.0,12.0,-97.0,13.0
AnteriorIschemia_011,aVL,AnteriorIschemia,propagated,True,4.0,3.0,1.0,104.0,91.0,13.0,216.0,96.0,120.0,296.0,296.0,0.0,372.0,343.0,29.0,12.0,28.0,-91.0,29.0
AnteriorIschemia_011,aVF,AnteriorIschemia,propagated,True,4.0,3.0,1.0,104.0,91.0,13.0,210.0,96.0,114.0,290.0,290.0,0.0,372.0,343.0,29.0,12.0,28.0,-85.0,29.0
AnteriorIschemia_011,V1,AnteriorIschemia,propagated,True,0.0,3.0,-3.0,96.0,91.0,5.0,106.0,96.0,10.0,190.0,190.0,0.0,362.0,343.0,19.0,8.0,22.0,9.0,19.0
AnteriorIschemia_011,V2,AnteriorIschemia,propagated,True,0.0,3.0,-3.0,98.0,91.0,7.0,108.0,96.0,12.0,196.0,196.0,0.0,368.0,343.0,25.0,10.0,28.0,13.0,25.0
AnteriorIschemia_011,V3,AnteriorIschemia,propagated,True,0.0,3.0,-3.0,98.0,91.0,7.0,108.0,96.0,12.0,216.0,216.0,0.0,372.0,343.0,29.0,10.0,32.0,17.0,29.0
AnteriorIschemia_011,V4,AnteriorIschemia,propagated,True,4.0,3.0,1.0,98.0,91.0,7.0,108.0,96.0,12.0,218.0,218.0,0.0,346.0,343.0,3.0,6.0,2.0,-9.0,3.0
AnteriorIschemia_011,V5,AnteriorIschemia,reviewed,True,4.0,3.0,1.0,108.0,91.0,17.0,194.0,96.0,98.0,296.0,295.0,1.0,356.0,343.0,13.0,16.0,12.0,-85.0,12.0
AnteriorIschemia_011,V6,AnteriorIschemia,propagated,True,10.0,3.0,7.0,96.0,91.0,5.0,218.0,96.0,122.0,288.0,288.0,0.0,342.0,343.0,-1.0,-2.0,-8.0,-123.0,-1.0
AnteriorIschemia_012,I,AnteriorIschemia,propagated,True,10.0,4.0,6.0,146.0,125.0,21.0,196.0,139.0,57.0,270.0,270.0,0.0,352.0,353.0,-1.0,15.0,-7.0,-58.0,-1.0
AnteriorIschemia_012,II,AnteriorIschemia,propagated,True,4.0,4.0,0.0,100.0,125.0,-25.0,202.0,139.0,63.0,288.0,287.0,1.0,370.0,353.0,17.0,-25.0,17.0,-46.0,16.0
AnteriorIschemia_012,III,AnteriorIschemia,propagated,True,4.0,4.0,0.0,148.0,125.0,23.0,228.0,139.0,89.0,296.0,296.0,0.0,372.0,353.0,19.0,23.0,19.0,-70.0,19.0
AnteriorIschemia_012,aVR,AnteriorIschemia,reviewed,True,4.0,4.0,0.0,118.0,125.0,-7.0,196.0,139.0,57.0,282.0,282.0,0.0,368.0,353.0,15.0,-7.0,15.0,-42.0,15.0
AnteriorIschemia_012,aVL,AnteriorIschemia,propagated,True,2.0,4.0,-2.0,150.0,125.0,25.0,162.0,139.0,23.0,208.0,207.0,1.0,366.0,353.0,13.0,27.0,15.0,-10.0,12.0
AnteriorIschemia_012,aVF,AnteriorIschemia,propagated,True,4.0,4.0,0.0,100.0,125.0,-25.0,212.0,139.0,73.0,292.0,291.0,1.0,370.0,353.0,17.0,-25.0,17.0,-56.0,16.0
AnteriorIschemia_012,V1,AnteriorIschemia,propagated,True,0.0,4.0,-4.0,94.0,125.0,-31.0,152.0,139.0,13.0,284.0,285.0,-1.0,352.0,353.0,-1.0,-27.0,3.0,-14.0,0.0
AnteriorIschemia_012,V2,AnteriorIschemia,propagated,True,2.0,4.0,-2.0,94.0,125.0,-31.0,150.0,139.0,11.0,244.0,244.0,0.0,358.0,353.0,5.0,-29.0,7.0,-6.0,5.0
AnteriorIschemia_012,V3,AnteriorIschemia,propagated,True,10.0,4.0,6.0,102.0,125.0,-23.0,158.0,139.0,19.0,216.0,216.0,0.0,368.0,353.0,15.0,-29.0,9.0,-4.0,15.0
AnteriorIschemia_012,V4,AnteriorIschemia,propagated,True,10.0,4.0,6.0,108.0,125.0,-17.0,208.0,139.0,69.0,310.0,310.0,0.0,364.0,353.0,11.0,-23.0,5.0,-58.0,11.0
AnteriorIschemia_012,V5,AnteriorIschemia,propagated,True,4.0,4.0,0.0,96.0,125.0,-29.0,106.0,139.0,-33.0,278.0,278.0,0.0,354.0,353.0,1.0,-29.0,1.0,34.0,1.0
AnteriorIschemia_012,V6,AnteriorIschemia,propagated,True,10.0,4.0,6.0,94.0,125.0,-31.0,234.0,139.0,95.0,302.0,302.0,0.0,360.0,353.0,7.0,-37.0,1.0,-88.0,7.0
AnteriorIschemia_013,I,AnteriorIschemia,reviewed,False,10.0,5.0,5.0,82.0,95.0,-13.0,204.0,106.0,98.0,280.0,280.0,0.0,338.0,331.0,7.0,-18.0,2.0,-91.0,7.0
AnteriorIschemia_013,II,AnteriorIschemia,propagated,False,10.0,5.0,5.0,86.0,95.0,-9.0,212.0,106.0,106.0,290.0,290.0,0.0,358.0,331.0,27.0,-14.0,22.0,-79.0,27.0
AnteriorIschemia_013,III,AnteriorIschemia,propagated,True,4.0,5.0,-1.0,92.0,95.0,-3.0,214.0,106.0,108.0,296.0,295.0,1.0,366.0,331.0,35.0,-2.0,36.0,-73.0,34.0
AnteriorIschemia_013,aVR,AnteriorIschemia,propagated,False,10.0,5.0,5.0,82.0,95.0,-13.0,212.0,106.0,106.0,288.0,288.0,0.0,354.0,331.0,23.0,-18.0,18.0,-83.0,23.0
AnteriorIschemia_013,aVL,AnteriorIschemia,propagated,True,2.0,5.0,-3.0,92.0,95.0,-3.0,222.0,106.0,116.0,304.0,305.0,-1.0,360.0,331.0,29.0,0.0,32.0,-87.0,30.0
AnteriorIschemia_013,aVF,AnteriorIschemia,propagated,True,4.0,5.0,-1.0,92.0,95.0,-3.0,212.0,106.0,106.0,292.0,292.0,0.0,362.0,331.0,31.0,-2.0,32.0,-75.0,31.0
AnteriorIschemia_013,V1,AnteriorIschemia,propagated,False,0.0,5.0,-5.0,78.0,95.0,-17.0,88.0,106.0,-18.0,202.0,203.0,-1.0,340.0,331.0,9.0,-12.0,14.0,27.0,10.0
AnteriorIschemia_013,V2,AnteriorIschemia,propagated,True,0.0,5.0,-5.0,110.0,95.0,15.0,120.0,106.0,14.0,212.0,212.0,0.0,348.0,331.0,17.0,20.0,22.0,3.0,17.0
AnteriorIschemia_013,V3,AnteriorIschemia,propagated,True,4.0,5.0,-1.0,110.0,95.0,15.0,120.0,106.0,14.0,210.0,210.0,0.0,334.0,331.0,3.0,16.0,4.0,-11.0,3.0
AnteriorIschemia_013,V4,AnteriorIschemia,propagated,False,4.0,5.0,-1.0,90.0,95.0,-5.0,102.0,106.0,-4.0,206.0,206.0,0.0,314.0,331.0,-17.0,-4.0,-16.0,-13.0,-17.0
AnteriorIschemia_013,V5,AnteriorIschemia,propagated,False,4.0,5.0,-1.0,82.0,95.0,-13.0,178.0,106.0,72.0,302.0,301.0,1.0,346.0,331.0,15.0,-12.0,16.0,-57.0,14.0
AnteriorIschemia_013,V6,AnteriorIschemia,propagated,False,4.0,5.0,-1.0,76.0,95.0,-19.0,244.0,106.0,138.0,298.0,298.0,0.0,348.0,331.0,17.0,-18.0,18.0,-121.0,17.0
AnteriorIschemia_014,I,AnteriorIschemia,reviewed,False,2.0,8.0,-6.0,88.0,100.0,-12.0,200.0,112.0,88.0,280.0,279.0,1.0,350.0,329.0,21.0,-6.0,27.0,-67.0,20.0
AnteriorIschemia_014,II,AnteriorIschemia,propagated,True,4.0,8.0,-4.0,92.0,100.0,-8.0,212.0,112.0,100.0,288.0,289.0,-1.0,360.0,329.0,31.0,-4.0,35.0,-69.0,32.0
AnteriorIschemia_014,III,AnteriorIschemia,propagated,True,2.0,8.0,-6.0,94.0,100.0,-6.0,218.0,112.0,106.0,290.0,291.0,-1.0,362.0,329.0,33.0,0.0,39.0,-73.0,34.0
AnteriorIschemia_014,aVR,AnteriorIschemia,propagated,False,10.0,8.0,2.0,84.0,100.0,-16.0,210.0,112.0,98.0,288.0,287.0,1.0,358.0,329.0,29.0,-18.0,27.0,-69.0,28.0
AnteriorIschemia_014,aVL,AnteriorIschemia,propagated,True,2.0,8.0,-6.0,94.0,100.0,-6.0,228.0,112.0,116.0,294.0,294.0,0.0,358.0,329.0,29.0,0.0,35.0,-87.0,29.0
AnteriorIschemia_014,aVF,AnteriorIschemia,propagated,True,4.0,8.0,-4.0,94.0,100.0,-6.0,214.0,112.0,102.0,290.0,290.0,0.0,360.0,329.0,31.0,-2.0,35.0,-71.0,31.0
AnteriorIschemia_014,V1,AnteriorIschemia,propagated,False,0.0,8.0,-8.0,84.0,100.0,-16.0,134.0,112.0,22.0,196.0,197.0,-1.0,342.0,329.0,13.0,-8.0,21.0,-9.0,14.0
AnteriorIschemia_014,V2,AnteriorIschemia,propagated,False,10.0,8.0,2.0,90.0,100.0,-10.0,100.0,112.0,-12.0,204.0,205.0,-1.0,338.0,329.0,9.0,-12.0,7.0,21.0,10.0
AnteriorIschemia_014,V3,AnteriorIschemia,propagated,False,10.0,8.0,2.0,90.0,100.0,-10.0,100.0,112.0,-12.0,216.0,215.0,1.0,338.0,329.0,9.0,-12.0,7.0,21.0,8.0
AnteriorIschemia_014,V4,AnteriorIschemia,propagated,False,4.0,8.0,-4.0,84.0,100.0,-16.0,100.0,112.0,-12.0,230.0,229.0,1.0,340.0,329.0,11.0,-12.0,15.0,23.0,10.0
AnteriorIschemia_014,V5,AnteriorIschemia,propagated,False,4.0,8.0,-4.0,84.0,100.0,-16.0,210.0,112.0,98.0,292.0,292.0,0.0,348.0,329.0,19.0,-12.0,23.0,-79.0,19.0
AnteriorIschemia_014,V6,AnteriorIschemia,propagated,False,4.0,8.0,-4.0,78.0,100.0,-22.0,234.0,112.0,122.0,296.0,296.0,0.0,346.0,329.0,17.0,-18.0,21.0,-105.0,17.0
AnteriorIschemia_015,I,AnteriorIschemia,propagated,True,10.0,5.0,5.0,92.0,115.0,-23.0,160.0,131.0,29.0,260.0,260.0,0.0,336.0,345.0,-9.0,-28.0,-14.0,-38.0,-9.0
AnteriorIschemia_015,II,AnteriorIschemia,propagated,True,10.0,5.0,5.0,92.0,115.0,-23.0,214.0,131.0,83.0,292.0,291.0,1.0,358.0,345.0,13.0,-28.0,8.0,-70.0,12.0
AnteriorIschemia_015,III,AnteriorIschemia,propagated,True,10.0,5.0,5.0,92.0,115.0,-23.0,224.0,131.0,93.0,296.0,295.0,1.0,356.0,345.0,11.0,-28.0,6.0,-82.0,10.0
AnteriorIschemia_015,aVR,AnteriorIschemia,reviewed,False,10.0,5.0,5.0,86.0,115.0,-29.0,206.0,131.0,75.0,288.0,287.0,1.0,354.0,345.0,9.0,-34.0,4.0,-66.0,8.0
AnteriorIschemia_015,aVL,AnteriorIschemia,propagated,True,10.0,5.0,5.0,92.0,115.0,-23.0,102.0,131.0,-29.0,200.0,199.0,1.0,352.0,345.0,7.0,-28.0,2.0,36.0,6.0
AnteriorIschemia_015,aVF,AnteriorIschemia,propagated,True,10.0,5.0,5.0,92.0,115.0,-23.0,218.0,131.0,87.0,294.0,293.0,1.0,358.0,345.0,13.0,-28.0,8.0,-74.0,12.0
AnteriorIschemia_015,V1,AnteriorIschemia,propagated,False,2.0,5.0,-3.0,80.0,115.0,-35.0,138.0,131.0,7.0,220.0,220.0,0.0,322.0,345.0,-23.0,-32.0,-20.0,-30.0,-23.0
AnteriorIschemia_015,V2,AnteriorIschemia,propagated,False,0.0,5.0,-5.0,82.0,115.0,-33.0,142.0,131.0,11.0,214.0,214.0,0.0,316.0,345.0,-29.0,-28.0,-24.0,-40.0,-29.0
AnteriorIschemia_015,V3,AnteriorIschemia,propagated,True,10.0,5.0,5.0,92.0,115.0,-23.0,156.0,131.0,25.0,214.0,214.0,0.0,302.0,345.0,-43.0,-28.0,-48.0,-68.0,-43.0
AnteriorIschemia_015,V4,AnteriorIschemia,propagated,True,4.0,5.0,-1.0,92.0,115.0,-23.0,192.0,131.0,61.0,310.0,309.0,1.0,348.0,345.0,3.0,-22.0,4.0,-58.0,2.0
AnteriorIschemia_015,V5,AnteriorIschemia,propagated,False,4.0,5.0,-1.0,86.0,115.0,-29.0,250.0,131.0,119.0,304.0,303.0,1.0,350.0,345.0,5.0,-28.0,6.0,-114.0,4.0
AnteriorIschemia_015,V6,AnteriorIschemia,propagated,False,4.0,5.0,-1.0,82.0,115.0,-33.0,238.0,131.0,107.0,298.0,297.0,1.0,348.0,345.0,3.0,-32.0,4.0,-104.0,2.0
AnteriorIschemia_016,I,AnteriorIschemia,propagated,False,10.0,5.0,5.0,76.0,101.0,-25.0,152.0,124.0,28.0,260.0,260.0,0.0,318.0,324.0,-6.0,-30.0,-11.0,-34.0,-6.0
AnteriorIschemia_016,II,AnteriorIschemia,propagated,False,4.0,5.0,-1.0,82.0,101.0,-19.0,206.0,124.0,82.0,286.0,286.0,0.0,350.0,324.0,26.0,-18.0,27.0,-56.0,26.0
AnteriorIschemia_016,III,AnteriorIschemia,propagated,False,10.0,5.0,5.0,82.0,101.0,-19.0,228.0,124.0,104.0,294.0,293.0,1.0,352.0,324.0,28.0,-24.0,23.0,-76.0,27.0
AnteriorIschemia_016,aVR,AnteriorIschemia,propagated,False,10.0,5.0,5.0,80.0,101.0,-21.0,190.0,124.0,66.0,278.0,278.0,0.0,344.0,324.0,20.0,-26.0,15.0,-46.0,20.0
AnteriorIschemia_016,aVL,AnteriorIschemia,propagated,False,4.0,5.0,-1.0,82.0,101.0,-19.0,92.0,124.0,-32.0,198.0,197.0,1.0,346.0,324.0,22.0,-18.0,23.0,54.0,21.0
AnteriorIschemia_016,aVF,AnteriorIschemia,propagated,False,4.0,5.0,-1.0,82.0,101.0,-19.0,218.0,124.0,94.0,290.0,290.0,0.0,352.0,324.0,28.0,-18.0,29.0,-66.0,28.0
AnteriorIschemia_016,V1,AnteriorIschemia,propagated,False,10.0,5.0,5.0,70.0,101.0,-31.0,144.0,124.0,20.0,270.0,270.0,0.0,332.0,324.0,8.0,-36.0,3.0,-12.0,8.0
AnteriorIschemia_016,V2,AnteriorIschemia,propagated,False,10.0,5.0,5.0,76.0,101.0,-25.0,148.0,124.0,24.0,266.0,267.0,-1.0,336.0,324.0,12.0,-30.0,7.0,-12.0,13.0
AnteriorIschemia_016,V3,AnteriorIschemia,reviewed,False,10.0,5.0,5.0,80.0,101.0,-21.0,156.0,124.0,32.0,256.0,255.0,1.0,334.0,324.0,10.0,-26.0,5.0,-22.0,9.0
AnteriorIschemia_016,V4,AnteriorIschemia,propagated,False,4.0,5.0,-1.0,78.0,101.0,-23.0,168.0,124.0,44.0,254.0,253.0,1.0,330.0,324.0,6.0,-22.0,7.0,-38.0,5.0
AnteriorIschemia_016,V5,AnteriorIschemia,propagated,False,10.0,5.0,5.0,78.0,101.0,-23.0,178.0,124.0,54.0,264.0,263.0,1.0,332.0,324.0,8.0,-28.0,3.0,-46.0,7.0
AnteriorIschemia_016,V6,AnteriorIschemia,propagated,False,10.0,5.0,5.0,76.0,101.0,-25.0,194.0,124.0,70.0,274.0,274.0,0.0,330.0,324.0,6.0,-30.0,1.0,-64.0,6.0
AnteriorIschemia_017,I,AnteriorIschemia,reviewed,False,10.0,3.0,7.0,88.0,120.0,-32.0,98.0,136.0,-38.0,266.0,265.0,1.0,342.0,340.0,2.0,-39.0,-5.0,40.0,1.0
AnteriorIschemia_017,II,AnteriorIschemia,propagated,False,10.0,3.0,7.0,88.0,120.0,-32.0,206.0,136.0,70.0,286.0,286.0,0.0,358.0,340.0,18.0,-39.0,11.0,-52.0,18.0
AnteriorIschemia_017,III,AnteriorIschemia,propagated,False,10.0,3.0,7.0,88.0,120.0,-32.0,222.0,136.0,86.0,290.0,290.0,0.0,356.0,340.0,16.0,-39.0,9.0,-70.0,16.0
AnteriorIschemia_017,aVR,AnteriorIschemia,propagated,True,4.0,3.0,1.0,114.0,120.0,-6.0,196.0,136.0,60.0,282.0,283.0,-1.0,360.0,340.0,20.0,-7.0,19.0,-40.0,21.0
AnteriorIschemia_017,aVL,AnteriorIschemia,propagated,False,10.0,3.0,7.0,88.0,120.0,-32.0,240.0,136.0,104.0,296.0,295.0,1.0,354.0,340.0,14.0,-39.0,7.0,-90.0,13.0
AnteriorIschemia_017,aVF,AnteriorIschemia,propagated,False,10.0,3.0,7.0,88.0,120.0,-32.0,214.0,136.0,78.0,288.0,288.0,0.0,358.0,340.0,18.0,-39.0,11.0,-60.0,18.0
AnteriorIschemia_017,V1,AnteriorIschemia,propagated,False,0.0,3.0,-3.0,84.0,120.0,-36.0,138.0,136.0,2.0,228.0,229.0,-1.0,348.0,340.0,8.0,-33.0,11.0,6.0,9.0
AnteriorIschemia_017,V2,AnteriorIschemia,propagated,False,0.0,3.0,-3.0,86.0,120.0,-34.0,142.0,136.0,6.0,220.0,221.0,-1.0,356.0,340.0,16.0,-31.0,19.0,10.0,17.0
AnteriorIschemia_017,V3,AnteriorIschemia,propagated,True,10.0,3.0,7.0,94.0,120.0,-26.0,152.0,136.0,16.0,204.0,204.0,0.0,328.0,340.0,-12.0,-33.0,-19.0,-28.0,-12.0
AnteriorIschemia_017,V4,AnteriorIschemia,propagated,True,4.0,3.0,1.0,94.0,120.0,-26.0,246.0,136.0,110.0,286.0,285.0,1.0,352.0,340.0,12.0,-27.0,11.0,-98.0,11.0
AnteriorIschemia_017,V5,AnteriorIschemia,propagated,False,10.0,3.0,7.0,80.0,120.0,-40.0,206.0,136.0,70.0,290.0,291.0,-1.0,350.0,340.0,10.0,-47.0,3.0,-60.0,11.0
AnteriorIschemia_017,V6,AnteriorIschemia,propagated,False,10.0,3.0,7.0,80.0,120.0,-40.0,218.0,136.0,82.0,290.0,291.0,-1.0,350.0,340.0,10.0,-47.0,3.0,-72.0,11.0
AnteriorIschemia_018,I,AnteriorIschemia,propagated,False,10.0,4.0,6.0,78.0,109.0,-31.0,212.0,122.0,90.0,286.0,285.0,1.0,348.0,337.0,11.0,-37.0,5.0,-79.0,10.0
AnteriorIschemia_018,II,AnteriorIschemia,reviewed,False,10.0,4.0,6.0,84.0,109.0,-25.0,214.0,122.0,92.0,286.0,286.0,0.0,354.0,337.0,17.0,-31.0,11.0,-75.0,17.0
AnteriorIschemia_018,III,AnteriorIschemia,propagated,False,10.0,4.0,6.0,84.0,109.0,-25.0,218.0,122.0,96.0,288.0,287.0,1.0,352.0,337.0,15.0,-31.0,9.0,-81.0,14.0
AnteriorIschemia_018,aVR,AnteriorIschemia,propagated,False,10.0,4.0,6.0,78.0,109.0,-31.0,214.0,122.0,92.0,286.0,286.0,0.0,352.0,337.0,15.0,-37.0,9.0,-77.0,15.0
AnteriorIschemia_018,aVL,AnteriorIschemia,propagated,False,10.0,4.0,6.0,84.0,109.0,-25.0,94.0,122.0,-28.0,266.0,265.0,1.0,330.0,337.0,-7.0,-31.0,-13.0,21.0,-8.0
AnteriorIschemia_018,aVF,AnteriorIschemia,propagated,False,10.0,4.0,6.0,84.0,109.0,-25.0,214.0,122.0,92.0,286.0,286.0,0.0,354.0,337.0,17.0,-31.0,11.0,-75.0,17.0
AnteriorIschemia_018,V1,AnteriorIschemia,propagated,False,0.0,4.0,-4.0,86.0,109.0,-23.0,140.0,122.0,18.0,206.0,206.0,0.0,338.0,337.0,1.0,-19.0,5.0,-17.0,1.0
AnteriorIschemia_018,V2,AnteriorIschemia,propagated,False,10.0,4.0,6.0,90.0,109.0,-19.0,152.0,122.0,30.0,204.0,204.0,0.0,316.0,337.0,-21.0,-25.0,-27.0,-51.0,-21.0
AnteriorIschemia_018,V3,AnteriorIschemia,propagated,False,10.0,4.0,6.0,86.0,109.0,-23.0,142.0,122.0,20.0,308.0,307.0,1.0,342.0,337.0,5.0,-29.0,-1.0,-15.0,4.0
AnteriorIschemia_018,V4,AnteriorIschemia,propagated,False,10.0,4.0,6.0,84.0,109.0,-25.0,218.0,122.0,96.0,294.0,294.0,0.0,346.0,337.0,9.0,-31.0,3.0,-87.0,9.0
AnteriorIschemia_018,V5,AnteriorIschemia,propagated,False,10.0,4.0,6.0,76.0,109.0,-33.0,220.0,122.0,98.0,288.0,288.0,0.0,348.0,337.0,11.0,-39.0,5.0,-87.0,11.0
AnteriorIschemia_018,V6,AnteriorIschemia,propagated,False,10.0,4.0,6.0,78.0,109.0,-31.0,224.0,122.0,102.0,288.0,289.0,-1.0,350.0,337.0,13.0,-37.0,7.0,-89.0,14.0
AnteriorIschemia_019,I,AnteriorIschemia,propagated,False,10.0,9.0,1.0,80.0,90.0,-10.0,214.0,99.0,115.0,290.0,291.0,-1.0,356.0,334.0,22.0,-11.0,21.0,-93.0,23.0
AnteriorIschemia_019,II,AnteriorIschemia,reviewed,False,10.0,9.0,1.0,88.0,90.0,-2.0,212.0,99.0,113.0,288.0,288.0,0.0,358.0,334.0,24.0,-3.0,23.0,-89.0,24.0
AnteriorIschemia_019,III,AnteriorIschemia,propagated,False,10.0,9.0,1.0,82.0,90.0,-8.0,210.0,99.0,111.0,282.0,281.0,1.0,348.0,334.0,14.0,-9.0,13.0,-97.0,13.0
AnteriorIschemia_019,aVR,AnteriorIschemia,propagated,False,10.0,9.0,1.0,82.0,90.0,-8.0,214.0,99.0,115.0,288.0,289.0,-1.0,358.0,334.0,24.0,-9.0,23.0,-91.0,25.0
AnteriorIschemia_019,aVL,AnteriorIschemia,propagated,False,10.0,9.0,1.0,78.0,90.0,-12.0,218.0,99.0,119.0,294.0,294.0,0.0,352.0,334.0,18.0,-13.0,17.0,-101.0,18.0
AnteriorIschemia_019,aVF,AnteriorIschemia,propagated,False,10.0,9.0,1.0,82.0,90.0,-8.0,212.0,99.0,113.0,286.0,286.0,0.0,356.0,334.0,22.0,-9.0,21.0,-91.0,22.0
AnteriorIschemia_019,V1,AnteriorIschemia,propagated,True,10.0,9.0,1.0,102.0,90.0,12.0,112.0,99.0,13.0,192.0,193.0,-1.0,346.0,334.0,12.0,11.0,11.0,-1.0,13.0
AnteriorIschemia_019,V2,AnteriorIschemia,propagated,True,10.0,9.0,1.0,102.0,90.0,12.0,158.0,99.0,59.0,196.0,197.0,-1.0,336.0,334.0,2.0,11.0,1.0,-57.0,3.0
AnteriorIschemia_019,V3,AnteriorIschemia,propagated,True,10.0,9.0,1.0,94.0,90.0,4.0,150.0,99.0,51.0,202.0,99.0,103.0,338.0,334.0,4.0,3.0,3.0,-47.0,-99.0
AnteriorIschemia_019,V4,AnteriorIschemia,propagated,True,10.0,9.0,1.0,96.0,90.0,6.0,210.0,99.0,111.0,294.0,295.0,-1.0,350.0,334.0,16.0,5.0,15.0,-95.0,17.0
AnteriorIschemia_019,V5,AnteriorIschemia,propagated,False,10.0,9.0,1.0,80.0,90.0,-10.0,220.0,99.0,121.0,290.0,291.0,-1.0,356.0,334.0,22.0,-11.0,21.0,-99.0,23.0
AnteriorIschemia_019,V6,AnteriorIschemia,propagated,False,10.0,9.0,1.0,82.0,90.0,-8.0,224.0,99.0,125.0,292.0,291.0,1.0,356.0,334.0,22.0,-9.0,21.0,-103.0,21.0
AnteriorIschemia_020,I,AnteriorIschemia,reviewed,False,10.0,4.0,6.0,84.0,116.0,-32.0,196.0,135.0,61.0,276.0,275.0,1.0,330.0,334.0,-4.0,-38.0,-10.0,-65.0,-5.0
AnteriorIschemia_020,II,AnteriorIschemia,propagated,False,4.0,4.0,0.0,84.0,116.0,-32.0,214.0,135.0,79.0,286.0,286.0,0.0,348.0,334.0,14.0,-32.0,14.0,-65.0,14.0
AnteriorIschemia_020,III,AnteriorIschemia,propagated,False,2.0,4.0,-2.0,84.0,116.0,-32.0,250.0,135.0,115.0,296.0,296.0,0.0,350.0,334.0,16.0,-30.0,18.0,-99.0,16.0
AnteriorIschemia_020,aVR,AnteriorIschemia,propagated,False,10.0,4.0,6.0,78.0,116.0,-38.0,208.0,135.0,73.0,282.0,281.0,1.0,344.0,334.0,10.0,-44.0,4.0,-63.0,9.0
AnteriorIschemia_020,aVL,AnteriorIschemia,propagated,False,10.0,4.0,6.0,84.0,116.0,-32.0,186.0,135.0,51.0,264.0,264.0,0.0,346.0,334.0,12.0,-38.0,6.0,-39.0,12.0
AnteriorIschemia_020,aVF,AnteriorIschemia,propagated,False,4.0,4.0,0.0,84.0,116.0,-32.0,222.0,135.0,87.0,290.0,291.0,-1.0,350.0,334.0,16.0,-32.0,16.0,-71.0,17.0
AnteriorIschemia_020,V1,AnteriorIschemia,propagated,False,0.0,4.0,-4.0,90.0,116.0,-26.0,146.0,135.0,11.0,220.0,219.0,1.0,350.0,334.0,16.0,-22.0,20.0,5.0,15.0
AnteriorIschemia_020,V2,AnteriorIschemia,propagated,True,4.0,4.0,0.0,112.0,116.0,-4.0,160.0,135.0,25.0,210.0,210.0,0.0,342.0,334.0,8.0,-4.0,8.0,-17.0,8.0
AnteriorIschemia_020,V3,AnteriorIschemia,propagated,False,2.0,4.0,-2.0,90.0,116.0,-26.0,162.0,135.0,27.0,204.0,205.0,-1.0,338.0,334.0,4.0,-24.0,6.0,-23.0,5.0
AnteriorIschemia_020,V4,AnteriorIschemia,propagated,False,4.0,4.0,0.0,90.0,116.0,-26.0,178.0,135.0,43.0,294.0,294.0,0.0,326.0,334.0,-8.0,-26.0,-8.0,-51.0,-8.0
AnteriorIschemia_020,V5,AnteriorIschemia,propagated,False,10.0,4.0,6.0,84.0,116.0,-32.0,212.0,135.0,77.0,286.0,287.0,-1.0,340.0,334.0,6.0,-38.0,0.0,-71.0,7.0
AnteriorIschemia_020,V6,AnteriorIschemia,propagated,False,10.0,4.0,6.0,84.0,116.0,-32.0,226.0,135.0,91.0,288.0,287.0,1.0,336.0,334.0,2.0,-38.0,-4.0,-89.0,1.0
AnteriorIschemia_021,I,AnteriorIschemia,propagated,False,10.0,7.0,3.0,86.0,111.0,-25.0,196.0,137.0,59.0,274.0,274.0,0.0,330.0,337.0,-7.0,-28.0,-10.0,-66.0,-7.0
AnteriorIschemia_021,II,AnteriorIschemia,propagated,False,2.0,7.0,-5.0,90.0,111.0,-21.0,208.0,137.0,71.0,288.0,289.0,-1.0,356.0,337.0,19.0,-16.0,24.0,-52.0,20.0
AnteriorIschemia_021,III,AnteriorIschemia,propagated,False,2.0,7.0,-5.0,90.0,111.0,-21.0,226.0,137.0,89.0,296.0,296.0,0.0,358.0,337.0,21.0,-16.0,26.0,-68.0,21.0
AnteriorIschemia_021,aVR,AnteriorIschemia,propagated,False,4.0,7.0,-3.0,86.0,111.0,-25.0,202.0,137.0,65.0,284.0,283.0,1.0,352.0,337.0,15.0,-22.0,18.0,-50.0,14.0
AnteriorIschemia_021,aVL,AnteriorIschemia,propagated,False,10.0,7.0,3.0,90.0,111.0,-21.0,208.0,137.0,71.0,302.0,303.0,-1.0,352.0,337.0,15.0,-24.0,12.0,-56.0,16.0
AnteriorIschemia_021,aVF,AnteriorIschemia,propagated,True,2.0,7.0,-5.0,96.0,111.0,-15.0,216.0,137.0,79.0,292.0,292.0,0.0,356.0,337.0,19.0,-10.0,24.0,-60.0,19.0
AnteriorIschemia_021,V1,AnteriorIschemia,propagated,False,10.0,7.0,3.0,86.0,111.0,-25.0,146.0,137.0,9.0,220.0,220.0,0.0,350.0,337.0,13.0,-28.0,10.0,4.0,13.0
AnteriorIschemia_021,V2,AnteriorIschemia,reviewed,False,10.0,7.0,3.0,88.0,111.0,-23.0,156.0,137.0,19.0,218.0,218.0,0.0,346.0,337.0,9.0,-26.0,6.0,-10.0,9.0
AnteriorIschemia_021,V3,AnteriorIschemia,propagated,False,4.0,7.0,-3.0,82.0,111.0,-29.0,170.0,137.0,33.0,228.0,228.0,0.0,342.0,337.0,5.0,-26.0,8.0,-28.0,5.0
AnteriorIschemia_021,V4,AnteriorIschemia,propagated,False,10.0,7.0,3.0,76.0,111.0,-35.0,200.0,137.0,63.0,292.0,292.0,0.0,342.0,337.0,5.0,-38.0,2.0,-58.0,5.0
AnteriorIschemia_021,V5,AnteriorIschemia,propagated,False,10.0,7.0,3.0,86.0,111.0,-25.0,206.0,137.0,69.0,288.0,288.0,0.0,346.0,337.0,9.0,-28.0,6.0,-60.0,9.0
AnteriorIschemia_021,V6,AnteriorIschemia,propagated,False,10.0,7.0,3.0,86.0,111.0,-25.0,222.0,137.0,85.0,290.0,290.0,0.0,340.0,337.0,3.0,-28.0,0.0,-82.0,3.0
AnteriorIschemia_022,I,AnteriorIschemia,propagated,False,10.0,4.0,6.0,80.0,70.0,10.0,196.0,96.0,100.0,278.0,278.0,0.0,348.0,326.0,22.0,4.0,16.0,-78.0,22.0
AnteriorIschemia_022,II,AnteriorIschemia,propagated,False,4.0,4.0,0.0,80.0,70.0,10.0,198.0,96.0,102.0,282.0,282.0,0.0,352.0,326.0,26.0,10.0,26.0,-76.0,26.0
AnteriorIschemia_022,III,AnteriorIschemia,propagated,False,2.0,4.0,-2.0,86.0,70.0,16.0,204.0,96.0,108.0,284.0,285.0,-1.0,352.0,326.0,26.0,18.0,28.0,-82.0,27.0
AnteriorIschemia_022,aVR,AnteriorIschemia,propagated,False,10.0,4.0,6.0,80.0,70.0,10.0,198.0,96.0,102.0,282.0,281.0,1.0,352.0,326.0,26.0,4.0,20.0,-76.0,25.0
AnteriorIschemia_022,aVL,AnteriorIschemia,propagated,False,2.0,4.0,-2.0,86.0,70.0,16.0,224.0,96.0,128.0,292.0,292.0,0.0,346.0,326.0,20.0,18.0,22.0,-108.0,20.0
AnteriorIschemia_022,aVF,AnteriorIschemia,propagated,False,4.0,4.0,0.0,86.0,70.0,16.0,200.0,96.0,104.0,284.0,283.0,1.0,352.0,326.0,26.0,16.0,26.0,-78.0,25.0
AnteriorIschemia_022,V1,AnteriorIschemia,propagated,False,10.0,4.0,6.0,74.0,70.0,4.0,84.0,96.0,-12.0,196.0,196.0,0.0,346.0,326.0,20.0,-2.0,14.0,32.0,20.0
AnteriorIschemia_022,V2,AnteriorIschemia,propagated,False,10.0,4.0,6.0,76.0,70.0,6.0,86.0,96.0,-10.0,204.0,204.0,0.0,340.0,326.0,14.0,0.0,8.0,24.0,14.0
AnteriorIschemia_022,V3,AnteriorIschemia,propagated,False,10.0,4.0,6.0,76.0,70.0,6.0,86.0,96.0,-10.0,206.0,206.0,0.0,332.0,326.0,6.0,0.0,0.0,16.0,6.0
AnteriorIschemia_022,V4,AnteriorIschemia,propagated,False,10.0,4.0,6.0,76.0,70.0,6.0,138.0,96.0,42.0,214.0,214.0,0.0,330.0,326.0,4.0,0.0,-2.0,-38.0,4.0
AnteriorIschemia_022,V5,AnteriorIschemia,reviewed,False,10.0,4.0,6.0,78.0,70.0,8.0,192.0,96.0,96.0,282.0,283.0,-1.0,346.0,326.0,20.0,2.0,14.0,-76.0,21.0
AnteriorIschemia_022,V6,AnteriorIschemia,propagated,False,10.0,4.0,6.0,74.0,70.0,4.0,216.0,96.0,120.0,286.0,287.0,-1.0,346.0,326.0,20.0,-2.0,14.0,-100.0,21.0
AnteriorIschemia_023,I,AnteriorIschemia,reviewed,False,10.0,4.0,6.0,74.0,79.0,-5.0,184.0,97.0,87.0,274.0,274.0,0.0,338.0,325.0,13.0,-11.0,7.0,-74.0,13.0
AnteriorIschemia_023,II,AnteriorIschemia,propagated,False,4.0,4.0,0.0,74.0,79.0,-5.0,204.0,97.0,107.0,284.0,283.0,1.0,348.0,325.0,23.0,-5.0,23.0,-84.0,22.0
AnteriorIschemia_023,III,AnteriorIschemia,propagated,False,4.0,4.0,0.0,74.0,79.0,-5.0,224.0,97.0,127.0,290.0,289.0,1.0,346.0,325.0,21.0,-5.0,21.0,-106.0,20.0
AnteriorIschemia_023,aVR,AnteriorIschemia,propagated,False,10.0,4.0,6.0,80.0,79.0,1.0,194.0,97.0,97.0,280.0,281.0,-1.0,346.0,325.0,21.0,-5.0,15.0,-76.0,22.0
AnteriorIschemia_023,aVL,AnteriorIschemia,propagated,False,10.0,4.0,6.0,74.0,79.0,-5.0,84.0,97.0,-13.0,202.0,203.0,-1.0,338.0,325.0,13.0,-11.0,7.0,26.0,14.0
AnteriorIschemia_023,aVF,AnteriorIschemia,propagated,False,4.0,4.0,0.0,74.0,79.0,-5.0,212.0,97.0,115.0,286.0,286.0,0.0,348.0,325.0,23.0,-5.0,23.0,-92.0,23.0
AnteriorIschemia_023,V1,AnteriorIschemia,propagated,False,10.0,4.0,6.0,76.0,79.0,-3.0,86.0,97.0,-11.0,176.0,176.0,0.0,332.0,325.0,7.0,-9.0,1.0,18.0,7.0
AnteriorIschemia_023,V2,AnteriorIschemia,propagated,False,10.0,4.0,6.0,72.0,79.0,-7.0,82.0,97.0,-15.0,188.0,188.0,0.0,336.0,325.0,11.0,-13.0,5.0,26.0,11.0
AnteriorIschemia_023,V3,AnteriorIschemia,propagated,False,10.0,4.0,6.0,74.0,79.0,-5.0,84.0,97.0,-13.0,196.0,196.0,0.0,336.0,325.0,11.0,-11.0,5.0,24.0,11.0
AnteriorIschemia_023,V4,AnteriorIschemia,propagated,False,10.0,4.0,6.0,80.0,79.0,1.0,136.0,97.0,39.0,204.0,203.0,1.0,334.0,325.0,9.0,-5.0,3.0,-30.0,8.0
AnteriorIschemia_023,V5,AnteriorIschemia,propagated,False,10.0,4.0,6.0,72.0,79.0,-7.0,184.0,97.0,87.0,282.0,282.0,0.0,338.0,325.0,13.0,-13.0,7.0,-74.0,13.0
AnteriorIschemia_023,V6,AnteriorIschemia,propagated,False,10.0,4.0,6.0,74.0,79.0,-5.0,208.0,97.0,111.0,282.0,283.0,-1.0,342.0,325.0,17.0,-11.0,11.0,-94.0,18.0
Healthy_001,I,Healthy,propagated,False,10.0,4.0,6.0,72.0,88.0,-16.0,176.0,138.0,38.0,290.0,290.0,0.0,334.0,332.0,2.0,-22.0,-4.0,-36.0,2.0
Healthy_001,II,Healthy,propagated,False,10.0,4.0,6.0,72.0,88.0,-16.0,202.0,138.0,64.0,286.0,287.0,-1.0,350.0,332.0,18.0,-22.0,12.0,-46.0,19.0
Healthy_001,III,Healthy,propagated,False,10.0,4.0,6.0,76.0,88.0,-12.0,184.0,138.0,46.0,282.0,282.0,0.0,352.0,332.0,20.0,-18.0,14.0,-26.0,20.0
Healthy_001,aVR,Healthy,propagated,False,10.0,4.0,6.0,72.0,88.0,-16.0,212.0,138.0,74.0,288.0,288.0,0.0,348.0,332.0,16.0,-22.0,10.0,-58.0,16.0
Healthy_001,aVL,Healthy,propagated,False,10.0,4.0,6.0,76.0,88.0,-12.0,166.0,138.0,28.0,268.0,269.0,-1.0,352.0,332.0,20.0,-18.0,14.0,-8.0,21.0
Healthy_001,aVF,Healthy,propagated,False,10.0,4.0,6.0,76.0,88.0,-12.0,194.0,138.0,56.0,286.0,285.0,1.0,352.0,332.0,20.0,-18.0,14.0,-36.0,19.0
Healthy_001,V1,Healthy,reviewed,False,2.0,4.0,-2.0,72.0,88.0,-16.0,162.0,138.0,24.0,276.0,276.0,0.0,338.0,332.0,6.0,-14.0,8.0,-18.0,6.0
Healthy_001,V2,Healthy,propagated,False,10.0,4.0,6.0,74.0,88.0,-14.0,168.0,138.0,30.0,274.0,275.0,-1.0,344.0,332.0,12.0,-20.0,6.0,-18.0,13.0
Healthy_001,V3,Healthy,propagated,False,10.0,4.0,6.0,70.0,88.0,-18.0,178.0,138.0,40.0,274.0,273.0,1.0,330.0,332.0,-2.0,-24.0,-8.0,-42.0,-3.0
Healthy_001,V4,Healthy,propagated,False,10.0,4.0,6.0,74.0,88.0,-14.0,192.0,138.0,54.0,276.0,276.0,0.0,328.0,332.0,-4.0,-20.0,-10.0,-58.0,-4.0
Healthy_001,V5,Healthy,propagated,False,4.0,4.0,0.0,74.0,88.0,-14.0,156.0,138.0,18.0,298.0,298.0,0.0,342.0,332.0,10.0,-14.0,10.0,-8.0,10.0
Healthy_001,V6,Healthy,propagated,False,10.0,4.0,6.0,68.0,88.0,-20.0,168.0,138.0,30.0,298.0,298.0,0.0,342.0,332.0,10.0,-26.0,4.0,-20.0,10.0
Healthy_002,I,Healthy,propagated,True,10.0,4.0,6.0,94.0,103.0,-9.0,220.0,143.0,77.0,296.0,296.0,0.0,362.0,345.0,17.0,-15.0,11.0,-60.0,17.0
Healthy_002,II,Healthy,propagated,True,10.0,4.0,6.0,106.0,103.0,3.0,206.0,143.0,63.0,294.0,295.0,-1.0,374.0,345.0,29.0,-3.0,23.0,-34.0,30.0
Healthy_002,III,Healthy,propagated,True,10.0,4.0,6.0,98.0,103.0,-5.0,192.0,143.0,49.0,316.0,316.0,0.0,368.0,345.0,23.0,-11.0,17.0,-26.0,23.0
Healthy_002,aVR,Healthy,propagated,True,10.0,4.0,6.0,118.0,103.0,15.0,212.0,143.0,69.0,296.0,296.0,0.0,372.0,345.0,27.0,9.0,21.0,-42.0,27.0
Healthy_002,aVL,Healthy,propagated,True,10.0,4.0,6.0,98.0,103.0,-5.0,262.0,143.0,119.0,296.0,296.0,0.0,362.0,345.0,17.0,-11.0,11.0,-102.0,17.0
Healthy_002,aVF,Healthy,propagated,True,10.0,4.0,6.0,104.0,103.0,1.0,202.0,143.0,59.0,290.0,291.0,-1.0,372.0,345.0,27.0,-5.0,21.0,-32.0,28.0
Healthy_002,V1,Healthy,propagated,True,2.0,4.0,-2.0,98.0,103.0,-5.0,178.0,143.0,35.0,280.0,280.0,0.0,354.0,345.0,9.0,-3.0,11.0,-26.0,9.0
Healthy_002,V2,Healthy,reviewed,True,2.0,4.0,-2.0,98.0,103.0,-5.0,184.0,143.0,41.0,282.0,282.0,0.0,352.0,345.0,7.0,-3.0,9.0,-34.0,7.0
Healthy_002,V3,Healthy,propagated,True,2.0,4.0,-2.0,110.0,103.0,7.0,192.0,143.0,49.0,280.0,281.0,-1.0,348.0,345.0,3.0,9.0,5.0,-46.0,4.0
Healthy_002,V4,Healthy,propagated,True,10.0,4.0,6.0,118.0,103.0,15.0,194.0,143.0,51.0,280.0,280.0,0.0,368.0,345.0,23.0,9.0,17.0,-28.0,23.0
Healthy_002,V5,Healthy,propagated,True,4.0,4.0,0.0,98.0,103.0,-5.0,288.0,143.0,145.0,314.0,313.0,1.0,356.0,345.0,11.0,-5.0,11.0,-134.0,10.0
Healthy_002,V6,Healthy,propagated,False,4.0,4.0,0.0,90.0,103.0,-13.0,284.0,143.0,141.0,312.0,312.0,0.0,362.0,345.0,17.0,-13.0,17.0,-124.0,17.0
Healthy_003,I,Healthy,propagated,False,10.0,4.0,6.0,82.0,94.0,-12.0,224.0,145.0,79.0,296.0,296.0,0.0,350.0,338.0,12.0,-18.0,6.0,-67.0,12.0
Healthy_003,II,Healthy,propagated,False,4.0,4.0,0.0,78.0,94.0,-16.0,198.0,145.0,53.0,288.0,287.0,1.0,354.0,338.0,16.0,-16.0,16.0,-37.0,15.0
Healthy_003,III,Healthy,propagated,False,4.0,4.0,0.0,78.0,94.0,-16.0,184.0,145.0,39.0,278.0,277.0,1.0,354.0,338.0,16.0,-16.0,16.0,-23.0,15.0
Healthy_003,aVR,Healthy,propagated,False,4.0,4.0,0.0,80.0,94.0,-14.0,206.0,145.0,61.0,290.0,291.0,-1.0,354.0,338.0,16.0,-14.0,16.0,-45.0,17.0
Healthy_003,aVL,Healthy,propagated,False,10.0,4.0,6.0,76.0,94.0,-18.0,154.0,145.0,9.0,268.0,268.0,0.0,350.0,338.0,12.0,-24.0,6.0,3.0,12.0
Healthy_003,aVF,Healthy,reviewed,False,4.0,4.0,0.0,78.0,94.0,-16.0,192.0,145.0,47.0,284.0,283.0,1.0,354.0,338.0,16.0,-16.0,16.0,-31.0,15.0
Healthy_003,V1,Healthy,propagated,False,0.0,4.0,-4.0,78.0,94.0,-16.0,172.0,145.0,27.0,278.0,277.0,1.0,340.0,338.0,2.0,-12.0,6.0,-25.0,1.0
Healthy_003,V2,Healthy,propagated,False,10.0,4.0,6.0,70.0,94.0,-24.0,180.0,145.0,35.0,278.0,278.0,0.0,346.0,338.0,8.0,-30.0,2.0,-27.0,8.0
Healthy_003,V3,Healthy,propagated,False,10.0,4.0,6.0,72.0,94.0,-22.0,204.0,145.0,59.0,288.0,288.0,0.0,344.0,338.0,6.0,-28.0,0.0,-53.0,6.0
Healthy_003,V4,Healthy,propagated,False,10.0,4.0,6.0,80.0,94.0,-14.0,232.0,145.0,87.0,298.0,298.0,0.0,344.0,338.0,6.0,-20.0,0.0,-81.0,6.0
Healthy_003,V5,Healthy,propagated,False,10.0,4.0,6.0,82.0,94.0,-12.0,198.0,145.0,53.0,306.0,306.0,0.0,348.0,338.0,10.0,-18.0,4.0,-43.0,10.0
Healthy_003,V6,Healthy,propagated,False,10.0,4.0,6.0,74.0,94.0,-20.0,274.0,145.0,129.0,304.0,304.0,0.0,346.0,338.0,8.0,-26.0,2.0,-121.0,8.0
Healthy_004,I,Healthy,propagated,False,10.0,3.0,7.0,78.0,90.0,-12.0,208.0,128.0,80.0,286.0,286.0,0.0,350.0,348.0,2.0,-19.0,-5.0,-78.0,2.0
Healthy_004,II,Healthy,propagated,False,2.0,3.0,-1.0,86.0,90.0,-4.0,200.0,128.0,72.0,288.0,289.0,-1.0,356.0,348.0,8.0,-3.0,9.0,-64.0,9.0
Healthy_004,III,Healthy,propagated,False,10.0,3.0,7.0,84.0,90.0,-6.0,196.0,128.0,68.0,310.0,310.0,0.0,356.0,348.0,8.0,-13.0,1.0,-60.0,8.0
Healthy_004,aVR,Healthy,propagated,False,4.0,3.0,1.0,86.0,90.0,-4.0,202.0,128.0,74.0,288.0,287.0,1.0,356.0,348.0,8.0,-5.0,7.0,-66.0,7.0
Healthy_004,aVL,Healthy,propagated,False,10.0,3.0,7.0,76.0,90.0,-14.0,216.0,128.0,88.0,284.0,285.0,-1.0,348.0,348.0,0.0,-21.0,-7.0,-88.0,1.0
Healthy_004,aVF,Healthy,propagated,False,4.0,3.0,1.0,86.0,90.0,-4.0,196.0,128.0,68.0,296.0,295.0,1.0,356.0,348.0,8.0,-5.0,7.0,-60.0,7.0
Healthy_004,V1,Healthy,propagated,False,0.0,3.0,-3.0,80.0,90.0,-10.0,150.0,128.0,22.0,278.0,278.0,0.0,350.0,348.0,2.0,-7.0,5.0,-20.0,2.0
Healthy_004,V2,Healthy,reviewed,False,10.0,3.0,7.0,80.0,90.0,-10.0,152.0,128.0,24.0,274.0,273.0,1.0,356.0,348.0,8.0,-17.0,1.0,-16.0,7.0
Healthy_004,V3,Healthy,propagated,True,4.0,3.0,1.0,114.0,90.0,24.0,168.0,128.0,40.0,262.0,263.0,-1.0,348.0,348.0,0.0,23.0,-1.0,-40.0,1.0
Healthy_004,V4,Healthy,propagated,False,4.0,3.0,1.0,86.0,90.0,-4.0,96.0,128.0,-32.0,292.0,292.0,0.0,344.0,348.0,-4.0,-5.0,-5.0,28.0,-4.0
Healthy_004,V5,Healthy,propagated,False,10.0,3.0,7.0,80.0,90.0,-10.0,230.0,128.0,102.0,300.0,300.0,0.0,346.0,348.0,-2.0,-17.0,-9.0,-104.0,-2.0
Healthy_004,V6,Healthy,propagated,False,10.0,3.0,7.0,74.0,90.0,-16.0,220.0,128.0,92.0,294.0,294.0,0.0,348.0,348.0,0.0,-23.0,-7.0,-92.0,0.0
Healthy_005,I,Healthy,propagated,False,10.0,4.0,6.0,78.0,90.0,-12.0,212.0,141.0,71.0,284.0,284.0,0.0,346.0,337.0,9.0,-18.0,3.0,-62.0,9.0
Healthy_005,II,Healthy,propagated,False,4.0,4.0,0.0,80.0,90.0,-10.0,202.0,141.0,61.0,290.0,289.0,1.0,352.0,337.0,15.0,-10.0,15.0,-46.0,14.0
Healthy_005,III,Healthy,propagated,False,10.0,4.0,6.0,80.0,90.0,-10.0,190.0,141.0,49.0,300.0,301.0,-1.0,350.0,337.0,13.0,-16.0,7.0,-36.0,14.0
Healthy_005,aVR,Healthy,propagated,False,4.0,4.0,0.0,80.0,90.0,-10.0,206.0,141.0,65.0,286.0,287.0,-1.0,352.0,337.0,15.0,-10.0,15.0,-50.0,16.0
Healthy_005,aVL,Healthy,propagated,False,10.0,4.0,6.0,74.0,90.0,-16.0,164.0,141.0,23.0,314.0,315.0,-1.0,346.0,337.0,9.0,-22.0,3.0,-14.0,10.0
Healthy_005,aVF,Healthy,reviewed,False,10.0,4.0,6.0,80.0,90.0,-10.0,198.0,141.0,57.0,292.0,292.0,0.0,354.0,337.0,17.0,-16.0,11.0,-40.0,17.0
Healthy_005,V1,Healthy,propagated,False,0.0,4.0,-4.0,78.0,90.0,-12.0,168.0,141.0,27.0,278.0,279.0,-1.0,334.0,337.0,-3.0,-8.0,1.0,-30.0,-2.0
Healthy_005,V2,Healthy,propagated,False,10.0,4.0,6.0,76.0,90.0,-14.0,178.0,141.0,37.0,280.0,279.0,1.0,344.0,337.0,7.0,-20.0,1.0,-30.0,6.0
Healthy_005,V3,Healthy,propagated,False,10.0,4.0,6.0,76.0,90.0,-14.0,192.0,141.0,51.0,282.0,283.0,-1.0,342.0,337.0,5.0,-20.0,-1.0,-46.0,6.0
Healthy_005,V4,Healthy,propagated,False,10.0,4.0,6.0,86.0,90.0,-4.0,226.0,141.0,85.0,298.0,298.0,0.0,344.0,337.0,7.0,-10.0,1.0,-78.0,7.0
Healthy_005,V5,Healthy,propagated,False,10.0,4.0,6.0,86.0,90.0,-4.0,230.0,141.0,89.0,300.0,300.0,0.0,348.0,337.0,11.0,-10.0,5.0,-78.0,11.0
Healthy_005,V6,Healthy,propagated,False,10.0,4.0,6.0,70.0,90.0,-20.0,224.0,141.0,83.0,296.0,296.0,0.0,344.0,337.0,7.0,-26.0,1.0,-76.0,7.0
Healthy_006,I,Healthy,propagated,False,10.0,4.0,6.0,72.0,85.0,-13.0,214.0,133.0,81.0,290.0,289.0,1.0,342.0,332.0,10.0,-19.0,4.0,-71.0,9.0
Healthy_006,II,Healthy,propagated,False,2.0,4.0,-2.0,76.0,85.0,-9.0,198.0,133.0,65.0,284.0,284.0,0.0,352.0,332.0,20.0,-7.0,22.0,-45.0,20.0
Healthy_006,III,Healthy,propagated,False,10.0,4.0,6.0,76.0,85.0,-9.0,174.0,133.0,41.0,262.0,261.0,1.0,350.0,332.0,18.0,-15.0,12.0,-23.0,17.0
Healthy_006,aVR,Healthy,propagated,False,2.0,4.0,-2.0,76.0,85.0,-9.0,204.0,133.0,71.0,286.0,287.0,-1.0,350.0,332.0,18.0,-7.0,20.0,-53.0,19.0
Healthy_006,aVL,Healthy,propagated,False,10.0,4.0,6.0,68.0,85.0,-17.0,236.0,133.0,103.0,292.0,292.0,0.0,332.0,332.0,0.0,-23.0,-6.0,-103.0,0.0
Healthy_006,aVF,Healthy,propagated,False,4.0,4.0,0.0,76.0,85.0,-9.0,190.0,133.0,57.0,276.0,277.0,-1.0,352.0,332.0,20.0,-9.0,20.0,-37.0,21.0
Healthy_006,V1,Healthy,reviewed,False,2.0,4.0,-2.0,78.0,85.0,-7.0,156.0,133.0,23.0,274.0,275.0,-1.0,334.0,332.0,2.0,-5.0,4.0,-21.0,3.0
Healthy_006,V2,Healthy,propagated,False,2.0,4.0,-2.0,74.0,85.0,-11.0,164.0,133.0,31.0,276.0,276.0,0.0,340.0,332.0,8.0,-9.0,10.0,-23.0,8.0
Healthy_006,V3,Healthy,propagated,False,2.0,4.0,-2.0,74.0,85.0,-11.0,168.0,133.0,35.0,272.0,273.0,-1.0,324.0,332.0,-8.0,-9.0,-6.0,-43.0,-7.0
Healthy_006,V4,Healthy,propagated,False,10.0,4.0,6.0,82.0,85.0,-3.0,166.0,133.0,33.0,268.0,267.0,1.0,348.0,332.0,16.0,-9.0,10.0,-17.0,15.0
Healthy_006,V5,Healthy,propagated,False,10.0,4.0,6.0,78.0,85.0,-7.0,154.0,133.0,21.0,304.0,303.0,1.0,338.0,332.0,6.0,-13.0,0.0,-15.0,5.0
Healthy_006,V6,Healthy,propagated,False,10.0,4.0,6.0,74.0,85.0,-11.0,230.0,133.0,97.0,298.0,298.0,0.0,344.0,332.0,12.0,-17.0,6.0,-85.0,12.0
Healthy_007,I,Healthy,propagated,False,10.0,5.0,5.0,74.0,97.0,-23.0,234.0,148.0,86.0,294.0,295.0,-1.0,338.0,335.0,3.0,-28.0,-2.0,-83.0,4.0
Healthy_007,II,Healthy,propagated,False,10.0,5.0,5.0,76.0,97.0,-21.0,208.0,148.0,60.0,286.0,287.0,-1.0,348.0,335.0,13.0,-26.0,8.0,-47.0,14.0
Healthy_007,III,Healthy,reviewed,False,10.0,5.0,5.0,78.0,97.0,-19.0,196.0,148.0,48.0,280.0,279.0,1.0,350.0,335.0,15.0,-24.0,10.0,-33.0,14.0
Healthy_007,aVR,Healthy,propagated,False,10.0,5.0,5.0,76.0,97.0,-21.0,214.0,148.0,66.0,290.0,290.0,0.0,344.0,335.0,9.0,-26.0,4.0,-57.0,9.0
Healthy_007,aVL,Healthy,propagated,False,10.0,5.0,5.0,70.0,97.0,-27.0,180.0,148.0,32.0,272.0,271.0,1.0,342.0,335.0,7.0,-32.0,2.0,-25.0,6.0
Healthy_007,aVF,Healthy,propagated,False,10.0,5.0,5.0,76.0,97.0,-21.0,204.0,148.0,56.0,284.0,284.0,0.0,350.0,335.0,15.0,-26.0,10.0,-41.0,15.0
Healthy_007,V1,Healthy,propagated,False,10.0,5.0,5.0,70.0,97.0,-27.0,180.0,148.0,32.0,276.0,276.0,0.0,350.0,335.0,15.0,-32.0,10.0,-17.0,15.0
Healthy_007,V2,Healthy,propagated,False,10.0,5.0,5.0,74.0,97.0,-23.0,186.0,148.0,38.0,278.0,277.0,1.0,342.0,335.0,7.0,-28.0,2.0,-31.0,6.0
Healthy_007,V3,Healthy,propagated,False,10.0,5.0,5.0,76.0,97.0,-21.0,204.0,148.0,56.0,288.0,288.0,0.0,334.0,335.0,-1.0,-26.0,-6.0,-57.0,-1.0
Healthy_007,V4,Healthy,propagated,False,10.0,5.0,5.0,76.0,97.0,-21.0,146.0,148.0,-2.0,298.0,299.0,-1.0,334.0,335.0,-1.0,-26.0,-6.0,1.0,0.0
Healthy_007,V5,Healthy,propagated,False,10.0,5.0,5.0,74.0,97.0,-23.0,228.0,148.0,80.0,296.0,296.0,0.0,340.0,335.0,5.0,-28.0,0.0,-75.0,5.0
Healthy_007,V6,Healthy,propagated,False,10.0,5.0,5.0,70.0,97.0,-27.0,248.0,148.0,100.0,298.0,298.0,0.0,338.0,335.0,3.0,-32.0,-2.0,-97.0,3.0
Healthy_008,I,Healthy,propagated,False,10.0,3.0,7.0,68.0,93.0,-25.0,214.0,135.0,79.0,286.0,287.0,-1.0,344.0,341.0,3.0,-32.0,-4.0,-76.0,4.0
Healthy_008,II,Healthy,reviewed,False,10.0,3.0,7.0,78.0,93.0,-15.0,202.0,135.0,67.0,290.0,291.0,-1.0,350.0,341.0,9.0,-22.0,2.0,-58.0,10.0
Healthy_008,III,Healthy,propagated,False,10.0,3.0,7.0,72.0,93.0,-21.0,188.0,135.0,53.0,310.0,310.0,0.0,346.0,341.0,5.0,-28.0,-2.0,-48.0,5.0
Healthy_008,aVR,Healthy,propagated,False,10.0,3.0,7.0,78.0,93.0,-15.0,206.0,135.0,71.0,288.0,288.0,0.0,348.0,341.0,7.0,-22.0,0.0,-64.0,7.0
Healthy_008,aVL,Healthy,propagated,False,10.0,3.0,7.0,72.0,93.0,-21.0,220.0,135.0,85.0,284.0,285.0,-1.0,328.0,341.0,-13.0,-28.0,-20.0,-98.0,-12.0
Healthy_008,aVF,Healthy,propagated,False,10.0,3.0,7.0,78.0,93.0,-15.0,196.0,135.0,61.0,298.0,298.0,0.0,348.0,341.0,7.0,-22.0,0.0,-54.0,7.0
Healthy_008,V1,Healthy,propagated,False,2.0,3.0,-1.0,74.0,93.0,-19.0,152.0,135.0,17.0,274.0,274.0,0.0,348.0,341.0,7.0,-18.0,8.0,-10.0,7.0
Healthy_008,V2,Healthy,propagated,False,10.0,3.0,7.0,74.0,93.0,-19.0,160.0,135.0,25.0,274.0,274.0,0.0,352.0,341.0,11.0,-26.0,4.0,-14.0,11.0
Healthy_008,V3,Healthy,propagated,True,10.0,3.0,7.0,98.0,93.0,5.0,172.0,135.0,37.0,270.0,270.0,0.0,340.0,341.0,-1.0,-2.0,-8.0,-38.0,-1.0
Healthy_008,V4,Healthy,propagated,False,10.0,3.0,7.0,90.0,93.0,-3.0,176.0,135.0,41.0,268.0,267.0,1.0,348.0,341.0,7.0,-10.0,0.0,-34.0,6.0
Healthy_008,V5,Healthy,propagated,False,10.0,3.0,7.0,76.0,93.0,-17.0,230.0,135.0,95.0,300.0,299.0,1.0,340.0,341.0,-1.0,-24.0,-8.0,-96.0,-2.0
Healthy_008,V6,Healthy,propagated,False,10.0,3.0,7.0,70.0,93.0,-23.0,232.0,135.0,97.0,298.0,297.0,1.0,342.0,341.0,1.0,-30.0,-6.0,-96.0,0.0
Healthy_009,I,Healthy,propagated,False,10.0,3.0,7.0,80.0,84.0,-4.0,214.0,136.0,78.0,290.0,291.0,-1.0,348.0,335.0,13.0,-11.0,6.0,-65.0,14.0
Healthy_009,II,Healthy,propagated,False,10.0,3.0,7.0,86.0,84.0,2.0,198.0,136.0,62.0,286.0,287.0,-1.0,348.0,335.0,13.0,-5.0,6.0,-49.0,14.0
Healthy_009,III,Healthy,propagated,False,10.0,3.0,7.0,76.0,84.0,-8.0,246.0,136.0,110.0,294.0,293.0,1.0,338.0,335.0,3.0,-15.0,-4.0,-107.0,2.0
Healthy_009,aVR,Healthy,propagated,False,10.0,3.0,7.0,82.0,84.0,-2.0,208.0,136.0,72.0,290.0,289.0,1.0,350.0,335.0,15.0,-9.0,8.0,-57.0,14.0
Healthy_009,aVL,Healthy,propagated,False,10.0,3.0,7.0,76.0,84.0,-8.0,222.0,136.0,86.0,292.0,292.0,0.0,344.0,335.0,9.0,-15.0,2.0,-77.0,9.0
Healthy_009,aVF,Healthy,propagated,False,10.0,3.0,7.0,74.0,84.0,-10.0,178.0,136.0,42.0,270.0,270.0,0.0,334.0,335.0,-1.0,-17.0,-8.0,-43.0,-1.0
Healthy_009,V1,Healthy,propagated,False,10.0,3.0,7.0,80.0,84.0,-4.0,140.0,136.0,4.0,268.0,268.0,0.0,326.0,335.0,-9.0,-11.0,-16.0,-13.0,-9.0
Healthy_009,V2,Healthy,reviewed,False,2.0,3.0,-1.0,76.0,84.0,-8.0,156.0,136.0,20.0,272.0,272.0,0.0,346.0,335.0,11.0,-7.0,12.0,-9.0,11.0
Healthy_009,V3,Healthy,propagated,False,10.0,3.0,7.0,82.0,84.0,-2.0,168.0,136.0,32.0,272.0,272.0,0.0,342.0,335.0,7.0,-9.0,0.0,-25.0,7.0
Healthy_009,V4,Healthy,propagated,False,10.0,3.0,7.0,88.0,84.0,4.0,176.0,136.0,40.0,272.0,271.0,1.0,324.0,335.0,-11.0,-3.0,-18.0,-51.0,-12.0
Healthy_009,V5,Healthy,propagated,False,10.0,3.0,7.0,82.0,84.0,-2.0,200.0,136.0,64.0,290.0,291.0,-1.0,336.0,335.0,1.0,-9.0,-6.0,-63.0,2.0
Healthy_009,V6,Healthy,propagated,False,10.0,3.0,7.0,80.0,84.0,-4.0,222.0,136.0,86.0,298.0,297.0,1.0,344.0,335.0,9.0,-11.0,2.0,-77.0,8.0
Healthy_010,I,Healthy,propagated,False,10.0,3.0,7.0,82.0,99.0,-17.0,208.0,135.0,73.0,284.0,284.0,0.0,342.0,345.0,-3.0,-24.0,-10.0,-76.0,-3.0
Healthy_010,II,Healthy,propagated,False,10.0,3.0,7.0,86.0,99.0,-13.0,204.0,135.0,69.0,292.0,292.0,0.0,358.0,345.0,13.0,-20.0,6.0,-56.0,13.0
Healthy_010,III,Healthy,propagated,False,10.0,3.0,7.0,82.0,99.0,-17.0,286.0,135.0,151.0,312.0,312.0,0.0,356.0,345.0,11.0,-24.0,4.0,-140.0,11.0
Healthy_010,aVR,Healthy,propagated,False,4.0,3.0,1.0,86.0,99.0,-13.0,206.0,135.0,71.0,286.0,287.0,-1.0,358.0,345.0,13.0,-14.0,12.0,-58.0,14.0
Healthy_010,aVL,Healthy,propagated,False,10.0,3.0,7.0,82.0,99.0,-17.0,212.0,135.0,77.0,280.0,280.0,0.0,352.0,345.0,7.0,-24.0,0.0,-70.0,7.0
Healthy_010,aVF,Healthy,propagated,False,10.0,3.0,7.0,88.0,99.0,-11.0,204.0,135.0,69.0,302.0,303.0,-1.0,358.0,345.0,13.0,-18.0,6.0,-56.0,14.0
Healthy_010,V1,Healthy,reviewed,False,0.0,3.0,-3.0,80.0,99.0,-19.0,166.0,135.0,31.0,284.0,283.0,1.0,356.0,345.0,11.0,-16.0,14.0,-20.0,10.0
Healthy_010,V2,Healthy,propagated,False,10.0,3.0,7.0,84.0,99.0,-15.0,170.0,135.0,35.0,278.0,279.0,-1.0,358.0,345.0,13.0,-22.0,6.0,-22.0,14.0
Healthy_010,V3,Healthy,propagated,True,4.0,3.0,1.0,94.0,99.0,-5.0,170.0,135.0,35.0,272.0,272.0,0.0,356.0,345.0,11.0,-6.0,10.0,-24.0,11.0
Healthy_010,V4,Healthy,propagated,False,4.0,3.0,1.0,86.0,99.0,-13.0,96.0,135.0,-39.0,292.0,291.0,1.0,344.0,345.0,-1.0,-14.0,-2.0,38.0,-2.0
Healthy_010,V5,Healthy,propagated,False,10.0,3.0,7.0,76.0,99.0,-23.0,232.0,135.0,97.0,300.0,300.0,0.0,350.0,345.0,5.0,-30.0,-2.0,-92.0,5.0
Healthy_010,V6,Healthy,propagated,False,10.0,3.0,7.0,86.0,99.0,-13.0,216.0,135.0,81.0,294.0,293.0,1.0,348.0,345.0,3.0,-20.0,-4.0,-78.0,2.0
Healthy_011,I,Healthy,propagated,True,10.0,3.0,7.0,96.0,107.0,-11.0,230.0,138.0,92.0,290.0,291.0,-1.0,362.0,349.0,13.0,-18.0,6.0,-79.0,14.0
Healthy_011,II,Healthy,propagated,True,10.0,3.0,7.0,96.0,107.0,-11.0,206.0,138.0,68.0,292.0,291.0,1.0,362.0,349.0,13.0,-18.0,6.0,-55.0,12.0
Healthy_011,III,Healthy,reviewed,True,10.0,3.0,7.0,102.0,107.0,-5.0,200.0,138.0,62.0,292.0,292.0,0.0,366.0,349.0,17.0,-12.0,10.0,-45.0,17.0
Healthy_011,aVR,Healthy,propagated,True,10.0,3.0,7.0,96.0,107.0,-11.0,212.0,138.0,74.0,290.0,291.0,-1.0,356.0,349.0,7.0,-18.0,0.0,-67.0,8.0
Healthy_011,aVL,Healthy,propagated,True,10.0,3.0,7.0,102.0,107.0,-5.0,192.0,138.0,54.0,310.0,310.0,0.0,366.0,349.0,17.0,-12.0,10.0,-37.0,17.0
Healthy_011,aVF,Healthy,propagated,True,10.0,3.0,7.0,102.0,107.0,-5.0,204.0,138.0,66.0,292.0,291.0,1.0,364.0,349.0,15.0,-12.0,8.0,-51.0,14.0
Healthy_011,V1,Healthy,propagated,False,0.0,3.0,-3.0,90.0,107.0,-17.0,158.0,138.0,20.0,278.0,279.0,-1.0,352.0,349.0,3.0,-14.0,6.0,-17.0,4.0
Healthy_011,V2,Healthy,propagated,False,0.0,3.0,-3.0,90.0,107.0,-17.0,168.0,138.0,30.0,282.0,283.0,-1.0,360.0,349.0,11.0,-14.0,14.0,-19.0,12.0
Healthy_011,V3,Healthy,propagated,False,2.0,3.0,-1.0,90.0,107.0,-17.0,170.0,138.0,32.0,284.0,285.0,-1.0,366.0,349.0,17.0,-16.0,18.0,-15.0,18.0
Healthy_011,V4,Healthy,propagated,False,4.0,3.0,1.0,86.0,107.0,-21.0,216.0,138.0,78.0,306.0,306.0,0.0,360.0,349.0,11.0,-22.0,10.0,-67.0,11.0
Healthy_011,V5,Healthy,propagated,True,4.0,3.0,1.0,92.0,107.0,-15.0,240.0,138.0,102.0,300.0,301.0,-1.0,352.0,349.0,3.0,-16.0,2.0,-99.0,4.0
Healthy_011,V6,Healthy,propagated,True,10.0,3.0,7.0,96.0,107.0,-11.0,218.0,138.0,80.0,290.0,291.0,-1.0,342.0,349.0,-7.0,-18.0,-14.0,-87.0,-6.0
Healthy_012,I,Healthy,propagated,False,10.0,4.0,6.0,88.0,104.0,-16.0,216.0,134.0,82.0,292.0,291.0,1.0,356.0,346.0,10.0,-22.0,4.0,-72.0,9.0
Healthy_012,II,Healthy,propagated,True,4.0,4.0,0.0,94.0,104.0,-10.0,198.0,134.0,64.0,288.0,288.0,0.0,368.0,346.0,22.0,-10.0,22.0,-42.0,22.0
Healthy_012,III,Healthy,propagated,False,10.0,4.0,6.0,86.0,104.0,-18.0,202.0,134.0,68.0,294.0,294.0,0.0,364.0,346.0,18.0,-24.0,12.0,-50.0,18.0
Healthy_012,aVR,Healthy,propagated,True,4.0,4.0,0.0,94.0,104.0,-10.0,208.0,134.0,74.0,290.0,290.0,0.0,368.0,346.0,22.0,-10.0,22.0,-52.0,22.0
Healthy_012,aVL,Healthy,propagated,False,10.0,4.0,6.0,86.0,104.0,-18.0,226.0,134.0,92.0,292.0,292.0,0.0,356.0,346.0,10.0,-24.0,4.0,-82.0,10.0
Healthy_012,aVF,Healthy,propagated,True,10.0,4.0,6.0,92.0,104.0,-12.0,184.0,134.0,50.0,274.0,273.0,1.0,368.0,346.0,22.0,-18.0,16.0,-28.0,21.0
Healthy_012,V1,Healthy,reviewed,False,10.0,4.0,6.0,88.0,104.0,-16.0,164.0,134.0,30.0,280.0,280.0,0.0,346.0,346.0,0.0,-22.0,-6.0,-30.0,0.0
Healthy_012,V2,Healthy,propagated,False,10.0,4.0,6.0,88.0,104.0,-16.0,170.0,134.0,36.0,278.0,279.0,-1.0,354.0,346.0,8.0,-22.0,2.0,-28.0,9.0
Healthy_012,V3,Healthy,propagated,True,4.0,4.0,0.0,106.0,104.0,2.0,184.0,134.0,50.0,276.0,276.0,0.0,368.0,346.0,22.0,2.0,22.0,-28.0,22.0
Healthy_012,V4,Healthy,propagated,True,4.0,4.0,0.0,108.0,104.0,4.0,266.0,134.0,132.0,316.0,315.0,1.0,362.0,346.0,16.0,4.0,16.0,-116.0,15.0
Healthy_012,V5,Healthy,propagated,False,4.0,4.0,0.0,90.0,104.0,-14.0,154.0,134.0,20.0,280.0,279.0,1.0,352.0,346.0,6.0,-14.0,6.0,-14.0,5.0
Healthy_012,V6,Healthy,propagated,False,10.0,4.0,6.0,90.0,104.0,-14.0,270.0,134.0,136.0,308.0,308.0,0.0,360.0,346.0,14.0,-20.0,8.0,-122.0,14.0
Healthy_014,I,Healthy,propagated,False,10.0,5.0,5.0,78.0,86.0,-8.0,216.0,149.0,67.0,290.0,291.0,-1.0,348.0,334.0,14.0,-13.0,9.0,-53.0,15.0
Healthy_014,II,Healthy,propagated,False,4.0,5.0,-1.0,84.0,86.0,-2.0,208.0,149.0,59.0,290.0,291.0,-1.0,356.0,334.0,22.0,-1.0,23.0,-37.0,23.0
Healthy_014,III,Healthy,propagated,False,4.0,5.0,-1.0,80.0,86.0,-6.0,202.0,149.0,53.0,290.0,290.0,0.0,356.0,334.0,22.0,-5.0,23.0,-31.0,22.0
Healthy_014,aVR,Healthy,propagated,False,10.0,5.0,5.0,78.0,86.0,-8.0,210.0,149.0,61.0,290.0,291.0,-1.0,354.0,334.0,20.0,-13.0,15.0,-41.0,21.0
Healthy_014,aVL,Healthy,propagated,False,4.0,5.0,-1.0,78.0,86.0,-8.0,176.0,149.0,27.0,272.0,271.0,1.0,352.0,334.0,18.0,-7.0,19.0,-9.0,17.0
Healthy_014,aVF,Healthy,propagated,False,4.0,5.0,-1.0,84.0,86.0,-2.0,204.0,149.0,55.0,290.0,291.0,-1.0,356.0,334.0,22.0,-1.0,23.0,-33.0,23.0
Healthy_014,V1,Healthy,propagated,False,0.0,5.0,-5.0,80.0,86.0,-6.0,164.0,149.0,15.0,274.0,274.0,0.0,334.0,334.0,0.0,-1.0,5.0,-15.0,0.0
Healthy_014,V2,Healthy,reviewed,False,0.0,5.0,-5.0,78.0,86.0,-8.0,180.0,149.0,31.0,276.0,277.0,-1.0,342.0,334.0,8.0,-3.0,13.0,-23.0,9.0
Healthy_014,V3,Healthy,propagated,False,10.0,5.0,5.0,72.0,86.0,-14.0,194.0,149.0,45.0,284.0,283.0,1.0,344.0,334.0,10.0,-19.0,5.0,-35.0,9.0
Healthy_014,V4,Healthy,propagated,False,10.0,5.0,5.0,78.0,86.0,-8.0,212.0,149.0,63.0,294.0,293.0,1.0,344.0,334.0,10.0,-13.0,5.0,-53.0,9.0
Healthy_014,V5,Healthy,propagated,False,10.0,5.0,5.0,78.0,86.0,-8.0,224.0,149.0,75.0,296.0,296.0,0.0,344.0,334.0,10.0,-13.0,5.0,-65.0,10.0
Healthy_014,V6,Healthy,propagated,False,10.0,5.0,5.0,70.0,86.0,-16.0,244.0,149.0,95.0,300.0,300.0,0.0,344.0,334.0,10.0,-21.0,5.0,-85.0,10.0
Healthy_013,I,Healthy,propagated,False,10.0,4.0,6.0,82.0,93.0,-11.0,220.0,142.0,78.0,290.0,291.0,-1.0,346.0,342.0,4.0,-17.0,-2.0,-74.0,5.0
Healthy_013,II,Healthy,propagated,False,10.0,4.0,6.0,86.0,93.0,-7.0,204.0,142.0,62.0,298.0,298.0,0.0,356.0,342.0,14.0,-13.0,8.0,-48.0,14.0
Healthy_013,III,Healthy,propagated,False,10.0,4.0,6.0,80.0,93.0,-13.0,194.0,142.0,52.0,310.0,310.0,0.0,354.0,342.0,12.0,-19.0,6.0,-40.0,12.0
Healthy_013,aVR,Healthy,propagated,False,10.0,4.0,6.0,82.0,93.0,-11.0,212.0,142.0,70.0,294.0,293.0,1.0,354.0,342.0,12.0,-17.0,6.0,-58.0,11.0
Healthy_013,aVL,Healthy,propagated,False,10.0,4.0,6.0,78.0,93.0,-15.0,194.0,142.0,52.0,288.0,288.0,0.0,352.0,342.0,10.0,-21.0,4.0,-42.0,10.0
Healthy_013,aVF,Healthy,propagated,False,10.0,4.0,6.0,82.0,93.0,-11.0,200.0,142.0,58.0,304.0,304.0,0.0,356.0,342.0,14.0,-17.0,8.0,-44.0,14.0
Healthy_013,V1,Healthy,reviewed,False,2.0,4.0,-2.0,78.0,93.0,-15.0,162.0,142.0,20.0,278.0,278.0,0.0,342.0,342.0,0.0,-13.0,2.0,-20.0,0.0
Healthy_013,V2,Healthy,propagated,False,10.0,4.0,6.0,78.0,93.0,-15.0,176.0,142.0,34.0,280.0,280.0,0.0,350.0,342.0,8.0,-21.0,2.0,-26.0,8.0
Healthy_013,V3,Healthy,propagated,False,10.0,4.0,6.0,82.0,93.0,-11.0,198.0,142.0,56.0,286.0,286.0,0.0,344.0,342.0,2.0,-17.0,-4.0,-54.0,2.0
Healthy_013,V4,Healthy,propagated,False,4.0,4.0,0.0,88.0,93.0,-5.0,162.0,142.0,20.0,300.0,300.0,0.0,340.0,342.0,-2.0,-5.0,-2.0,-22.0,-2.0
Healthy_013,V5,Healthy,propagated,False,4.0,4.0,0.0,82.0,93.0,-11.0,278.0,142.0,136.0,304.0,304.0,0.0,348.0,342.0,6.0,-11.0,6.0,-130.0,6.0
Healthy_013,V6,Healthy,propagated,False,4.0,4.0,0.0,78.0,93.0,-15.0,262.0,142.0,120.0,302.0,302.0,0.0,348.0,342.0,6.0,-15.0,6.0,-114.0,6.0
Healthy_015,I,Healthy,propagated,False,10.0,5.0,5.0,80.0,88.0,-8.0,220.0,139.0,81.0,290.0,289.0,1.0,346.0,343.0,3.0,-13.0,-2.0,-78.0,2.0
Healthy_015,II,Healthy,propagated,False,10.0,5.0,5.0,90.0,88.0,2.0,212.0,139.0,73.0,296.0,296.0,0.0,356.0,343.0,13.0,-3.0,8.0,-60.0,13.0
Healthy_015,III,Healthy,propagated,False,10.0,5.0,5.0,90.0,88.0,2.0,212.0,139.0,73.0,308.0,308.0,0.0,352.0,343.0,9.0,-3.0,4.0,-64.0,9.0
Healthy_015,aVR,Healthy,propagated,False,10.0,5.0,5.0,84.0,88.0,-4.0,216.0,139.0,77.0,292.0,292.0,0.0,354.0,343.0,11.0,-9.0,6.0,-66.0,11.0
Healthy_015,aVL,Healthy,propagated,False,10.0,5.0,5.0,84.0,88.0,-4.0,236.0,139.0,97.0,284.0,284.0,0.0,348.0,343.0,5.0,-9.0,0.0,-92.0,5.0
Healthy_015,aVF,Healthy,propagated,False,10.0,5.0,5.0,90.0,88.0,2.0,212.0,139.0,73.0,300.0,301.0,-1.0,354.0,343.0,11.0,-3.0,6.0,-62.0,12.0
Healthy_015,V1,Healthy,propagated,False,10.0,5.0,5.0,78.0,88.0,-10.0,150.0,139.0,11.0,272.0,272.0,0.0,338.0,343.0,-5.0,-15.0,-10.0,-16.0,-5.0
Healthy_015,V2,Healthy,reviewed,False,2.0,5.0,-3.0,82.0,88.0,-6.0,162.0,139.0,23.0,272.0,272.0,0.0,346.0,343.0,3.0,-3.0,6.0,-20.0,3.0
Healthy_015,V3,Healthy,propagated,True,4.0,5.0,-1.0,92.0,88.0,4.0,180.0,139.0,41.0,274.0,274.0,0.0,340.0,343.0,-3.0,5.0,-2.0,-44.0,-3.0
Healthy_015,V4,Healthy,propagated,False,4.0,5.0,-1.0,86.0,88.0,-2.0,218.0,139.0,79.0,300.0,301.0,-1.0,348.0,343.0,5.0,-1.0,6.0,-74.0,6.0
Healthy_015,V5,Healthy,propagated,False,4.0,5.0,-1.0,80.0,88.0,-8.0,268.0,139.0,129.0,304.0,303.0,1.0,346.0,343.0,3.0,-7.0,4.0,-126.0,2.0
Healthy_015,V6,Healthy,propagated,False,10.0,5.0,5.0,80.0,88.0,-8.0,242.0,139.0,103.0,300.0,300.0,0.0,348.0,343.0,5.0,-13.0,0.0,-98.0,5.0
Healthy_016,I,Healthy,propagated,False,10.0,4.0,6.0,82.0,92.0,-10.0,218.0,154.0,64.0,288.0,288.0,0.0,348.0,339.0,9.0,-16.0,3.0,-55.0,9.0
Healthy_016,II,Healthy,propagated,False,4.0,4.0,0.0,86.0,92.0,-6.0,208.0,154.0,54.0,290.0,291.0,-1.0,362.0,339.0,23.0,-6.0,23.0,-31.0,24.0
Healthy_016,III,Healthy,propagated,False,2.0,4.0,-2.0,86.0,92.0,-6.0,202.0,154.0,48.0,294.0,294.0,0.0,364.0,339.0,25.0,-4.0,27.0,-23.0,25.0
Healthy_016,aVR,Healthy,propagated,False,10.0,4.0,6.0,82.0,92.0,-10.0,212.0,154.0,58.0,290.0,290.0,0.0,360.0,339.0,21.0,-16.0,15.0,-37.0,21.0
Healthy_016,aVL,Healthy,propagated,False,2.0,4.0,-2.0,86.0,92.0,-6.0,188.0,154.0,34.0,310.0,311.0,-1.0,362.0,339.0,23.0,-4.0,25.0,-11.0,24.0
Healthy_016,aVF,Healthy,propagated,False,2.0,4.0,-2.0,86.0,92.0,-6.0,206.0,154.0,52.0,292.0,292.0,0.0,364.0,339.0,25.0,-4.0,27.0,-27.0,25.0
Healthy_016,V1,Healthy,reviewed,False,0.0,4.0,-4.0,86.0,92.0,-6.0,176.0,154.0,22.0,280.0,279.0,1.0,348.0,339.0,9.0,-2.0,13.0,-13.0,8.0
Healthy_016,V2,Healthy,propagated,False,2.0,4.0,-2.0,78.0,92.0,-14.0,188.0,154.0,34.0,284.0,283.0,1.0,350.0,339.0,11.0,-12.0,13.0,-23.0,10.0
Healthy_016,V3,Healthy,propagated,False,10.0,4.0,6.0,78.0,92.0,-14.0,210.0,154.0,56.0,294.0,294.0,0.0,350.0,339.0,11.0,-20.0,5.0,-45.0,11.0
Healthy_016,V4,Healthy,propagated,False,10.0,4.0,6.0,88.0,92.0,-4.0,232.0,154.0,78.0,302.0,302.0,0.0,350.0,339.0,11.0,-10.0,5.0,-67.0,11.0
Healthy_016,V5,Healthy,propagated,False,10.0,4.0,6.0,82.0,92.0,-10.0,220.0,154.0,66.0,296.0,297.0,-1.0,352.0,339.0,13.0,-16.0,7.0,-53.0,14.0
Healthy_016,V6,Healthy,propagated,False,10.0,4.0,6.0,76.0,92.0,-16.0,224.0,154.0,70.0,298.0,297.0,1.0,350.0,339.0,11.0,-22.0,5.0,-59.0,10.0
Healthy_017,I,Healthy,propagated,True,10.0,4.0,6.0,94.0,101.0,-7.0,220.0,137.0,83.0,298.0,299.0,-1.0,362.0,350.0,12.0,-13.0,6.0,-71.0,13.0
Healthy_017,II,Healthy,propagated,True,4.0,4.0,0.0,110.0,101.0,9.0,206.0,137.0,69.0,298.0,298.0,0.0,362.0,350.0,12.0,9.0,12.0,-57.0,12.0
Healthy_017,III,Healthy,propagated,True,10.0,4.0,6.0,102.0,101.0,1.0,242.0,137.0,105.0,300.0,300.0,0.0,348.0,350.0,-2.0,-5.0,-8.0,-107.0,-2.0
Healthy_017,aVR,Healthy,propagated,True,10.0,4.0,6.0,104.0,101.0,3.0,214.0,137.0,77.0,298.0,298.0,0.0,362.0,350.0,12.0,-3.0,6.0,-65.0,12.0
Healthy_017,aVL,Healthy,propagated,True,10.0,4.0,6.0,96.0,101.0,-5.0,226.0,137.0,89.0,300.0,299.0,1.0,358.0,350.0,8.0,-11.0,2.0,-81.0,7.0
Healthy_017,aVF,Healthy,propagated,True,4.0,4.0,0.0,110.0,101.0,9.0,184.0,137.0,47.0,284.0,284.0,0.0,358.0,350.0,8.0,9.0,8.0,-39.0,8.0
Healthy_017,V1,Healthy,reviewed,True,2.0,4.0,-2.0,96.0,101.0,-5.0,172.0,137.0,35.0,278.0,278.0,0.0,338.0,350.0,-12.0,-3.0,-10.0,-47.0,-12.0
Healthy_017,V2,Healthy,propagated,True,0.0,4.0,-4.0,96.0,101.0,-5.0,178.0,137.0,41.0,278.0,278.0,0.0,370.0,350.0,20.0,-1.0,24.0,-21.0,20.0
Healthy_017,V3,Healthy,propagated,True,10.0,4.0,6.0,104.0,101.0,3.0,180.0,137.0,43.0,276.0,275.0,1.0,366.0,350.0,16.0,-3.0,10.0,-27.0,15.0
Healthy_017,V4,Healthy,propagated,True,10.0,4.0,6.0,108.0,101.0,7.0,262.0,137.0,125.0,316.0,315.0,1.0,368.0,350.0,18.0,1.0,12.0,-107.0,17.0
Healthy_017,V5,Healthy,propagated,True,10.0,4.0,6.0,96.0,101.0,-5.0,106.0,137.0,-31.0,276.0,276.0,0.0,350.0,350.0,0.0,-11.0,-6.0,31.0,0.0
Healthy_017,V6,Healthy,propagated,True,10.0,4.0,6.0,94.0,101.0,-7.0,268.0,137.0,131.0,308.0,308.0,0.0,360.0,350.0,10.0,-13.0,4.0,-121.0,10.0
Healthy_018,I,Healthy,propagated,False,10.0,3.0,7.0,84.0,104.0,-20.0,214.0,134.0,80.0,284.0,284.0,0.0,356.0,345.0,11.0,-27.0,4.0,-69.0,11.0
Healthy_018,II,Healthy,propagated,True,10.0,3.0,7.0,98.0,104.0,-6.0,212.0,134.0,78.0,294.0,295.0,-1.0,366.0,345.0,21.0,-13.0,14.0,-57.0,22.0
Healthy_018,III,Healthy,propagated,True,4.0,3.0,1.0,98.0,104.0,-6.0,216.0,134.0,82.0,304.0,304.0,0.0,368.0,345.0,23.0,-7.0,22.0,-59.0,23.0
Healthy_018,aVR,Healthy,reviewed,True,10.0,3.0,7.0,92.0,104.0,-12.0,214.0,134.0,80.0,290.0,290.0,0.0,366.0,345.0,21.0,-19.0,14.0,-59.0,21.0
Healthy_018,aVL,Healthy,propagated,True,10.0,3.0,7.0,98.0,104.0,-6.0,234.0,134.0,100.0,312.0,312.0,0.0,366.0,345.0,21.0,-13.0,14.0,-79.0,21.0
Healthy_018,aVF,Healthy,propagated,True,4.0,3.0,1.0,98.0,104.0,-6.0,214.0,134.0,80.0,298.0,298.0,0.0,368.0,345.0,23.0,-7.0,22.0,-57.0,23.0
Healthy_018,V1,Healthy,propagated,False,2.0,3.0,-1.0,86.0,104.0,-18.0,160.0,134.0,26.0,280.0,281.0,-1.0,348.0,345.0,3.0,-17.0,4.0,-23.0,4.0
Healthy_018,V2,Healthy,propagated,True,0.0,3.0,-3.0,92.0,104.0,-12.0,178.0,134.0,44.0,282.0,282.0,0.0,354.0,345.0,9.0,-9.0,12.0,-35.0,9.0
Healthy_018,V3,Healthy,propagated,True,10.0,3.0,7.0,92.0,104.0,-12.0,178.0,134.0,44.0,278.0,278.0,0.0,360.0,345.0,15.0,-19.0,8.0,-29.0,15.0
Healthy_018,V4,Healthy,propagated,False,4.0,3.0,1.0,88.0,104.0,-16.0,178.0,134.0,44.0,278.0,279.0,-1.0,360.0,345.0,15.0,-17.0,14.0,-29.0,16.0
Healthy_018,V5,Healthy,propagated,False,10.0,3.0,7.0,84.0,104.0,-20.0,244.0,134.0,110.0,302.0,302.0,0.0,354.0,345.0,9.0,-27.0,2.0,-101.0,9.0
Healthy_018,V6,Healthy,propagated,True,10.0,3.0,7.0,92.0,104.0,-12.0,212.0,134.0,78.0,288.0,288.0,0.0,340.0,345.0,-5.0,-19.0,-12.0,-83.0,-5.0
Healthy_019,I,Healthy,propagated,False,4.0,3.0,1.0,88.0,89.0,-1.0,212.0,135.0,77.0,290.0,291.0,-1.0,354.0,337.0,17.0,-2.0,16.0,-60.0,18.0
Healthy_019,II,Healthy,propagated,True,2.0,3.0,-1.0,100.0,89.0,11.0,200.0,135.0,65.0,284.0,285.0,-1.0,366.0,337.0,29.0,12.0,30.0,-36.0,30.0
Healthy_019,III,Healthy,propagated,True,10.0,3.0,7.0,94.0,89.0,5.0,178.0,135.0,43.0,266.0,265.0,1.0,366.0,337.0,29.0,-2.0,22.0,-14.0,28.0
Healthy_019,aVR,Healthy,propagated,True,4.0,3.0,1.0,94.0,89.0,5.0,204.0,135.0,69.0,288.0,288.0,0.0,366.0,337.0,29.0,4.0,28.0,-40.0,29.0
Healthy_019,aVL,Healthy,propagated,True,10.0,3.0,7.0,92.0,89.0,3.0,228.0,135.0,93.0,294.0,294.0,0.0,360.0,337.0,23.0,-4.0,16.0,-70.0,23.0
Healthy_019,aVF,Healthy,propagated,True,4.0,3.0,1.0,100.0,89.0,11.0,192.0,135.0,57.0,278.0,279.0,-1.0,368.0,337.0,31.0,10.0,30.0,-26.0,32.0
Healthy_019,V1,Healthy,propagated,False,10.0,3.0,7.0,84.0,89.0,-5.0,168.0,135.0,33.0,278.0,279.0,-1.0,342.0,337.0,5.0,-12.0,-2.0,-28.0,6.0
Healthy_019,V2,Healthy,reviewed,False,10.0,3.0,7.0,84.0,89.0,-5.0,174.0,135.0,39.0,280.0,280.0,0.0,348.0,337.0,11.0,-12.0,4.0,-28.0,11.0
Healthy_019,V3,Healthy,propagated,False,10.0,3.0,7.0,90.0,89.0,1.0,176.0,135.0,41.0,276.0,277.0,-1.0,352.0,337.0,15.0,-6.0,8.0,-26.0,16.0
Healthy_019,V4,Healthy,propagated,True,4.0,3.0,1.0,94.0,89.0,5.0,182.0,135.0,47.0,276.0,275.0,1.0,352.0,337.0,15.0,4.0,14.0,-32.0,14.0
Healthy_019,V5,Healthy,propagated,False,10.0,3.0,7.0,86.0,89.0,-3.0,282.0,135.0,147.0,308.0,308.0,0.0,346.0,337.0,9.0,-10.0,2.0,-138.0,9.0
Healthy_019,V6,Healthy,propagated,False,10.0,3.0,7.0,86.0,89.0,-3.0,238.0,135.0,103.0,304.0,304.0,0.0,350.0,337.0,13.0,-10.0,6.0,-90.0,13.0
Healthy_020,I,Healthy,propagated,False,10.0,4.0,6.0,74.0,87.0,-13.0,224.0,137.0,87.0,290.0,290.0,0.0,342.0,339.0,3.0,-19.0,-3.0,-84.0,3.0
Healthy_020,II,Healthy,propagated,False,10.0,4.0,6.0,80.0,87.0,-7.0,208.0,137.0,71.0,292.0,292.0,0.0,348.0,339.0,9.0,-13.0,3.0,-62.0,9.0
Healthy_020,III,Healthy,propagated,False,4.0,4.0,0.0,82.0,87.0,-5.0,184.0,137.0,47.0,300.0,300.0,0.0,348.0,339.0,9.0,-5.0,9.0,-38.0,9.0
Healthy_020,aVR,Healthy,propagated,False,10.0,4.0,6.0,74.0,87.0,-13.0,216.0,137.0,79.0,290.0,291.0,-1.0,346.0,339.0,7.0,-19.0,1.0,-72.0,8.0
Healthy_020,aVL,Healthy,propagated,False,2.0,4.0,-2.0,82.0,87.0,-5.0,196.0,137.0,59.0,288.0,289.0,-1.0,346.0,339.0,7.0,-3.0,9.0,-52.0,8.0
Healthy_020,aVF,Healthy,propagated,False,10.0,4.0,6.0,82.0,87.0,-5.0,200.0,137.0,63.0,292.0,293.0,-1.0,350.0,339.0,11.0,-11.0,5.0,-52.0,12.0
Healthy_020,V1,Healthy,propagated,False,0.0,4.0,-4.0,70.0,87.0,-17.0,158.0,137.0,21.0,276.0,275.0,1.0,342.0,339.0,3.0,-13.0,7.0,-18.0,2.0
Healthy_020,V2,Healthy,propagated,False,10.0,4.0,6.0,70.0,87.0,-17.0,166.0,137.0,29.0,274.0,275.0,-1.0,344.0,339.0,5.0,-23.0,-1.0,-24.0,6.0
Healthy_020,V3,Healthy,reviewed,False,10.0,4.0,6.0,72.0,87.0,-15.0,180.0,137.0,43.0,278.0,277.0,1.0,336.0,339.0,-3.0,-21.0,-9.0,-46.0,-4.0
Healthy_020,V4,Healthy,propagated,False,4.0,4.0,0.0,72.0,87.0,-15.0,140.0,137.0,3.0,294.0,295.0,-1.0,332.0,339.0,-7.0,-15.0,-7.0,-10.0,-6.0
Healthy_020,V5,Healthy,propagated,False,10.0,4.0,6.0,74.0,87.0,-13.0,228.0,137.0,91.0,296.0,296.0,0.0,342.0,339.0,3.0,-19.0,-3.0,-88.0,3.0
Healthy_020,V6,Healthy,propagated,False,10.0,4.0,6.0,74.0,87.0,-13.0,236.0,137.0,99.0,298.0,298.0,0.0,342.0,339.0,3.0,-19.0,-3.0,-96.0,3.0
Healthy_021,I,Healthy,propagated,False,10.0,4.0,6.0,90.0,87.0,3.0,214.0,134.0,80.0,292.0,291.0,1.0,350.0,349.0,1.0,-3.0,-5.0,-79.0,0.0
Healthy_021,II,Healthy,propagated,True,10.0,4.0,6.0,100.0,87.0,13.0,206.0,134.0,72.0,292.0,291.0,1.0,370.0,349.0,21.0,7.0,15.0,-51.0,20.0
Healthy_021,III,Healthy,propagated,True,10.0,4.0,6.0,100.0,87.0,13.0,206.0,134.0,72.0,320.0,321.0,-1.0,370.0,349.0,21.0,7.0,15.0,-51.0,22.0
Healthy_021,aVR,Healthy,propagated,True,10.0,4.0,6.0,100.0,87.0,13.0,210.0,134.0,76.0,292.0,291.0,1.0,368.0,349.0,19.0,7.0,13.0,-57.0,18.0
Healthy_021,aVL,Healthy,propagated,True,10.0,4.0,6.0,94.0,87.0,7.0,222.0,134.0,88.0,290.0,291.0,-1.0,366.0,349.0,17.0,1.0,11.0,-71.0,18.0
Healthy_021,aVF,Healthy,propagated,True,10.0,4.0,6.0,100.0,87.0,13.0,202.0,134.0,68.0,300.0,291.0,9.0,372.0,349.0,23.0,7.0,17.0,-45.0,14.0
Healthy_021,V1,Healthy,propagated,True,0.0,4.0,-4.0,92.0,87.0,5.0,154.0,134.0,20.0,280.0,279.0,1.0,352.0,349.0,3.0,9.0,7.0,-17.0,2.0
Healthy_021,V2,Healthy,propagated,True,0.0,4.0,-4.0,92.0,87.0,5.0,166.0,134.0,32.0,284.0,283.0,1.0,356.0,349.0,7.0,9.0,11.0,-25.0,6.0
Healthy_021,V3,Healthy,reviewed,True,10.0,4.0,6.0,98.0,87.0,11.0,172.0,134.0,38.0,280.0,280.0,0.0,362.0,349.0,13.0,5.0,7.0,-25.0,13.0
Healthy_021,V4,Healthy,propagated,True,4.0,4.0,0.0,108.0,87.0,21.0,178.0,134.0,44.0,276.0,276.0,0.0,364.0,349.0,15.0,21.0,15.0,-29.0,15.0
Healthy_021,V5,Healthy,propagated,True,10.0,4.0,6.0,92.0,87.0,5.0,282.0,134.0,148.0,312.0,312.0,0.0,354.0,349.0,5.0,-1.0,-1.0,-143.0,5.0
Healthy_021,V6,Healthy,propagated,True,10.0,4.0,6.0,94.0,87.0,7.0,240.0,134.0,106.0,304.0,303.0,1.0,358.0,349.0,9.0,1.0,3.0,-97.0,8.0
Healthy_022,I,Healthy,propagated,False,10.0,5.0,5.0,86.0,90.0,-4.0,212.0,137.0,75.0,286.0,287.0,-1.0,358.0,342.0,16.0,-9.0,11.0,-59.0,17.0
Healthy_022,II,Healthy,propagated,True,4.0,5.0,-1.0,96.0,90.0,6.0,204.0,137.0,67.0,292.0,292.0,0.0,366.0,342.0,24.0,7.0,25.0,-43.0,24.0
Healthy_022,III,Healthy,propagated,False,10.0,5.0,5.0,90.0,90.0,0.0,236.0,137.0,99.0,314.0,314.0,0.0,360.0,342.0,18.0,-5.0,13.0,-81.0,18.0
Healthy_022,aVR,Healthy,propagated,False,10.0,5.0,5.0,90.0,90.0,0.0,208.0,137.0,71.0,288.0,289.0,-1.0,368.0,342.0,26.0,-5.0,21.0,-45.0,27.0
Healthy_022,aVL,Healthy,propagated,False,10.0,5.0,5.0,86.0,90.0,-4.0,216.0,137.0,79.0,284.0,284.0,0.0,356.0,342.0,14.0,-9.0,9.0,-65.0,14.0
Healthy_022,aVF,Healthy,propagated,False,10.0,5.0,5.0,90.0,90.0,0.0,202.0,137.0,65.0,302.0,302.0,0.0,364.0,342.0,22.0,-5.0,17.0,-43.0,22.0
Healthy_022,V1,Healthy,reviewed,False,10.0,5.0,5.0,84.0,90.0,-6.0,166.0,137.0,29.0,282.0,282.0,0.0,346.0,342.0,4.0,-11.0,-1.0,-25.0,4.0
Healthy_022,V2,Healthy,propagated,False,10.0,5.0,5.0,84.0,90.0,-6.0,174.0,137.0,37.0,282.0,281.0,1.0,350.0,342.0,8.0,-11.0,3.0,-29.0,7.0
Healthy_022,V3,Healthy,propagated,False,4.0,5.0,-1.0,90.0,90.0,0.0,194.0,137.0,57.0,294.0,294.0,0.0,340.0,342.0,-2.0,1.0,-1.0,-59.0,-2.0
Healthy_022,V4,Healthy,propagated,False,4.0,5.0,-1.0,84.0,90.0,-6.0,214.0,137.0,77.0,310.0,311.0,-1.0,340.0,342.0,-2.0,-5.0,-1.0,-79.0,-1.0
Healthy_022,V5,Healthy,propagated,False,10.0,5.0,5.0,76.0,90.0,-14.0,238.0,137.0,101.0,304.0,303.0,1.0,358.0,342.0,16.0,-19.0,11.0,-85.0,15.0
Healthy_022,V6,Healthy,propagated,False,10.0,5.0,5.0,82.0,90.0,-8.0,220.0,137.0,83.0,298.0,298.0,0.0,354.0,342.0,12.0,-13.0,7.0,-71.0,12.0
Healthy_023,I,Healthy,propagated,False,10.0,3.0,7.0,78.0,100.0,-22.0,216.0,140.0,76.0,292.0,291.0,1.0,352.0,344.0,8.0,-29.0,1.0,-68.0,7.0
Healthy_023,II,Healthy,reviewed,False,10.0,3.0,7.0,88.0,100.0,-12.0,208.0,140.0,68.0,292.0,292.0,0.0,362.0,344.0,18.0,-19.0,11.0,-50.0,18.0
Healthy_023,III,Healthy,propagated,False,10.0,3.0,7.0,80.0,100.0,-20.0,196.0,140.0,56.0,304.0,304.0,0.0,356.0,344.0,12.0,-27.0,5.0,-44.0,12.0
Healthy_023,aVR,Healthy,propagated,False,10.0,3.0,7.0,86.0,100.0,-14.0,212.0,140.0,72.0,292.0,292.0,0.0,360.0,344.0,16.0,-21.0,9.0,-56.0,16.0
Healthy_023,aVL,Healthy,propagated,False,10.0,3.0,7.0,80.0,100.0,-20.0,226.0,140.0,86.0,290.0,291.0,-1.0,350.0,344.0,6.0,-27.0,-1.0,-80.0,7.0
Healthy_023,aVF,Healthy,propagated,False,10.0,3.0,7.0,82.0,100.0,-18.0,206.0,140.0,66.0,292.0,293.0,-1.0,358.0,344.0,14.0,-25.0,7.0,-52.0,15.0
Healthy_023,V1,Healthy,propagated,False,2.0,3.0,-1.0,76.0,100.0,-24.0,158.0,140.0,18.0,274.0,274.0,0.0,350.0,344.0,6.0,-23.0,7.0,-12.0,6.0
Healthy_023,V2,Healthy,propagated,False,10.0,3.0,7.0,80.0,100.0,-20.0,168.0,140.0,28.0,274.0,274.0,0.0,356.0,344.0,12.0,-27.0,5.0,-16.0,12.0
Healthy_023,V3,Healthy,propagated,True,4.0,3.0,1.0,108.0,100.0,8.0,180.0,140.0,40.0,270.0,270.0,0.0,352.0,344.0,8.0,7.0,7.0,-32.0,8.0
Healthy_023,V4,Healthy,propagated,True,4.0,3.0,1.0,94.0,100.0,-6.0,104.0,140.0,-36.0,310.0,309.0,1.0,358.0,344.0,14.0,-7.0,13.0,50.0,13.0
Healthy_023,V5,Healthy,propagated,False,10.0,3.0,7.0,80.0,100.0,-20.0,276.0,140.0,136.0,304.0,304.0,0.0,352.0,344.0,8.0,-27.0,1.0,-128.0,8.0
Healthy_023,V6,Healthy,propagated,False,10.0,3.0,7.0,80.0,100.0,-20.0,232.0,140.0,92.0,300.0,300.0,0.0,350.0,344.0,6.0,-27.0,-1.0,-86.0,6.0
Healthy_024,I,Healthy,propagated,False,10.0,3.0,7.0,82.0,103.0,-21.0,222.0,140.0,82.0,298.0,298.0,0.0,362.0,348.0,14.0,-28.0,7.0,-68.0,14.0
Healthy_024,II,Healthy,reviewed,True,4.0,3.0,1.0,100.0,103.0,-3.0,202.0,140.0,62.0,286.0,286.0,0.0,364.0,348.0,16.0,-4.0,15.0,-46.0,16.0
Healthy_024,III,Healthy,propagated,True,10.0,3.0,7.0,92.0,103.0,-11.0,262.0,140.0,122.0,306.0,306.0,0.0,344.0,348.0,-4.0,-18.0,-11.0,-126.0,-4.0
Healthy_024,aVR,Healthy,propagated,True,10.0,3.0,7.0,92.0,103.0,-11.0,212.0,140.0,72.0,292.0,293.0,-1.0,364.0,348.0,16.0,-18.0,9.0,-56.0,17.0
Healthy_024,aVL,Healthy,propagated,True,10.0,3.0,7.0,92.0,103.0,-11.0,238.0,140.0,98.0,302.0,301.0,1.0,356.0,348.0,8.0,-18.0,1.0,-90.0,7.0
Healthy_024,aVF,Healthy,propagated,True,10.0,3.0,7.0,92.0,103.0,-11.0,194.0,140.0,54.0,278.0,278.0,0.0,358.0,348.0,10.0,-18.0,3.0,-44.0,10.0
Healthy_024,V1,Healthy,propagated,True,0.0,3.0,-3.0,92.0,103.0,-11.0,166.0,140.0,26.0,278.0,277.0,1.0,350.0,348.0,2.0,-8.0,5.0,-24.0,1.0
Healthy_024,V2,Healthy,propagated,True,0.0,3.0,-3.0,92.0,103.0,-11.0,176.0,140.0,36.0,278.0,279.0,-1.0,358.0,348.0,10.0,-8.0,13.0,-26.0,11.0
Healthy_024,V3,Healthy,propagated,True,10.0,3.0,7.0,98.0,103.0,-5.0,180.0,140.0,40.0,276.0,277.0,-1.0,346.0,348.0,-2.0,-12.0,-9.0,-42.0,-1.0
Healthy_024,V4,Healthy,propagated,True,10.0,3.0,7.0,112.0,103.0,9.0,184.0,140.0,44.0,272.0,273.0,-1.0,368.0,348.0,20.0,2.0,13.0,-24.0,21.0
Healthy_024,V5,Healthy,propagated,True,10.0,3.0,7.0,94.0,103.0,-9.0,272.0,140.0,132.0,318.0,319.0,-1.0,358.0,348.0,10.0,-16.0,3.0,-122.0,11.0
Healthy_024,V6,Healthy,propagated,False,10.0,3.0,7.0,82.0,103.0,-21.0,282.0,140.0,142.0,312.0,312.0,0.0,362.0,348.0,14.0,-28.0,7.0,-128.0,14.0
Healthy_025,I,Healthy,propagated,False,10.0,3.0,7.0,76.0,87.0,-11.0,222.0,133.0,89.0,288.0,288.0,0.0,342.0,336.0,6.0,-18.0,-1.0,-83.0,6.0
Healthy_025,II,Healthy,propagated,False,10.0,3.0,7.0,82.0,87.0,-5.0,202.0,133.0,69.0,288.0,289.0,-1.0,358.0,336.0,22.0,-12.0,15.0,-47.0,23.0
Healthy_025,III,Healthy,propagated,False,10.0,3.0,7.0,82.0,87.0,-5.0,188.0,133.0,55.0,292.0,291.0,1.0,358.0,336.0,22.0,-12.0,15.0,-33.0,21.0
Healthy_025,aVR,Healthy,propagated,False,10.0,3.0,7.0,80.0,87.0,-7.0,210.0,133.0,77.0,288.0,288.0,0.0,356.0,336.0,20.0,-14.0,13.0,-57.0,20.0
Healthy_025,aVL,Healthy,propagated,False,10.0,3.0,7.0,80.0,87.0,-7.0,168.0,133.0,35.0,312.0,313.0,-1.0,356.0,336.0,20.0,-14.0,13.0,-15.0,21.0
Healthy_025,aVF,Healthy,propagated,False,10.0,3.0,7.0,86.0,87.0,-1.0,196.0,133.0,63.0,290.0,289.0,1.0,358.0,336.0,22.0,-8.0,15.0,-41.0,21.0
Healthy_025,V1,Healthy,reviewed,False,10.0,3.0,7.0,76.0,87.0,-11.0,162.0,133.0,29.0,278.0,279.0,-1.0,338.0,336.0,2.0,-18.0,-5.0,-27.0,3.0
Healthy_025,V2,Healthy,propagated,False,10.0,3.0,7.0,78.0,87.0,-9.0,168.0,133.0,35.0,278.0,278.0,0.0,346.0,336.0,10.0,-16.0,3.0,-25.0,10.0
Healthy_025,V3,Healthy,propagated,False,4.0,3.0,1.0,76.0,87.0,-11.0,164.0,133.0,31.0,268.0,269.0,-1.0,342.0,336.0,6.0,-12.0,5.0,-25.0,7.0
Healthy_025,V4,Healthy,propagated,False,4.0,3.0,1.0,88.0,87.0,1.0,196.0,133.0,63.0,284.0,283.0,1.0,340.0,336.0,4.0,0.0,3.0,-59.0,3.0
Healthy_025,V5,Healthy,propagated,False,4.0,3.0,1.0,76.0,87.0,-11.0,214.0,133.0,81.0,308.0,309.0,-1.0,344.0,336.0,8.0,-12.0,7.0,-73.0,9.0
Healthy_025,V6,Healthy,propagated,False,4.0,3.0,1.0,76.0,87.0,-11.0,234.0,133.0,101.0,300.0,299.0,1.0,348.0,336.0,12.0,-12.0,11.0,-89.0,11.0
Healthy_026,I,Healthy,propagated,False,10.0,3.0,7.0,80.0,88.0,-8.0,216.0,135.0,81.0,292.0,292.0,0.0,346.0,338.0,8.0,-15.0,1.0,-73.0,8.0
Healthy_026,II,Healthy,propagated,False,2.0,3.0,-1.0,90.0,88.0,2.0,196.0,135.0,61.0,280.0,280.0,0.0,360.0,338.0,22.0,3.0,23.0,-39.0,22.0
Healthy_026,III,Healthy,propagated,False,4.0,3.0,1.0,84.0,88.0,-4.0,272.0,135.0,137.0,296.0,297.0,-1.0,354.0,338.0,16.0,-5.0,15.0,-121.0,17.0
Healthy_026,aVR,Healthy,propagated,False,4.0,3.0,1.0,84.0,88.0,-4.0,208.0,135.0,73.0,288.0,288.0,0.0,354.0,338.0,16.0,-5.0,15.0,-57.0,16.0
Healthy_026,aVL,Healthy,propagated,False,10.0,3.0,7.0,80.0,88.0,-8.0,226.0,135.0,91.0,294.0,294.0,0.0,338.0,338.0,0.0,-15.0,-7.0,-91.0,0.0
Healthy_026,aVF,Healthy,propagated,False,4.0,3.0,1.0,84.0,88.0,-4.0,182.0,135.0,47.0,268.0,269.0,-1.0,358.0,338.0,20.0,-5.0,19.0,-27.0,21.0
Healthy_026,V1,Healthy,reviewed,False,2.0,3.0,-1.0,78.0,88.0,-10.0,158.0,135.0,23.0,276.0,276.0,0.0,346.0,338.0,8.0,-9.0,9.0,-15.0,8.0
Healthy_026,V2,Healthy,propagated,False,0.0,3.0,-3.0,78.0,88.0,-10.0,170.0,135.0,35.0,278.0,277.0,1.0,350.0,338.0,12.0,-7.0,15.0,-23.0,11.0
Healthy_026,V3,Healthy,propagated,False,0.0,3.0,-3.0,84.0,88.0,-4.0,176.0,135.0,41.0,274.0,274.0,0.0,352.0,338.0,14.0,-1.0,17.0,-27.0,14.0
Healthy_026,V4,Healthy,propagated,True,2.0,3.0,-1.0,96.0,88.0,8.0,182.0,135.0,47.0,272.0,272.0,0.0,344.0,338.0,6.0,9.0,7.0,-41.0,6.0
Healthy_026,V5,Healthy,propagated,False,4.0,3.0,1.0,84.0,88.0,-4.0,94.0,135.0,-41.0,280.0,280.0,0.0,334.0,338.0,-4.0,-5.0,-5.0,37.0,-4.0
Healthy_026,V6,Healthy,propagated,False,10.0,3.0,7.0,80.0,88.0,-8.0,236.0,135.0,101.0,300.0,301.0,-1.0,346.0,338.0,8.0,-15.0,1.0,-93.0,9.0
Healthy_027,I,Healthy,propagated,False,10.0,3.0,7.0,78.0,97.0,-19.0,210.0,141.0,69.0,288.0,288.0,0.0,344.0,341.0,3.0,-26.0,-4.0,-66.0,3.0
Healthy_027,II,Healthy,propagated,False,10.0,3.0,7.0,88.0,97.0,-9.0,200.0,141.0,59.0,288.0,287.0,1.0,362.0,341.0,21.0,-16.0,14.0,-38.0,20.0
Healthy_027,III,Healthy,propagated,False,10.0,3.0,7.0,80.0,97.0,-17.0,188.0,141.0,47.0,280.0,279.0,1.0,356.0,341.0,15.0,-24.0,8.0,-32.0,14.0
Healthy_027,aVR,Healthy,propagated,False,10.0,3.0,7.0,88.0,97.0,-9.0,204.0,141.0,63.0,288.0,288.0,0.0,358.0,341.0,17.0,-16.0,10.0,-46.0,17.0
Healthy_027,aVL,Healthy,propagated,False,10.0,3.0,7.0,80.0,97.0,-17.0,222.0,141.0,81.0,290.0,289.0,1.0,352.0,341.0,11.0,-24.0,4.0,-70.0,10.0
Healthy_027,aVF,Healthy,propagated,False,10.0,3.0,7.0,86.0,97.0,-11.0,196.0,141.0,55.0,286.0,286.0,0.0,360.0,341.0,19.0,-18.0,12.0,-36.0,19.0
Healthy_027,V1,Healthy,reviewed,False,2.0,3.0,-1.0,82.0,97.0,-15.0,160.0,141.0,19.0,276.0,277.0,-1.0,344.0,341.0,3.0,-14.0,4.0,-16.0,4.0
Healthy_027,V2,Healthy,propagated,False,2.0,3.0,-1.0,82.0,97.0,-15.0,174.0,141.0,33.0,278.0,279.0,-1.0,348.0,341.0,7.0,-14.0,8.0,-26.0,8.0
Healthy_027,V3,Healthy,propagated,True,10.0,3.0,7.0,94.0,97.0,-3.0,184.0,141.0,43.0,276.0,276.0,0.0,358.0,341.0,17.0,-10.0,10.0,-26.0,17.0
Healthy_027,V4,Healthy,propagated,True,4.0,3.0,1.0,100.0,97.0,3.0,186.0,141.0,45.0,276.0,275.0,1.0,330.0,341.0,-11.0,2.0,-12.0,-56.0,-12.0
Healthy_027,V5,Healthy,propagated,False,10.0,3.0,7.0,82.0,97.0,-15.0,276.0,141.0,135.0,304.0,304.0,0.0,350.0,341.0,9.0,-22.0,2.0,-126.0,9.0
Healthy_027,V6,Healthy,propagated,False,10.0,3.0,7.0,82.0,97.0,-15.0,242.0,141.0,101.0,302.0,301.0,1.0,350.0,341.0,9.0,-22.0,2.0,-92.0,8.0
Healthy_028,I,Healthy,propagated,False,10.0,3.0,7.0,72.0,92.0,-20.0,210.0,135.0,75.0,286.0,286.0,0.0,346.0,340.0,6.0,-27.0,-1.0,-69.0,6.0
Healthy_028,II,Healthy,propagated,False,4.0,3.0,1.0,78.0,92.0,-14.0,188.0,135.0,53.0,282.0,282.0,0.0,354.0,340.0,14.0,-15.0,13.0,-39.0,14.0
Healthy_028,III,Healthy,propagated,False,10.0,3.0,7.0,72.0,92.0,-20.0,228.0,135.0,93.0,288.0,287.0,1.0,346.0,340.0,6.0,-27.0,-1.0,-87.0,5.0
Healthy_028,aVR,Healthy,propagated,False,4.0,3.0,1.0,72.0,92.0,-20.0,204.0,135.0,69.0,284.0,285.0,-1.0,352.0,340.0,12.0,-21.0,11.0,-57.0,13.0
Healthy_028,aVL,Healthy,propagated,False,10.0,3.0,7.0,68.0,92.0,-24.0,216.0,135.0,81.0,286.0,286.0,0.0,338.0,340.0,-2.0,-31.0,-9.0,-83.0,-2.0
Healthy_028,aVF,Healthy,propagated,False,10.0,3.0,7.0,80.0,92.0,-12.0,156.0,135.0,21.0,252.0,253.0,-1.0,354.0,340.0,14.0,-19.0,7.0,-7.0,15.0
Healthy_028,V1,Healthy,propagated,False,10.0,3.0,7.0,72.0,92.0,-20.0,148.0,135.0,13.0,272.0,272.0,0.0,342.0,340.0,2.0,-27.0,-5.0,-11.0,2.0
Healthy_028,V2,Healthy,propagated,False,0.0,3.0,-3.0,70.0,92.0,-22.0,160.0,135.0,25.0,272.0,272.0,0.0,350.0,340.0,10.0,-19.0,13.0,-15.0,10.0
Healthy_028,V3,Healthy,propagated,False,10.0,3.0,7.0,80.0,92.0,-12.0,166.0,135.0,31.0,270.0,269.0,1.0,348.0,340.0,8.0,-19.0,1.0,-23.0,7.0
Healthy_028,V4,Healthy,propagated,False,10.0,3.0,7.0,78.0,92.0,-14.0,170.0,135.0,35.0,268.0,267.0,1.0,346.0,340.0,6.0,-21.0,-1.0,-29.0,5.0
Healthy_028,V5,Healthy,propagated,False,10.0,3.0,7.0,74.0,92.0,-18.0,190.0,135.0,55.0,284.0,284.0,0.0,348.0,340.0,8.0,-25.0,1.0,-47.0,8.0
Healthy_028,V6,Healthy,reviewed,False,10.0,3.0,7.0,60.0,92.0,-32.0,210.0,135.0,75.0,290.0,290.0,0.0,344.0,340.0,4.0,-39.0,-3.0,-71.0,4.0
Healthy_029,I,Healthy,propagated,False,10.0,5.0,5.0,88.0,94.0,-6.0,214.0,138.0,76.0,288.0,289.0,-1.0,352.0,342.0,10.0,-11.0,5.0,-66.0,11.0
Healthy_029,II,Healthy,propagated,True,4.0,5.0,-1.0,92.0,94.0,-2.0,206.0,138.0,68.0,300.0,299.0,1.0,364.0,342.0,22.0,-1.0,23.0,-46.0,21.0
Healthy_029,III,Healthy,propagated,False,10.0,5.0,5.0,86.0,94.0,-8.0,206.0,138.0,68.0,314.0,313.0,1.0,362.0,342.0,20.0,-13.0,15.0,-48.0,19.0
Healthy_029,aVR,Healthy,propagated,False,10.0,5.0,5.0,90.0,94.0,-4.0,208.0,138.0,70.0,292.0,293.0,-1.0,362.0,342.0,20.0,-9.0,15.0,-50.0,21.0
Healthy_029,aVL,Healthy,propagated,False,10.0,5.0,5.0,86.0,94.0,-8.0,230.0,138.0,92.0,284.0,284.0,0.0,360.0,342.0,18.0,-13.0,13.0,-74.0,18.0
Healthy_029,aVF,Healthy,propagated,True,10.0,5.0,5.0,92.0,94.0,-2.0,204.0,138.0,66.0,308.0,308.0,0.0,364.0,342.0,22.0,-7.0,17.0,-44.0,22.0
Healthy_029,V1,Healthy,propagated,False,2.0,5.0,-3.0,82.0,94.0,-12.0,170.0,138.0,32.0,280.0,281.0,-1.0,338.0,342.0,-4.0,-9.0,-1.0,-36.0,-3.0
Healthy_029,V2,Healthy,reviewed,False,10.0,5.0,5.0,88.0,94.0,-6.0,174.0,138.0,36.0,280.0,281.0,-1.0,358.0,342.0,16.0,-11.0,11.0,-20.0,17.0
Healthy_029,V3,Healthy,propagated,True,4.0,5.0,-1.0,98.0,94.0,4.0,178.0,138.0,40.0,278.0,279.0,-1.0,346.0,342.0,4.0,5.0,5.0,-36.0,5.0
Healthy_029,V4,Healthy,propagated,False,4.0,5.0,-1.0,90.0,94.0,-4.0,226.0,138.0,88.0,308.0,308.0,0.0,338.0,342.0,-4.0,-3.0,-3.0,-92.0,-4.0
Healthy_029,V5,Healthy,propagated,False,4.0,5.0,-1.0,90.0,94.0,-4.0,286.0,138.0,148.0,312.0,311.0,1.0,356.0,342.0,14.0,-3.0,15.0,-134.0,13.0
Healthy_029,V6,Healthy,propagated,False,4.0,5.0,-1.0,82.0,94.0,-12.0,286.0,138.0,148.0,312.0,312.0,0.0,358.0,342.0,16.0,-11.0,17.0,-132.0,16.0
Healthy_030,I,Healthy,propagated,False,10.0,4.0,6.0,84.0,113.0,-29.0,216.0,145.0,71.0,290.0,289.0,1.0,352.0,350.0,2.0,-35.0,-4.0,-69.0,1.0
Healthy_030,II,Healthy,reviewed,True,4.0,4.0,0.0,94.0,113.0,-19.0,210.0,145.0,65.0,294.0,293.0,1.0,362.0,350.0,12.0,-19.0,12.0,-53.0,11.0
Healthy_030,III,Healthy,propagated,False,10.0,4.0,6.0,88.0,113.0,-25.0,212.0,145.0,67.0,314.0,313.0,1.0,354.0,350.0,4.0,-31.0,-2.0,-63.0,3.0
Healthy_030,aVR,Healthy,propagated,True,10.0,4.0,6.0,92.0,113.0,-21.0,212.0,145.0,67.0,292.0,291.0,1.0,364.0,350.0,14.0,-27.0,8.0,-53.0,13.0
Healthy_030,aVL,Healthy,propagated,False,10.0,4.0,6.0,84.0,113.0,-29.0,220.0,145.0,75.0,286.0,286.0,0.0,346.0,350.0,-4.0,-35.0,-10.0,-79.0,-4.0
Healthy_030,aVF,Healthy,propagated,False,10.0,4.0,6.0,88.0,113.0,-25.0,208.0,145.0,63.0,298.0,298.0,0.0,358.0,350.0,8.0,-31.0,2.0,-55.0,8.0
Healthy_030,V1,Healthy,propagated,False,10.0,4.0,6.0,88.0,113.0,-25.0,158.0,145.0,13.0,270.0,270.0,0.0,358.0,350.0,8.0,-31.0,2.0,-5.0,8.0
Healthy_030,V2,Healthy,propagated,True,10.0,4.0,6.0,96.0,113.0,-17.0,172.0,145.0,27.0,272.0,272.0,0.0,358.0,350.0,8.0,-23.0,2.0,-19.0,8.0
Healthy_030,V3,Healthy,propagated,True,10.0,4.0,6.0,102.0,113.0,-11.0,178.0,145.0,33.0,270.0,270.0,0.0,342.0,350.0,-8.0,-17.0,-14.0,-41.0,-8.0
Healthy_030,V4,Healthy,propagated,True,10.0,4.0,6.0,102.0,113.0,-11.0,188.0,145.0,43.0,272.0,272.0,0.0,336.0,350.0,-14.0,-17.0,-20.0,-57.0,-14.0
Healthy_030,V5,Healthy,propagated,False,10.0,4.0,6.0,88.0,113.0,-25.0,236.0,145.0,91.0,304.0,303.0,1.0,356.0,350.0,6.0,-31.0,0.0,-85.0,5.0
Healthy_030,V6,Healthy,propagated,False,10.0,4.0,6.0,88.0,113.0,-25.0,230.0,145.0,85.0,300.0,300.0,0.0,356.0,350.0,6.0,-31.0,0.0,-79.0,6.0
Healthy_031,I,Healthy,propagated,False,10.0,4.0,6.0,86.0,96.0,-10.0,236.0,134.0,102.0,300.0,300.0,0.0,362.0,347.0,15.0,-16.0,9.0,-87.0,15.0
Healthy_031,II,Healthy,propagated,True,4.0,4.0,0.0,94.0,96.0,-2.0,222.0,134.0,88.0,310.0,310.0,0.0,366.0,347.0,19.0,-2.0,19.0,-69.0,19.0
Healthy_031,III,Healthy,propagated,True,10.0,4.0,6.0,94.0,96.0,-2.0,210.0,134.0,76.0,316.0,317.0,-1.0,366.0,347.0,19.0,-8.0,13.0,-57.0,20.0
Healthy_031,aVR,Healthy,propagated,False,10.0,4.0,6.0,88.0,96.0,-8.0,228.0,134.0,94.0,306.0,305.0,1.0,366.0,347.0,19.0,-14.0,13.0,-75.0,18.0
Healthy_031,aVL,Healthy,propagated,True,10.0,4.0,6.0,94.0,96.0,-2.0,174.0,134.0,40.0,328.0,328.0,0.0,364.0,347.0,17.0,-8.0,11.0,-23.0,17.0
Healthy_031,aVF,Healthy,propagated,True,10.0,4.0,6.0,94.0,96.0,-2.0,218.0,134.0,84.0,312.0,313.0,-1.0,366.0,347.0,19.0,-8.0,13.0,-65.0,20.0
Healthy_031,V1,Healthy,reviewed,False,2.0,4.0,-2.0,88.0,96.0,-8.0,166.0,134.0,32.0,280.0,281.0,-1.0,354.0,347.0,7.0,-6.0,9.0,-25.0,8.0
Healthy_031,V2,Healthy,propagated,False,10.0,4.0,6.0,84.0,96.0,-12.0,162.0,134.0,28.0,280.0,280.0,0.0,336.0,347.0,-11.0,-18.0,-17.0,-39.0,-11.0
Healthy_031,V3,Healthy,propagated,False,10.0,4.0,6.0,82.0,96.0,-14.0,192.0,134.0,58.0,288.0,289.0,-1.0,328.0,347.0,-19.0,-20.0,-25.0,-77.0,-18.0
Healthy_031,V4,Healthy,propagated,False,10.0,4.0,6.0,86.0,96.0,-10.0,96.0,134.0,-38.0,282.0,283.0,-1.0,334.0,347.0,-13.0,-16.0,-19.0,25.0,-12.0
Healthy_031,V5,Healthy,propagated,False,4.0,4.0,0.0,86.0,96.0,-10.0,176.0,134.0,42.0,314.0,313.0,1.0,358.0,347.0,11.0,-10.0,11.0,-31.0,10.0
Healthy_031,V6,Healthy,propagated,False,4.0,4.0,0.0,84.0,96.0,-12.0,278.0,134.0,144.0,312.0,313.0,-1.0,362.0,347.0,15.0,-12.0,15.0,-129.0,16.0
Healthy_032,I,Healthy,propagated,False,10.0,4.0,6.0,70.0,87.0,-17.0,206.0,151.0,55.0,280.0,280.0,0.0,334.0,328.0,6.0,-23.0,0.0,-49.0,6.0
Healthy_032,II,Healthy,propagated,False,10.0,4.0,6.0,80.0,87.0,-7.0,198.0,151.0,47.0,288.0,288.0,0.0,346.0,328.0,18.0,-13.0,12.0,-29.0,18.0
Healthy_032,III,Healthy,propagated,False,10.0,4.0,6.0,72.0,87.0,-15.0,136.0,151.0,-15.0,308.0,307.0,1.0,338.0,328.0,10.0,-21.0,4.0,25.0,9.0
Healthy_032,aVR,Healthy,propagated,False,10.0,4.0,6.0,74.0,87.0,-13.0,204.0,151.0,53.0,282.0,282.0,0.0,344.0,328.0,16.0,-19.0,10.0,-37.0,16.0
Healthy_032,aVL,Healthy,propagated,False,10.0,4.0,6.0,70.0,87.0,-17.0,210.0,151.0,59.0,278.0,278.0,0.0,316.0,328.0,-12.0,-23.0,-18.0,-71.0,-12.0
Healthy_032,aVF,Healthy,propagated,False,10.0,4.0,6.0,74.0,87.0,-13.0,202.0,151.0,51.0,300.0,300.0,0.0,342.0,328.0,14.0,-19.0,8.0,-37.0,14.0
Healthy_032,V1,Healthy,propagated,False,10.0,4.0,6.0,70.0,87.0,-17.0,170.0,151.0,19.0,280.0,280.0,0.0,334.0,328.0,6.0,-23.0,0.0,-13.0,6.0
Healthy_032,V2,Healthy,propagated,False,10.0,4.0,6.0,70.0,87.0,-17.0,180.0,151.0,29.0,280.0,281.0,-1.0,342.0,328.0,14.0,-23.0,8.0,-15.0,15.0
Healthy_032,V3,Healthy,reviewed,False,10.0,4.0,6.0,72.0,87.0,-15.0,188.0,151.0,37.0,282.0,283.0,-1.0,340.0,328.0,12.0,-21.0,6.0,-25.0,13.0
Healthy_032,V4,Healthy,propagated,False,10.0,4.0,6.0,72.0,87.0,-15.0,198.0,151.0,47.0,286.0,285.0,1.0,336.0,328.0,8.0,-21.0,2.0,-39.0,7.0
Healthy_032,V5,Healthy,propagated,False,10.0,4.0,6.0,66.0,87.0,-21.0,212.0,151.0,61.0,286.0,286.0,0.0,336.0,328.0,8.0,-27.0,2.0,-53.0,8.0
Healthy_032,V6,Healthy,propagated,False,10.0,4.0,6.0,70.0,87.0,-17.0,208.0,151.0,57.0,280.0,279.0,1.0,332.0,328.0,4.0,-23.0,-2.0,-53.0,3.0
Healthy_033,I,Healthy,propagated,False,10.0,3.0,7.0,78.0,94.0,-16.0,210.0,145.0,65.0,288.0,287.0,1.0,344.0,340.0,4.0,-23.0,-3.0,-61.0,3.0
Healthy_033,II,Healthy,propagated,False,10.0,3.0,7.0,88.0,94.0,-6.0,202.0,145.0,57.0,288.0,287.0,1.0,360.0,340.0,20.0,-13.0,13.0,-37.0,19.0
Healthy_033,III,Healthy,propagated,False,10.0,3.0,7.0,86.0,94.0,-8.0,196.0,145.0,51.0,286.0,287.0,-1.0,356.0,340.0,16.0,-15.0,9.0,-35.0,17.0
Healthy_033,aVR,Healthy,propagated,False,4.0,3.0,1.0,88.0,94.0,-6.0,204.0,145.0,59.0,288.0,287.0,1.0,358.0,340.0,18.0,-7.0,17.0,-41.0,17.0
Healthy_033,aVL,Healthy,propagated,False,10.0,3.0,7.0,80.0,94.0,-14.0,194.0,145.0,49.0,318.0,317.0,1.0,352.0,340.0,12.0,-21.0,5.0,-37.0,11.0
Healthy_033,aVF,Healthy,propagated,False,10.0,3.0,7.0,88.0,94.0,-6.0,200.0,145.0,55.0,288.0,287.0,1.0,358.0,340.0,18.0,-13.0,11.0,-37.0,17.0
Healthy_033,V1,Healthy,reviewed,False,0.0,3.0,-3.0,80.0,94.0,-14.0,148.0,145.0,3.0,268.0,268.0,0.0,348.0,340.0,8.0,-11.0,11.0,5.0,8.0
Healthy_033,V2,Healthy,propagated,False,10.0,3.0,7.0,84.0,94.0,-10.0,160.0,145.0,15.0,272.0,271.0,1.0,356.0,340.0,16.0,-17.0,9.0,1.0,15.0
Healthy_033,V3,Healthy,propagated,False,10.0,3.0,7.0,90.0,94.0,-4.0,160.0,145.0,15.0,258.0,258.0,0.0,326.0,340.0,-14.0,-11.0,-21.0,-29.0,-14.0
Healthy_033,V4,Healthy,propagated,False,4.0,3.0,1.0,84.0,94.0,-10.0,94.0,145.0,-51.0,280.0,279.0,1.0,330.0,340.0,-10.0,-11.0,-11.0,41.0,-11.0
Healthy_033,V5,Healthy,propagated,False,10.0,3.0,7.0,80.0,94.0,-14.0,218.0,145.0,73.0,294.0,295.0,-1.0,350.0,340.0,10.0,-21.0,3.0,-63.0,11.0
Healthy_033,V6,Healthy,propagated,False,10.0,3.0,7.0,80.0,94.0,-14.0,216.0,145.0,71.0,292.0,292.0,0.0,348.0,340.0,8.0,-21.0,1.0,-63.0,8.0
Healthy_034,I,Healthy,propagated,False,10.0,4.0,6.0,74.0,91.0,-17.0,218.0,151.0,67.0,288.0,289.0,-1.0,346.0,337.0,9.0,-23.0,3.0,-58.0,10.0
Healthy_034,II,Healthy,propagated,False,10.0,4.0,6.0,76.0,91.0,-15.0,208.0,151.0,57.0,286.0,285.0,1.0,352.0,337.0,15.0,-21.0,9.0,-42.0,14.0
Healthy_034,III,Healthy,propagated,False,10.0,4.0,6.0,76.0,91.0,-15.0,172.0,151.0,21.0,262.0,262.0,0.0,348.0,337.0,11.0,-21.0,5.0,-10.0,11.0
Healthy_034,aVR,Healthy,propagated,False,10.0,4.0,6.0,76.0,91.0,-15.0,212.0,151.0,61.0,288.0,287.0,1.0,350.0,337.0,13.0,-21.0,7.0,-48.0,12.0
Healthy_034,aVL,Healthy,propagated,False,10.0,4.0,6.0,76.0,91.0,-15.0,228.0,151.0,77.0,290.0,290.0,0.0,338.0,337.0,1.0,-21.0,-5.0,-76.0,1.0
Healthy_034,aVF,Healthy,propagated,False,10.0,4.0,6.0,82.0,91.0,-9.0,196.0,151.0,45.0,280.0,279.0,1.0,350.0,337.0,13.0,-15.0,7.0,-32.0,12.0
Healthy_034,V1,Healthy,reviewed,False,10.0,4.0,6.0,76.0,91.0,-15.0,160.0,151.0,9.0,264.0,265.0,-1.0,336.0,337.0,-1.0,-21.0,-7.0,-10.0,0.0
Healthy_034,V2,Healthy,propagated,False,10.0,4.0,6.0,88.0,91.0,-3.0,170.0,151.0,19.0,264.0,264.0,0.0,342.0,337.0,5.0,-9.0,-1.0,-14.0,5.0
Healthy_034,V3,Healthy,propagated,False,10.0,4.0,6.0,82.0,91.0,-9.0,214.0,151.0,63.0,302.0,302.0,0.0,342.0,337.0,5.0,-15.0,-1.0,-58.0,5.0
Healthy_034,V4,Healthy,propagated,False,10.0,4.0,6.0,76.0,91.0,-15.0,214.0,151.0,63.0,296.0,295.0,1.0,344.0,337.0,7.0,-21.0,1.0,-56.0,6.0
Healthy_034,V5,Healthy,propagated,False,10.0,4.0,6.0,62.0,91.0,-29.0,214.0,151.0,63.0,288.0,288.0,0.0,348.0,337.0,11.0,-35.0,5.0,-52.0,11.0
Healthy_034,V6,Healthy,propagated,False,10.0,4.0,6.0,72.0,91.0,-19.0,218.0,151.0,67.0,290.0,289.0,1.0,348.0,337.0,11.0,-25.0,5.0,-56.0,10.0
Healthy_035,I,Healthy,propagated,False,10.0,4.0,6.0,80.0,94.0,-14.0,218.0,145.0,73.0,292.0,293.0,-1.0,354.0,339.0,15.0,-20.0,9.0,-58.0,16.0
Healthy_035,II,Healthy,reviewed,False,10.0,4.0,6.0,84.0,94.0,-10.0,208.0,145.0,63.0,288.0,288.0,0.0,358.0,339.0,19.0,-16.0,13.0,-44.0,19.0
Healthy_035,III,Healthy,propagated,False,10.0,4.0,6.0,84.0,94.0,-10.0,170.0,145.0,25.0,266.0,266.0,0.0,334.0,339.0,-5.0,-16.0,-11.0,-30.0,-5.0
Healthy_035,aVR,Healthy,propagated,False,10.0,4.0,6.0,82.0,94.0,-12.0,214.0,145.0,69.0,290.0,290.0,0.0,356.0,339.0,17.0,-18.0,11.0,-52.0,17.0
Healthy_035,aVL,Healthy,propagated,False,10.0,4.0,6.0,80.0,94.0,-14.0,228.0,145.0,83.0,296.0,296.0,0.0,350.0,339.0,11.0,-20.0,5.0,-72.0,11.0
Healthy_035,aVF,Healthy,propagated,False,10.0,4.0,6.0,90.0,94.0,-4.0,202.0,145.0,57.0,282.0,282.0,0.0,358.0,339.0,19.0,-10.0,13.0,-38.0,19.0
Healthy_035,V1,Healthy,propagated,False,10.0,4.0,6.0,82.0,94.0,-12.0,150.0,145.0,5.0,264.0,264.0,0.0,346.0,339.0,7.0,-18.0,1.0,2.0,7.0
Healthy_035,V2,Healthy,propagated,False,10.0,4.0,6.0,86.0,94.0,-8.0,164.0,145.0,19.0,266.0,265.0,1.0,334.0,339.0,-5.0,-14.0,-11.0,-24.0,-6.0
Healthy_035,V3,Healthy,propagated,False,4.0,4.0,0.0,86.0,94.0,-8.0,206.0,145.0,61.0,302.0,303.0,-1.0,342.0,339.0,3.0,-8.0,3.0,-58.0,4.0
Healthy_035,V4,Healthy,propagated,False,10.0,4.0,6.0,86.0,94.0,-8.0,210.0,145.0,65.0,294.0,295.0,-1.0,346.0,339.0,7.0,-14.0,1.0,-58.0,8.0
Healthy_035,V5,Healthy,propagated,False,10.0,4.0,6.0,80.0,94.0,-14.0,214.0,145.0,69.0,292.0,292.0,0.0,356.0,339.0,17.0,-20.0,11.0,-52.0,17.0
Healthy_035,V6,Healthy,propagated,False,10.0,4.0,6.0,82.0,94.0,-12.0,220.0,145.0,75.0,292.0,292.0,0.0,356.0,339.0,17.0,-18.0,11.0,-58.0,17.0
Healthy_036,I,Healthy,propagated,False,10.0,4.0,6.0,80.0,92.0,-12.0,206.0,132.0,74.0,280.0,279.0,1.0,332.0,343.0,-11.0,-18.0,-17.0,-85.0,-12.0
Healthy_036,II,Healthy,propagated,False,10.0,4.0,6.0,84.0,92.0,-8.0,202.0,132.0,70.0,286.0,285.0,1.0,348.0,343.0,5.0,-14.0,-1.0,-65.0,4.0
Healthy_036,III,Healthy,propagated,False,10.0,4.0,6.0,80.0,92.0,-12.0,264.0,132.0,132.0,304.0,305.0,-1.0,342.0,343.0,-1.0,-18.0,-7.0,-133.0,0.0
Healthy_036,aVR,Healthy,propagated,False,10.0,4.0,6.0,86.0,92.0,-6.0,204.0,132.0,72.0,282.0,282.0,0.0,346.0,343.0,3.0,-12.0,-3.0,-69.0,3.0
Healthy_036,aVL,Healthy,propagated,False,10.0,4.0,6.0,80.0,92.0,-12.0,210.0,132.0,78.0,276.0,276.0,0.0,340.0,343.0,-3.0,-18.0,-9.0,-81.0,-3.0
Healthy_036,aVF,Healthy,propagated,False,10.0,4.0,6.0,80.0,92.0,-12.0,200.0,132.0,68.0,292.0,292.0,0.0,344.0,343.0,1.0,-18.0,-5.0,-67.0,1.0
Healthy_036,V1,Healthy,propagated,False,0.0,4.0,-4.0,88.0,92.0,-4.0,166.0,132.0,34.0,274.0,274.0,0.0,348.0,343.0,5.0,0.0,9.0,-29.0,5.0
Healthy_036,V2,Healthy,propagated,False,4.0,4.0,0.0,90.0,92.0,-2.0,168.0,132.0,36.0,268.0,268.0,0.0,344.0,343.0,1.0,-2.0,1.0,-35.0,1.0
Healthy_036,V3,Healthy,propagated,False,2.0,4.0,-2.0,90.0,92.0,-2.0,100.0,132.0,-32.0,144.0,144.0,0.0,354.0,343.0,11.0,0.0,13.0,43.0,11.0
Healthy_036,V4,Healthy,propagated,False,4.0,4.0,0.0,88.0,92.0,-4.0,196.0,132.0,64.0,298.0,299.0,-1.0,338.0,343.0,-5.0,-4.0,-5.0,-69.0,-4.0
Healthy_036,V5,Healthy,reviewed,False,10.0,4.0,6.0,80.0,92.0,-12.0,206.0,132.0,74.0,288.0,288.0,0.0,342.0,343.0,-1.0,-18.0,-7.0,-75.0,-1.0
Healthy_036,V6,Healthy,propagated,False,10.0,4.0,6.0,80.0,92.0,-12.0,210.0,132.0,78.0,286.0,286.0,0.0,334.0,343.0,-9.0,-18.0,-15.0,-87.0,-9.0
Healthy_037,I,Healthy,propagated,False,10.0,6.0,4.0,84.0,92.0,-8.0,208.0,153.0,55.0,278.0,278.0,0.0,332.0,339.0,-7.0,-12.0,-11.0,-62.0,-7.0
Healthy_037,II,Healthy,reviewed,False,4.0,6.0,-2.0,84.0,92.0,-8.0,198.0,153.0,45.0,290.0,291.0,-1.0,354.0,339.0,15.0,-6.0,17.0,-30.0,16.0
Healthy_037,III,Healthy,propagated,False,10.0,6.0,4.0,84.0,92.0,-8.0,192.0,153.0,39.0,300.0,300.0,0.0,350.0,339.0,11.0,-12.0,7.0,-28.0,11.0
Healthy_037,aVR,Healthy,propagated,False,4.0,6.0,-2.0,82.0,92.0,-10.0,202.0,153.0,49.0,284.0,284.0,0.0,352.0,339.0,13.0,-8.0,15.0,-36.0,13.0
Healthy_037,aVL,Healthy,propagated,False,10.0,6.0,4.0,84.0,92.0,-8.0,174.0,153.0,21.0,310.0,310.0,0.0,348.0,339.0,9.0,-12.0,5.0,-12.0,9.0
Healthy_037,aVF,Healthy,propagated,False,10.0,6.0,4.0,84.0,92.0,-8.0,194.0,153.0,41.0,296.0,295.0,1.0,352.0,339.0,13.0,-12.0,9.0,-28.0,12.0
Healthy_037,V1,Healthy,propagated,False,10.0,6.0,4.0,88.0,92.0,-4.0,174.0,153.0,21.0,280.0,279.0,1.0,348.0,339.0,9.0,-8.0,5.0,-12.0,8.0
Healthy_037,V2,Healthy,propagated,False,10.0,6.0,4.0,88.0,92.0,-4.0,184.0,153.0,31.0,282.0,283.0,-1.0,348.0,339.0,9.0,-8.0,5.0,-22.0,10.0
Healthy_037,V3,Healthy,propagated,False,10.0,6.0,4.0,76.0,92.0,-16.0,206.0,153.0,53.0,292.0,291.0,1.0,344.0,339.0,5.0,-20.0,1.0,-48.0,4.0
Healthy_037,V4,Healthy,propagated,False,10.0,6.0,4.0,76.0,92.0,-16.0,214.0,153.0,61.0,296.0,296.0,0.0,342.0,339.0,3.0,-20.0,-1.0,-58.0,3.0
Healthy_037,V5,Healthy,propagated,False,10.0,6.0,4.0,68.0,92.0,-24.0,208.0,153.0,55.0,292.0,292.0,0.0,344.0,339.0,5.0,-28.0,1.0,-50.0,5.0
Healthy_037,V6,Healthy,propagated,False,10.0,6.0,4.0,84.0,92.0,-8.0,212.0,153.0,59.0,294.0,294.0,0.0,336.0,339.0,-3.0,-12.0,-7.0,-62.0,-3.0
Healthy_038,I,Healthy,propagated,False,10.0,3.0,7.0,72.0,86.0,-14.0,212.0,147.0,65.0,286.0,285.0,1.0,344.0,333.0,11.0,-21.0,4.0,-54.0,10.0
Healthy_038,II,Healthy,propagated,False,4.0,3.0,1.0,78.0,86.0,-8.0,202.0,147.0,55.0,284.0,283.0,1.0,352.0,333.0,19.0,-9.0,18.0,-36.0,18.0
Healthy_038,III,Healthy,propagated,False,4.0,3.0,1.0,82.0,86.0,-4.0,190.0,147.0,43.0,282.0,281.0,1.0,350.0,333.0,17.0,-5.0,16.0,-26.0,16.0
Healthy_038,aVR,Healthy,propagated,False,10.0,3.0,7.0,76.0,86.0,-10.0,206.0,147.0,59.0,284.0,284.0,0.0,350.0,333.0,17.0,-17.0,10.0,-42.0,17.0
Healthy_038,aVL,Healthy,propagated,False,10.0,3.0,7.0,76.0,86.0,-10.0,198.0,147.0,51.0,296.0,296.0,0.0,340.0,333.0,7.0,-17.0,0.0,-44.0,7.0
Healthy_038,aVF,Healthy,reviewed,False,4.0,3.0,1.0,82.0,86.0,-4.0,196.0,147.0,49.0,282.0,283.0,-1.0,350.0,333.0,17.0,-5.0,16.0,-32.0,18.0
Healthy_038,V1,Healthy,propagated,False,10.0,3.0,7.0,74.0,86.0,-12.0,206.0,147.0,59.0,300.0,301.0,-1.0,342.0,333.0,9.0,-19.0,2.0,-50.0,10.0
Healthy_038,V2,Healthy,propagated,False,10.0,3.0,7.0,70.0,86.0,-16.0,140.0,147.0,-7.0,244.0,244.0,0.0,332.0,333.0,-1.0,-23.0,-8.0,6.0,-1.0
Healthy_038,V3,Healthy,propagated,False,10.0,3.0,7.0,70.0,86.0,-16.0,168.0,147.0,21.0,298.0,299.0,-1.0,332.0,333.0,-1.0,-23.0,-8.0,-22.0,0.0
Healthy_038,V4,Healthy,propagated,False,10.0,3.0,7.0,70.0,86.0,-16.0,206.0,147.0,59.0,292.0,292.0,0.0,338.0,333.0,5.0,-23.0,-2.0,-54.0,5.0
Healthy_038,V5,Healthy,propagated,False,10.0,3.0,7.0,72.0,86.0,-14.0,210.0,147.0,63.0,288.0,288.0,0.0,344.0,333.0,11.0,-21.0,4.0,-52.0,11.0
Healthy_038,V6,Healthy,propagated,False,10.0,3.0,7.0,72.0,86.0,-14.0,214.0,147.0,67.0,288.0,289.0,-1.0,344.0,333.0,11.0,-21.0,4.0,-56.0,12.0
Healthy_039,I,Healthy,propagated,False,10.0,3.0,7.0,72.0,81.0,-9.0,208.0,146.0,62.0,282.0,282.0,0.0,340.0,332.0,8.0,-16.0,1.0,-54.0,8.0
Healthy_039,II,Healthy,propagated,False,4.0,3.0,1.0,76.0,81.0,-5.0,202.0,146.0,56.0,284.0,284.0,0.0,346.0,332.0,14.0,-6.0,13.0,-42.0,14.0
Healthy_039,III,Healthy,propagated,False,10.0,3.0,7.0,74.0,81.0,-7.0,182.0,146.0,36.0,298.0,298.0,0.0,340.0,332.0,8.0,-14.0,1.0,-28.0,8.0
Healthy_039,aVR,Healthy,propagated,False,10.0,3.0,7.0,70.0,81.0,-11.0,206.0,146.0,60.0,282.0,283.0,-1.0,346.0,332.0,14.0,-18.0,7.0,-46.0,15.0
Healthy_039,aVL,Healthy,propagated,False,10.0,3.0,7.0,74.0,81.0,-7.0,218.0,146.0,72.0,280.0,280.0,0.0,320.0,332.0,-12.0,-14.0,-19.0,-84.0,-12.0
Healthy_039,aVF,Healthy,propagated,False,10.0,3.0,7.0,74.0,81.0,-7.0,196.0,146.0,50.0,286.0,286.0,0.0,344.0,332.0,12.0,-14.0,5.0,-38.0,12.0
Healthy_039,V1,Healthy,propagated,False,10.0,3.0,7.0,72.0,81.0,-9.0,124.0,146.0,-22.0,254.0,254.0,0.0,328.0,332.0,-4.0,-16.0,-11.0,18.0,-4.0
Healthy_039,V2,Healthy,propagated,False,0.0,3.0,-3.0,72.0,81.0,-9.0,164.0,146.0,18.0,270.0,270.0,0.0,340.0,332.0,8.0,-6.0,11.0,-10.0,8.0
Healthy_039,V3,Healthy,reviewed,False,10.0,3.0,7.0,72.0,81.0,-9.0,182.0,146.0,36.0,278.0,279.0,-1.0,344.0,332.0,12.0,-16.0,5.0,-24.0,13.0
Healthy_039,V4,Healthy,propagated,False,10.0,3.0,7.0,72.0,81.0,-9.0,198.0,146.0,52.0,288.0,289.0,-1.0,340.0,332.0,8.0,-16.0,1.0,-44.0,9.0
Healthy_039,V5,Healthy,propagated,False,10.0,3.0,7.0,70.0,81.0,-11.0,212.0,146.0,66.0,288.0,289.0,-1.0,340.0,332.0,8.0,-18.0,1.0,-58.0,9.0
Healthy_039,V6,Healthy,propagated,False,10.0,3.0,7.0,74.0,81.0,-7.0,210.0,146.0,64.0,286.0,286.0,0.0,342.0,332.0,10.0,-14.0,3.0,-54.0,10.0
InferiorInfarction_001,I,InferiorInfarction,propagated,True,10.0,3.0,7.0,102.0,94.0,8.0,230.0,102.0,128.0,324.0,323.0,1.0,534.0,463.0,71.0,1.0,64.0,-57.0,70.0
InferiorInfarction_001,II,InferiorInfarction,propagated,True,10.0,3.0,7.0,108.0,94.0,14.0,232.0,102.0,130.0,346.0,346.0,0.0,542.0,463.0,79.0,7.0,72.0,-51.0,79.0
InferiorInfarction_001,III,InferiorInfarction,propagated,True,10.0,3.0,7.0,104.0,94.0,10.0,250.0,102.0,148.0,350.0,349.0,1.0,512.0,463.0,49.0,3.0,42.0,-99.0,48.0
InferiorInfarction_001,aVR,InferiorInfarction,reviewed,True,10.0,3.0,7.0,114.0,94.0,20.0,220.0,102.0,118.0,342.0,342.0,0.0,546.0,463.0,83.0,13.0,76.0,-35.0,83.0
InferiorInfarction_001,aVL,InferiorInfarction,propagated,False,10.0,3.0,7.0,68.0,94.0,-26.0,78.0,102.0,-24.0,354.0,354.0,0.0,516.0,463.0,53.0,-33.0,46.0,77.0,53.0
InferiorInfarction_001,aVF,InferiorInfarction,propagated,True,10.0,3.0,7.0,108.0,94.0,14.0,242.0,102.0,140.0,348.0,348.0,0.0,510.0,463.0,47.0,7.0,40.0,-93.0,47.0
InferiorInfarction_001,V1,InferiorInfarction,propagated,True,2.0,3.0,-1.0,102.0,94.0,8.0,192.0,102.0,90.0,278.0,279.0,-1.0,378.0,463.0,-85.0,9.0,-84.0,-175.0,-84.0
InferiorInfarction_001,V2,InferiorInfarction,propagated,True,10.0,3.0,7.0,102.0,94.0,8.0,192.0,102.0,90.0,278.0,277.0,1.0,482.0,463.0,19.0,1.0,12.0,-71.0,18.0
InferiorInfarction_001,V3,InferiorInfarction,propagated,True,10.0,3.0,7.0,102.0,94.0,8.0,192.0,102.0,90.0,276.0,277.0,-1.0,464.0,463.0,1.0,1.0,-6.0,-89.0,2.0
InferiorInfarction_001,V4,InferiorInfarction,propagated,True,10.0,3.0,7.0,102.0,94.0,8.0,198.0,102.0,96.0,280.0,281.0,-1.0,374.0,463.0,-89.0,1.0,-96.0,-185.0,-88.0
InferiorInfarction_001,V5,InferiorInfarction,propagated,True,4.0,3.0,1.0,102.0,94.0,8.0,230.0,102.0,128.0,338.0,338.0,0.0,496.0,463.0,33.0,7.0,32.0,-95.0,33.0
InferiorInfarction_001,V6,InferiorInfarction,propagated,True,10.0,3.0,7.0,122.0,94.0,28.0,220.0,102.0,118.0,290.0,290.0,0.0,548.0,463.0,85.0,21.0,78.0,-33.0,85.0
InferiorInfarction_002,I,InferiorInfarction,propagated,True,10.0,4.0,6.0,118.0,109.0,9.0,204.0,116.0,88.0,288.0,289.0,-1.0,500.0,475.0,25.0,3.0,19.0,-63.0,26.0
InferiorInfarction_002,II,InferiorInfarction,propagated,True,10.0,4.0,6.0,128.0,109.0,19.0,246.0,116.0,130.0,364.0,364.0,0.0,568.0,475.0,93.0,13.0,87.0,-37.0,93.0
InferiorInfarction_002,III,InferiorInfarction,propagated,True,10.0,4.0,6.0,92.0,109.0,-17.0,102.0,116.0,-14.0,280.0,281.0,-1.0,496.0,475.0,21.0,-23.0,15.0,35.0,22.0
InferiorInfarction_002,aVR,InferiorInfarction,propagated,True,10.0,4.0,6.0,130.0,109.0,21.0,200.0,116.0,84.0,302.0,301.0,1.0,570.0,475.0,95.0,15.0,89.0,11.0,94.0
InferiorInfarction_002,aVL,InferiorInfarction,propagated,False,10.0,4.0,6.0,90.0,109.0,-19.0,214.0,116.0,98.0,284.0,284.0,0.0,362.0,475.0,-113.0,-25.0,-119.0,-211.0,-113.0
InferiorInfarction_002,aVF,InferiorInfarction,propagated,True,10.0,4.0,6.0,120.0,109.0,11.0,198.0,116.0,82.0,364.0,365.0,-1.0,514.0,475.0,39.0,5.0,33.0,-43.0,40.0
InferiorInfarction_002,V1,InferiorInfarction,propagated,True,2.0,4.0,-2.0,122.0,109.0,13.0,208.0,116.0,92.0,284.0,285.0,-1.0,424.0,475.0,-51.0,15.0,-49.0,-143.0,-50.0
InferiorInfarction_002,V2,InferiorInfarction,propagated,True,2.0,4.0,-2.0,122.0,109.0,13.0,206.0,116.0,90.0,284.0,285.0,-1.0,424.0,475.0,-51.0,15.0,-49.0,-141.0,-50.0
InferiorInfarction_002,V3,InferiorInfarction,propagated,True,2.0,4.0,-2.0,120.0,109.0,11.0,204.0,116.0,88.0,284.0,284.0,0.0,424.0,475.0,-51.0,13.0,-49.0,-139.0,-51.0
InferiorInfarction_002,V4,InferiorInfarction,propagated,True,10.0,4.0,6.0,120.0,109.0,11.0,206.0,116.0,90.0,284.0,284.0,0.0,424.0,475.0,-51.0,5.0,-57.0,-141.0,-51.0
InferiorInfarction_002,V5,InferiorInfarction,propagated,True,10.0,4.0,6.0,118.0,109.0,9.0,270.0,116.0,154.0,318.0,319.0,-1.0,436.0,475.0,-39.0,3.0,-45.0,-193.0,-38.0
InferiorInfarction_002,V6,InferiorInfarction,reviewed,True,4.0,4.0,0.0,130.0,109.0,21.0,224.0,116.0,108.0,288.0,287.0,1.0,572.0,475.0,97.0,21.0,97.0,-11.0,96.0
InferiorInfarction_003,I,InferiorInfarction,propagated,True,4.0,3.0,1.0,118.0,101.0,17.0,210.0,107.0,103.0,344.0,345.0,-1.0,558.0,462.0,96.0,16.0,95.0,-7.0,97.0
InferiorInfarction_003,II,InferiorInfarction,propagated,True,10.0,3.0,7.0,112.0,101.0,11.0,282.0,107.0,175.0,346.0,346.0,0.0,488.0,462.0,26.0,4.0,19.0,-149.0,26.0
InferiorInfarction_003,III,InferiorInfarction,propagated,True,10.0,3.0,7.0,106.0,101.0,5.0,180.0,107.0,73.0,286.0,285.0,1.0,452.0,462.0,-10.0,-2.0,-17.0,-83.0,-11.0
InferiorInfarction_003,aVR,InferiorInfarction,propagated,True,10.0,3.0,7.0,118.0,101.0,17.0,238.0,107.0,131.0,346.0,346.0,0.0,540.0,462.0,78.0,10.0,71.0,-53.0,78.0
InferiorInfarction_003,aVL,InferiorInfarction,propagated,True,10.0,3.0,7.0,112.0,101.0,11.0,208.0,107.0,101.0,284.0,283.0,1.0,370.0,462.0,-92.0,4.0,-99.0,-193.0,-93.0
InferiorInfarction_003,aVF,InferiorInfarction,propagated,False,10.0,3.0,7.0,72.0,101.0,-29.0,82.0,107.0,-25.0,348.0,347.0,1.0,478.0,462.0,16.0,-36.0,9.0,41.0,15.0
InferiorInfarction_003,V1,InferiorInfarction,propagated,True,0.0,3.0,-3.0,112.0,101.0,11.0,200.0,107.0,93.0,280.0,280.0,0.0,484.0,462.0,22.0,14.0,25.0,-71.0,22.0
InferiorInfarction_003,V2,InferiorInfarction,reviewed,True,0.0,3.0,-3.0,112.0,101.0,11.0,200.0,107.0,93.0,280.0,280.0,0.0,476.0,462.0,14.0,14.0,17.0,-79.0,14.0
InferiorInfarction_003,V3,InferiorInfarction,propagated,True,10.0,3.0,7.0,112.0,101.0,11.0,208.0,107.0,101.0,288.0,287.0,1.0,466.0,462.0,4.0,4.0,-3.0,-97.0,3.0
InferiorInfarction_003,V4,InferiorInfarction,propagated,True,10.0,3.0,7.0,112.0,101.0,11.0,218.0,107.0,111.0,296.0,295.0,1.0,414.0,462.0,-48.0,4.0,-55.0,-159.0,-49.0
InferiorInfarction_003,V5,InferiorInfarction,propagated,True,10.0,3.0,7.0,124.0,101.0,23.0,224.0,107.0,117.0,286.0,286.0,0.0,544.0,462.0,82.0,16.0,75.0,-35.0,82.0
InferiorInfarction_003,V6,InferiorInfarction,propagated,True,4.0,3.0,1.0,130.0,101.0,29.0,224.0,107.0,117.0,290.0,289.0,1.0,546.0,462.0,84.0,28.0,83.0,-33.0,83.0
InferiorInfarction_004,I,InferiorInfarction,propagated,True,4.0,3.0,1.0,106.0,96.0,10.0,188.0,99.0,89.0,282.0,282.0,0.0,542.0,474.0,68.0,9.0,67.0,-21.0,68.0
InferiorInfarction_004,II,InferiorInfarction,propagated,True,10.0,3.0,7.0,112.0,96.0,16.0,294.0,99.0,195.0,352.0,352.0,0.0,500.0,474.0,26.0,9.0,19.0,-169.0,26.0
InferiorInfarction_004,III,InferiorInfarction,propagated,True,10.0,3.0,7.0,106.0,96.0,10.0,226.0,99.0,127.0,278.0,278.0,0.0,478.0,474.0,4.0,3.0,-3.0,-123.0,4.0
InferiorInfarction_004,aVR,InferiorInfarction,propagated,True,4.0,3.0,1.0,118.0,96.0,22.0,282.0,99.0,183.0,352.0,351.0,1.0,552.0,474.0,78.0,21.0,77.0,-105.0,77.0
InferiorInfarction_004,aVL,InferiorInfarction,propagated,True,10.0,3.0,7.0,104.0,96.0,8.0,204.0,99.0,105.0,280.0,280.0,0.0,342.0,474.0,-132.0,1.0,-139.0,-237.0,-132.0
InferiorInfarction_004,aVF,InferiorInfarction,propagated,True,10.0,3.0,7.0,110.0,96.0,14.0,198.0,99.0,99.0,352.0,352.0,0.0,496.0,474.0,22.0,7.0,15.0,-77.0,22.0
InferiorInfarction_004,V1,InferiorInfarction,propagated,True,0.0,3.0,-3.0,106.0,96.0,10.0,196.0,99.0,97.0,284.0,283.0,1.0,454.0,474.0,-20.0,13.0,-17.0,-117.0,-21.0
InferiorInfarction_004,V2,InferiorInfarction,propagated,True,10.0,3.0,7.0,106.0,96.0,10.0,192.0,99.0,93.0,280.0,280.0,0.0,482.0,474.0,8.0,3.0,1.0,-85.0,8.0
InferiorInfarction_004,V3,InferiorInfarction,propagated,True,4.0,3.0,1.0,106.0,96.0,10.0,194.0,99.0,95.0,276.0,277.0,-1.0,490.0,474.0,16.0,9.0,15.0,-79.0,17.0
InferiorInfarction_004,V4,InferiorInfarction,propagated,True,4.0,3.0,1.0,104.0,96.0,8.0,206.0,99.0,107.0,288.0,288.0,0.0,468.0,474.0,-6.0,7.0,-7.0,-113.0,-6.0
InferiorInfarction_004,V5,InferiorInfarction,propagated,True,10.0,3.0,7.0,104.0,96.0,8.0,114.0,99.0,15.0,276.0,277.0,-1.0,474.0,474.0,0.0,1.0,-7.0,-15.0,1.0
InferiorInfarction_004,V6,InferiorInfarction,reviewed,True,10.0,3.0,7.0,118.0,96.0,22.0,226.0,99.0,127.0,336.0,335.0,1.0,550.0,474.0,76.0,15.0,69.0,-51.0,75.0
InferiorInfarction_005,I,InferiorInfarction,propagated,True,10.0,4.0,6.0,106.0,95.0,11.0,258.0,99.0,159.0,342.0,341.0,1.0,542.0,452.0,90.0,5.0,84.0,-69.0,89.0
InferiorInfarction_005,II,InferiorInfarction,propagated,True,10.0,4.0,6.0,106.0,95.0,11.0,244.0,99.0,145.0,344.0,344.0,0.0,540.0,452.0,88.0,5.0,82.0,-57.0,88.0
InferiorInfarction_005,III,InferiorInfarction,propagated,True,10.0,4.0,6.0,98.0,95.0,3.0,214.0,99.0,115.0,300.0,301.0,-1.0,490.0,452.0,38.0,-3.0,32.0,-77.0,39.0
InferiorInfarction_005,aVR,InferiorInfarction,propagated,True,4.0,4.0,0.0,110.0,95.0,15.0,254.0,99.0,155.0,344.0,344.0,0.0,546.0,452.0,94.0,15.0,94.0,-61.0,94.0
InferiorInfarction_005,aVL,InferiorInfarction,propagated,True,10.0,4.0,6.0,104.0,95.0,9.0,260.0,99.0,161.0,302.0,303.0,-1.0,582.0,452.0,130.0,3.0,124.0,-31.0,131.0
InferiorInfarction_005,aVF,InferiorInfarction,reviewed,True,10.0,4.0,6.0,106.0,95.0,11.0,238.0,99.0,139.0,344.0,345.0,-1.0,488.0,452.0,36.0,5.0,30.0,-103.0,37.0
InferiorInfarction_005,V1,InferiorInfarction,propagated,True,0.0,4.0,-4.0,110.0,95.0,15.0,204.0,99.0,105.0,282.0,282.0,0.0,542.0,452.0,90.0,19.0,94.0,-15.0,90.0
InferiorInfarction_005,V2,InferiorInfarction,propagated,True,0.0,4.0,-4.0,106.0,95.0,11.0,204.0,99.0,105.0,282.0,282.0,0.0,536.0,452.0,84.0,15.0,88.0,-21.0,84.0
InferiorInfarction_005,V3,InferiorInfarction,propagated,True,10.0,4.0,6.0,104.0,95.0,9.0,208.0,99.0,109.0,284.0,284.0,0.0,476.0,452.0,24.0,3.0,18.0,-85.0,24.0
InferiorInfarction_005,V4,InferiorInfarction,propagated,True,10.0,4.0,6.0,104.0,95.0,9.0,216.0,99.0,117.0,292.0,293.0,-1.0,480.0,452.0,28.0,3.0,22.0,-89.0,29.0
InferiorInfarction_005,V5,InferiorInfarction,propagated,True,10.0,4.0,6.0,110.0,95.0,15.0,230.0,99.0,131.0,284.0,284.0,0.0,536.0,452.0,84.0,9.0,78.0,-47.0,84.0
InferiorInfarction_005,V6,InferiorInfarction,propagated,True,10.0,4.0,6.0,122.0,95.0,27.0,226.0,99.0,127.0,292.0,291.0,1.0,548.0,452.0,96.0,21.0,90.0,-31.0,95.0
InferiorInfarction_006,I,InferiorInfarction,propagated,True,10.0,3.0,7.0,102.0,95.0,7.0,186.0,98.0,88.0,288.0,287.0,1.0,394.0,467.0,-73.0,0.0,-80.0,-161.0,-74.0
InferiorInfarction_006,II,InferiorInfarction,propagated,False,2.0,3.0,-1.0,68.0,95.0,-27.0,78.0,98.0,-20.0,346.0,346.0,0.0,502.0,467.0,35.0,-26.0,36.0,55.0,35.0
InferiorInfarction_006,III,InferiorInfarction,propagated,False,10.0,3.0,7.0,74.0,95.0,-21.0,84.0,98.0,-14.0,346.0,346.0,0.0,506.0,467.0,39.0,-28.0,32.0,53.0,39.0
InferiorInfarction_006,aVR,InferiorInfarction,propagated,True,2.0,3.0,-1.0,108.0,95.0,13.0,176.0,98.0,78.0,284.0,283.0,1.0,492.0,467.0,25.0,14.0,26.0,-53.0,24.0
InferiorInfarction_006,aVL,InferiorInfarction,propagated,True,10.0,3.0,7.0,100.0,95.0,5.0,210.0,98.0,112.0,294.0,294.0,0.0,574.0,467.0,107.0,-2.0,100.0,-5.0,107.0
InferiorInfarction_006,aVF,InferiorInfarction,propagated,True,10.0,3.0,7.0,104.0,95.0,9.0,242.0,98.0,144.0,346.0,346.0,0.0,506.0,467.0,39.0,2.0,32.0,-105.0,39.0
InferiorInfarction_006,V1,InferiorInfarction,propagated,True,2.0,3.0,-1.0,108.0,95.0,13.0,200.0,98.0,102.0,280.0,280.0,0.0,540.0,467.0,73.0,14.0,74.0,-29.0,73.0
InferiorInfarction_006,V2,InferiorInfarction,propagated,True,2.0,3.0,-1.0,104.0,95.0,9.0,196.0,98.0,98.0,280.0,280.0,0.0,538.0,467.0,71.0,10.0,72.0,-27.0,71.0
InferiorInfarction_006,V3,InferiorInfarction,propagated,True,2.0,3.0,-1.0,104.0,95.0,9.0,196.0,98.0,98.0,278.0,278.0,0.0,418.0,467.0,-49.0,10.0,-48.0,-147.0,-49.0
InferiorInfarction_006,V4,InferiorInfarction,propagated,True,10.0,3.0,7.0,102.0,95.0,7.0,198.0,98.0,100.0,278.0,277.0,1.0,418.0,467.0,-49.0,0.0,-56.0,-149.0,-50.0
InferiorInfarction_006,V5,InferiorInfarction,propagated,False,10.0,3.0,7.0,80.0,95.0,-15.0,90.0,98.0,-8.0,274.0,274.0,0.0,446.0,467.0,-21.0,-22.0,-28.0,-13.0,-21.0
InferiorInfarction_006,V6,InferiorInfarction,reviewed,True,10.0,3.0,7.0,116.0,95.0,21.0,226.0,98.0,128.0,334.0,334.0,0.0,552.0,467.0,85.0,14.0,78.0,-43.0,85.0
InferiorInfarction_007,I,InferiorInfarction,propagated,True,10.0,4.0,6.0,104.0,93.0,11.0,230.0,98.0,132.0,284.0,283.0,1.0,536.0,452.0,84.0,5.0,78.0,-48.0,83.0
InferiorInfarction_007,II,InferiorInfarction,propagated,True,10.0,4.0,6.0,104.0,93.0,11.0,192.0,98.0,94.0,344.0,344.0,0.0,532.0,452.0,80.0,5.0,74.0,-14.0,80.0
InferiorInfarction_007,III,InferiorInfarction,propagated,True,10.0,4.0,6.0,102.0,93.0,9.0,192.0,98.0,94.0,296.0,295.0,1.0,464.0,452.0,12.0,3.0,6.0,-82.0,11.0
InferiorInfarction_007,aVR,InferiorInfarction,propagated,True,10.0,4.0,6.0,108.0,93.0,15.0,242.0,98.0,144.0,344.0,343.0,1.0,534.0,452.0,82.0,9.0,76.0,-62.0,81.0
InferiorInfarction_007,aVL,InferiorInfarction,propagated,True,10.0,4.0,6.0,102.0,93.0,9.0,218.0,98.0,120.0,292.0,291.0,1.0,340.0,452.0,-112.0,3.0,-118.0,-232.0,-113.0
InferiorInfarction_007,aVF,InferiorInfarction,propagated,True,10.0,4.0,6.0,102.0,93.0,9.0,230.0,98.0,132.0,344.0,344.0,0.0,516.0,452.0,64.0,3.0,58.0,-68.0,64.0
InferiorInfarction_007,V1,InferiorInfarction,propagated,True,10.0,4.0,6.0,104.0,93.0,11.0,198.0,98.0,100.0,278.0,278.0,0.0,532.0,452.0,80.0,5.0,74.0,-20.0,80.0
InferiorInfarction_007,V2,InferiorInfarction,reviewed,True,10.0,4.0,6.0,102.0,93.0,9.0,200.0,98.0,102.0,280.0,279.0,1.0,534.0,452.0,82.0,3.0,76.0,-20.0,81.0
InferiorInfarction_007,V3,InferiorInfarction,propagated,True,10.0,4.0,6.0,102.0,93.0,9.0,206.0,98.0,108.0,284.0,285.0,-1.0,490.0,452.0,38.0,3.0,32.0,-70.0,39.0
InferiorInfarction_007,V4,InferiorInfarction,propagated,False,10.0,4.0,6.0,86.0,93.0,-7.0,220.0,98.0,122.0,300.0,300.0,0.0,490.0,452.0,38.0,-13.0,32.0,-84.0,38.0
InferiorInfarction_007,V5,InferiorInfarction,propagated,True,10.0,4.0,6.0,114.0,93.0,21.0,224.0,98.0,126.0,282.0,282.0,0.0,540.0,452.0,88.0,15.0,82.0,-38.0,88.0
InferiorInfarction_007,V6,InferiorInfarction,propagated,True,10.0,4.0,6.0,114.0,93.0,21.0,218.0,98.0,120.0,282.0,283.0,-1.0,538.0,452.0,86.0,15.0,80.0,-34.0,87.0
InferiorInfarction_008,I,InferiorInfarction,propagated,False,10.0,3.0,7.0,76.0,97.0,-21.0,200.0,101.0,99.0,284.0,284.0,0.0,478.0,461.0,17.0,-28.0,10.0,-82.0,17.0
InferiorInfarction_008,II,InferiorInfarction,reviewed,True,10.0,3.0,7.0,112.0,97.0,15.0,230.0,101.0,129.0,346.0,347.0,-1.0,492.0,461.0,31.0,8.0,24.0,-98.0,32.0
InferiorInfarction_008,III,InferiorInfarction,propagated,True,10.0,3.0,7.0,108.0,97.0,11.0,222.0,101.0,121.0,282.0,282.0,0.0,462.0,461.0,1.0,4.0,-6.0,-120.0,1.0
InferiorInfarction_008,aVR,InferiorInfarction,propagated,True,10.0,3.0,7.0,112.0,97.0,15.0,280.0,101.0,179.0,348.0,347.0,1.0,498.0,461.0,37.0,8.0,30.0,-142.0,36.0
InferiorInfarction_008,aVL,InferiorInfarction,propagated,False,10.0,3.0,7.0,88.0,97.0,-9.0,210.0,101.0,109.0,282.0,283.0,-1.0,336.0,461.0,-125.0,-16.0,-132.0,-234.0,-124.0
InferiorInfarction_008,aVF,InferiorInfarction,propagated,True,10.0,3.0,7.0,108.0,97.0,11.0,188.0,101.0,87.0,346.0,346.0,0.0,480.0,461.0,19.0,4.0,12.0,-68.0,19.0
InferiorInfarction_008,V1,InferiorInfarction,propagated,True,2.0,3.0,-1.0,108.0,97.0,11.0,196.0,101.0,95.0,280.0,279.0,1.0,476.0,461.0,15.0,12.0,16.0,-80.0,14.0
InferiorInfarction_008,V2,InferiorInfarction,propagated,True,10.0,3.0,7.0,108.0,97.0,11.0,194.0,101.0,93.0,278.0,278.0,0.0,480.0,461.0,19.0,4.0,12.0,-74.0,19.0
InferiorInfarction_008,V3,InferiorInfarction,propagated,True,10.0,3.0,7.0,108.0,97.0,11.0,194.0,101.0,93.0,276.0,276.0,0.0,536.0,461.0,75.0,4.0,68.0,-18.0,75.0
InferiorInfarction_008,V4,InferiorInfarction,propagated,True,10.0,3.0,7.0,106.0,97.0,9.0,196.0,101.0,95.0,278.0,278.0,0.0,478.0,461.0,17.0,2.0,10.0,-78.0,17.0
InferiorInfarction_008,V5,InferiorInfarction,propagated,True,10.0,3.0,7.0,106.0,97.0,9.0,244.0,101.0,143.0,346.0,346.0,0.0,474.0,461.0,13.0,2.0,6.0,-130.0,13.0
InferiorInfarction_008,V6,InferiorInfarction,propagated,True,10.0,3.0,7.0,120.0,97.0,23.0,224.0,101.0,123.0,288.0,288.0,0.0,540.0,461.0,79.0,16.0,72.0,-44.0,79.0
InferiorInfarction_009,I,InferiorInfarction,propagated,True,10.0,3.0,7.0,102.0,92.0,10.0,200.0,99.0,101.0,288.0,288.0,0.0,540.0,457.0,83.0,3.0,76.0,-18.0,83.0
InferiorInfarction_009,II,InferiorInfarction,propagated,True,10.0,3.0,7.0,104.0,92.0,12.0,286.0,99.0,187.0,346.0,346.0,0.0,496.0,457.0,39.0,5.0,32.0,-148.0,39.0
InferiorInfarction_009,III,InferiorInfarction,propagated,True,10.0,3.0,7.0,100.0,92.0,8.0,214.0,99.0,115.0,286.0,285.0,1.0,374.0,457.0,-83.0,1.0,-90.0,-198.0,-84.0
InferiorInfarction_009,aVR,InferiorInfarction,propagated,True,10.0,3.0,7.0,108.0,92.0,16.0,190.0,99.0,91.0,288.0,289.0,-1.0,540.0,457.0,83.0,9.0,76.0,-8.0,84.0
InferiorInfarction_009,aVL,InferiorInfarction,propagated,True,10.0,3.0,7.0,102.0,92.0,10.0,206.0,99.0,107.0,286.0,287.0,-1.0,344.0,457.0,-113.0,3.0,-120.0,-220.0,-112.0
InferiorInfarction_009,aVF,InferiorInfarction,propagated,True,10.0,3.0,7.0,100.0,92.0,8.0,186.0,99.0,87.0,344.0,344.0,0.0,474.0,457.0,17.0,1.0,10.0,-70.0,17.0
InferiorInfarction_009,V1,InferiorInfarction,reviewed,True,2.0,3.0,-1.0,106.0,92.0,14.0,202.0,99.0,103.0,280.0,279.0,1.0,420.0,457.0,-37.0,15.0,-36.0,-140.0,-38.0
InferiorInfarction_009,V2,InferiorInfarction,propagated,True,0.0,3.0,-3.0,102.0,92.0,10.0,198.0,99.0,99.0,280.0,279.0,1.0,420.0,457.0,-37.0,13.0,-34.0,-136.0,-38.0
InferiorInfarction_009,V3,InferiorInfarction,propagated,True,10.0,3.0,7.0,104.0,92.0,12.0,198.0,99.0,99.0,278.0,279.0,-1.0,418.0,457.0,-39.0,5.0,-46.0,-138.0,-38.0
InferiorInfarction_009,V4,InferiorInfarction,propagated,True,10.0,3.0,7.0,104.0,92.0,12.0,198.0,99.0,99.0,280.0,279.0,1.0,420.0,457.0,-37.0,5.0,-44.0,-136.0,-38.0
InferiorInfarction_009,V5,InferiorInfarction,propagated,False,10.0,3.0,7.0,82.0,92.0,-10.0,210.0,99.0,111.0,294.0,294.0,0.0,338.0,457.0,-119.0,-17.0,-126.0,-230.0,-119.0
InferiorInfarction_009,V6,InferiorInfarction,propagated,True,10.0,3.0,7.0,108.0,92.0,16.0,228.0,99.0,129.0,340.0,341.0,-1.0,542.0,457.0,85.0,9.0,78.0,-44.0,86.0
InferiorInfarction_010,I,InferiorInfarction,propagated,True,10.0,4.0,6.0,106.0,92.0,14.0,194.0,96.0,98.0,278.0,277.0,1.0,536.0,453.0,83.0,8.0,77.0,-15.0,82.0
InferiorInfarction_010,II,InferiorInfarction,propagated,False,10.0,4.0,6.0,78.0,92.0,-14.0,88.0,96.0,-8.0,350.0,351.0,-1.0,544.0,453.0,91.0,-20.0,85.0,99.0,92.0
InferiorInfarction_010,III,InferiorInfarction,propagated,True,10.0,4.0,6.0,102.0,92.0,10.0,220.0,96.0,124.0,278.0,277.0,1.0,486.0,453.0,33.0,4.0,27.0,-91.0,32.0
InferiorInfarction_010,aVR,InferiorInfarction,reviewed,True,10.0,4.0,6.0,106.0,92.0,14.0,272.0,96.0,176.0,350.0,349.0,1.0,546.0,453.0,93.0,8.0,87.0,-83.0,92.0
InferiorInfarction_010,aVL,InferiorInfarction,propagated,True,10.0,4.0,6.0,100.0,92.0,8.0,208.0,96.0,112.0,278.0,277.0,1.0,350.0,453.0,-103.0,2.0,-109.0,-215.0,-104.0
InferiorInfarction_010,aVF,InferiorInfarction,propagated,True,10.0,4.0,6.0,104.0,92.0,12.0,238.0,96.0,142.0,278.0,278.0,0.0,538.0,453.0,85.0,6.0,79.0,-57.0,85.0
InferiorInfarction_010,V1,InferiorInfarction,propagated,True,0.0,4.0,-4.0,102.0,92.0,10.0,200.0,96.0,104.0,284.0,285.0,-1.0,536.0,453.0,83.0,14.0,87.0,-21.0,84.0
InferiorInfarction_010,V2,InferiorInfarction,propagated,True,0.0,4.0,-4.0,102.0,92.0,10.0,198.0,96.0,102.0,282.0,282.0,0.0,422.0,453.0,-31.0,14.0,-27.0,-133.0,-31.0
InferiorInfarction_010,V3,InferiorInfarction,propagated,True,10.0,4.0,6.0,102.0,92.0,10.0,200.0,96.0,104.0,280.0,280.0,0.0,420.0,453.0,-33.0,4.0,-39.0,-137.0,-33.0
InferiorInfarction_010,V4,InferiorInfarction,propagated,True,10.0,4.0,6.0,102.0,92.0,10.0,206.0,96.0,110.0,282.0,282.0,0.0,484.0,453.0,31.0,4.0,25.0,-79.0,31.0
InferiorInfarction_010,V5,InferiorInfarction,propagated,True,10.0,4.0,6.0,102.0,92.0,10.0,224.0,96.0,128.0,282.0,281.0,1.0,482.0,453.0,29.0,4.0,23.0,-99.0,28.0
InferiorInfarction_010,V6,InferiorInfarction,propagated,True,10.0,4.0,6.0,114.0,92.0,22.0,226.0,96.0,130.0,290.0,290.0,0.0,548.0,453.0,95.0,16.0,89.0,-35.0,95.0
InferiorInfarction_011,I,InferiorInfarction,propagated,True,4.0,3.0,1.0,120.0,105.0,15.0,278.0,111.0,167.0,322.0,321.0,1.0,558.0,459.0,99.0,14.0,98.0,-68.0,98.0
InferiorInfarction_011,II,InferiorInfarction,propagated,True,10.0,3.0,7.0,120.0,105.0,15.0,242.0,111.0,131.0,348.0,348.0,0.0,558.0,459.0,99.0,8.0,92.0,-32.0,99.0
InferiorInfarction_011,III,InferiorInfarction,propagated,True,10.0,3.0,7.0,116.0,105.0,11.0,240.0,111.0,129.0,282.0,282.0,0.0,490.0,459.0,31.0,4.0,24.0,-98.0,31.0
InferiorInfarction_011,aVR,InferiorInfarction,propagated,True,10.0,3.0,7.0,120.0,105.0,15.0,248.0,111.0,137.0,346.0,346.0,0.0,562.0,459.0,103.0,8.0,96.0,-34.0,103.0
InferiorInfarction_011,aVL,InferiorInfarction,propagated,True,4.0,3.0,1.0,112.0,105.0,7.0,236.0,111.0,125.0,282.0,282.0,0.0,476.0,459.0,17.0,6.0,16.0,-108.0,17.0
InferiorInfarction_011,aVF,InferiorInfarction,propagated,True,10.0,3.0,7.0,120.0,105.0,15.0,240.0,111.0,129.0,282.0,282.0,0.0,494.0,459.0,35.0,8.0,28.0,-94.0,35.0
InferiorInfarction_011,V1,InferiorInfarction,propagated,True,0.0,3.0,-3.0,116.0,105.0,11.0,204.0,111.0,93.0,284.0,284.0,0.0,424.0,459.0,-35.0,14.0,-32.0,-128.0,-35.0
InferiorInfarction_011,V2,InferiorInfarction,propagated,True,0.0,3.0,-3.0,116.0,105.0,11.0,202.0,111.0,91.0,284.0,285.0,-1.0,424.0,459.0,-35.0,14.0,-32.0,-126.0,-34.0
InferiorInfarction_011,V3,InferiorInfarction,propagated,True,10.0,3.0,7.0,116.0,105.0,11.0,204.0,111.0,93.0,286.0,286.0,0.0,426.0,459.0,-33.0,4.0,-40.0,-126.0,-33.0
InferiorInfarction_011,V4,InferiorInfarction,reviewed,True,10.0,3.0,7.0,116.0,105.0,11.0,212.0,111.0,101.0,296.0,296.0,0.0,436.0,459.0,-23.0,4.0,-30.0,-124.0,-23.0
InferiorInfarction_011,V5,InferiorInfarction,propagated,True,10.0,3.0,7.0,126.0,105.0,21.0,242.0,111.0,131.0,350.0,350.0,0.0,554.0,459.0,95.0,14.0,88.0,-36.0,95.0
InferiorInfarction_011,V6,InferiorInfarction,propagated,True,10.0,3.0,7.0,128.0,105.0,23.0,234.0,111.0,123.0,310.0,311.0,-1.0,566.0,459.0,107.0,16.0,100.0,-16.0,108.0
InferiorInfarction_012,I,InferiorInfarction,propagated,True,4.0,4.0,0.0,92.0,103.0,-11.0,206.0,107.0,99.0,288.0,288.0,0.0,468.0,458.0,10.0,-11.0,10.0,-89.0,10.0
InferiorInfarction_012,II,InferiorInfarction,reviewed,True,10.0,4.0,6.0,118.0,103.0,15.0,220.0,107.0,113.0,358.0,358.0,0.0,564.0,458.0,106.0,9.0,100.0,-7.0,106.0
InferiorInfarction_012,III,InferiorInfarction,propagated,True,10.0,4.0,6.0,114.0,103.0,11.0,224.0,107.0,117.0,288.0,287.0,1.0,516.0,458.0,58.0,5.0,52.0,-59.0,57.0
InferiorInfarction_012,aVR,InferiorInfarction,propagated,True,4.0,4.0,0.0,124.0,103.0,21.0,192.0,107.0,85.0,288.0,288.0,0.0,506.0,458.0,48.0,21.0,48.0,-37.0,48.0
InferiorInfarction_012,aVL,InferiorInfarction,propagated,False,4.0,4.0,0.0,86.0,103.0,-17.0,214.0,107.0,107.0,288.0,287.0,1.0,340.0,458.0,-118.0,-17.0,-118.0,-225.0,-119.0
InferiorInfarction_012,aVF,InferiorInfarction,propagated,True,10.0,4.0,6.0,118.0,103.0,15.0,238.0,107.0,131.0,286.0,287.0,-1.0,512.0,458.0,54.0,9.0,48.0,-77.0,55.0
InferiorInfarction_012,V1,InferiorInfarction,propagated,True,0.0,4.0,-4.0,114.0,103.0,11.0,202.0,107.0,95.0,284.0,285.0,-1.0,424.0,458.0,-34.0,15.0,-30.0,-129.0,-33.0
InferiorInfarction_012,V2,InferiorInfarction,propagated,True,10.0,4.0,6.0,114.0,103.0,11.0,200.0,107.0,93.0,282.0,282.0,0.0,492.0,458.0,34.0,5.0,28.0,-59.0,34.0
InferiorInfarction_012,V3,InferiorInfarction,propagated,True,4.0,4.0,0.0,116.0,103.0,13.0,200.0,107.0,93.0,280.0,280.0,0.0,420.0,458.0,-38.0,13.0,-38.0,-131.0,-38.0
InferiorInfarction_012,V4,InferiorInfarction,propagated,True,4.0,4.0,0.0,114.0,103.0,11.0,202.0,107.0,95.0,280.0,279.0,1.0,420.0,458.0,-38.0,11.0,-38.0,-133.0,-39.0
InferiorInfarction_012,V5,InferiorInfarction,propagated,True,4.0,4.0,0.0,108.0,103.0,5.0,178.0,107.0,71.0,280.0,281.0,-1.0,358.0,458.0,-100.0,5.0,-100.0,-171.0,-99.0
InferiorInfarction_012,V6,InferiorInfarction,propagated,True,10.0,4.0,6.0,124.0,103.0,21.0,224.0,107.0,117.0,290.0,289.0,1.0,570.0,458.0,112.0,15.0,106.0,-5.0,111.0
InferiorInfarction_013,I,InferiorInfarction,propagated,True,10.0,4.0,6.0,116.0,103.0,13.0,236.0,107.0,129.0,340.0,341.0,-1.0,560.0,466.0,94.0,7.0,88.0,-35.0,95.0
InferiorInfarction_013,II,InferiorInfarction,propagated,True,10.0,4.0,6.0,116.0,103.0,13.0,194.0,107.0,87.0,348.0,348.0,0.0,548.0,466.0,82.0,7.0,76.0,-5.0,82.0
InferiorInfarction_013,III,InferiorInfarction,propagated,True,10.0,4.0,6.0,92.0,103.0,-11.0,238.0,107.0,131.0,280.0,279.0,1.0,496.0,466.0,30.0,-17.0,24.0,-101.0,29.0
InferiorInfarction_013,aVR,InferiorInfarction,propagated,True,10.0,4.0,6.0,124.0,103.0,21.0,206.0,107.0,99.0,346.0,347.0,-1.0,558.0,466.0,92.0,15.0,86.0,-7.0,93.0
InferiorInfarction_013,aVL,InferiorInfarction,propagated,True,10.0,4.0,6.0,108.0,103.0,5.0,216.0,107.0,109.0,278.0,279.0,-1.0,558.0,466.0,92.0,-1.0,86.0,-17.0,93.0
InferiorInfarction_013,aVF,InferiorInfarction,propagated,True,10.0,4.0,6.0,112.0,103.0,9.0,250.0,107.0,143.0,350.0,350.0,0.0,502.0,466.0,36.0,3.0,30.0,-107.0,36.0
InferiorInfarction_013,V1,InferiorInfarction,propagated,True,2.0,4.0,-2.0,114.0,103.0,11.0,204.0,107.0,97.0,282.0,283.0,-1.0,422.0,466.0,-44.0,13.0,-42.0,-141.0,-43.0
InferiorInfarction_013,V2,InferiorInfarction,propagated,True,10.0,4.0,6.0,112.0,103.0,9.0,204.0,107.0,97.0,284.0,283.0,1.0,424.0,466.0,-42.0,3.0,-48.0,-139.0,-43.0
InferiorInfarction_013,V3,InferiorInfarction,reviewed,True,10.0,4.0,6.0,112.0,103.0,9.0,210.0,107.0,103.0,286.0,287.0,-1.0,494.0,466.0,28.0,3.0,22.0,-75.0,29.0
InferiorInfarction_013,V4,InferiorInfarction,propagated,True,10.0,4.0,6.0,112.0,103.0,9.0,224.0,107.0,117.0,298.0,297.0,1.0,500.0,466.0,34.0,3.0,28.0,-83.0,33.0
InferiorInfarction_013,V5,InferiorInfarction,propagated,True,4.0,4.0,0.0,118.0,103.0,15.0,222.0,107.0,115.0,280.0,281.0,-1.0,552.0,466.0,86.0,15.0,86.0,-29.0,87.0
InferiorInfarction_013,V6,InferiorInfarction,propagated,True,4.0,4.0,0.0,126.0,103.0,23.0,224.0,107.0,117.0,290.0,290.0,0.0,560.0,466.0,94.0,23.0,94.0,-23.0,94.0
InferiorInfarction_014,I,InferiorInfarction,propagated,True,10.0,4.0,6.0,110.0,98.0,12.0,280.0,104.0,176.0,346.0,345.0,1.0,552.0,452.0,100.0,6.0,94.0,-76.0,99.0
InferiorInfarction_014,II,InferiorInfarction,propagated,True,10.0,4.0,6.0,114.0,98.0,16.0,232.0,104.0,128.0,348.0,349.0,-1.0,554.0,452.0,102.0,10.0,96.0,-26.0,103.0
InferiorInfarction_014,III,InferiorInfarction,propagated,True,10.0,4.0,6.0,110.0,98.0,12.0,260.0,104.0,156.0,350.0,350.0,0.0,502.0,452.0,50.0,6.0,44.0,-106.0,50.0
InferiorInfarction_014,aVR,InferiorInfarction,propagated,True,10.0,4.0,6.0,116.0,98.0,18.0,244.0,104.0,140.0,348.0,349.0,-1.0,554.0,452.0,102.0,12.0,96.0,-38.0,103.0
InferiorInfarction_014,aVL,InferiorInfarction,propagated,True,10.0,4.0,6.0,106.0,98.0,8.0,216.0,104.0,112.0,278.0,277.0,1.0,532.0,452.0,80.0,2.0,74.0,-32.0,79.0
InferiorInfarction_014,aVF,InferiorInfarction,propagated,True,10.0,4.0,6.0,112.0,98.0,14.0,222.0,104.0,118.0,350.0,349.0,1.0,550.0,452.0,98.0,8.0,92.0,-20.0,97.0
InferiorInfarction_014,V1,InferiorInfarction,reviewed,True,0.0,4.0,-4.0,110.0,98.0,12.0,200.0,104.0,96.0,280.0,279.0,1.0,420.0,452.0,-32.0,16.0,-28.0,-128.0,-33.0
InferiorInfarction_014,V2,InferiorInfarction,propagated,True,0.0,4.0,-4.0,108.0,98.0,10.0,202.0,104.0,98.0,280.0,281.0,-1.0,420.0,452.0,-32.0,14.0,-28.0,-130.0,-31.0
InferiorInfarction_014,V3,InferiorInfarction,propagated,True,10.0,4.0,6.0,108.0,98.0,10.0,204.0,104.0,100.0,284.0,284.0,0.0,544.0,452.0,92.0,4.0,86.0,-8.0,92.0
InferiorInfarction_014,V4,InferiorInfarction,propagated,True,10.0,4.0,6.0,108.0,98.0,10.0,210.0,104.0,106.0,292.0,292.0,0.0,398.0,452.0,-54.0,4.0,-60.0,-160.0,-54.0
InferiorInfarction_014,V5,InferiorInfarction,propagated,True,10.0,4.0,6.0,112.0,98.0,14.0,312.0,104.0,208.0,342.0,342.0,0.0,510.0,452.0,58.0,8.0,52.0,-150.0,58.0
InferiorInfarction_014,V6,InferiorInfarction,propagated,True,4.0,4.0,0.0,120.0,98.0,22.0,224.0,104.0,120.0,286.0,285.0,1.0,556.0,452.0,104.0,22.0,104.0,-16.0,103.0
InferiorInfarction_015,I,InferiorInfarction,propagated,True,10.0,5.0,5.0,110.0,98.0,12.0,198.0,107.0,91.0,282.0,281.0,1.0,488.0,477.0,11.0,7.0,6.0,-80.0,10.0
InferiorInfarction_015,II,InferiorInfarction,propagated,True,10.0,5.0,5.0,116.0,98.0,18.0,254.0,107.0,147.0,348.0,348.0,0.0,558.0,477.0,81.0,13.0,76.0,-66.0,81.0
InferiorInfarction_015,III,InferiorInfarction,propagated,True,10.0,5.0,5.0,110.0,98.0,12.0,220.0,107.0,113.0,278.0,279.0,-1.0,512.0,477.0,35.0,7.0,30.0,-78.0,36.0
InferiorInfarction_015,aVR,InferiorInfarction,reviewed,True,10.0,5.0,5.0,116.0,98.0,18.0,236.0,107.0,129.0,348.0,348.0,0.0,562.0,477.0,85.0,13.0,80.0,-44.0,85.0
InferiorInfarction_015,aVL,InferiorInfarction,propagated,True,10.0,5.0,5.0,102.0,98.0,4.0,212.0,107.0,105.0,280.0,280.0,0.0,450.0,477.0,-27.0,-1.0,-32.0,-132.0,-27.0
InferiorInfarction_015,aVF,InferiorInfarction,propagated,True,10.0,5.0,5.0,114.0,98.0,16.0,230.0,107.0,123.0,278.0,350.0,-72.0,514.0,477.0,37.0,11.0,32.0,-86.0,109.0
InferiorInfarction_015,V1,InferiorInfarction,propagated,True,2.0,5.0,-3.0,110.0,98.0,12.0,198.0,107.0,91.0,280.0,280.0,0.0,420.0,477.0,-57.0,15.0,-54.0,-148.0,-57.0
InferiorInfarction_015,V2,InferiorInfarction,propagated,True,10.0,5.0,5.0,110.0,98.0,12.0,196.0,107.0,89.0,280.0,279.0,1.0,420.0,477.0,-57.0,7.0,-62.0,-146.0,-58.0
InferiorInfarction_015,V3,InferiorInfarction,propagated,True,10.0,5.0,5.0,110.0,98.0,12.0,200.0,107.0,93.0,282.0,283.0,-1.0,422.0,477.0,-55.0,7.0,-60.0,-148.0,-54.0
InferiorInfarction_015,V4,InferiorInfarction,propagated,True,4.0,5.0,-1.0,108.0,98.0,10.0,216.0,107.0,109.0,298.0,298.0,0.0,388.0,477.0,-89.0,11.0,-88.0,-198.0,-89.0
InferiorInfarction_015,V5,InferiorInfarction,propagated,True,4.0,5.0,-1.0,110.0,98.0,12.0,212.0,107.0,105.0,276.0,275.0,1.0,496.0,477.0,19.0,13.0,20.0,-86.0,18.0
InferiorInfarction_015,V6,InferiorInfarction,propagated,True,4.0,5.0,-1.0,122.0,98.0,24.0,222.0,107.0,115.0,288.0,289.0,-1.0,564.0,477.0,87.0,25.0,88.0,-28.0,88.0
InferiorInfarction_016,I,InferiorInfarction,propagated,True,10.0,5.0,5.0,110.0,96.0,14.0,212.0,102.0,110.0,344.0,345.0,-1.0,554.0,456.0,98.0,9.0,93.0,-12.0,99.0
InferiorInfarction_016,II,InferiorInfarction,propagated,True,4.0,5.0,-1.0,116.0,96.0,20.0,236.0,102.0,134.0,354.0,353.0,1.0,544.0,456.0,88.0,21.0,89.0,-46.0,87.0
InferiorInfarction_016,III,InferiorInfarction,propagated,True,4.0,5.0,-1.0,110.0,96.0,14.0,244.0,102.0,142.0,356.0,357.0,-1.0,510.0,456.0,54.0,15.0,55.0,-88.0,55.0
InferiorInfarction_016,aVR,InferiorInfarction,reviewed,True,10.0,5.0,5.0,118.0,96.0,22.0,230.0,102.0,128.0,352.0,351.0,1.0,550.0,456.0,94.0,17.0,89.0,-34.0,93.0
InferiorInfarction_016,aVL,InferiorInfarction,propagated,True,10.0,5.0,5.0,104.0,96.0,8.0,226.0,102.0,124.0,304.0,305.0,-1.0,584.0,456.0,128.0,3.0,123.0,4.0,129.0
InferiorInfarction_016,aVF,InferiorInfarction,propagated,True,4.0,5.0,-1.0,116.0,96.0,20.0,240.0,102.0,138.0,354.0,355.0,-1.0,506.0,456.0,50.0,21.0,51.0,-88.0,51.0
InferiorInfarction_016,V1,InferiorInfarction,propagated,True,0.0,5.0,-5.0,106.0,96.0,10.0,202.0,102.0,100.0,284.0,283.0,1.0,424.0,456.0,-32.0,15.0,-27.0,-132.0,-33.0
InferiorInfarction_016,V2,InferiorInfarction,propagated,True,4.0,5.0,-1.0,104.0,96.0,8.0,204.0,102.0,102.0,286.0,285.0,1.0,484.0,456.0,28.0,9.0,29.0,-74.0,27.0
InferiorInfarction_016,V3,InferiorInfarction,propagated,True,10.0,5.0,5.0,104.0,96.0,8.0,214.0,102.0,112.0,292.0,292.0,0.0,488.0,456.0,32.0,3.0,27.0,-80.0,32.0
InferiorInfarction_016,V4,InferiorInfarction,propagated,True,10.0,5.0,5.0,104.0,96.0,8.0,226.0,102.0,124.0,302.0,301.0,1.0,362.0,456.0,-94.0,3.0,-99.0,-218.0,-95.0
InferiorInfarction_016,V5,InferiorInfarction,propagated,True,10.0,5.0,5.0,116.0,96.0,20.0,244.0,102.0,142.0,342.0,343.0,-1.0,552.0,456.0,96.0,15.0,91.0,-46.0,97.0
InferiorInfarction_016,V6,InferiorInfarction,propagated,True,4.0,5.0,-1.0,122.0,96.0,26.0,228.0,102.0,126.0,292.0,291.0,1.0,552.0,456.0,96.0,27.0,97.0,-30.0,95.0
InferiorInfarction_017,I,InferiorInfarction,propagated,True,10.0,4.0,6.0,128.0,110.0,18.0,286.0,116.0,170.0,358.0,358.0,0.0,576.0,474.0,102.0,12.0,96.0,-68.0,102.0
InferiorInfarction_017,II,InferiorInfarction,propagated,True,10.0,4.0,6.0,128.0,110.0,18.0,234.0,116.0,118.0,356.0,356.0,0.0,566.0,474.0,92.0,12.0,86.0,-26.0,92.0
InferiorInfarction_017,III,InferiorInfarction,propagated,True,10.0,4.0,6.0,124.0,110.0,14.0,210.0,116.0,94.0,278.0,278.0,0.0,322.0,474.0,-152.0,8.0,-158.0,-246.0,-152.0
InferiorInfarction_017,aVR,InferiorInfarction,propagated,True,10.0,4.0,6.0,134.0,110.0,24.0,296.0,116.0,180.0,358.0,357.0,1.0,572.0,474.0,98.0,18.0,92.0,-82.0,97.0
InferiorInfarction_017,aVL,InferiorInfarction,propagated,True,10.0,4.0,6.0,124.0,110.0,14.0,202.0,116.0,86.0,282.0,282.0,0.0,502.0,474.0,28.0,8.0,22.0,-58.0,28.0
InferiorInfarction_017,aVF,InferiorInfarction,propagated,True,10.0,4.0,6.0,122.0,110.0,12.0,232.0,116.0,116.0,276.0,275.0,1.0,482.0,474.0,8.0,6.0,2.0,-108.0,7.0
InferiorInfarction_017,V1,InferiorInfarction,propagated,True,2.0,4.0,-2.0,124.0,110.0,14.0,206.0,116.0,90.0,284.0,284.0,0.0,424.0,474.0,-50.0,16.0,-48.0,-140.0,-50.0
InferiorInfarction_017,V2,InferiorInfarction,propagated,True,0.0,4.0,-4.0,124.0,110.0,14.0,204.0,116.0,88.0,282.0,283.0,-1.0,422.0,474.0,-52.0,18.0,-48.0,-140.0,-51.0
InferiorInfarction_017,V3,InferiorInfarction,propagated,True,10.0,4.0,6.0,124.0,110.0,14.0,204.0,116.0,88.0,282.0,282.0,0.0,422.0,474.0,-52.0,8.0,-58.0,-140.0,-52.0
InferiorInfarction_017,V4,InferiorInfarction,propagated,True,10.0,4.0,6.0,124.0,110.0,14.0,206.0,116.0,90.0,282.0,282.0,0.0,514.0,474.0,40.0,8.0,34.0,-50.0,40.0
InferiorInfarction_017,V5,InferiorInfarction,propagated,True,10.0,4.0,6.0,122.0,110.0,12.0,204.0,116.0,88.0,280.0,280.0,0.0,356.0,474.0,-118.0,6.0,-124.0,-206.0,-118.0
InferiorInfarction_017,V6,InferiorInfarction,reviewed,True,4.0,4.0,0.0,136.0,110.0,26.0,222.0,116.0,106.0,286.0,286.0,0.0,576.0,474.0,102.0,26.0,102.0,-4.0,102.0
InferiorInfarction_018,I,InferiorInfarction,propagated,True,10.0,3.0,7.0,108.0,97.0,11.0,204.0,101.0,103.0,278.0,279.0,-1.0,352.0,443.0,-91.0,4.0,-98.0,-194.0,-90.0
InferiorInfarction_018,II,InferiorInfarction,propagated,True,10.0,3.0,7.0,110.0,97.0,13.0,244.0,101.0,143.0,358.0,358.0,0.0,544.0,443.0,101.0,6.0,94.0,-42.0,101.0
InferiorInfarction_018,III,InferiorInfarction,propagated,True,10.0,3.0,7.0,110.0,97.0,13.0,228.0,101.0,127.0,358.0,358.0,0.0,508.0,443.0,65.0,6.0,58.0,-62.0,65.0
InferiorInfarction_018,aVR,InferiorInfarction,propagated,True,10.0,3.0,7.0,112.0,97.0,15.0,292.0,101.0,191.0,356.0,357.0,-1.0,548.0,443.0,105.0,8.0,98.0,-86.0,106.0
InferiorInfarction_018,aVL,InferiorInfarction,propagated,True,10.0,3.0,7.0,110.0,97.0,13.0,212.0,101.0,111.0,276.0,275.0,1.0,512.0,443.0,69.0,6.0,62.0,-42.0,68.0
InferiorInfarction_018,aVF,InferiorInfarction,propagated,True,10.0,3.0,7.0,110.0,97.0,13.0,260.0,101.0,159.0,358.0,358.0,0.0,504.0,443.0,61.0,6.0,54.0,-98.0,61.0
InferiorInfarction_018,V1,InferiorInfarction,propagated,True,2.0,3.0,-1.0,110.0,97.0,13.0,202.0,101.0,101.0,286.0,285.0,1.0,490.0,443.0,47.0,14.0,48.0,-54.0,46.0
InferiorInfarction_018,V2,InferiorInfarction,propagated,True,0.0,3.0,-3.0,110.0,97.0,13.0,202.0,101.0,101.0,284.0,284.0,0.0,424.0,443.0,-19.0,16.0,-16.0,-120.0,-19.0
InferiorInfarction_018,V3,InferiorInfarction,reviewed,True,10.0,3.0,7.0,110.0,97.0,13.0,202.0,101.0,101.0,282.0,282.0,0.0,422.0,443.0,-21.0,6.0,-28.0,-122.0,-21.0
InferiorInfarction_018,V4,InferiorInfarction,propagated,True,10.0,3.0,7.0,110.0,97.0,13.0,208.0,101.0,107.0,286.0,285.0,1.0,426.0,443.0,-17.0,6.0,-24.0,-124.0,-18.0
InferiorInfarction_018,V5,InferiorInfarction,propagated,True,10.0,3.0,7.0,106.0,97.0,9.0,232.0,101.0,131.0,322.0,321.0,1.0,602.0,443.0,159.0,2.0,152.0,28.0,158.0
InferiorInfarction_018,V6,InferiorInfarction,propagated,True,10.0,3.0,7.0,120.0,97.0,23.0,242.0,101.0,141.0,308.0,309.0,-1.0,568.0,443.0,125.0,16.0,118.0,-16.0,126.0
InferiorInfarction_019,I,InferiorInfarction,propagated,True,4.0,3.0,1.0,116.0,102.0,14.0,190.0,107.0,83.0,284.0,285.0,-1.0,562.0,466.0,96.0,13.0,95.0,13.0,97.0
InferiorInfarction_019,II,InferiorInfarction,propagated,True,10.0,3.0,7.0,118.0,102.0,16.0,282.0,107.0,175.0,358.0,359.0,-1.0,518.0,466.0,52.0,9.0,45.0,-123.0,53.0
InferiorInfarction_019,III,InferiorInfarction,propagated,True,10.0,3.0,7.0,112.0,102.0,10.0,204.0,107.0,97.0,368.0,368.0,0.0,538.0,466.0,72.0,3.0,65.0,-25.0,72.0
InferiorInfarction_019,aVR,InferiorInfarction,propagated,True,4.0,3.0,1.0,130.0,102.0,28.0,280.0,107.0,173.0,356.0,356.0,0.0,560.0,466.0,94.0,27.0,93.0,-79.0,94.0
InferiorInfarction_019,aVL,InferiorInfarction,propagated,True,4.0,3.0,1.0,110.0,102.0,8.0,200.0,107.0,93.0,284.0,284.0,0.0,564.0,466.0,98.0,7.0,97.0,5.0,98.0
InferiorInfarction_019,aVF,InferiorInfarction,propagated,True,10.0,3.0,7.0,116.0,102.0,14.0,286.0,107.0,179.0,362.0,361.0,1.0,522.0,466.0,56.0,7.0,49.0,-123.0,55.0
InferiorInfarction_019,V1,InferiorInfarction,propagated,True,10.0,3.0,7.0,112.0,102.0,10.0,202.0,107.0,95.0,282.0,283.0,-1.0,422.0,466.0,-44.0,3.0,-51.0,-139.0,-43.0
InferiorInfarction_019,V2,InferiorInfarction,propagated,True,10.0,3.0,7.0,112.0,102.0,10.0,200.0,107.0,93.0,282.0,282.0,0.0,486.0,466.0,20.0,3.0,13.0,-73.0,20.0
InferiorInfarction_019,V3,InferiorInfarction,propagated,True,10.0,3.0,7.0,112.0,102.0,10.0,198.0,107.0,91.0,280.0,281.0,-1.0,420.0,466.0,-46.0,3.0,-53.0,-137.0,-45.0
InferiorInfarction_019,V4,InferiorInfarction,propagated,True,4.0,3.0,1.0,112.0,102.0,10.0,202.0,107.0,95.0,282.0,283.0,-1.0,492.0,466.0,26.0,9.0,25.0,-69.0,27.0
InferiorInfarction_019,V5,InferiorInfarction,reviewed,True,10.0,3.0,7.0,92.0,102.0,-10.0,102.0,107.0,-5.0,276.0,277.0,-1.0,468.0,466.0,2.0,-17.0,-5.0,7.0,3.0
InferiorInfarction_019,V6,InferiorInfarction,propagated,True,10.0,3.0,7.0,130.0,102.0,28.0,224.0,107.0,117.0,290.0,289.0,1.0,564.0,466.0,98.0,21.0,91.0,-19.0,97.0
InferiorInfarction_020,I,InferiorInfarction,propagated,True,10.0,4.0,6.0,104.0,90.0,14.0,266.0,93.0,173.0,348.0,348.0,0.0,552.0,465.0,87.0,8.0,81.0,-86.0,87.0
InferiorInfarction_020,II,InferiorInfarction,propagated,True,10.0,4.0,6.0,110.0,90.0,20.0,262.0,93.0,169.0,342.0,343.0,-1.0,542.0,465.0,77.0,14.0,71.0,-92.0,78.0
InferiorInfarction_020,III,InferiorInfarction,propagated,True,10.0,4.0,6.0,104.0,90.0,14.0,250.0,93.0,157.0,340.0,339.0,1.0,506.0,465.0,41.0,8.0,35.0,-116.0,40.0
InferiorInfarction_020,aVR,InferiorInfarction,propagated,True,10.0,4.0,6.0,110.0,90.0,20.0,196.0,93.0,103.0,344.0,344.0,0.0,550.0,465.0,85.0,14.0,79.0,-18.0,85.0
InferiorInfarction_020,aVL,InferiorInfarction,propagated,True,10.0,4.0,6.0,96.0,90.0,6.0,228.0,93.0,135.0,332.0,332.0,0.0,504.0,465.0,39.0,0.0,33.0,-96.0,39.0
InferiorInfarction_020,aVF,InferiorInfarction,propagated,True,10.0,4.0,6.0,104.0,90.0,14.0,258.0,93.0,165.0,342.0,341.0,1.0,506.0,465.0,41.0,8.0,35.0,-124.0,40.0
InferiorInfarction_020,V1,InferiorInfarction,propagated,True,0.0,4.0,-4.0,100.0,90.0,10.0,198.0,93.0,105.0,282.0,282.0,0.0,542.0,465.0,77.0,14.0,81.0,-28.0,77.0
InferiorInfarction_020,V2,InferiorInfarction,reviewed,True,2.0,4.0,-2.0,98.0,90.0,8.0,196.0,93.0,103.0,282.0,282.0,0.0,422.0,465.0,-43.0,10.0,-41.0,-146.0,-43.0
InferiorInfarction_020,V3,InferiorInfarction,propagated,True,10.0,4.0,6.0,98.0,90.0,8.0,200.0,93.0,107.0,286.0,285.0,1.0,480.0,465.0,15.0,2.0,9.0,-92.0,14.0
InferiorInfarction_020,V4,InferiorInfarction,propagated,False,10.0,4.0,6.0,80.0,90.0,-10.0,214.0,93.0,121.0,294.0,294.0,0.0,442.0,465.0,-23.0,-16.0,-29.0,-144.0,-23.0
InferiorInfarction_020,V5,InferiorInfarction,propagated,True,4.0,4.0,0.0,110.0,90.0,20.0,228.0,93.0,135.0,340.0,340.0,0.0,548.0,465.0,83.0,20.0,83.0,-52.0,83.0
InferiorInfarction_020,V6,InferiorInfarction,propagated,True,10.0,4.0,6.0,116.0,90.0,26.0,220.0,93.0,127.0,286.0,286.0,0.0,544.0,465.0,79.0,20.0,73.0,-48.0,79.0
InferiorInfarction_021,I,InferiorInfarction,propagated,True,10.0,4.0,6.0,98.0,108.0,-10.0,206.0,115.0,91.0,286.0,287.0,-1.0,410.0,471.0,-61.0,-16.0,-67.0,-152.0,-60.0
InferiorInfarction_021,II,InferiorInfarction,propagated,True,10.0,4.0,6.0,118.0,108.0,10.0,246.0,115.0,131.0,360.0,360.0,0.0,560.0,471.0,89.0,4.0,83.0,-42.0,89.0
InferiorInfarction_021,III,InferiorInfarction,propagated,True,4.0,4.0,0.0,118.0,108.0,10.0,218.0,115.0,103.0,284.0,283.0,1.0,496.0,471.0,25.0,10.0,25.0,-78.0,24.0
InferiorInfarction_021,aVR,InferiorInfarction,propagated,True,10.0,4.0,6.0,120.0,108.0,12.0,198.0,115.0,83.0,292.0,292.0,0.0,496.0,471.0,25.0,6.0,19.0,-58.0,25.0
InferiorInfarction_021,aVL,InferiorInfarction,propagated,True,4.0,4.0,0.0,114.0,108.0,6.0,212.0,115.0,97.0,284.0,285.0,-1.0,362.0,471.0,-109.0,6.0,-109.0,-206.0,-108.0
InferiorInfarction_021,aVF,InferiorInfarction,reviewed,True,4.0,4.0,0.0,118.0,108.0,10.0,230.0,115.0,115.0,280.0,281.0,-1.0,502.0,471.0,31.0,10.0,31.0,-84.0,32.0
InferiorInfarction_021,V1,InferiorInfarction,propagated,True,0.0,4.0,-4.0,118.0,108.0,10.0,204.0,115.0,89.0,288.0,288.0,0.0,428.0,471.0,-43.0,14.0,-39.0,-132.0,-43.0
InferiorInfarction_021,V2,InferiorInfarction,propagated,True,0.0,4.0,-4.0,118.0,108.0,10.0,202.0,115.0,87.0,288.0,287.0,1.0,428.0,471.0,-43.0,14.0,-39.0,-130.0,-44.0
InferiorInfarction_021,V3,InferiorInfarction,propagated,True,0.0,4.0,-4.0,118.0,108.0,10.0,202.0,115.0,87.0,286.0,285.0,1.0,426.0,471.0,-45.0,14.0,-41.0,-132.0,-46.0
InferiorInfarction_021,V4,InferiorInfarction,propagated,True,10.0,4.0,6.0,118.0,108.0,10.0,202.0,115.0,87.0,284.0,284.0,0.0,424.0,471.0,-47.0,4.0,-53.0,-134.0,-47.0
InferiorInfarction_021,V5,InferiorInfarction,propagated,True,10.0,4.0,6.0,96.0,108.0,-12.0,266.0,115.0,151.0,316.0,315.0,1.0,364.0,471.0,-107.0,-18.0,-113.0,-258.0,-108.0
InferiorInfarction_021,V6,InferiorInfarction,propagated,True,10.0,4.0,6.0,124.0,108.0,16.0,226.0,115.0,111.0,292.0,292.0,0.0,564.0,471.0,93.0,10.0,87.0,-18.0,93.0
InferiorInfarction_022,I,InferiorInfarction,propagated,True,10.0,5.0,5.0,114.0,101.0,13.0,190.0,107.0,83.0,276.0,276.0,0.0,494.0,466.0,28.0,8.0,23.0,-55.0,28.0
InferiorInfarction_022,II,InferiorInfarction,reviewed,True,10.0,5.0,5.0,118.0,101.0,17.0,194.0,107.0,87.0,354.0,353.0,1.0,550.0,466.0,84.0,12.0,79.0,-3.0,83.0
InferiorInfarction_022,III,InferiorInfarction,propagated,True,10.0,5.0,5.0,112.0,101.0,11.0,216.0,107.0,109.0,276.0,277.0,-1.0,472.0,466.0,6.0,6.0,1.0,-103.0,7.0
InferiorInfarction_022,aVR,InferiorInfarction,propagated,True,10.0,5.0,5.0,118.0,101.0,17.0,262.0,107.0,155.0,352.0,352.0,0.0,556.0,466.0,90.0,12.0,85.0,-65.0,90.0
InferiorInfarction_022,aVL,InferiorInfarction,propagated,True,10.0,5.0,5.0,114.0,101.0,13.0,204.0,107.0,97.0,276.0,277.0,-1.0,354.0,466.0,-112.0,8.0,-117.0,-209.0,-111.0
InferiorInfarction_022,aVF,InferiorInfarction,propagated,True,10.0,5.0,5.0,110.0,101.0,9.0,230.0,107.0,123.0,278.0,277.0,1.0,534.0,466.0,68.0,4.0,63.0,-55.0,67.0
InferiorInfarction_022,V1,InferiorInfarction,propagated,True,0.0,5.0,-5.0,112.0,101.0,11.0,204.0,107.0,97.0,286.0,285.0,1.0,544.0,466.0,78.0,16.0,83.0,-19.0,77.0
InferiorInfarction_022,V2,InferiorInfarction,propagated,True,10.0,5.0,5.0,114.0,101.0,13.0,204.0,107.0,97.0,284.0,284.0,0.0,424.0,466.0,-42.0,8.0,-47.0,-139.0,-42.0
InferiorInfarction_022,V3,InferiorInfarction,propagated,True,4.0,5.0,-1.0,114.0,101.0,13.0,212.0,107.0,105.0,290.0,289.0,1.0,430.0,466.0,-36.0,14.0,-35.0,-141.0,-37.0
InferiorInfarction_022,V4,InferiorInfarction,propagated,True,10.0,5.0,5.0,112.0,101.0,11.0,232.0,107.0,125.0,306.0,305.0,1.0,456.0,466.0,-10.0,6.0,-15.0,-135.0,-11.0
InferiorInfarction_022,V5,InferiorInfarction,propagated,True,10.0,5.0,5.0,118.0,101.0,17.0,224.0,107.0,117.0,282.0,283.0,-1.0,506.0,466.0,40.0,12.0,35.0,-77.0,41.0
InferiorInfarction_022,V6,InferiorInfarction,propagated,True,10.0,5.0,5.0,126.0,101.0,25.0,226.0,107.0,119.0,292.0,291.0,1.0,558.0,466.0,92.0,20.0,87.0,-27.0,91.0
InferiorInfarction_023,I,InferiorInfarction,propagated,True,4.0,4.0,0.0,108.0,98.0,10.0,196.0,102.0,94.0,284.0,284.0,0.0,476.0,467.0,9.0,10.0,9.0,-85.0,9.0
InferiorInfarction_023,II,InferiorInfarction,propagated,True,10.0,4.0,6.0,118.0,98.0,20.0,234.0,102.0,132.0,354.0,354.0,0.0,556.0,467.0,89.0,14.0,83.0,-43.0,89.0
InferiorInfarction_023,III,InferiorInfarction,propagated,False,10.0,4.0,6.0,84.0,98.0,-14.0,218.0,102.0,116.0,276.0,276.0,0.0,486.0,467.0,19.0,-20.0,13.0,-97.0,19.0
InferiorInfarction_023,aVR,InferiorInfarction,reviewed,True,10.0,4.0,6.0,118.0,98.0,20.0,290.0,102.0,188.0,354.0,354.0,0.0,562.0,467.0,95.0,14.0,89.0,-93.0,95.0
InferiorInfarction_023,aVL,InferiorInfarction,propagated,False,10.0,4.0,6.0,82.0,98.0,-16.0,206.0,102.0,104.0,280.0,279.0,1.0,346.0,467.0,-121.0,-22.0,-127.0,-225.0,-122.0
InferiorInfarction_023,aVF,InferiorInfarction,propagated,False,10.0,4.0,6.0,84.0,98.0,-14.0,94.0,102.0,-8.0,356.0,355.0,1.0,502.0,467.0,35.0,-20.0,29.0,43.0,34.0
InferiorInfarction_023,V1,InferiorInfarction,propagated,True,0.0,4.0,-4.0,106.0,98.0,8.0,200.0,102.0,98.0,280.0,281.0,-1.0,420.0,467.0,-47.0,12.0,-43.0,-145.0,-46.0
InferiorInfarction_023,V2,InferiorInfarction,propagated,True,10.0,4.0,6.0,106.0,98.0,8.0,198.0,102.0,96.0,280.0,279.0,1.0,420.0,467.0,-47.0,2.0,-53.0,-143.0,-48.0
InferiorInfarction_023,V3,InferiorInfarction,propagated,True,10.0,4.0,6.0,110.0,98.0,12.0,200.0,102.0,98.0,278.0,278.0,0.0,418.0,467.0,-49.0,6.0,-55.0,-147.0,-49.0
InferiorInfarction_023,V4,InferiorInfarction,propagated,True,4.0,4.0,0.0,106.0,98.0,8.0,204.0,102.0,102.0,280.0,280.0,0.0,494.0,467.0,27.0,8.0,27.0,-75.0,27.0
InferiorInfarction_023,V5,InferiorInfarction,propagated,True,10.0,4.0,6.0,108.0,98.0,10.0,214.0,102.0,112.0,276.0,276.0,0.0,494.0,467.0,27.0,4.0,21.0,-85.0,27.0
InferiorInfarction_023,V6,InferiorInfarction,propagated,True,10.0,4.0,6.0,124.0,98.0,26.0,224.0,102.0,122.0,284.0,285.0,-1.0,562.0,467.0,95.0,20.0,89.0,-27.0,96.0
InferiorInfarction_024,I,InferiorInfarction,propagated,True,10.0,3.0,7.0,126.0,115.0,11.0,206.0,120.0,86.0,290.0,290.0,0.0,430.0,482.0,-52.0,4.0,-59.0,-138.0,-52.0
InferiorInfarction_024,II,InferiorInfarction,propagated,True,10.0,3.0,7.0,126.0,115.0,11.0,296.0,120.0,176.0,362.0,362.0,0.0,568.0,482.0,86.0,4.0,79.0,-90.0,86.0
InferiorInfarction_024,III,InferiorInfarction,propagated,True,10.0,3.0,7.0,92.0,115.0,-23.0,222.0,120.0,102.0,286.0,286.0,0.0,476.0,482.0,-6.0,-30.0,-13.0,-108.0,-6.0
InferiorInfarction_024,aVR,InferiorInfarction,propagated,True,10.0,3.0,7.0,132.0,115.0,17.0,202.0,120.0,82.0,292.0,292.0,0.0,518.0,482.0,36.0,10.0,29.0,-46.0,36.0
InferiorInfarction_024,aVL,InferiorInfarction,propagated,True,10.0,3.0,7.0,92.0,115.0,-23.0,214.0,120.0,94.0,288.0,288.0,0.0,358.0,482.0,-124.0,-30.0,-131.0,-218.0,-124.0
InferiorInfarction_024,aVF,InferiorInfarction,propagated,True,10.0,3.0,7.0,92.0,115.0,-23.0,102.0,120.0,-18.0,282.0,282.0,0.0,534.0,482.0,52.0,-30.0,45.0,70.0,52.0
InferiorInfarction_024,V1,InferiorInfarction,propagated,True,0.0,3.0,-3.0,128.0,115.0,13.0,208.0,120.0,88.0,282.0,283.0,-1.0,422.0,482.0,-60.0,16.0,-57.0,-148.0,-59.0
InferiorInfarction_024,V2,InferiorInfarction,propagated,True,0.0,3.0,-3.0,126.0,115.0,11.0,204.0,120.0,84.0,282.0,282.0,0.0,422.0,482.0,-60.0,14.0,-57.0,-144.0,-60.0
InferiorInfarction_024,V3,InferiorInfarction,propagated,True,10.0,3.0,7.0,126.0,115.0,11.0,204.0,120.0,84.0,280.0,281.0,-1.0,420.0,482.0,-62.0,4.0,-69.0,-146.0,-61.0
InferiorInfarction_024,V4,InferiorInfarction,propagated,True,10.0,3.0,7.0,126.0,115.0,11.0,202.0,120.0,82.0,280.0,280.0,0.0,514.0,482.0,32.0,4.0,25.0,-50.0,32.0
InferiorInfarction_024,V5,InferiorInfarction,propagated,True,10.0,3.0,7.0,124.0,115.0,9.0,212.0,120.0,92.0,280.0,280.0,0.0,360.0,482.0,-122.0,2.0,-129.0,-214.0,-122.0
InferiorInfarction_024,V6,InferiorInfarction,reviewed,True,4.0,3.0,1.0,140.0,115.0,25.0,226.0,120.0,106.0,288.0,288.0,0.0,578.0,482.0,96.0,24.0,95.0,-10.0,96.0
InferiorInfarction_025,I,InferiorInfarction,propagated,True,10.0,3.0,7.0,108.0,99.0,9.0,202.0,105.0,97.0,276.0,276.0,0.0,484.0,460.0,24.0,2.0,17.0,-73.0,24.0
InferiorInfarction_025,II,InferiorInfarction,propagated,True,4.0,3.0,1.0,114.0,99.0,15.0,216.0,105.0,111.0,348.0,349.0,-1.0,544.0,460.0,84.0,14.0,83.0,-27.0,85.0
InferiorInfarction_025,III,InferiorInfarction,propagated,True,10.0,3.0,7.0,110.0,99.0,11.0,190.0,105.0,85.0,352.0,350.0,2.0,488.0,460.0,28.0,4.0,21.0,-57.0,26.0
InferiorInfarction_025,aVR,InferiorInfarction,reviewed,True,10.0,3.0,7.0,114.0,99.0,15.0,266.0,105.0,161.0,348.0,348.0,0.0,546.0,460.0,86.0,8.0,79.0,-75.0,86.0
InferiorInfarction_025,aVL,InferiorInfarction,propagated,True,10.0,3.0,7.0,108.0,99.0,9.0,230.0,105.0,125.0,276.0,277.0,-1.0,454.0,460.0,-6.0,2.0,-13.0,-131.0,-5.0
InferiorInfarction_025,aVF,InferiorInfarction,propagated,True,10.0,3.0,7.0,110.0,99.0,11.0,200.0,105.0,95.0,350.0,350.0,0.0,540.0,460.0,80.0,4.0,73.0,-15.0,80.0
InferiorInfarction_025,V1,InferiorInfarction,propagated,True,2.0,3.0,-1.0,108.0,99.0,9.0,198.0,105.0,93.0,282.0,281.0,1.0,342.0,460.0,-118.0,10.0,-117.0,-211.0,-119.0
InferiorInfarction_025,V2,InferiorInfarction,propagated,True,10.0,3.0,7.0,108.0,99.0,9.0,198.0,105.0,93.0,280.0,280.0,0.0,470.0,460.0,10.0,2.0,3.0,-83.0,10.0
InferiorInfarction_025,V3,InferiorInfarction,propagated,True,4.0,3.0,1.0,108.0,99.0,9.0,202.0,105.0,97.0,278.0,278.0,0.0,480.0,460.0,20.0,8.0,19.0,-77.0,20.0
InferiorInfarction_025,V4,InferiorInfarction,propagated,True,4.0,3.0,1.0,108.0,99.0,9.0,208.0,105.0,103.0,344.0,344.0,0.0,486.0,460.0,26.0,8.0,25.0,-77.0,26.0
InferiorInfarction_025,V5,InferiorInfarction,propagated,True,4.0,3.0,1.0,110.0,99.0,11.0,216.0,105.0,111.0,284.0,285.0,-1.0,536.0,460.0,76.0,10.0,75.0,-35.0,77.0
InferiorInfarction_025,V6,InferiorInfarction,propagated,True,4.0,3.0,1.0,128.0,99.0,29.0,226.0,105.0,121.0,290.0,290.0,0.0,552.0,460.0,92.0,28.0,91.0,-29.0,92.0
InferiorInfarction_026,I,InferiorInfarction,propagated,True,10.0,3.0,7.0,104.0,91.0,13.0,192.0,98.0,94.0,288.0,288.0,0.0,544.0,469.0,75.0,6.0,68.0,-19.0,75.0
InferiorInfarction_026,II,InferiorInfarction,propagated,True,4.0,3.0,1.0,100.0,91.0,9.0,256.0,98.0,158.0,350.0,349.0,1.0,504.0,469.0,35.0,8.0,34.0,-123.0,34.0
InferiorInfarction_026,III,InferiorInfarction,propagated,True,10.0,3.0,7.0,102.0,91.0,11.0,210.0,98.0,112.0,288.0,288.0,0.0,568.0,469.0,99.0,4.0,92.0,-13.0,99.0
InferiorInfarction_026,aVR,InferiorInfarction,propagated,True,10.0,3.0,7.0,108.0,91.0,17.0,282.0,98.0,184.0,348.0,348.0,0.0,538.0,469.0,69.0,10.0,62.0,-115.0,69.0
InferiorInfarction_026,aVL,InferiorInfarction,propagated,True,10.0,3.0,7.0,102.0,91.0,11.0,200.0,98.0,102.0,288.0,288.0,0.0,436.0,469.0,-33.0,4.0,-40.0,-135.0,-33.0
InferiorInfarction_026,aVF,InferiorInfarction,propagated,True,10.0,3.0,7.0,102.0,91.0,11.0,242.0,98.0,144.0,352.0,352.0,0.0,492.0,469.0,23.0,4.0,16.0,-121.0,23.0
InferiorInfarction_026,V1,InferiorInfarction,propagated,True,2.0,3.0,-1.0,102.0,91.0,11.0,202.0,98.0,104.0,282.0,282.0,0.0,536.0,469.0,67.0,12.0,68.0,-37.0,67.0
InferiorInfarction_026,V2,InferiorInfarction,propagated,True,0.0,3.0,-3.0,102.0,91.0,11.0,198.0,98.0,100.0,280.0,281.0,-1.0,486.0,469.0,17.0,14.0,20.0,-83.0,18.0
InferiorInfarction_026,V3,InferiorInfarction,propagated,True,0.0,3.0,-3.0,102.0,91.0,11.0,198.0,98.0,100.0,280.0,279.0,1.0,420.0,469.0,-49.0,14.0,-46.0,-149.0,-50.0
InferiorInfarction_026,V4,InferiorInfarction,propagated,True,2.0,3.0,-1.0,102.0,91.0,11.0,200.0,98.0,102.0,280.0,279.0,1.0,420.0,469.0,-49.0,12.0,-48.0,-151.0,-50.0
InferiorInfarction_026,V5,InferiorInfarction,propagated,True,10.0,3.0,7.0,92.0,91.0,1.0,102.0,98.0,4.0,276.0,276.0,0.0,342.0,469.0,-127.0,-6.0,-134.0,-131.0,-127.0
InferiorInfarction_026,V6,InferiorInfarction,reviewed,True,10.0,3.0,7.0,114.0,91.0,23.0,218.0,98.0,120.0,286.0,286.0,0.0,542.0,469.0,73.0,16.0,66.0,-47.0,73.0
InferiorInfarction_027,I,InferiorInfarction,propagated,False,10.0,3.0,7.0,86.0,99.0,-13.0,200.0,104.0,96.0,284.0,284.0,0.0,344.0,442.0,-98.0,-20.0,-105.0,-194.0,-98.0
InferiorInfarction_027,II,InferiorInfarction,reviewed,True,10.0,3.0,7.0,112.0,99.0,13.0,290.0,104.0,186.0,350.0,351.0,-1.0,550.0,442.0,108.0,6.0,101.0,-78.0,109.0
InferiorInfarction_027,III,InferiorInfarction,propagated,True,4.0,3.0,1.0,108.0,99.0,9.0,218.0,104.0,114.0,278.0,279.0,-1.0,538.0,442.0,96.0,8.0,95.0,-18.0,97.0
InferiorInfarction_027,aVR,InferiorInfarction,propagated,True,10.0,3.0,7.0,112.0,99.0,13.0,190.0,104.0,86.0,288.0,288.0,0.0,548.0,442.0,106.0,6.0,99.0,20.0,106.0
InferiorInfarction_027,aVL,InferiorInfarction,propagated,False,4.0,3.0,1.0,88.0,99.0,-11.0,208.0,104.0,104.0,282.0,281.0,1.0,484.0,442.0,42.0,-12.0,41.0,-62.0,41.0
InferiorInfarction_027,aVF,InferiorInfarction,propagated,True,4.0,3.0,1.0,112.0,99.0,13.0,250.0,104.0,146.0,352.0,351.0,1.0,544.0,442.0,102.0,12.0,101.0,-44.0,101.0
InferiorInfarction_027,V1,InferiorInfarction,propagated,True,2.0,3.0,-1.0,108.0,99.0,9.0,204.0,104.0,100.0,282.0,282.0,0.0,484.0,442.0,42.0,10.0,43.0,-58.0,42.0
InferiorInfarction_027,V2,InferiorInfarction,propagated,True,2.0,3.0,-1.0,108.0,99.0,9.0,200.0,104.0,96.0,282.0,281.0,1.0,402.0,442.0,-40.0,10.0,-39.0,-136.0,-41.0
InferiorInfarction_027,V3,InferiorInfarction,propagated,True,10.0,3.0,7.0,112.0,99.0,13.0,200.0,104.0,96.0,280.0,280.0,0.0,420.0,442.0,-22.0,6.0,-29.0,-118.0,-22.0
InferiorInfarction_027,V4,InferiorInfarction,propagated,True,10.0,3.0,7.0,112.0,99.0,13.0,202.0,104.0,98.0,280.0,280.0,0.0,420.0,442.0,-22.0,6.0,-29.0,-120.0,-22.0
InferiorInfarction_027,V5,InferiorInfarction,propagated,True,10.0,3.0,7.0,104.0,99.0,5.0,228.0,104.0,124.0,306.0,305.0,1.0,356.0,442.0,-86.0,-2.0,-93.0,-210.0,-87.0
InferiorInfarction_027,V6,InferiorInfarction,propagated,True,10.0,3.0,7.0,120.0,99.0,21.0,224.0,104.0,120.0,284.0,284.0,0.0,554.0,442.0,112.0,14.0,105.0,-8.0,112.0
InferiorInfarction_028,I,InferiorInfarction,propagated,True,10.0,3.0,7.0,104.0,87.0,17.0,208.0,93.0,115.0,338.0,339.0,-1.0,540.0,455.0,85.0,10.0,78.0,-30.0,86.0
InferiorInfarction_028,II,InferiorInfarction,propagated,True,10.0,3.0,7.0,98.0,87.0,11.0,238.0,93.0,145.0,346.0,346.0,0.0,488.0,455.0,33.0,4.0,26.0,-112.0,33.0
InferiorInfarction_028,III,InferiorInfarction,propagated,True,10.0,3.0,7.0,98.0,87.0,11.0,240.0,93.0,147.0,330.0,330.0,0.0,538.0,455.0,83.0,4.0,76.0,-64.0,83.0
InferiorInfarction_028,aVR,InferiorInfarction,propagated,True,10.0,3.0,7.0,104.0,87.0,17.0,224.0,93.0,131.0,342.0,342.0,0.0,498.0,455.0,43.0,10.0,36.0,-88.0,43.0
InferiorInfarction_028,aVL,InferiorInfarction,propagated,True,10.0,3.0,7.0,104.0,87.0,17.0,292.0,93.0,199.0,336.0,335.0,1.0,542.0,455.0,87.0,10.0,80.0,-112.0,86.0
InferiorInfarction_028,aVF,InferiorInfarction,propagated,True,10.0,3.0,7.0,98.0,87.0,11.0,174.0,93.0,81.0,306.0,306.0,0.0,426.0,455.0,-29.0,4.0,-36.0,-110.0,-29.0
InferiorInfarction_028,V1,InferiorInfarction,propagated,True,2.0,3.0,-1.0,98.0,87.0,11.0,198.0,93.0,105.0,278.0,279.0,-1.0,478.0,455.0,23.0,12.0,24.0,-82.0,24.0
InferiorInfarction_028,V2,InferiorInfarction,propagated,True,0.0,3.0,-3.0,98.0,87.0,11.0,194.0,93.0,101.0,278.0,278.0,0.0,534.0,455.0,79.0,14.0,82.0,-22.0,79.0
InferiorInfarction_028,V3,InferiorInfarction,reviewed,True,10.0,3.0,7.0,98.0,87.0,11.0,192.0,93.0,99.0,278.0,278.0,0.0,534.0,455.0,79.0,4.0,72.0,-20.0,79.0
InferiorInfarction_028,V4,InferiorInfarction,propagated,True,10.0,3.0,7.0,98.0,87.0,11.0,192.0,93.0,99.0,278.0,278.0,0.0,484.0,455.0,29.0,4.0,22.0,-70.0,29.0
InferiorInfarction_028,V5,InferiorInfarction,propagated,True,10.0,3.0,7.0,98.0,87.0,11.0,232.0,93.0,139.0,344.0,344.0,0.0,478.0,455.0,23.0,4.0,16.0,-116.0,23.0
InferiorInfarction_028,V6,InferiorInfarction,propagated,True,10.0,3.0,7.0,110.0,87.0,23.0,222.0,93.0,129.0,284.0,285.0,-1.0,532.0,455.0,77.0,16.0,70.0,-52.0,78.0
InferiorInfarction_029,I,InferiorInfarction,propagated,True,10.0,5.0,5.0,126.0,116.0,10.0,194.0,121.0,73.0,278.0,277.0,1.0,496.0,487.0,9.0,5.0,4.0,-64.0,8.0
InferiorInfarction_029,II,InferiorInfarction,reviewed,True,10.0,5.0,5.0,138.0,116.0,22.0,264.0,121.0,143.0,360.0,360.0,0.0,576.0,487.0,89.0,17.0,84.0,-54.0,89.0
InferiorInfarction_029,III,InferiorInfarction,propagated,True,10.0,5.0,5.0,126.0,116.0,10.0,220.0,121.0,99.0,278.0,278.0,0.0,506.0,487.0,19.0,5.0,14.0,-80.0,19.0
InferiorInfarction_029,aVR,InferiorInfarction,propagated,True,10.0,5.0,5.0,138.0,116.0,22.0,256.0,121.0,135.0,358.0,357.0,1.0,578.0,487.0,91.0,17.0,86.0,-44.0,90.0
InferiorInfarction_029,aVL,InferiorInfarction,propagated,True,10.0,5.0,5.0,106.0,116.0,-10.0,206.0,121.0,85.0,278.0,278.0,0.0,366.0,487.0,-121.0,-15.0,-126.0,-206.0,-121.0
InferiorInfarction_029,aVF,InferiorInfarction,propagated,True,10.0,5.0,5.0,128.0,116.0,12.0,240.0,121.0,119.0,278.0,278.0,0.0,518.0,487.0,31.0,7.0,26.0,-88.0,31.0
InferiorInfarction_029,V1,InferiorInfarction,propagated,True,2.0,5.0,-3.0,126.0,116.0,10.0,204.0,121.0,83.0,284.0,284.0,0.0,502.0,487.0,15.0,13.0,18.0,-68.0,15.0
InferiorInfarction_029,V2,InferiorInfarction,propagated,True,10.0,5.0,5.0,126.0,116.0,10.0,202.0,121.0,81.0,284.0,283.0,1.0,424.0,487.0,-63.0,5.0,-68.0,-144.0,-64.0
InferiorInfarction_029,V3,InferiorInfarction,propagated,True,4.0,5.0,-1.0,126.0,116.0,10.0,204.0,121.0,83.0,284.0,285.0,-1.0,510.0,487.0,23.0,11.0,24.0,-60.0,24.0
InferiorInfarction_029,V4,InferiorInfarction,propagated,True,4.0,5.0,-1.0,92.0,116.0,-24.0,220.0,121.0,99.0,304.0,304.0,0.0,472.0,487.0,-15.0,-23.0,-14.0,-114.0,-15.0
InferiorInfarction_029,V5,InferiorInfarction,propagated,True,4.0,5.0,-1.0,132.0,116.0,16.0,222.0,121.0,101.0,284.0,284.0,0.0,520.0,487.0,33.0,17.0,34.0,-68.0,33.0
InferiorInfarction_029,V6,InferiorInfarction,propagated,True,2.0,5.0,-3.0,146.0,116.0,30.0,228.0,121.0,107.0,292.0,291.0,1.0,582.0,487.0,95.0,33.0,98.0,-12.0,94.0
InferiorInfarction_030,I,InferiorInfarction,propagated,True,10.0,4.0,6.0,102.0,94.0,8.0,204.0,98.0,106.0,286.0,286.0,0.0,478.0,468.0,10.0,2.0,4.0,-96.0,10.0
InferiorInfarction_030,II,InferiorInfarction,reviewed,True,10.0,4.0,6.0,114.0,94.0,20.0,238.0,98.0,140.0,354.0,353.0,1.0,550.0,468.0,82.0,14.0,76.0,-58.0,81.0
InferiorInfarction_030,III,InferiorInfarction,propagated,True,10.0,4.0,6.0,104.0,94.0,10.0,218.0,98.0,120.0,278.0,278.0,0.0,490.0,468.0,22.0,4.0,16.0,-98.0,22.0
InferiorInfarction_030,aVR,InferiorInfarction,propagated,True,10.0,4.0,6.0,108.0,94.0,14.0,198.0,98.0,100.0,294.0,294.0,0.0,546.0,468.0,78.0,8.0,72.0,-22.0,78.0
InferiorInfarction_030,aVL,InferiorInfarction,propagated,True,10.0,4.0,6.0,102.0,94.0,8.0,210.0,98.0,112.0,282.0,281.0,1.0,330.0,468.0,-138.0,2.0,-144.0,-250.0,-139.0
InferiorInfarction_030,aVF,InferiorInfarction,propagated,True,10.0,4.0,6.0,108.0,94.0,14.0,240.0,98.0,142.0,354.0,354.0,0.0,502.0,468.0,34.0,8.0,28.0,-108.0,34.0
InferiorInfarction_030,V1,InferiorInfarction,propagated,True,0.0,4.0,-4.0,108.0,94.0,14.0,198.0,98.0,100.0,280.0,281.0,-1.0,420.0,468.0,-48.0,18.0,-44.0,-148.0,-47.0
InferiorInfarction_030,V2,InferiorInfarction,propagated,True,10.0,4.0,6.0,104.0,94.0,10.0,196.0,98.0,98.0,280.0,280.0,0.0,420.0,468.0,-48.0,4.0,-54.0,-146.0,-48.0
InferiorInfarction_030,V3,InferiorInfarction,propagated,True,10.0,4.0,6.0,104.0,94.0,10.0,200.0,98.0,102.0,280.0,279.0,1.0,420.0,468.0,-48.0,4.0,-54.0,-150.0,-49.0
InferiorInfarction_030,V4,InferiorInfarction,propagated,True,10.0,4.0,6.0,102.0,94.0,8.0,206.0,98.0,108.0,284.0,285.0,-1.0,488.0,468.0,20.0,2.0,14.0,-88.0,21.0
InferiorInfarction_030,V5,InferiorInfarction,propagated,True,10.0,4.0,6.0,102.0,94.0,8.0,280.0,98.0,182.0,308.0,308.0,0.0,446.0,468.0,-22.0,2.0,-28.0,-204.0,-22.0
InferiorInfarction_030,V6,InferiorInfarction,propagated,True,10.0,4.0,6.0,116.0,94.0,22.0,220.0,98.0,122.0,282.0,282.0,0.0,550.0,468.0,82.0,16.0,76.0,-40.0,82.0
InferiorInfarction_031,I,InferiorInfarction,propagated,True,10.0,3.0,7.0,130.0,118.0,12.0,234.0,122.0,112.0,360.0,360.0,0.0,576.0,508.0,68.0,5.0,61.0,-44.0,68.0
InferiorInfarction_031,II,InferiorInfarction,propagated,True,10.0,3.0,7.0,140.0,118.0,22.0,278.0,122.0,156.0,360.0,359.0,1.0,544.0,508.0,36.0,15.0,29.0,-120.0,35.0
InferiorInfarction_031,III,InferiorInfarction,propagated,True,10.0,3.0,7.0,130.0,118.0,12.0,262.0,122.0,140.0,358.0,358.0,0.0,550.0,508.0,42.0,5.0,35.0,-98.0,42.0
InferiorInfarction_031,aVR,InferiorInfarction,propagated,True,10.0,3.0,7.0,134.0,118.0,16.0,222.0,122.0,100.0,360.0,359.0,1.0,580.0,508.0,72.0,9.0,65.0,-28.0,71.0
InferiorInfarction_031,aVL,InferiorInfarction,propagated,True,10.0,3.0,7.0,94.0,118.0,-24.0,104.0,122.0,-18.0,358.0,358.0,0.0,558.0,508.0,50.0,-31.0,43.0,68.0,50.0
InferiorInfarction_031,aVF,InferiorInfarction,propagated,True,10.0,3.0,7.0,134.0,118.0,16.0,270.0,122.0,148.0,358.0,359.0,-1.0,546.0,508.0,38.0,9.0,31.0,-110.0,39.0
InferiorInfarction_031,V1,InferiorInfarction,propagated,True,2.0,3.0,-1.0,130.0,118.0,12.0,206.0,122.0,84.0,284.0,284.0,0.0,516.0,508.0,8.0,13.0,9.0,-76.0,8.0
InferiorInfarction_031,V2,InferiorInfarction,propagated,True,10.0,3.0,7.0,128.0,118.0,10.0,208.0,122.0,86.0,286.0,285.0,1.0,494.0,508.0,-14.0,3.0,-21.0,-100.0,-15.0
InferiorInfarction_031,V3,InferiorInfarction,propagated,False,10.0,3.0,7.0,78.0,118.0,-40.0,88.0,122.0,-34.0,296.0,297.0,-1.0,458.0,508.0,-50.0,-47.0,-57.0,-16.0,-49.0
InferiorInfarction_031,V4,InferiorInfarction,reviewed,True,10.0,3.0,7.0,126.0,118.0,8.0,248.0,122.0,126.0,338.0,338.0,0.0,526.0,508.0,18.0,1.0,11.0,-108.0,18.0
InferiorInfarction_031,V5,InferiorInfarction,propagated,True,4.0,3.0,1.0,134.0,118.0,16.0,238.0,122.0,116.0,352.0,351.0,1.0,580.0,508.0,72.0,15.0,71.0,-44.0,71.0
InferiorInfarction_031,V6,InferiorInfarction,propagated,True,2.0,3.0,-1.0,142.0,118.0,24.0,236.0,122.0,114.0,354.0,353.0,1.0,584.0,508.0,76.0,25.0,77.0,-38.0,75.0
InferiorInfarction_032,I,InferiorInfarction,propagated,False,10.0,4.0,6.0,86.0,121.0,-35.0,192.0,169.0,23.0,280.0,280.0,0.0,372.0,429.0,-57.0,-41.0,-63.0,-80.0,-57.0
InferiorInfarction_032,II,InferiorInfarction,propagated,True,10.0,4.0,6.0,106.0,121.0,-15.0,224.0,169.0,55.0,334.0,333.0,1.0,490.0,429.0,61.0,-21.0,55.0,6.0,60.0
InferiorInfarction_032,III,InferiorInfarction,propagated,False,10.0,4.0,6.0,88.0,121.0,-33.0,214.0,169.0,45.0,282.0,282.0,0.0,478.0,429.0,49.0,-39.0,43.0,4.0,49.0
InferiorInfarction_032,aVR,InferiorInfarction,propagated,True,10.0,4.0,6.0,98.0,121.0,-23.0,184.0,169.0,15.0,334.0,334.0,0.0,482.0,429.0,53.0,-29.0,47.0,38.0,53.0
InferiorInfarction_032,aVL,InferiorInfarction,propagated,False,10.0,4.0,6.0,88.0,121.0,-33.0,210.0,169.0,41.0,282.0,281.0,1.0,450.0,429.0,21.0,-39.0,15.0,-20.0,20.0
InferiorInfarction_032,aVF,InferiorInfarction,propagated,True,10.0,4.0,6.0,92.0,121.0,-29.0,218.0,169.0,49.0,282.0,283.0,-1.0,484.0,429.0,55.0,-35.0,49.0,6.0,56.0
InferiorInfarction_032,V1,InferiorInfarction,propagated,False,10.0,4.0,6.0,88.0,121.0,-33.0,196.0,169.0,27.0,280.0,281.0,-1.0,452.0,429.0,23.0,-39.0,17.0,-4.0,24.0
InferiorInfarction_032,V2,InferiorInfarction,propagated,False,10.0,4.0,6.0,88.0,121.0,-33.0,194.0,169.0,25.0,282.0,281.0,1.0,472.0,429.0,43.0,-39.0,37.0,18.0,42.0
InferiorInfarction_032,V3,InferiorInfarction,reviewed,False,10.0,4.0,6.0,88.0,121.0,-33.0,198.0,169.0,29.0,282.0,283.0,-1.0,466.0,429.0,37.0,-39.0,31.0,8.0,38.0
InferiorInfarction_032,V4,InferiorInfarction,propagated,False,10.0,4.0,6.0,88.0,121.0,-33.0,202.0,169.0,33.0,284.0,285.0,-1.0,428.0,429.0,-1.0,-39.0,-7.0,-34.0,0.0
InferiorInfarction_032,V5,InferiorInfarction,propagated,False,10.0,4.0,6.0,86.0,121.0,-35.0,278.0,169.0,109.0,334.0,334.0,0.0,444.0,429.0,15.0,-41.0,9.0,-94.0,15.0
InferiorInfarction_032,V6,InferiorInfarction,propagated,True,10.0,4.0,6.0,98.0,121.0,-23.0,224.0,169.0,55.0,300.0,299.0,1.0,528.0,429.0,99.0,-29.0,93.0,44.0,98.0
InferiorInfarction_033,I,InferiorInfarction,propagated,True,4.0,4.0,0.0,98.0,92.0,6.0,196.0,130.0,66.0,282.0,283.0,-1.0,344.0,462.0,-118.0,6.0,-118.0,-184.0,-117.0
InferiorInfarction_033,II,InferiorInfarction,propagated,True,10.0,4.0,6.0,118.0,92.0,26.0,290.0,130.0,160.0,350.0,349.0,1.0,544.0,462.0,82.0,20.0,76.0,-78.0,81.0
InferiorInfarction_033,III,InferiorInfarction,propagated,True,10.0,4.0,6.0,106.0,92.0,14.0,182.0,130.0,52.0,350.0,350.0,0.0,498.0,462.0,36.0,8.0,30.0,-16.0,36.0
InferiorInfarction_033,aVR,InferiorInfarction,propagated,True,10.0,4.0,6.0,112.0,92.0,20.0,188.0,130.0,58.0,290.0,290.0,0.0,544.0,462.0,82.0,14.0,76.0,24.0,82.0
InferiorInfarction_033,aVL,InferiorInfarction,propagated,False,4.0,4.0,0.0,76.0,92.0,-16.0,210.0,130.0,80.0,278.0,278.0,0.0,494.0,462.0,32.0,-16.0,32.0,-48.0,32.0
InferiorInfarction_033,aVF,InferiorInfarction,propagated,True,10.0,4.0,6.0,112.0,92.0,20.0,224.0,130.0,94.0,350.0,350.0,0.0,542.0,462.0,80.0,14.0,74.0,-14.0,80.0
InferiorInfarction_033,V1,InferiorInfarction,propagated,True,0.0,4.0,-4.0,100.0,92.0,8.0,194.0,130.0,64.0,278.0,277.0,1.0,480.0,462.0,18.0,12.0,22.0,-46.0,17.0
InferiorInfarction_033,V2,InferiorInfarction,propagated,True,10.0,4.0,6.0,100.0,92.0,8.0,192.0,130.0,62.0,278.0,277.0,1.0,538.0,462.0,76.0,2.0,70.0,14.0,75.0
InferiorInfarction_033,V3,InferiorInfarction,reviewed,True,10.0,4.0,6.0,100.0,92.0,8.0,196.0,130.0,66.0,276.0,277.0,-1.0,416.0,462.0,-46.0,2.0,-52.0,-112.0,-45.0
InferiorInfarction_033,V4,InferiorInfarction,propagated,True,10.0,4.0,6.0,100.0,92.0,8.0,214.0,130.0,84.0,308.0,309.0,-1.0,442.0,462.0,-20.0,2.0,-26.0,-104.0,-19.0
InferiorInfarction_033,V5,InferiorInfarction,propagated,True,10.0,4.0,6.0,104.0,92.0,12.0,228.0,130.0,98.0,346.0,346.0,0.0,490.0,462.0,28.0,6.0,22.0,-70.0,28.0
InferiorInfarction_033,V6,InferiorInfarction,propagated,True,10.0,4.0,6.0,118.0,92.0,26.0,242.0,130.0,112.0,340.0,341.0,-1.0,550.0,462.0,88.0,20.0,82.0,-24.0,89.0
InferiorInfarction_034,I,InferiorInfarction,propagated,True,10.0,4.0,6.0,104.0,90.0,14.0,196.0,93.0,103.0,288.0,288.0,0.0,544.0,461.0,83.0,8.0,77.0,-20.0,83.0
InferiorInfarction_034,II,InferiorInfarction,reviewed,True,10.0,4.0,6.0,104.0,90.0,14.0,284.0,93.0,191.0,348.0,349.0,-1.0,490.0,461.0,29.0,8.0,23.0,-162.0,30.0
InferiorInfarction_034,III,InferiorInfarction,propagated,True,10.0,4.0,6.0,98.0,90.0,8.0,188.0,93.0,95.0,284.0,284.0,0.0,450.0,461.0,-11.0,2.0,-17.0,-106.0,-11.0
InferiorInfarction_034,aVR,InferiorInfarction,propagated,True,10.0,4.0,6.0,104.0,90.0,14.0,186.0,93.0,93.0,288.0,289.0,-1.0,538.0,461.0,77.0,8.0,71.0,-16.0,78.0
InferiorInfarction_034,aVL,InferiorInfarction,propagated,True,10.0,4.0,6.0,100.0,90.0,10.0,208.0,93.0,115.0,286.0,287.0,-1.0,480.0,461.0,19.0,4.0,13.0,-96.0,20.0
InferiorInfarction_034,aVF,InferiorInfarction,propagated,True,10.0,4.0,6.0,98.0,90.0,8.0,288.0,93.0,195.0,348.0,349.0,-1.0,480.0,461.0,19.0,2.0,13.0,-176.0,20.0
InferiorInfarction_034,V1,InferiorInfarction,propagated,True,10.0,4.0,6.0,100.0,90.0,10.0,194.0,93.0,101.0,276.0,277.0,-1.0,530.0,461.0,69.0,4.0,63.0,-32.0,70.0
InferiorInfarction_034,V2,InferiorInfarction,propagated,True,10.0,4.0,6.0,100.0,90.0,10.0,200.0,93.0,107.0,282.0,282.0,0.0,532.0,461.0,71.0,4.0,65.0,-36.0,71.0
InferiorInfarction_034,V3,InferiorInfarction,propagated,True,10.0,4.0,6.0,98.0,90.0,8.0,212.0,93.0,119.0,294.0,294.0,0.0,464.0,461.0,3.0,2.0,-3.0,-116.0,3.0
InferiorInfarction_034,V4,InferiorInfarction,propagated,False,10.0,4.0,6.0,76.0,90.0,-14.0,216.0,93.0,123.0,294.0,294.0,0.0,366.0,461.0,-95.0,-20.0,-101.0,-218.0,-95.0
InferiorInfarction_034,V5,InferiorInfarction,propagated,True,10.0,4.0,6.0,100.0,90.0,10.0,246.0,93.0,153.0,342.0,342.0,0.0,530.0,461.0,69.0,4.0,63.0,-84.0,69.0
InferiorInfarction_034,V6,InferiorInfarction,propagated,True,10.0,4.0,6.0,112.0,90.0,22.0,224.0,93.0,131.0,284.0,285.0,-1.0,540.0,461.0,79.0,16.0,73.0,-52.0,80.0
InferiorInfarction_035,I,InferiorInfarction,propagated,True,10.0,4.0,6.0,120.0,96.0,24.0,202.0,101.0,101.0,294.0,293.0,1.0,548.0,468.0,80.0,18.0,74.0,-21.0,79.0
InferiorInfarction_035,II,InferiorInfarction,propagated,True,10.0,4.0,6.0,120.0,96.0,24.0,200.0,101.0,99.0,288.0,288.0,0.0,544.0,468.0,76.0,18.0,70.0,-23.0,76.0
InferiorInfarction_035,III,InferiorInfarction,propagated,True,4.0,4.0,0.0,106.0,96.0,10.0,198.0,101.0,97.0,274.0,274.0,0.0,394.0,468.0,-74.0,10.0,-74.0,-171.0,-74.0
InferiorInfarction_035,aVR,InferiorInfarction,propagated,True,10.0,4.0,6.0,122.0,96.0,26.0,202.0,101.0,101.0,290.0,291.0,-1.0,546.0,468.0,78.0,20.0,72.0,-23.0,79.0
InferiorInfarction_035,aVL,InferiorInfarction,propagated,True,10.0,4.0,6.0,114.0,96.0,18.0,204.0,101.0,103.0,298.0,297.0,1.0,546.0,468.0,78.0,12.0,72.0,-25.0,77.0
InferiorInfarction_035,aVF,InferiorInfarction,propagated,True,10.0,4.0,6.0,114.0,96.0,18.0,198.0,101.0,97.0,284.0,284.0,0.0,498.0,468.0,30.0,12.0,24.0,-67.0,30.0
InferiorInfarction_035,V1,InferiorInfarction,propagated,True,10.0,4.0,6.0,108.0,96.0,12.0,194.0,101.0,93.0,276.0,275.0,1.0,496.0,468.0,28.0,6.0,22.0,-65.0,27.0
InferiorInfarction_035,V2,InferiorInfarction,propagated,False,10.0,4.0,6.0,78.0,96.0,-18.0,196.0,101.0,95.0,282.0,281.0,1.0,500.0,468.0,32.0,-24.0,26.0,-63.0,31.0
InferiorInfarction_035,V3,InferiorInfarction,propagated,False,4.0,4.0,0.0,80.0,96.0,-16.0,218.0,101.0,117.0,296.0,297.0,-1.0,432.0,468.0,-36.0,-16.0,-36.0,-153.0,-35.0
InferiorInfarction_035,V4,InferiorInfarction,propagated,False,10.0,4.0,6.0,80.0,96.0,-16.0,216.0,101.0,115.0,294.0,295.0,-1.0,350.0,468.0,-118.0,-22.0,-124.0,-233.0,-117.0
InferiorInfarction_035,V5,InferiorInfarction,reviewed,True,10.0,4.0,6.0,120.0,96.0,24.0,288.0,101.0,187.0,350.0,349.0,1.0,546.0,468.0,78.0,18.0,72.0,-109.0,77.0
InferiorInfarction_035,V6,InferiorInfarction,propagated,True,10.0,4.0,6.0,120.0,96.0,24.0,258.0,101.0,157.0,348.0,349.0,-1.0,552.0,468.0,84.0,18.0,78.0,-73.0,85.0
InferiorInfarction_036,I,InferiorInfarction,reviewed,False,10.0,4.0,6.0,86.0,129.0,-43.0,266.0,171.0,95.0,330.0,330.0,0.0,526.0,453.0,73.0,-49.0,67.0,-22.0,73.0
InferiorInfarction_036,II,InferiorInfarction,propagated,True,10.0,4.0,6.0,92.0,129.0,-37.0,182.0,171.0,11.0,338.0,337.0,1.0,526.0,453.0,73.0,-43.0,67.0,62.0,72.0
InferiorInfarction_036,III,InferiorInfarction,propagated,False,10.0,4.0,6.0,84.0,129.0,-45.0,214.0,171.0,43.0,274.0,273.0,1.0,448.0,453.0,-5.0,-51.0,-11.0,-48.0,-6.0
InferiorInfarction_036,aVR,InferiorInfarction,propagated,True,10.0,4.0,6.0,96.0,129.0,-33.0,192.0,171.0,21.0,334.0,335.0,-1.0,526.0,453.0,73.0,-39.0,67.0,52.0,74.0
InferiorInfarction_036,aVL,InferiorInfarction,propagated,False,10.0,4.0,6.0,84.0,129.0,-45.0,196.0,171.0,25.0,272.0,273.0,-1.0,442.0,453.0,-11.0,-51.0,-17.0,-36.0,-10.0
InferiorInfarction_036,aVF,InferiorInfarction,propagated,False,10.0,4.0,6.0,86.0,129.0,-43.0,176.0,171.0,5.0,340.0,339.0,1.0,474.0,453.0,21.0,-49.0,15.0,16.0,20.0
InferiorInfarction_036,V1,InferiorInfarction,propagated,False,10.0,4.0,6.0,86.0,129.0,-43.0,190.0,171.0,19.0,280.0,279.0,1.0,474.0,453.0,21.0,-49.0,15.0,2.0,20.0
InferiorInfarction_036,V2,InferiorInfarction,propagated,False,4.0,4.0,0.0,90.0,129.0,-39.0,192.0,171.0,21.0,278.0,278.0,0.0,470.0,453.0,17.0,-39.0,17.0,-4.0,17.0
InferiorInfarction_036,V3,InferiorInfarction,propagated,False,4.0,4.0,0.0,90.0,129.0,-39.0,198.0,171.0,27.0,290.0,290.0,0.0,422.0,453.0,-31.0,-39.0,-31.0,-58.0,-31.0
InferiorInfarction_036,V4,InferiorInfarction,propagated,False,10.0,4.0,6.0,88.0,129.0,-41.0,202.0,171.0,31.0,304.0,303.0,1.0,344.0,453.0,-109.0,-47.0,-115.0,-140.0,-110.0
InferiorInfarction_036,V5,InferiorInfarction,propagated,True,10.0,4.0,6.0,98.0,129.0,-31.0,222.0,171.0,51.0,330.0,330.0,0.0,496.0,453.0,43.0,-37.0,37.0,-8.0,43.0
InferiorInfarction_036,V6,InferiorInfarction,propagated,True,10.0,4.0,6.0,98.0,129.0,-31.0,218.0,171.0,47.0,290.0,290.0,0.0,530.0,453.0,77.0,-37.0,71.0,30.0,77.0
InferiorInfarction_037,I,InferiorInfarction,propagated,True,4.0,4.0,0.0,98.0,126.0,-28.0,198.0,174.0,24.0,324.0,324.0,0.0,530.0,451.0,79.0,-28.0,79.0,55.0,79.0
InferiorInfarction_037,II,InferiorInfarction,propagated,True,10.0,4.0,6.0,104.0,126.0,-22.0,190.0,174.0,16.0,342.0,341.0,1.0,526.0,451.0,75.0,-28.0,69.0,59.0,74.0
InferiorInfarction_037,III,InferiorInfarction,propagated,True,10.0,4.0,6.0,92.0,126.0,-34.0,182.0,174.0,8.0,304.0,305.0,-1.0,418.0,451.0,-33.0,-40.0,-39.0,-41.0,-32.0
InferiorInfarction_037,aVR,InferiorInfarction,propagated,True,10.0,4.0,6.0,106.0,126.0,-20.0,192.0,174.0,18.0,340.0,339.0,1.0,532.0,451.0,81.0,-26.0,75.0,63.0,80.0
InferiorInfarction_037,aVL,InferiorInfarction,propagated,True,4.0,4.0,0.0,92.0,126.0,-34.0,284.0,174.0,110.0,306.0,306.0,0.0,456.0,451.0,5.0,-34.0,5.0,-105.0,5.0
InferiorInfarction_037,aVF,InferiorInfarction,propagated,True,10.0,4.0,6.0,94.0,126.0,-32.0,186.0,174.0,12.0,344.0,343.0,1.0,458.0,451.0,7.0,-38.0,1.0,-5.0,6.0
InferiorInfarction_037,V1,InferiorInfarction,propagated,True,0.0,4.0,-4.0,94.0,126.0,-32.0,192.0,174.0,18.0,280.0,281.0,-1.0,466.0,451.0,15.0,-28.0,19.0,-3.0,16.0
InferiorInfarction_037,V2,InferiorInfarction,reviewed,True,10.0,4.0,6.0,94.0,126.0,-32.0,196.0,174.0,22.0,282.0,283.0,-1.0,466.0,451.0,15.0,-38.0,9.0,-7.0,16.0
InferiorInfarction_037,V3,InferiorInfarction,propagated,True,10.0,4.0,6.0,92.0,126.0,-34.0,204.0,174.0,30.0,290.0,290.0,0.0,372.0,451.0,-79.0,-40.0,-85.0,-109.0,-79.0
InferiorInfarction_037,V4,InferiorInfarction,propagated,True,10.0,4.0,6.0,92.0,126.0,-34.0,210.0,174.0,36.0,300.0,299.0,1.0,346.0,451.0,-105.0,-40.0,-111.0,-141.0,-106.0
InferiorInfarction_037,V5,InferiorInfarction,propagated,True,10.0,4.0,6.0,112.0,126.0,-14.0,226.0,174.0,52.0,332.0,331.0,1.0,532.0,451.0,81.0,-20.0,75.0,29.0,80.0
InferiorInfarction_037,V6,InferiorInfarction,propagated,True,10.0,4.0,6.0,110.0,126.0,-16.0,220.0,174.0,46.0,288.0,287.0,1.0,536.0,451.0,85.0,-22.0,79.0,39.0,84.0
InferiorInfarction_038,I,InferiorInfarction,propagated,True,10.0,3.0,7.0,98.0,85.0,13.0,188.0,88.0,100.0,278.0,279.0,-1.0,538.0,464.0,74.0,6.0,67.0,-26.0,75.0
InferiorInfarction_038,II,InferiorInfarction,propagated,True,10.0,3.0,7.0,98.0,85.0,13.0,182.0,88.0,94.0,284.0,284.0,0.0,532.0,464.0,68.0,6.0,61.0,-26.0,68.0
InferiorInfarction_038,III,InferiorInfarction,propagated,True,10.0,3.0,7.0,94.0,85.0,9.0,178.0,88.0,90.0,288.0,287.0,1.0,470.0,464.0,6.0,2.0,-1.0,-84.0,5.0
InferiorInfarction_038,aVR,InferiorInfarction,propagated,True,10.0,3.0,7.0,106.0,85.0,21.0,186.0,88.0,98.0,282.0,282.0,0.0,542.0,464.0,78.0,14.0,71.0,-20.0,78.0
InferiorInfarction_038,aVL,InferiorInfarction,propagated,True,10.0,3.0,7.0,94.0,85.0,9.0,168.0,88.0,80.0,312.0,311.0,1.0,424.0,464.0,-40.0,2.0,-47.0,-120.0,-41.0
InferiorInfarction_038,aVF,InferiorInfarction,propagated,True,10.0,3.0,7.0,96.0,85.0,11.0,180.0,88.0,92.0,286.0,285.0,1.0,490.0,464.0,26.0,4.0,19.0,-66.0,25.0
InferiorInfarction_038,V1,InferiorInfarction,propagated,True,10.0,3.0,7.0,94.0,85.0,9.0,192.0,88.0,104.0,276.0,275.0,1.0,532.0,464.0,68.0,2.0,61.0,-36.0,67.0
InferiorInfarction_038,V2,InferiorInfarction,propagated,False,10.0,3.0,7.0,74.0,85.0,-11.0,194.0,88.0,106.0,280.0,280.0,0.0,478.0,464.0,14.0,-18.0,7.0,-92.0,14.0
InferiorInfarction_038,V3,InferiorInfarction,propagated,True,10.0,3.0,7.0,92.0,85.0,7.0,204.0,88.0,116.0,286.0,286.0,0.0,466.0,464.0,2.0,0.0,-5.0,-114.0,2.0
InferiorInfarction_038,V4,InferiorInfarction,propagated,True,10.0,3.0,7.0,92.0,85.0,7.0,204.0,88.0,116.0,290.0,290.0,0.0,342.0,464.0,-122.0,0.0,-129.0,-238.0,-122.0
InferiorInfarction_038,V5,InferiorInfarction,reviewed,True,10.0,3.0,7.0,104.0,85.0,19.0,232.0,88.0,144.0,338.0,339.0,-1.0,504.0,464.0,40.0,12.0,33.0,-104.0,41.0
InferiorInfarction_038,V6,InferiorInfarction,propagated,True,10.0,3.0,7.0,106.0,85.0,21.0,246.0,88.0,158.0,338.0,338.0,0.0,544.0,464.0,80.0,14.0,73.0,-78.0,80.0
InferiorInfarction_039,I,InferiorInfarction,propagated,False,10.0,3.0,7.0,84.0,118.0,-34.0,196.0,174.0,22.0,280.0,279.0,1.0,480.0,452.0,28.0,-41.0,21.0,6.0,27.0
InferiorInfarction_039,II,InferiorInfarction,propagated,False,10.0,3.0,7.0,84.0,118.0,-34.0,312.0,174.0,138.0,338.0,338.0,0.0,482.0,452.0,30.0,-41.0,23.0,-108.0,30.0
InferiorInfarction_039,III,InferiorInfarction,propagated,False,10.0,3.0,7.0,78.0,118.0,-40.0,216.0,174.0,42.0,274.0,275.0,-1.0,464.0,452.0,12.0,-47.0,5.0,-30.0,13.0
InferiorInfarction_039,aVR,InferiorInfarction,propagated,False,10.0,3.0,7.0,88.0,118.0,-30.0,280.0,174.0,106.0,338.0,338.0,0.0,518.0,452.0,66.0,-37.0,59.0,-40.0,66.0
InferiorInfarction_039,aVL,InferiorInfarction,propagated,False,10.0,3.0,7.0,82.0,118.0,-36.0,208.0,174.0,34.0,276.0,277.0,-1.0,320.0,452.0,-132.0,-43.0,-139.0,-166.0,-131.0
InferiorInfarction_039,aVF,InferiorInfarction,propagated,False,10.0,3.0,7.0,82.0,118.0,-36.0,236.0,174.0,62.0,338.0,338.0,0.0,476.0,452.0,24.0,-43.0,17.0,-38.0,24.0
InferiorInfarction_039,V1,InferiorInfarction,propagated,False,10.0,3.0,7.0,86.0,118.0,-32.0,198.0,174.0,24.0,276.0,276.0,0.0,486.0,452.0,34.0,-39.0,27.0,10.0,34.0
InferiorInfarction_039,V2,InferiorInfarction,propagated,False,10.0,3.0,7.0,82.0,118.0,-36.0,196.0,174.0,22.0,278.0,278.0,0.0,484.0,452.0,32.0,-43.0,25.0,10.0,32.0
InferiorInfarction_039,V3,InferiorInfarction,reviewed,False,10.0,3.0,7.0,82.0,118.0,-36.0,198.0,174.0,24.0,280.0,280.0,0.0,486.0,452.0,34.0,-43.0,27.0,10.0,34.0
InferiorInfarction_039,V4,InferiorInfarction,propagated,False,10.0,3.0,7.0,80.0,118.0,-38.0,204.0,174.0,30.0,286.0,285.0,1.0,470.0,452.0,18.0,-45.0,11.0,-12.0,17.0
InferiorInfarction_039,V5,InferiorInfarction,propagated,False,10.0,3.0,7.0,88.0,118.0,-30.0,286.0,174.0,112.0,340.0,340.0,0.0,472.0,452.0,20.0,-37.0,13.0,-92.0,20.0
InferiorInfarction_039,V6,InferiorInfarction,propagated,False,10.0,3.0,7.0,88.0,118.0,-30.0,228.0,174.0,54.0,334.0,333.0,1.0,492.0,452.0,40.0,-37.0,33.0,-14.0,39.0
InferiorIschemia_001,I,InferiorIschemia,propagated,False,10.0,3.0,7.0,84.0,82.0,2.0,176.0,118.0,58.0,232.0,231.0,1.0,324.0,334.0,-10.0,-5.0,-17.0,-68.0,-11.0
InferiorIschemia_001,II,InferiorIschemia,propagated,False,10.0,3.0,7.0,86.0,82.0,4.0,156.0,118.0,38.0,238.0,237.0,1.0,352.0,334.0,18.0,-3.0,11.0,-20.0,17.0
InferiorIschemia_001,III,InferiorIschemia,propagated,False,10.0,3.0,7.0,86.0,82.0,4.0,146.0,118.0,28.0,240.0,238.0,2.0,352.0,334.0,18.0,-3.0,11.0,-10.0,16.0
InferiorIschemia_001,aVR,InferiorIschemia,propagated,False,10.0,3.0,7.0,86.0,82.0,4.0,162.0,118.0,44.0,238.0,237.0,1.0,350.0,334.0,16.0,-3.0,9.0,-28.0,15.0
InferiorIschemia_001,aVL,InferiorIschemia,propagated,False,10.0,3.0,7.0,86.0,82.0,4.0,138.0,118.0,20.0,266.0,265.0,1.0,350.0,334.0,16.0,-3.0,9.0,-4.0,15.0
InferiorIschemia_001,aVF,InferiorIschemia,reviewed,False,10.0,3.0,7.0,86.0,82.0,4.0,150.0,118.0,32.0,238.0,238.0,0.0,352.0,334.0,18.0,-3.0,11.0,-14.0,18.0
InferiorIschemia_001,V1,InferiorIschemia,propagated,False,2.0,3.0,-1.0,84.0,82.0,2.0,188.0,118.0,70.0,280.0,280.0,0.0,340.0,334.0,6.0,3.0,7.0,-64.0,6.0
InferiorIschemia_001,V2,InferiorIschemia,propagated,False,10.0,3.0,7.0,88.0,82.0,6.0,188.0,118.0,70.0,278.0,278.0,0.0,346.0,334.0,12.0,-1.0,5.0,-58.0,12.0
InferiorIschemia_001,V3,InferiorIschemia,propagated,False,10.0,3.0,7.0,84.0,82.0,2.0,196.0,118.0,78.0,278.0,277.0,1.0,338.0,334.0,4.0,-5.0,-3.0,-74.0,3.0
InferiorIschemia_001,V4,InferiorIschemia,propagated,False,10.0,3.0,7.0,84.0,82.0,2.0,206.0,118.0,88.0,280.0,281.0,-1.0,330.0,334.0,-4.0,-5.0,-11.0,-92.0,-3.0
InferiorIschemia_001,V5,InferiorIschemia,propagated,False,4.0,3.0,1.0,86.0,82.0,4.0,184.0,118.0,66.0,228.0,228.0,0.0,338.0,334.0,4.0,3.0,3.0,-62.0,4.0
InferiorIschemia_001,V6,InferiorIschemia,propagated,False,10.0,3.0,7.0,90.0,82.0,8.0,100.0,118.0,-18.0,202.0,201.0,1.0,342.0,334.0,8.0,1.0,1.0,26.0,7.0
InferiorIschemia_002,I,InferiorIschemia,reviewed,True,10.0,4.0,6.0,104.0,102.0,2.0,196.0,138.0,58.0,282.0,281.0,1.0,362.0,343.0,19.0,-4.0,13.0,-39.0,18.0
InferiorIschemia_002,II,InferiorIschemia,propagated,True,4.0,4.0,0.0,106.0,102.0,4.0,166.0,138.0,28.0,242.0,243.0,-1.0,372.0,343.0,29.0,4.0,29.0,1.0,30.0
InferiorIschemia_002,III,InferiorIschemia,propagated,True,4.0,4.0,0.0,104.0,102.0,2.0,162.0,138.0,24.0,208.0,207.0,1.0,366.0,343.0,23.0,2.0,23.0,-1.0,22.0
InferiorIschemia_002,aVR,InferiorIschemia,propagated,True,10.0,4.0,6.0,106.0,102.0,4.0,174.0,138.0,36.0,272.0,272.0,0.0,374.0,343.0,31.0,-2.0,25.0,-5.0,31.0
InferiorIschemia_002,aVL,InferiorIschemia,propagated,True,10.0,4.0,6.0,104.0,102.0,2.0,228.0,138.0,90.0,282.0,282.0,0.0,354.0,343.0,11.0,-4.0,5.0,-79.0,11.0
InferiorIschemia_002,aVF,InferiorIschemia,propagated,True,4.0,4.0,0.0,106.0,102.0,4.0,162.0,138.0,24.0,214.0,215.0,-1.0,370.0,343.0,27.0,4.0,27.0,3.0,28.0
InferiorIschemia_002,V1,InferiorIschemia,propagated,True,2.0,4.0,-2.0,106.0,102.0,4.0,206.0,138.0,68.0,288.0,288.0,0.0,348.0,343.0,5.0,6.0,7.0,-63.0,5.0
InferiorIschemia_002,V2,InferiorIschemia,propagated,True,2.0,4.0,-2.0,110.0,102.0,8.0,202.0,138.0,64.0,286.0,287.0,-1.0,354.0,343.0,11.0,10.0,13.0,-53.0,12.0
InferiorIschemia_002,V3,InferiorIschemia,propagated,True,2.0,4.0,-2.0,112.0,102.0,10.0,204.0,138.0,66.0,286.0,286.0,0.0,352.0,343.0,9.0,12.0,11.0,-57.0,9.0
InferiorIschemia_002,V4,InferiorIschemia,propagated,True,10.0,4.0,6.0,112.0,102.0,10.0,208.0,138.0,70.0,286.0,286.0,0.0,370.0,343.0,27.0,4.0,21.0,-43.0,27.0
InferiorIschemia_002,V5,InferiorIschemia,propagated,True,10.0,4.0,6.0,106.0,102.0,4.0,212.0,138.0,74.0,318.0,318.0,0.0,362.0,343.0,19.0,-2.0,13.0,-55.0,19.0
InferiorIschemia_002,V6,InferiorIschemia,propagated,True,4.0,4.0,0.0,132.0,102.0,30.0,142.0,138.0,4.0,172.0,172.0,0.0,362.0,343.0,19.0,30.0,19.0,15.0,19.0
InferiorIschemia_003,I,InferiorIschemia,propagated,True,4.0,4.0,0.0,104.0,87.0,17.0,172.0,113.0,59.0,238.0,236.0,2.0,352.0,338.0,14.0,17.0,14.0,-45.0,12.0
InferiorIschemia_003,II,InferiorIschemia,propagated,False,10.0,4.0,6.0,90.0,87.0,3.0,158.0,113.0,45.0,252.0,252.0,0.0,352.0,338.0,14.0,-3.0,8.0,-31.0,14.0
InferiorIschemia_003,III,InferiorIschemia,propagated,False,10.0,4.0,6.0,90.0,87.0,3.0,160.0,113.0,47.0,284.0,285.0,-1.0,352.0,338.0,14.0,-3.0,8.0,-33.0,15.0
InferiorIschemia_003,aVR,InferiorIschemia,reviewed,False,10.0,4.0,6.0,90.0,87.0,3.0,158.0,113.0,45.0,248.0,247.0,1.0,352.0,338.0,14.0,-3.0,8.0,-31.0,13.0
InferiorIschemia_003,aVL,InferiorIschemia,propagated,True,10.0,4.0,6.0,94.0,87.0,7.0,170.0,113.0,57.0,294.0,293.0,1.0,352.0,338.0,14.0,1.0,8.0,-43.0,13.0
InferiorIschemia_003,aVF,InferiorIschemia,propagated,False,10.0,4.0,6.0,88.0,87.0,1.0,158.0,113.0,45.0,268.0,267.0,1.0,352.0,338.0,14.0,-5.0,8.0,-31.0,13.0
InferiorIschemia_003,V1,InferiorIschemia,propagated,True,0.0,4.0,-4.0,94.0,87.0,7.0,198.0,113.0,85.0,282.0,282.0,0.0,346.0,338.0,8.0,11.0,12.0,-77.0,8.0
InferiorIschemia_003,V2,InferiorIschemia,propagated,False,0.0,4.0,-4.0,90.0,87.0,3.0,198.0,113.0,85.0,282.0,282.0,0.0,348.0,338.0,10.0,7.0,14.0,-75.0,10.0
InferiorIschemia_003,V3,InferiorIschemia,propagated,False,10.0,4.0,6.0,90.0,87.0,3.0,210.0,113.0,97.0,288.0,288.0,0.0,346.0,338.0,8.0,-3.0,2.0,-89.0,8.0
InferiorIschemia_003,V4,InferiorIschemia,propagated,False,10.0,4.0,6.0,90.0,87.0,3.0,224.0,113.0,111.0,294.0,295.0,-1.0,344.0,338.0,6.0,-3.0,0.0,-105.0,7.0
InferiorIschemia_003,V5,InferiorIschemia,propagated,True,10.0,4.0,6.0,110.0,87.0,23.0,174.0,113.0,61.0,226.0,225.0,1.0,346.0,338.0,8.0,17.0,2.0,-53.0,7.0
InferiorIschemia_003,V6,InferiorIschemia,propagated,True,4.0,4.0,0.0,116.0,87.0,29.0,126.0,113.0,13.0,200.0,200.0,0.0,334.0,338.0,-4.0,29.0,-4.0,-17.0,-4.0
InferiorIschemia_004,I,InferiorIschemia,propagated,False,4.0,3.0,1.0,86.0,84.0,2.0,174.0,92.0,82.0,270.0,271.0,-1.0,348.0,350.0,-2.0,1.0,-3.0,-84.0,-1.0
InferiorIschemia_004,II,InferiorIschemia,propagated,False,10.0,3.0,7.0,88.0,84.0,4.0,148.0,92.0,56.0,238.0,236.0,2.0,358.0,350.0,8.0,-3.0,1.0,-48.0,6.0
InferiorIschemia_004,III,InferiorIschemia,propagated,False,10.0,3.0,7.0,88.0,84.0,4.0,134.0,92.0,42.0,170.0,170.0,0.0,354.0,350.0,4.0,-3.0,-3.0,-38.0,4.0
InferiorIschemia_004,aVR,InferiorIschemia,reviewed,True,4.0,3.0,1.0,100.0,84.0,16.0,164.0,92.0,72.0,256.0,255.0,1.0,360.0,350.0,10.0,15.0,9.0,-62.0,9.0
InferiorIschemia_004,aVL,InferiorIschemia,propagated,False,10.0,3.0,7.0,86.0,84.0,2.0,192.0,92.0,100.0,276.0,275.0,1.0,346.0,350.0,-4.0,-5.0,-11.0,-104.0,-5.0
InferiorIschemia_004,aVF,InferiorIschemia,propagated,False,10.0,3.0,7.0,88.0,84.0,4.0,140.0,92.0,48.0,206.0,204.0,2.0,356.0,350.0,6.0,-3.0,-1.0,-42.0,4.0
InferiorIschemia_004,V1,InferiorIschemia,propagated,False,0.0,3.0,-3.0,88.0,84.0,4.0,194.0,92.0,102.0,286.0,287.0,-1.0,350.0,350.0,0.0,7.0,3.0,-102.0,1.0
InferiorIschemia_004,V2,InferiorIschemia,propagated,False,10.0,3.0,7.0,88.0,84.0,4.0,192.0,92.0,100.0,284.0,283.0,1.0,358.0,350.0,8.0,-3.0,1.0,-92.0,7.0
InferiorIschemia_004,V3,InferiorIschemia,propagated,True,4.0,3.0,1.0,96.0,84.0,12.0,106.0,92.0,14.0,136.0,136.0,0.0,346.0,350.0,-4.0,11.0,-5.0,-18.0,-4.0
InferiorIschemia_004,V4,InferiorIschemia,propagated,False,4.0,3.0,1.0,86.0,84.0,2.0,96.0,92.0,4.0,160.0,159.0,1.0,326.0,350.0,-24.0,1.0,-25.0,-28.0,-25.0
InferiorIschemia_004,V5,InferiorIschemia,propagated,False,10.0,3.0,7.0,88.0,84.0,4.0,162.0,92.0,70.0,234.0,92.0,142.0,344.0,350.0,-6.0,-3.0,-13.0,-76.0,-148.0
InferiorIschemia_004,V6,InferiorIschemia,propagated,True,10.0,3.0,7.0,108.0,84.0,24.0,118.0,92.0,26.0,200.0,200.0,0.0,346.0,350.0,-4.0,17.0,-11.0,-30.0,-4.0
InferiorIschemia_005,I,InferiorIschemia,propagated,False,10.0,3.0,7.0,86.0,82.0,4.0,170.0,97.0,73.0,258.0,258.0,0.0,326.0,336.0,-10.0,-3.0,-17.0,-83.0,-10.0
InferiorIschemia_005,II,InferiorIschemia,propagated,False,10.0,3.0,7.0,86.0,82.0,4.0,162.0,97.0,65.0,248.0,248.0,0.0,354.0,336.0,18.0,-3.0,11.0,-47.0,18.0
InferiorIschemia_005,III,InferiorIschemia,reviewed,False,10.0,3.0,7.0,84.0,82.0,2.0,168.0,97.0,71.0,300.0,299.0,1.0,350.0,336.0,14.0,-5.0,7.0,-57.0,13.0
InferiorIschemia_005,aVR,InferiorIschemia,propagated,False,4.0,3.0,1.0,86.0,82.0,4.0,164.0,97.0,67.0,252.0,253.0,-1.0,352.0,336.0,16.0,3.0,15.0,-51.0,17.0
InferiorIschemia_005,aVL,InferiorIschemia,propagated,False,10.0,3.0,7.0,86.0,82.0,4.0,256.0,97.0,159.0,302.0,303.0,-1.0,346.0,336.0,10.0,-3.0,3.0,-149.0,11.0
InferiorIschemia_005,aVF,InferiorIschemia,propagated,False,10.0,3.0,7.0,84.0,82.0,2.0,160.0,97.0,63.0,242.0,242.0,0.0,352.0,336.0,16.0,-5.0,9.0,-47.0,16.0
InferiorIschemia_005,V1,InferiorIschemia,propagated,True,0.0,3.0,-3.0,94.0,82.0,12.0,210.0,97.0,113.0,284.0,285.0,-1.0,346.0,336.0,10.0,15.0,13.0,-103.0,11.0
InferiorIschemia_005,V2,InferiorIschemia,propagated,False,0.0,3.0,-3.0,86.0,82.0,4.0,210.0,97.0,113.0,284.0,284.0,0.0,348.0,336.0,12.0,7.0,15.0,-101.0,12.0
InferiorIschemia_005,V3,InferiorIschemia,propagated,False,10.0,3.0,7.0,84.0,82.0,2.0,218.0,97.0,121.0,286.0,287.0,-1.0,344.0,336.0,8.0,-5.0,1.0,-113.0,9.0
InferiorIschemia_005,V4,InferiorIschemia,propagated,False,10.0,3.0,7.0,90.0,82.0,8.0,232.0,97.0,135.0,294.0,293.0,1.0,344.0,336.0,8.0,1.0,1.0,-127.0,7.0
InferiorIschemia_005,V5,InferiorIschemia,propagated,False,10.0,3.0,7.0,86.0,82.0,4.0,178.0,97.0,81.0,224.0,224.0,0.0,344.0,336.0,8.0,-3.0,1.0,-73.0,8.0
InferiorIschemia_005,V6,InferiorIschemia,propagated,True,10.0,3.0,7.0,98.0,82.0,16.0,108.0,97.0,11.0,204.0,205.0,-1.0,338.0,336.0,2.0,9.0,-5.0,-9.0,3.0
InferiorIschemia_006,I,InferiorIschemia,propagated,False,10.0,3.0,7.0,82.0,79.0,3.0,182.0,101.0,81.0,270.0,269.0,1.0,336.0,332.0,4.0,-4.0,-3.0,-77.0,3.0
InferiorIschemia_006,II,InferiorIschemia,propagated,False,2.0,3.0,-1.0,84.0,79.0,5.0,148.0,101.0,47.0,252.0,251.0,1.0,352.0,332.0,20.0,6.0,21.0,-27.0,19.0
InferiorIschemia_006,III,InferiorIschemia,propagated,False,10.0,3.0,7.0,82.0,79.0,3.0,140.0,101.0,39.0,224.0,223.0,1.0,350.0,332.0,18.0,-4.0,11.0,-21.0,17.0
InferiorIschemia_006,aVR,InferiorIschemia,reviewed,False,2.0,3.0,-1.0,86.0,79.0,7.0,160.0,101.0,59.0,264.0,263.0,1.0,352.0,332.0,20.0,8.0,21.0,-39.0,19.0
InferiorIschemia_006,aVL,InferiorIschemia,propagated,False,10.0,3.0,7.0,80.0,79.0,1.0,146.0,101.0,45.0,172.0,173.0,-1.0,334.0,332.0,2.0,-6.0,-5.0,-43.0,3.0
InferiorIschemia_006,aVF,InferiorIschemia,propagated,False,4.0,3.0,1.0,84.0,79.0,5.0,144.0,101.0,43.0,234.0,235.0,-1.0,352.0,332.0,20.0,4.0,19.0,-23.0,21.0
InferiorIschemia_006,V1,InferiorIschemia,propagated,True,2.0,3.0,-1.0,92.0,79.0,13.0,200.0,101.0,99.0,284.0,283.0,1.0,344.0,332.0,12.0,14.0,13.0,-87.0,11.0
InferiorIschemia_006,V2,InferiorIschemia,propagated,True,2.0,3.0,-1.0,92.0,79.0,13.0,194.0,101.0,93.0,282.0,282.0,0.0,346.0,332.0,14.0,14.0,15.0,-79.0,14.0
InferiorIschemia_006,V3,InferiorIschemia,propagated,False,2.0,3.0,-1.0,86.0,79.0,7.0,198.0,101.0,97.0,280.0,281.0,-1.0,340.0,332.0,8.0,8.0,9.0,-89.0,9.0
InferiorIschemia_006,V4,InferiorIschemia,propagated,False,10.0,3.0,7.0,86.0,79.0,7.0,204.0,101.0,103.0,282.0,281.0,1.0,344.0,332.0,12.0,0.0,5.0,-91.0,11.0
InferiorIschemia_006,V5,InferiorIschemia,propagated,False,10.0,3.0,7.0,82.0,79.0,3.0,156.0,101.0,55.0,236.0,101.0,135.0,332.0,332.0,0.0,-4.0,-7.0,-55.0,-135.0
InferiorIschemia_006,V6,InferiorIschemia,propagated,True,10.0,3.0,7.0,102.0,79.0,23.0,112.0,101.0,11.0,202.0,201.0,1.0,342.0,332.0,10.0,16.0,3.0,-1.0,9.0
InferiorIschemia_007,I,InferiorIschemia,propagated,True,10.0,4.0,6.0,92.0,85.0,7.0,102.0,103.0,-1.0,206.0,205.0,1.0,330.0,333.0,-3.0,1.0,-9.0,-2.0,-4.0
InferiorIschemia_007,II,InferiorIschemia,propagated,False,10.0,4.0,6.0,88.0,85.0,3.0,158.0,103.0,55.0,214.0,213.0,1.0,344.0,333.0,11.0,-3.0,5.0,-44.0,10.0
InferiorIschemia_007,III,InferiorIschemia,reviewed,False,10.0,4.0,6.0,88.0,85.0,3.0,172.0,103.0,69.0,290.0,291.0,-1.0,346.0,333.0,13.0,-3.0,7.0,-56.0,14.0
InferiorIschemia_007,aVR,InferiorIschemia,propagated,True,10.0,4.0,6.0,92.0,85.0,7.0,158.0,103.0,55.0,210.0,210.0,0.0,342.0,333.0,9.0,1.0,3.0,-46.0,9.0
InferiorIschemia_007,aVL,InferiorIschemia,propagated,False,10.0,4.0,6.0,88.0,85.0,3.0,218.0,103.0,115.0,294.0,294.0,0.0,344.0,333.0,11.0,-3.0,5.0,-104.0,11.0
InferiorIschemia_007,aVF,InferiorIschemia,propagated,False,10.0,4.0,6.0,88.0,85.0,3.0,162.0,103.0,59.0,218.0,218.0,0.0,346.0,333.0,13.0,-3.0,7.0,-46.0,13.0
InferiorIschemia_007,V1,InferiorIschemia,propagated,True,10.0,4.0,6.0,92.0,85.0,7.0,206.0,103.0,103.0,280.0,281.0,-1.0,350.0,333.0,17.0,1.0,11.0,-86.0,18.0
InferiorIschemia_007,V2,InferiorIschemia,propagated,True,10.0,4.0,6.0,98.0,85.0,13.0,212.0,103.0,109.0,282.0,282.0,0.0,346.0,333.0,13.0,7.0,7.0,-96.0,13.0
InferiorIschemia_007,V3,InferiorIschemia,propagated,True,10.0,4.0,6.0,92.0,85.0,7.0,226.0,103.0,123.0,286.0,287.0,-1.0,332.0,333.0,-1.0,1.0,-7.0,-124.0,0.0
InferiorIschemia_007,V4,InferiorIschemia,propagated,False,10.0,4.0,6.0,82.0,85.0,-3.0,92.0,103.0,-11.0,194.0,195.0,-1.0,318.0,333.0,-15.0,-9.0,-21.0,-4.0,-14.0
InferiorIschemia_007,V5,InferiorIschemia,propagated,True,10.0,4.0,6.0,98.0,85.0,13.0,108.0,103.0,5.0,206.0,207.0,-1.0,310.0,333.0,-23.0,7.0,-29.0,-28.0,-22.0
InferiorIschemia_007,V6,InferiorIschemia,propagated,True,10.0,4.0,6.0,98.0,85.0,13.0,108.0,103.0,5.0,200.0,201.0,-1.0,326.0,333.0,-7.0,7.0,-13.0,-12.0,-6.0
InferiorIschemia_008,I,InferiorIschemia,reviewed,False,10.0,3.0,7.0,86.0,82.0,4.0,178.0,105.0,73.0,270.0,270.0,0.0,344.0,342.0,2.0,-3.0,-5.0,-71.0,2.0
InferiorIschemia_008,II,InferiorIschemia,propagated,False,10.0,3.0,7.0,86.0,82.0,4.0,150.0,105.0,45.0,234.0,234.0,0.0,348.0,342.0,6.0,-3.0,-1.0,-39.0,6.0
InferiorIschemia_008,III,InferiorIschemia,propagated,False,10.0,3.0,7.0,86.0,82.0,4.0,96.0,105.0,-9.0,158.0,157.0,1.0,342.0,342.0,0.0,-3.0,-7.0,9.0,-1.0
InferiorIschemia_008,aVR,InferiorIschemia,propagated,True,10.0,3.0,7.0,98.0,82.0,16.0,170.0,105.0,65.0,258.0,258.0,0.0,352.0,342.0,10.0,9.0,3.0,-55.0,10.0
InferiorIschemia_008,aVL,InferiorIschemia,propagated,False,10.0,3.0,7.0,86.0,82.0,4.0,190.0,105.0,85.0,276.0,276.0,0.0,328.0,342.0,-14.0,-3.0,-21.0,-99.0,-14.0
InferiorIschemia_008,aVF,InferiorIschemia,propagated,False,10.0,3.0,7.0,86.0,82.0,4.0,96.0,105.0,-9.0,212.0,212.0,0.0,346.0,342.0,4.0,-3.0,-3.0,13.0,4.0
InferiorIschemia_008,V1,InferiorIschemia,propagated,False,2.0,3.0,-1.0,90.0,82.0,8.0,188.0,105.0,83.0,282.0,282.0,0.0,348.0,342.0,6.0,9.0,7.0,-77.0,6.0
InferiorIschemia_008,V2,InferiorIschemia,propagated,False,10.0,3.0,7.0,90.0,82.0,8.0,184.0,105.0,79.0,280.0,280.0,0.0,352.0,342.0,10.0,1.0,3.0,-69.0,10.0
InferiorIschemia_008,V3,InferiorIschemia,propagated,True,10.0,3.0,7.0,96.0,82.0,14.0,186.0,105.0,81.0,278.0,277.0,1.0,328.0,342.0,-14.0,7.0,-21.0,-95.0,-15.0
InferiorIschemia_008,V4,InferiorIschemia,propagated,False,10.0,3.0,7.0,90.0,82.0,8.0,190.0,105.0,85.0,278.0,278.0,0.0,348.0,342.0,6.0,1.0,-1.0,-79.0,6.0
InferiorIschemia_008,V5,InferiorIschemia,propagated,False,10.0,3.0,7.0,86.0,82.0,4.0,182.0,105.0,77.0,222.0,223.0,-1.0,336.0,342.0,-6.0,-3.0,-13.0,-83.0,-5.0
InferiorIschemia_008,V6,InferiorIschemia,propagated,True,4.0,3.0,1.0,106.0,82.0,24.0,116.0,105.0,11.0,202.0,201.0,1.0,340.0,342.0,-2.0,23.0,-3.0,-13.0,-3.0
InferiorIschemia_009,I,InferiorIschemia,reviewed,False,10.0,3.0,7.0,86.0,79.0,7.0,186.0,109.0,77.0,276.0,275.0,1.0,346.0,335.0,11.0,0.0,4.0,-66.0,10.0
InferiorIschemia_009,II,InferiorIschemia,propagated,False,10.0,3.0,7.0,82.0,79.0,3.0,148.0,109.0,39.0,240.0,239.0,1.0,344.0,335.0,9.0,-4.0,2.0,-30.0,8.0
InferiorIschemia_009,III,InferiorIschemia,propagated,False,10.0,3.0,7.0,86.0,79.0,7.0,210.0,109.0,101.0,282.0,282.0,0.0,334.0,335.0,-1.0,0.0,-8.0,-102.0,-1.0
InferiorIschemia_009,aVR,InferiorIschemia,propagated,False,10.0,3.0,7.0,84.0,79.0,5.0,174.0,109.0,65.0,268.0,268.0,0.0,348.0,335.0,13.0,-2.0,6.0,-52.0,13.0
InferiorIschemia_009,aVL,InferiorIschemia,propagated,False,10.0,3.0,7.0,86.0,79.0,7.0,196.0,109.0,87.0,278.0,278.0,0.0,340.0,335.0,5.0,0.0,-2.0,-82.0,5.0
InferiorIschemia_009,aVF,InferiorIschemia,propagated,False,10.0,3.0,7.0,86.0,79.0,7.0,138.0,109.0,29.0,184.0,183.0,1.0,316.0,335.0,-19.0,0.0,-26.0,-48.0,-20.0
InferiorIschemia_009,V1,InferiorIschemia,propagated,False,2.0,3.0,-1.0,86.0,79.0,7.0,210.0,109.0,101.0,284.0,285.0,-1.0,348.0,335.0,13.0,8.0,14.0,-88.0,14.0
InferiorIschemia_009,V2,InferiorIschemia,propagated,False,0.0,3.0,-3.0,86.0,79.0,7.0,200.0,109.0,91.0,284.0,283.0,1.0,350.0,335.0,15.0,10.0,18.0,-76.0,14.0
InferiorIschemia_009,V3,InferiorIschemia,propagated,False,10.0,3.0,7.0,88.0,79.0,9.0,200.0,109.0,91.0,282.0,282.0,0.0,348.0,335.0,13.0,2.0,6.0,-78.0,13.0
InferiorIschemia_009,V4,InferiorIschemia,propagated,True,10.0,3.0,7.0,100.0,79.0,21.0,200.0,109.0,91.0,282.0,282.0,0.0,338.0,335.0,3.0,14.0,-4.0,-88.0,3.0
InferiorIschemia_009,V5,InferiorIschemia,propagated,False,10.0,3.0,7.0,82.0,79.0,3.0,194.0,109.0,85.0,292.0,291.0,1.0,336.0,335.0,1.0,-4.0,-6.0,-84.0,0.0
InferiorIschemia_009,V6,InferiorIschemia,propagated,False,10.0,3.0,7.0,82.0,79.0,3.0,92.0,109.0,-17.0,206.0,206.0,0.0,338.0,335.0,3.0,-4.0,-4.0,20.0,3.0
InferiorIschemia_010,I,InferiorIschemia,propagated,False,10.0,3.0,7.0,86.0,84.0,2.0,178.0,106.0,72.0,268.0,268.0,0.0,332.0,342.0,-10.0,-5.0,-17.0,-82.0,-10.0
InferiorIschemia_010,II,InferiorIschemia,propagated,True,10.0,3.0,7.0,94.0,84.0,10.0,174.0,106.0,68.0,222.0,221.0,1.0,356.0,342.0,14.0,3.0,7.0,-54.0,13.0
InferiorIschemia_010,III,InferiorIschemia,propagated,False,10.0,3.0,7.0,88.0,84.0,4.0,204.0,106.0,98.0,278.0,278.0,0.0,352.0,342.0,10.0,-3.0,3.0,-88.0,10.0
InferiorIschemia_010,aVR,InferiorIschemia,reviewed,True,10.0,3.0,7.0,92.0,84.0,8.0,174.0,106.0,68.0,254.0,254.0,0.0,356.0,342.0,14.0,1.0,7.0,-54.0,14.0
InferiorIschemia_010,aVL,InferiorIschemia,propagated,False,10.0,3.0,7.0,86.0,84.0,2.0,186.0,106.0,80.0,274.0,274.0,0.0,348.0,342.0,6.0,-5.0,-1.0,-74.0,6.0
InferiorIschemia_010,aVF,InferiorIschemia,propagated,True,10.0,3.0,7.0,94.0,84.0,10.0,104.0,106.0,-2.0,142.0,141.0,1.0,354.0,342.0,12.0,3.0,5.0,14.0,11.0
InferiorIschemia_010,V1,InferiorIschemia,propagated,False,0.0,3.0,-3.0,86.0,84.0,2.0,196.0,106.0,90.0,288.0,287.0,1.0,356.0,342.0,14.0,5.0,17.0,-76.0,13.0
InferiorIschemia_010,V2,InferiorIschemia,propagated,False,0.0,3.0,-3.0,86.0,84.0,2.0,192.0,106.0,86.0,284.0,284.0,0.0,362.0,342.0,20.0,5.0,23.0,-66.0,20.0
InferiorIschemia_010,V3,InferiorIschemia,propagated,False,10.0,3.0,7.0,90.0,84.0,6.0,200.0,106.0,94.0,282.0,283.0,-1.0,358.0,342.0,16.0,-1.0,9.0,-78.0,17.0
InferiorIschemia_010,V4,InferiorIschemia,propagated,True,10.0,3.0,7.0,94.0,84.0,10.0,104.0,106.0,-2.0,146.0,146.0,0.0,350.0,342.0,8.0,3.0,1.0,10.0,8.0
InferiorIschemia_010,V5,InferiorIschemia,propagated,False,10.0,3.0,7.0,88.0,84.0,4.0,48.0,106.0,-58.0,128.0,106.0,22.0,338.0,342.0,-4.0,-3.0,-11.0,54.0,-26.0
InferiorIschemia_010,V6,InferiorIschemia,propagated,True,10.0,3.0,7.0,100.0,84.0,16.0,110.0,106.0,4.0,196.0,197.0,-1.0,344.0,342.0,2.0,9.0,-5.0,-2.0,3.0
InferiorIschemia_011,I,InferiorIschemia,propagated,True,4.0,3.0,1.0,98.0,90.0,8.0,108.0,108.0,0.0,256.0,256.0,0.0,366.0,346.0,20.0,7.0,19.0,20.0,20.0
InferiorIschemia_011,II,InferiorIschemia,propagated,True,10.0,3.0,7.0,102.0,90.0,12.0,170.0,108.0,62.0,222.0,221.0,1.0,360.0,346.0,14.0,5.0,7.0,-48.0,13.0
InferiorIschemia_011,III,InferiorIschemia,propagated,True,4.0,3.0,1.0,102.0,90.0,12.0,170.0,108.0,62.0,220.0,220.0,0.0,362.0,346.0,16.0,11.0,15.0,-46.0,16.0
InferiorIschemia_011,aVR,InferiorIschemia,propagated,True,10.0,3.0,7.0,96.0,90.0,6.0,106.0,108.0,-2.0,224.0,224.0,0.0,350.0,346.0,4.0,-1.0,-3.0,6.0,4.0
InferiorIschemia_011,aVL,InferiorIschemia,propagated,True,4.0,3.0,1.0,98.0,90.0,8.0,170.0,108.0,62.0,218.0,219.0,-1.0,362.0,346.0,16.0,7.0,15.0,-46.0,17.0
InferiorIschemia_011,aVF,InferiorIschemia,reviewed,True,10.0,3.0,7.0,102.0,90.0,12.0,168.0,108.0,60.0,220.0,220.0,0.0,360.0,346.0,14.0,5.0,7.0,-46.0,14.0
InferiorIschemia_011,V1,InferiorIschemia,propagated,True,0.0,3.0,-3.0,94.0,90.0,4.0,200.0,108.0,92.0,288.0,288.0,0.0,356.0,346.0,10.0,7.0,13.0,-82.0,10.0
InferiorIschemia_011,V2,InferiorIschemia,propagated,True,0.0,3.0,-3.0,94.0,90.0,4.0,198.0,108.0,90.0,288.0,288.0,0.0,362.0,346.0,16.0,7.0,19.0,-74.0,16.0
InferiorIschemia_011,V3,InferiorIschemia,propagated,True,10.0,3.0,7.0,94.0,90.0,4.0,202.0,108.0,94.0,288.0,289.0,-1.0,362.0,346.0,16.0,-3.0,9.0,-78.0,17.0
InferiorIschemia_011,V4,InferiorIschemia,propagated,True,10.0,3.0,7.0,98.0,90.0,8.0,220.0,108.0,112.0,298.0,298.0,0.0,364.0,346.0,18.0,1.0,11.0,-94.0,18.0
InferiorIschemia_011,V5,InferiorIschemia,propagated,True,10.0,3.0,7.0,98.0,90.0,8.0,108.0,108.0,0.0,242.0,241.0,1.0,352.0,346.0,6.0,1.0,-1.0,6.0,5.0
InferiorIschemia_011,V6,InferiorIschemia,propagated,True,10.0,3.0,7.0,156.0,90.0,66.0,166.0,108.0,58.0,196.0,195.0,1.0,348.0,346.0,2.0,59.0,-5.0,-56.0,1.0
InferiorIschemia_012,I,InferiorIschemia,propagated,True,4.0,4.0,0.0,94.0,99.0,-5.0,194.0,127.0,67.0,280.0,281.0,-1.0,354.0,344.0,10.0,-5.0,10.0,-57.0,11.0
InferiorIschemia_012,II,InferiorIschemia,propagated,True,10.0,4.0,6.0,94.0,99.0,-5.0,148.0,127.0,21.0,230.0,230.0,0.0,368.0,344.0,24.0,-11.0,18.0,3.0,24.0
InferiorIschemia_012,III,InferiorIschemia,propagated,True,10.0,4.0,6.0,92.0,99.0,-7.0,102.0,127.0,-25.0,170.0,171.0,-1.0,362.0,344.0,18.0,-13.0,12.0,43.0,19.0
InferiorIschemia_012,aVR,InferiorIschemia,reviewed,True,4.0,4.0,0.0,100.0,99.0,1.0,172.0,127.0,45.0,270.0,271.0,-1.0,368.0,344.0,24.0,1.0,24.0,-21.0,25.0
InferiorIschemia_012,aVL,InferiorIschemia,propagated,False,10.0,4.0,6.0,90.0,99.0,-9.0,210.0,127.0,83.0,284.0,285.0,-1.0,352.0,344.0,8.0,-15.0,2.0,-75.0,9.0
InferiorIschemia_012,aVF,InferiorIschemia,propagated,True,10.0,4.0,6.0,94.0,99.0,-5.0,104.0,127.0,-23.0,190.0,190.0,0.0,366.0,344.0,22.0,-11.0,16.0,45.0,22.0
InferiorIschemia_012,V1,InferiorIschemia,propagated,True,0.0,4.0,-4.0,94.0,99.0,-5.0,196.0,127.0,69.0,288.0,287.0,1.0,352.0,344.0,8.0,-1.0,12.0,-61.0,7.0
InferiorIschemia_012,V2,InferiorIschemia,propagated,True,10.0,4.0,6.0,94.0,99.0,-5.0,192.0,127.0,65.0,284.0,284.0,0.0,358.0,344.0,14.0,-11.0,8.0,-51.0,14.0
InferiorIschemia_012,V3,InferiorIschemia,propagated,True,4.0,4.0,0.0,104.0,99.0,5.0,196.0,127.0,69.0,282.0,282.0,0.0,372.0,344.0,28.0,5.0,28.0,-41.0,28.0
InferiorIschemia_012,V4,InferiorIschemia,propagated,True,4.0,4.0,0.0,106.0,99.0,7.0,202.0,127.0,75.0,282.0,282.0,0.0,364.0,344.0,20.0,7.0,20.0,-55.0,20.0
InferiorIschemia_012,V5,InferiorIschemia,propagated,True,4.0,4.0,0.0,94.0,99.0,-5.0,104.0,127.0,-23.0,280.0,279.0,1.0,352.0,344.0,8.0,-5.0,8.0,31.0,7.0
InferiorIschemia_012,V6,InferiorIschemia,propagated,True,10.0,4.0,6.0,108.0,99.0,9.0,118.0,127.0,-9.0,158.0,158.0,0.0,354.0,344.0,10.0,3.0,4.0,19.0,10.0
InferiorIschemia_013,I,InferiorIschemia,propagated,True,10.0,4.0,6.0,94.0,87.0,7.0,172.0,98.0,74.0,260.0,259.0,1.0,324.0,341.0,-17.0,1.0,-23.0,-91.0,-18.0
InferiorIschemia_013,II,InferiorIschemia,propagated,False,10.0,4.0,6.0,90.0,87.0,3.0,144.0,98.0,46.0,212.0,211.0,1.0,354.0,341.0,13.0,-3.0,7.0,-33.0,12.0
InferiorIschemia_013,III,InferiorIschemia,propagated,False,10.0,4.0,6.0,88.0,87.0,1.0,142.0,98.0,44.0,188.0,188.0,0.0,352.0,341.0,11.0,-5.0,5.0,-33.0,11.0
InferiorIschemia_013,aVR,InferiorIschemia,propagated,True,10.0,4.0,6.0,94.0,87.0,7.0,150.0,98.0,52.0,222.0,221.0,1.0,354.0,341.0,13.0,1.0,7.0,-39.0,12.0
InferiorIschemia_013,aVL,InferiorIschemia,propagated,False,10.0,4.0,6.0,90.0,87.0,3.0,156.0,98.0,58.0,312.0,312.0,0.0,350.0,341.0,9.0,-3.0,3.0,-49.0,9.0
InferiorIschemia_013,aVF,InferiorIschemia,reviewed,False,10.0,4.0,6.0,90.0,87.0,3.0,144.0,98.0,46.0,202.0,221.0,-19.0,352.0,341.0,11.0,-3.0,5.0,-35.0,30.0
InferiorIschemia_013,V1,InferiorIschemia,propagated,True,0.0,4.0,-4.0,94.0,87.0,7.0,208.0,98.0,110.0,286.0,286.0,0.0,350.0,341.0,9.0,11.0,13.0,-101.0,9.0
InferiorIschemia_013,V2,InferiorIschemia,propagated,False,10.0,4.0,6.0,90.0,87.0,3.0,208.0,98.0,110.0,286.0,286.0,0.0,354.0,341.0,13.0,-3.0,7.0,-97.0,13.0
InferiorIschemia_013,V3,InferiorIschemia,propagated,False,10.0,4.0,6.0,90.0,87.0,3.0,218.0,98.0,120.0,288.0,289.0,-1.0,348.0,341.0,7.0,-3.0,1.0,-113.0,8.0
InferiorIschemia_013,V4,InferiorIschemia,propagated,False,10.0,4.0,6.0,90.0,87.0,3.0,238.0,98.0,140.0,296.0,297.0,-1.0,344.0,341.0,3.0,-3.0,-3.0,-137.0,4.0
InferiorIschemia_013,V5,InferiorIschemia,propagated,True,4.0,4.0,0.0,94.0,87.0,7.0,150.0,98.0,52.0,216.0,215.0,1.0,346.0,341.0,5.0,7.0,5.0,-47.0,4.0
InferiorIschemia_013,V6,InferiorIschemia,propagated,True,4.0,4.0,0.0,100.0,87.0,13.0,110.0,98.0,12.0,196.0,197.0,-1.0,324.0,341.0,-17.0,13.0,-17.0,-29.0,-16.0
InferiorIschemia_014,I,InferiorIschemia,reviewed,False,10.0,4.0,6.0,90.0,83.0,7.0,168.0,101.0,67.0,268.0,267.0,1.0,348.0,334.0,14.0,1.0,8.0,-53.0,13.0
InferiorIschemia_014,II,InferiorIschemia,propagated,False,10.0,4.0,6.0,90.0,83.0,7.0,150.0,101.0,49.0,228.0,226.0,2.0,356.0,334.0,22.0,1.0,16.0,-27.0,20.0
InferiorIschemia_014,III,InferiorIschemia,propagated,False,10.0,4.0,6.0,88.0,83.0,5.0,146.0,101.0,45.0,216.0,214.0,2.0,354.0,334.0,20.0,-1.0,14.0,-25.0,18.0
InferiorIschemia_014,aVR,InferiorIschemia,propagated,False,10.0,4.0,6.0,90.0,83.0,7.0,152.0,101.0,51.0,242.0,240.0,2.0,354.0,334.0,20.0,1.0,14.0,-31.0,18.0
InferiorIschemia_014,aVL,InferiorIschemia,propagated,False,10.0,4.0,6.0,86.0,83.0,3.0,96.0,101.0,-5.0,176.0,175.0,1.0,350.0,334.0,16.0,-3.0,10.0,21.0,15.0
InferiorIschemia_014,aVF,InferiorIschemia,propagated,False,10.0,4.0,6.0,90.0,83.0,7.0,148.0,101.0,47.0,222.0,222.0,0.0,354.0,334.0,20.0,1.0,14.0,-27.0,20.0
InferiorIschemia_014,V1,InferiorIschemia,propagated,False,0.0,4.0,-4.0,90.0,83.0,7.0,204.0,101.0,103.0,284.0,283.0,1.0,342.0,334.0,8.0,11.0,12.0,-95.0,7.0
InferiorIschemia_014,V2,InferiorIschemia,propagated,False,0.0,4.0,-4.0,90.0,83.0,7.0,204.0,101.0,103.0,284.0,283.0,1.0,346.0,334.0,12.0,11.0,16.0,-91.0,11.0
InferiorIschemia_014,V3,InferiorIschemia,propagated,False,10.0,4.0,6.0,86.0,83.0,3.0,208.0,101.0,107.0,286.0,286.0,0.0,346.0,334.0,12.0,-3.0,6.0,-95.0,12.0
InferiorIschemia_014,V4,InferiorIschemia,propagated,False,10.0,4.0,6.0,86.0,83.0,3.0,210.0,101.0,109.0,290.0,291.0,-1.0,346.0,334.0,12.0,-3.0,6.0,-97.0,13.0
InferiorIschemia_014,V5,InferiorIschemia,propagated,False,10.0,4.0,6.0,90.0,83.0,7.0,146.0,101.0,45.0,232.0,231.0,1.0,342.0,334.0,8.0,1.0,2.0,-37.0,7.0
InferiorIschemia_014,V6,InferiorIschemia,propagated,True,4.0,4.0,0.0,96.0,83.0,13.0,106.0,101.0,5.0,206.0,207.0,-1.0,312.0,334.0,-22.0,13.0,-22.0,-27.0,-21.0
InferiorIschemia_015,I,InferiorIschemia,propagated,False,10.0,5.0,5.0,88.0,84.0,4.0,178.0,97.0,81.0,270.0,269.0,1.0,334.0,342.0,-8.0,-1.0,-13.0,-89.0,-9.0
InferiorIschemia_015,II,InferiorIschemia,propagated,False,10.0,5.0,5.0,90.0,84.0,6.0,142.0,97.0,45.0,206.0,205.0,1.0,354.0,342.0,12.0,1.0,7.0,-33.0,11.0
InferiorIschemia_015,III,InferiorIschemia,propagated,False,10.0,5.0,5.0,90.0,84.0,6.0,138.0,97.0,41.0,182.0,181.0,1.0,348.0,342.0,6.0,1.0,1.0,-35.0,5.0
InferiorIschemia_015,aVR,InferiorIschemia,reviewed,False,10.0,5.0,5.0,88.0,84.0,4.0,148.0,97.0,51.0,246.0,244.0,2.0,352.0,342.0,10.0,-1.0,5.0,-41.0,8.0
InferiorIschemia_015,aVL,InferiorIschemia,propagated,False,10.0,5.0,5.0,86.0,84.0,2.0,204.0,97.0,107.0,276.0,276.0,0.0,346.0,342.0,4.0,-3.0,-1.0,-103.0,4.0
InferiorIschemia_015,aVF,InferiorIschemia,propagated,False,10.0,5.0,5.0,90.0,84.0,6.0,140.0,97.0,43.0,194.0,193.0,1.0,350.0,342.0,8.0,1.0,3.0,-35.0,7.0
InferiorIschemia_015,V1,InferiorIschemia,propagated,True,2.0,5.0,-3.0,92.0,84.0,8.0,202.0,97.0,105.0,284.0,284.0,0.0,346.0,342.0,4.0,11.0,7.0,-101.0,4.0
InferiorIschemia_015,V2,InferiorIschemia,propagated,True,10.0,5.0,5.0,98.0,84.0,14.0,200.0,97.0,103.0,282.0,283.0,-1.0,352.0,342.0,10.0,9.0,5.0,-93.0,11.0
InferiorIschemia_015,V3,InferiorIschemia,propagated,True,10.0,5.0,5.0,92.0,84.0,8.0,210.0,97.0,113.0,288.0,287.0,1.0,346.0,342.0,4.0,3.0,-1.0,-109.0,3.0
InferiorIschemia_015,V4,InferiorIschemia,propagated,False,4.0,5.0,-1.0,82.0,84.0,-2.0,232.0,97.0,135.0,300.0,299.0,1.0,348.0,342.0,6.0,-1.0,7.0,-129.0,5.0
InferiorIschemia_015,V5,InferiorIschemia,propagated,False,4.0,5.0,-1.0,88.0,84.0,4.0,186.0,97.0,89.0,214.0,214.0,0.0,346.0,342.0,4.0,5.0,5.0,-85.0,4.0
InferiorIschemia_015,V6,InferiorIschemia,propagated,True,4.0,5.0,-1.0,92.0,84.0,8.0,102.0,97.0,5.0,196.0,195.0,1.0,344.0,342.0,2.0,9.0,3.0,-3.0,1.0
InferiorIschemia_016,I,InferiorIschemia,propagated,False,4.0,3.0,1.0,82.0,79.0,3.0,192.0,88.0,104.0,276.0,276.0,0.0,344.0,342.0,2.0,2.0,1.0,-102.0,2.0
InferiorIschemia_016,II,InferiorIschemia,propagated,True,10.0,3.0,7.0,102.0,79.0,23.0,172.0,88.0,84.0,250.0,249.0,1.0,356.0,342.0,14.0,16.0,7.0,-70.0,13.0
InferiorIschemia_016,III,InferiorIschemia,propagated,False,10.0,3.0,7.0,88.0,79.0,9.0,162.0,88.0,74.0,198.0,198.0,0.0,352.0,342.0,10.0,2.0,3.0,-64.0,10.0
InferiorIschemia_016,aVR,InferiorIschemia,reviewed,False,4.0,3.0,1.0,82.0,79.0,3.0,178.0,88.0,90.0,272.0,272.0,0.0,354.0,342.0,12.0,2.0,11.0,-78.0,12.0
InferiorIschemia_016,aVL,InferiorIschemia,propagated,False,4.0,3.0,1.0,82.0,79.0,3.0,92.0,88.0,4.0,182.0,182.0,0.0,348.0,342.0,6.0,2.0,5.0,2.0,6.0
InferiorIschemia_016,aVF,InferiorIschemia,propagated,True,10.0,3.0,7.0,94.0,79.0,15.0,166.0,88.0,78.0,224.0,225.0,-1.0,354.0,342.0,12.0,8.0,5.0,-66.0,13.0
InferiorIschemia_016,V1,InferiorIschemia,propagated,False,0.0,3.0,-3.0,84.0,79.0,5.0,192.0,88.0,104.0,282.0,282.0,0.0,352.0,342.0,10.0,8.0,13.0,-94.0,10.0
InferiorIschemia_016,V2,InferiorIschemia,propagated,False,10.0,3.0,7.0,90.0,79.0,11.0,192.0,88.0,104.0,282.0,282.0,0.0,358.0,342.0,16.0,4.0,9.0,-88.0,16.0
InferiorIschemia_016,V3,InferiorIschemia,propagated,True,10.0,3.0,7.0,98.0,79.0,19.0,208.0,88.0,120.0,284.0,284.0,0.0,344.0,342.0,2.0,12.0,-5.0,-118.0,2.0
InferiorIschemia_016,V4,InferiorIschemia,propagated,False,10.0,3.0,7.0,86.0,79.0,7.0,96.0,88.0,8.0,198.0,198.0,0.0,334.0,342.0,-8.0,0.0,-15.0,-16.0,-8.0
InferiorIschemia_016,V5,InferiorIschemia,propagated,False,10.0,3.0,7.0,82.0,79.0,3.0,180.0,88.0,92.0,236.0,236.0,0.0,346.0,342.0,4.0,-4.0,-3.0,-88.0,4.0
InferiorIschemia_016,V6,InferiorIschemia,propagated,True,10.0,3.0,7.0,92.0,79.0,13.0,102.0,88.0,14.0,208.0,208.0,0.0,346.0,342.0,4.0,6.0,-3.0,-10.0,4.0
InferiorIschemia_017,I,InferiorIschemia,reviewed,False,10.0,4.0,6.0,88.0,75.0,13.0,186.0,84.0,102.0,270.0,271.0,-1.0,344.0,336.0,8.0,7.0,2.0,-94.0,9.0
InferiorIschemia_017,II,InferiorIschemia,propagated,False,10.0,4.0,6.0,80.0,75.0,5.0,162.0,84.0,78.0,254.0,253.0,1.0,346.0,336.0,10.0,-1.0,4.0,-68.0,9.0
InferiorIschemia_017,III,InferiorIschemia,propagated,False,10.0,4.0,6.0,80.0,75.0,5.0,132.0,84.0,48.0,190.0,190.0,0.0,342.0,336.0,6.0,-1.0,0.0,-42.0,6.0
InferiorIschemia_017,aVR,InferiorIschemia,propagated,False,10.0,4.0,6.0,82.0,75.0,7.0,172.0,84.0,88.0,266.0,266.0,0.0,346.0,336.0,10.0,1.0,4.0,-78.0,10.0
InferiorIschemia_017,aVL,InferiorIschemia,propagated,False,10.0,4.0,6.0,82.0,75.0,7.0,202.0,84.0,118.0,274.0,274.0,0.0,328.0,336.0,-8.0,1.0,-14.0,-126.0,-8.0
InferiorIschemia_017,aVF,InferiorIschemia,propagated,False,10.0,4.0,6.0,80.0,75.0,5.0,160.0,84.0,76.0,210.0,211.0,-1.0,344.0,336.0,8.0,-1.0,2.0,-68.0,9.0
InferiorIschemia_017,V1,InferiorIschemia,propagated,False,10.0,4.0,6.0,88.0,75.0,13.0,200.0,84.0,116.0,284.0,283.0,1.0,346.0,336.0,10.0,7.0,4.0,-106.0,9.0
InferiorIschemia_017,V2,InferiorIschemia,propagated,False,10.0,4.0,6.0,88.0,75.0,13.0,210.0,84.0,126.0,290.0,289.0,1.0,348.0,336.0,12.0,7.0,6.0,-114.0,11.0
InferiorIschemia_017,V3,InferiorIschemia,propagated,False,10.0,4.0,6.0,82.0,75.0,7.0,228.0,84.0,144.0,296.0,296.0,0.0,344.0,336.0,8.0,1.0,2.0,-136.0,8.0
InferiorIschemia_017,V4,InferiorIschemia,propagated,False,10.0,4.0,6.0,82.0,75.0,7.0,224.0,84.0,140.0,296.0,295.0,1.0,344.0,336.0,8.0,1.0,2.0,-132.0,7.0
InferiorIschemia_017,V5,InferiorIschemia,propagated,False,10.0,4.0,6.0,78.0,75.0,3.0,88.0,84.0,4.0,206.0,205.0,1.0,340.0,336.0,4.0,-3.0,-2.0,0.0,3.0
InferiorIschemia_017,V6,InferiorIschemia,propagated,False,10.0,4.0,6.0,88.0,75.0,13.0,98.0,84.0,14.0,198.0,198.0,0.0,334.0,336.0,-2.0,7.0,-8.0,-16.0,-2.0
InferiorIschemia_018,I,InferiorIschemia,propagated,False,10.0,4.0,6.0,90.0,82.0,8.0,186.0,102.0,84.0,276.0,277.0,-1.0,350.0,337.0,13.0,2.0,7.0,-71.0,14.0
InferiorIschemia_018,II,InferiorIschemia,reviewed,False,10.0,4.0,6.0,86.0,82.0,4.0,178.0,102.0,76.0,280.0,279.0,1.0,354.0,337.0,17.0,-2.0,11.0,-59.0,16.0
InferiorIschemia_018,III,InferiorIschemia,propagated,True,4.0,4.0,0.0,98.0,82.0,16.0,168.0,102.0,66.0,302.0,301.0,1.0,354.0,337.0,17.0,16.0,17.0,-49.0,16.0
InferiorIschemia_018,aVR,InferiorIschemia,propagated,False,10.0,4.0,6.0,90.0,82.0,8.0,182.0,102.0,80.0,278.0,278.0,0.0,352.0,337.0,15.0,2.0,9.0,-65.0,15.0
InferiorIschemia_018,aVL,InferiorIschemia,propagated,True,10.0,4.0,6.0,96.0,82.0,14.0,106.0,102.0,4.0,274.0,274.0,0.0,342.0,337.0,5.0,8.0,-1.0,1.0,5.0
InferiorIschemia_018,aVF,InferiorIschemia,propagated,True,10.0,4.0,6.0,108.0,82.0,26.0,178.0,102.0,76.0,282.0,281.0,1.0,354.0,337.0,17.0,20.0,11.0,-59.0,16.0
InferiorIschemia_018,V1,InferiorIschemia,propagated,False,10.0,4.0,6.0,86.0,82.0,4.0,192.0,102.0,90.0,282.0,281.0,1.0,342.0,337.0,5.0,-2.0,-1.0,-85.0,4.0
InferiorIschemia_018,V2,InferiorIschemia,propagated,False,10.0,4.0,6.0,84.0,82.0,2.0,204.0,102.0,102.0,288.0,288.0,0.0,348.0,337.0,11.0,-4.0,5.0,-91.0,11.0
InferiorIschemia_018,V3,InferiorIschemia,propagated,False,4.0,4.0,0.0,78.0,82.0,-4.0,230.0,102.0,128.0,298.0,298.0,0.0,346.0,337.0,9.0,-4.0,9.0,-119.0,9.0
InferiorIschemia_018,V4,InferiorIschemia,propagated,False,10.0,4.0,6.0,86.0,82.0,4.0,220.0,102.0,118.0,296.0,295.0,1.0,346.0,337.0,9.0,-2.0,3.0,-109.0,8.0
InferiorIschemia_018,V5,InferiorIschemia,propagated,False,10.0,4.0,6.0,90.0,82.0,8.0,100.0,102.0,-2.0,244.0,243.0,1.0,350.0,337.0,13.0,2.0,7.0,15.0,12.0
InferiorIschemia_018,V6,InferiorIschemia,propagated,False,10.0,4.0,6.0,90.0,82.0,8.0,100.0,102.0,-2.0,204.0,204.0,0.0,348.0,337.0,11.0,2.0,5.0,13.0,11.0
InferiorIschemia_019,I,InferiorIschemia,reviewed,False,10.0,4.0,6.0,80.0,84.0,-4.0,168.0,92.0,76.0,250.0,250.0,0.0,324.0,345.0,-21.0,-10.0,-27.0,-97.0,-21.0
InferiorIschemia_019,II,InferiorIschemia,propagated,False,10.0,4.0,6.0,86.0,84.0,2.0,164.0,92.0,72.0,214.0,213.0,1.0,344.0,345.0,-1.0,-4.0,-7.0,-73.0,-2.0
InferiorIschemia_019,III,InferiorIschemia,propagated,False,10.0,4.0,6.0,80.0,84.0,-4.0,130.0,92.0,38.0,174.0,92.0,82.0,340.0,345.0,-5.0,-10.0,-11.0,-43.0,-87.0
InferiorIschemia_019,aVR,InferiorIschemia,propagated,False,10.0,4.0,6.0,76.0,84.0,-8.0,166.0,92.0,74.0,216.0,216.0,0.0,338.0,345.0,-7.0,-14.0,-13.0,-81.0,-7.0
InferiorIschemia_019,aVL,InferiorIschemia,propagated,False,10.0,4.0,6.0,80.0,84.0,-4.0,174.0,92.0,82.0,258.0,258.0,0.0,338.0,345.0,-7.0,-10.0,-13.0,-89.0,-7.0
InferiorIschemia_019,aVF,InferiorIschemia,propagated,False,10.0,4.0,6.0,80.0,84.0,-4.0,164.0,92.0,72.0,212.0,212.0,0.0,342.0,345.0,-3.0,-10.0,-9.0,-75.0,-3.0
InferiorIschemia_019,V1,InferiorIschemia,propagated,False,10.0,4.0,6.0,90.0,84.0,6.0,204.0,92.0,112.0,284.0,284.0,0.0,350.0,345.0,5.0,0.0,-1.0,-107.0,5.0
InferiorIschemia_019,V2,InferiorIschemia,propagated,True,4.0,4.0,0.0,116.0,84.0,32.0,214.0,92.0,122.0,284.0,284.0,0.0,350.0,345.0,5.0,32.0,5.0,-117.0,5.0
InferiorIschemia_019,V3,InferiorIschemia,propagated,False,4.0,4.0,0.0,90.0,84.0,6.0,100.0,92.0,8.0,192.0,191.0,1.0,324.0,345.0,-21.0,6.0,-21.0,-29.0,-22.0
InferiorIschemia_019,V4,InferiorIschemia,propagated,False,10.0,4.0,6.0,88.0,84.0,4.0,98.0,92.0,6.0,144.0,143.0,1.0,332.0,345.0,-13.0,-2.0,-19.0,-19.0,-14.0
InferiorIschemia_019,V5,InferiorIschemia,propagated,False,10.0,4.0,6.0,80.0,84.0,-4.0,158.0,92.0,66.0,206.0,206.0,0.0,332.0,345.0,-13.0,-10.0,-19.0,-79.0,-13.0
InferiorIschemia_019,V6,InferiorIschemia,propagated,False,10.0,4.0,6.0,78.0,84.0,-6.0,88.0,92.0,-4.0,204.0,205.0,-1.0,326.0,345.0,-19.0,-12.0,-25.0,-15.0,-18.0
InferiorIschemia_020,I,InferiorIschemia,propagated,False,4.0,4.0,0.0,84.0,86.0,-2.0,172.0,99.0,73.0,212.0,212.0,0.0,322.0,341.0,-19.0,-2.0,-19.0,-92.0,-19.0
InferiorIschemia_020,II,InferiorIschemia,reviewed,False,10.0,4.0,6.0,90.0,86.0,4.0,162.0,99.0,63.0,218.0,218.0,0.0,352.0,341.0,11.0,-2.0,5.0,-52.0,11.0
InferiorIschemia_020,III,InferiorIschemia,propagated,False,10.0,4.0,6.0,88.0,86.0,2.0,154.0,99.0,55.0,302.0,302.0,0.0,350.0,341.0,9.0,-4.0,3.0,-46.0,9.0
InferiorIschemia_020,aVR,InferiorIschemia,propagated,False,10.0,4.0,6.0,90.0,86.0,4.0,166.0,99.0,67.0,214.0,214.0,0.0,350.0,341.0,9.0,-2.0,3.0,-58.0,9.0
InferiorIschemia_020,aVL,InferiorIschemia,propagated,False,4.0,4.0,0.0,84.0,86.0,-2.0,182.0,99.0,83.0,258.0,259.0,-1.0,348.0,341.0,7.0,-2.0,7.0,-76.0,8.0
InferiorIschemia_020,aVF,InferiorIschemia,propagated,False,10.0,4.0,6.0,88.0,86.0,2.0,154.0,99.0,55.0,220.0,218.0,2.0,350.0,341.0,9.0,-4.0,3.0,-46.0,7.0
InferiorIschemia_020,V1,InferiorIschemia,propagated,False,0.0,4.0,-4.0,84.0,86.0,-2.0,188.0,99.0,89.0,282.0,282.0,0.0,350.0,341.0,9.0,2.0,13.0,-80.0,9.0
InferiorIschemia_020,V2,InferiorIschemia,propagated,False,10.0,4.0,6.0,88.0,86.0,2.0,192.0,99.0,93.0,284.0,284.0,0.0,350.0,341.0,9.0,-4.0,3.0,-84.0,9.0
InferiorIschemia_020,V3,InferiorIschemia,propagated,False,10.0,4.0,6.0,76.0,86.0,-10.0,204.0,99.0,105.0,292.0,291.0,1.0,348.0,341.0,7.0,-16.0,1.0,-98.0,6.0
InferiorIschemia_020,V4,InferiorIschemia,propagated,False,10.0,4.0,6.0,82.0,86.0,-4.0,192.0,99.0,93.0,298.0,299.0,-1.0,346.0,341.0,5.0,-10.0,-1.0,-88.0,6.0
InferiorIschemia_020,V5,InferiorIschemia,propagated,False,10.0,4.0,6.0,90.0,86.0,4.0,160.0,99.0,61.0,204.0,204.0,0.0,342.0,341.0,1.0,-2.0,-5.0,-60.0,1.0
InferiorIschemia_020,V6,InferiorIschemia,propagated,False,10.0,4.0,6.0,88.0,86.0,2.0,98.0,99.0,-1.0,200.0,200.0,0.0,322.0,341.0,-19.0,-4.0,-25.0,-18.0,-19.0
InferiorIschemia_021,I,InferiorIschemia,reviewed,False,10.0,3.0,7.0,84.0,71.0,13.0,182.0,78.0,104.0,268.0,268.0,0.0,342.0,333.0,9.0,6.0,2.0,-95.0,9.0
InferiorIschemia_021,II,InferiorIschemia,propagated,False,10.0,3.0,7.0,80.0,71.0,9.0,170.0,78.0,92.0,272.0,272.0,0.0,348.0,333.0,15.0,2.0,8.0,-77.0,15.0
InferiorIschemia_021,III,InferiorIschemia,propagated,False,10.0,3.0,7.0,82.0,71.0,11.0,164.0,78.0,86.0,286.0,285.0,1.0,346.0,333.0,13.0,4.0,6.0,-73.0,12.0
InferiorIschemia_021,aVR,InferiorIschemia,propagated,False,10.0,3.0,7.0,84.0,71.0,13.0,174.0,78.0,96.0,270.0,270.0,0.0,348.0,333.0,15.0,6.0,8.0,-81.0,15.0
InferiorIschemia_021,aVL,InferiorIschemia,propagated,False,10.0,3.0,7.0,82.0,71.0,11.0,162.0,78.0,84.0,304.0,304.0,0.0,342.0,333.0,9.0,4.0,2.0,-75.0,9.0
InferiorIschemia_021,aVF,InferiorIschemia,propagated,False,10.0,3.0,7.0,80.0,71.0,9.0,168.0,78.0,90.0,276.0,276.0,0.0,346.0,333.0,13.0,2.0,6.0,-77.0,13.0
InferiorIschemia_021,V1,InferiorIschemia,propagated,False,10.0,3.0,7.0,74.0,71.0,3.0,206.0,78.0,128.0,286.0,285.0,1.0,330.0,333.0,-3.0,-4.0,-10.0,-131.0,-4.0
InferiorIschemia_021,V2,InferiorIschemia,propagated,False,10.0,3.0,7.0,74.0,71.0,3.0,210.0,78.0,132.0,288.0,287.0,1.0,336.0,333.0,3.0,-4.0,-4.0,-129.0,2.0
InferiorIschemia_021,V3,InferiorIschemia,propagated,False,10.0,3.0,7.0,74.0,71.0,3.0,222.0,78.0,144.0,290.0,291.0,-1.0,338.0,333.0,5.0,-4.0,-2.0,-139.0,6.0
InferiorIschemia_021,V4,InferiorIschemia,propagated,False,10.0,3.0,7.0,74.0,71.0,3.0,220.0,78.0,142.0,290.0,289.0,1.0,338.0,333.0,5.0,-4.0,-2.0,-137.0,4.0
InferiorIschemia_021,V5,InferiorIschemia,propagated,False,10.0,3.0,7.0,78.0,71.0,7.0,160.0,78.0,82.0,242.0,242.0,0.0,342.0,333.0,9.0,0.0,2.0,-73.0,9.0
InferiorIschemia_021,V6,InferiorIschemia,propagated,False,10.0,3.0,7.0,90.0,71.0,19.0,100.0,78.0,22.0,210.0,210.0,0.0,340.0,333.0,7.0,12.0,0.0,-15.0,7.0
InferiorIschemia_022,I,InferiorIschemia,propagated,False,10.0,3.0,7.0,74.0,70.0,4.0,182.0,97.0,85.0,270.0,271.0,-1.0,342.0,331.0,11.0,-3.0,4.0,-74.0,12.0
InferiorIschemia_022,II,InferiorIschemia,reviewed,False,10.0,3.0,7.0,76.0,70.0,6.0,170.0,97.0,73.0,218.0,219.0,-1.0,342.0,331.0,11.0,-1.0,4.0,-62.0,12.0
InferiorIschemia_022,III,InferiorIschemia,propagated,False,10.0,3.0,7.0,74.0,70.0,4.0,166.0,97.0,69.0,210.0,209.0,1.0,338.0,331.0,7.0,-3.0,0.0,-62.0,6.0
InferiorIschemia_022,aVR,InferiorIschemia,propagated,False,10.0,3.0,7.0,76.0,70.0,6.0,172.0,97.0,75.0,248.0,249.0,-1.0,346.0,331.0,15.0,-1.0,8.0,-60.0,16.0
InferiorIschemia_022,aVL,InferiorIschemia,propagated,False,10.0,3.0,7.0,74.0,70.0,4.0,228.0,97.0,131.0,276.0,275.0,1.0,318.0,331.0,-13.0,-3.0,-20.0,-144.0,-14.0
InferiorIschemia_022,aVF,InferiorIschemia,propagated,False,10.0,3.0,7.0,74.0,70.0,4.0,168.0,97.0,71.0,214.0,214.0,0.0,340.0,331.0,9.0,-3.0,2.0,-62.0,9.0
InferiorIschemia_022,V1,InferiorIschemia,propagated,False,10.0,3.0,7.0,76.0,70.0,6.0,234.0,97.0,137.0,286.0,285.0,1.0,336.0,331.0,5.0,-1.0,-2.0,-132.0,4.0
InferiorIschemia_022,V2,InferiorIschemia,propagated,False,10.0,3.0,7.0,72.0,70.0,2.0,222.0,97.0,125.0,282.0,283.0,-1.0,342.0,331.0,11.0,-5.0,4.0,-114.0,12.0
InferiorIschemia_022,V3,InferiorIschemia,propagated,False,10.0,3.0,7.0,72.0,70.0,2.0,222.0,97.0,125.0,284.0,284.0,0.0,344.0,331.0,13.0,-5.0,6.0,-112.0,13.0
InferiorIschemia_022,V4,InferiorIschemia,propagated,False,10.0,3.0,7.0,76.0,70.0,6.0,224.0,97.0,127.0,288.0,288.0,0.0,342.0,331.0,11.0,-1.0,4.0,-116.0,11.0
InferiorIschemia_022,V5,InferiorIschemia,propagated,False,10.0,3.0,7.0,82.0,70.0,12.0,180.0,97.0,83.0,278.0,277.0,1.0,342.0,331.0,11.0,5.0,4.0,-72.0,10.0
InferiorIschemia_022,V6,InferiorIschemia,propagated,False,10.0,3.0,7.0,76.0,70.0,6.0,166.0,97.0,69.0,214.0,213.0,1.0,338.0,331.0,7.0,-1.0,0.0,-62.0,6.0
