record_id,lead,beat_id,disease_class,crop_start,qrs_pattern_pred,order_ok_pred,p_head_prob,seg_emits_p,qrs_anchor,anchor_in_qrs,window_end,read_end,p_onset_pred,p_onset_true,p_onset_err_ms,p_peak_pred,p_peak_true,p_peak_err_ms,p_offset_pred,p_offset_true,p_offset_err_ms,qrs_onset_pred,qrs_onset_true,qrs_onset_err_ms,q_peak_pred,q_peak_true,q_peak_err_ms,r_peak_pred,r_peak_true,r_peak_err_ms,s_peak_pred,s_peak_true,s_peak_err_ms,qrs_offset_pred,qrs_offset_true,qrs_offset_err_ms,t_onset_pred,t_onset_true,t_onset_err_ms,t_peak_pred,t_peak_true,t_peak_err_ms,t_offset_pred,t_offset_true,t_offset_err_ms,qrs_duration_err_ms,qt_interval_err_ms,t_duration_err_ms,t_peak_to_end_err_ms
AnteriorInfarction_003,V3,1,AnteriorInfarction,-606,qR,1,0.0,0,628,1,249,500,,,,,,,,,,2,4,-4.0,8,9,-2.0,31,31,0.0,,,,48,44,8.0,70,49,42.0,162,162,0.0,297,248,98.0,12.0,102.0,56.0,98.0
AnteriorInfarction_003,I,1,AnteriorInfarction,-606,R,1,0.0,0,628,1,249,500,,,,,,,,,,2,4,-4.0,,,,7,25,-36.0,,,,48,44,8.0,75,68,14.0,141,141,0.0,299,251,96.0,12.0,100.0,82.0,96.0
AnteriorInfarction_003,II,1,AnteriorInfarction,-606,R,1,0.0,0,628,1,249,500,,,,,,,,,,2,4,-4.0,,,,10,24,-28.0,,,,47,44,6.0,73,68,10.0,142,143,-2.0,302,252,100.0,10.0,104.0,90.0,102.0
AnteriorInfarction_003,III,1,AnteriorInfarction,-606,RS,1,0.0,0,628,1,249,500,,,,,,,,,,2,4,-4.0,,,,10,17,-14.0,31,31,0.0,47,44,6.0,73,49,48.0,143,143,0.0,304,250,108.0,10.0,112.0,60.0,108.0
AnteriorInfarction_003,aVR,1,AnteriorInfarction,-606,QS,1,0.0,0,628,1,249,500,,,,,,,,,,2,4,-4.0,24,24,0.0,,,,,,,47,44,6.0,72,49,46.0,142,142,0.0,302,180,244.0,10.0,248.0,198.0,244.0
AnteriorInfarction_003,V1,1,AnteriorInfarction,-606,rS,1,0.0,0,628,1,249,500,,,,,,,,,,2,4,-4.0,,20,,6,36,-60.0,20,48,-56.0,48,44,8.0,60,68,-16.0,147,148,-2.0,308,271,74.0,12.0,78.0,90.0,76.0
AnteriorInfarction_003,V2,1,AnteriorInfarction,-606,qRs,1,0.0,0,628,1,249,500,,,,,,,,,,2,4,-4.0,13,14,-2.0,31,31,0.0,48,50,-4.0,48,44,8.0,65,87,-44.0,162,163,-2.0,302,257,90.0,12.0,94.0,134.0,92.0
AnteriorInfarction_003,V4,1,AnteriorInfarction,-606,qR,1,0.0,0,628,1,249,500,,,,,,,,,,2,4,-4.0,8,8,0.0,28,28,0.0,,,,48,44,8.0,73,49,48.0,140,140,0.0,297,220,154.0,12.0,158.0,106.0,154.0
AnteriorInfarction_003,V5,1,AnteriorInfarction,-606,qR,1,0.0,0,628,1,249,500,,,,,,,,,,2,4,-4.0,6,6,0.0,24,24,0.0,,,,48,44,8.0,75,100,-50.0,154,154,0.0,301,278,46.0,12.0,50.0,96.0,46.0
AnteriorInfarction_003,V6,1,AnteriorInfarction,-606,qRs,1,0.0,0,628,1,249,500,,,,,,,,,,2,4,-4.0,6,6,0.0,24,24,0.0,32,32,0.0,48,44,8.0,75,79,-8.0,149,149,0.0,301,227,148.0,12.0,152.0,156.0,148.0
AnteriorInfarction_003,aVL,1,AnteriorInfarction,-606,qR,1,0.0,0,628,1,249,500,,,,,,,,,,2,4,-4.0,14,14,0.0,30,30,0.0,,,,47,44,6.0,73,49,48.0,144,144,0.0,303,250,106.0,10.0,110.0,58.0,106.0
AnteriorInfarction_003,aVF,1,AnteriorInfarction,-606,Rs,1,0.0,0,628,1,249,500,,,,,,,,,,2,4,-4.0,,,,10,24,-28.0,31,31,0.0,49,44,10.0,74,49,50.0,143,143,0.0,302,249,106.0,14.0,110.0,56.0,106.0
AnteriorInfarction_004,V1,1,AnteriorInfarction,-604,rS,1,0.0001,0,637,1,251,500,,,,,,,,,,2,2,0.0,,,,5,6,-2.0,21,21,0.0,45,46,-2.0,50,46,8.0,151,152,-2.0,308,270,76.0,-2.0,76.0,68.0,78.0
AnteriorInfarction_004,I,1,AnteriorInfarction,-604,R,1,0.0003,0,637,1,251,500,,,,,,,,,,2,2,0.0,,,,8,30,-44.0,,51,,48,46,4.0,71,97,-52.0,139,169,-60.0,309,252,114.0,4.0,114.0,166.0,174.0
AnteriorInfarction_004,II,1,AnteriorInfarction,-604,R,1,0.0,0,637,1,251,500,,,,,,,,,,2,2,0.0,,,,20,20,0.0,,,,45,46,-2.0,65,68,-6.0,142,143,-2.0,307,173,268.0,-2.0,268.0,274.0,270.0
AnteriorInfarction_004,III,1,AnteriorInfarction,-604,rS,1,0.0001,0,637,1,251,500,,,,,,,,,,2,2,0.0,,,,5,18,-26.0,34,33,2.0,46,46,0.0,68,51,34.0,147,147,0.0,306,269,74.0,0.0,74.0,40.0,74.0
AnteriorInfarction_004,aVR,1,AnteriorInfarction,-604,QS,1,0.0,0,637,1,251,500,,,,,,,,,,2,2,0.0,29,30,-2.0,,,,,,,46,46,0.0,66,75,-18.0,141,141,0.0,307,251,112.0,0.0,112.0,130.0,112.0
AnteriorInfarction_004,aVL,1,AnteriorInfarction,-604,Rs,1,0.0001,0,637,1,251,500,,,,,,,,,,2,2,0.0,,5,,8,30,-44.0,47,51,-8.0,47,46,2.0,58,100,-84.0,154,154,0.0,307,265,84.0,2.0,84.0,168.0,84.0
AnteriorInfarction_004,aVF,1,AnteriorInfarction,-604,RS,1,0.0,0,637,1,251,500,,,,,,,,,,2,2,0.0,,,,6,19,-26.0,35,36,-2.0,46,46,0.0,70,74,-8.0,144,144,0.0,307,250,114.0,0.0,114.0,122.0,114.0
AnteriorInfarction_004,V2,1,AnteriorInfarction,-604,rS,1,0.0001,0,637,1,251,500,,,,,,,,,,2,2,0.0,,,,4,12,-16.0,26,26,0.0,45,46,-2.0,54,53,2.0,154,155,-2.0,306,262,88.0,-2.0,88.0,86.0,90.0
AnteriorInfarction_004,V3,1,AnteriorInfarction,-604,QR,1,0.0,0,637,1,251,500,,,,,,,,,,2,2,0.0,9,10,-2.0,20,32,-24.0,,,,45,46,-2.0,58,87,-58.0,143,175,-64.0,307,255,104.0,-2.0,104.0,162.0,168.0
AnteriorInfarction_004,V4,1,AnteriorInfarction,-604,R,1,0.0001,0,637,1,251,500,,,,,,,,,,2,2,0.0,,7,,31,31,0.0,,,,46,46,0.0,68,59,18.0,176,170,12.0,306,251,110.0,0.0,110.0,92.0,98.0
AnteriorInfarction_004,V5,1,AnteriorInfarction,-604,R,1,0.0,0,637,1,251,500,,,,,,,,,,2,2,0.0,,7,,26,26,0.0,,,,47,46,2.0,71,94,-46.0,148,148,0.0,307,251,112.0,2.0,112.0,158.0,112.0
AnteriorInfarction_004,V6,1,AnteriorInfarction,-604,Rs,1,0.0,0,637,1,251,500,,,,,,,,,,2,2,0.0,,4,,20,20,0.0,30,31,-2.0,47,46,2.0,77,62,30.0,144,144,0.0,307,251,112.0,2.0,112.0,82.0,112.0
AnteriorInfarction_005,V3,1,AnteriorInfarction,-605,QRs,1,0.0,0,638,1,250,500,,,,,,,,,,2,5,-6.0,8,8,0.0,17,31,-28.0,50,,,50,48,4.0,83,89,-12.0,146,146,0.0,299,266,66.0,10.0,72.0,78.0,66.0
AnteriorInfarction_005,I,1,AnteriorInfarction,-605,R,1,0.0,0,638,1,250,500,,,,,,,,,,2,5,-6.0,,,,10,26,-32.0,,,,50,48,4.0,71,72,-2.0,137,137,0.0,300,250,100.0,10.0,106.0,102.0,100.0
AnteriorInfarction_005,II,1,AnteriorInfarction,-605,R,1,0.0,0,638,1,250,500,,,,,,,,,,2,5,-6.0,,,,16,24,-16.0,,44,,49,48,2.0,70,50,40.0,142,142,0.0,306,267,78.0,8.0,84.0,38.0,78.0
AnteriorInfarction_005,III,1,AnteriorInfarction,-605,RS,1,0.0,0,638,1,250,500,,,,,,,,,,2,5,-6.0,,,,6,17,-22.0,31,31,0.0,50,48,4.0,70,70,0.0,147,148,-2.0,307,234,146.0,10.0,152.0,146.0,148.0
AnteriorInfarction_005,aVR,1,AnteriorInfarction,-605,QS,1,0.0,0,638,1,250,500,,,,,,,,,,3,5,-4.0,24,24,0.0,,,,,,,49,48,2.0,70,66,8.0,140,140,0.0,301,255,92.0,6.0,96.0,84.0,92.0
AnteriorInfarction_005,aVL,1,AnteriorInfarction,-605,qrS,1,0.0,0,638,1,250,500,,,,,,,,,,2,5,-6.0,5,18,-26.0,8,31,-46.0,17,,,50,48,4.0,69,50,38.0,153,153,0.0,304,263,82.0,10.0,88.0,44.0,82.0
AnteriorInfarction_005,aVF,1,AnteriorInfarction,-605,R,1,0.0,0,638,1,250,500,,,,,,,,,,2,5,-6.0,,,,16,24,-16.0,,38,,50,48,4.0,71,52,38.0,144,144,0.0,307,262,90.0,10.0,96.0,52.0,90.0
AnteriorInfarction_005,V1,1,AnteriorInfarction,-605,rS,1,0.0,0,638,1,250,500,,,,,,,,,,2,5,-6.0,,23,,5,33,-56.0,23,48,-50.0,50,48,4.0,66,100,-68.0,137,137,0.0,310,269,82.0,10.0,88.0,150.0,82.0
AnteriorInfarction_005,V2,1,AnteriorInfarction,-605,qRs,1,0.0,0,638,1,250,500,,,,,,,,,,2,5,-6.0,22,22,0.0,31,31,0.0,50,53,-6.0,50,48,4.0,70,87,-34.0,142,142,0.0,304,274,60.0,10.0,66.0,94.0,60.0
AnteriorInfarction_005,V4,1,AnteriorInfarction,-605,qR,1,0.0,0,638,1,250,500,,,,,,,,,,2,5,-6.0,8,8,0.0,29,29,0.0,,,,50,48,4.0,75,58,34.0,144,145,-2.0,298,263,70.0,10.0,76.0,36.0,72.0
AnteriorInfarction_005,V5,1,AnteriorInfarction,-605,qR,1,0.0,0,638,1,250,500,,,,,,,,,,2,5,-6.0,6,7,-2.0,24,25,-2.0,,,,49,48,2.0,72,101,-58.0,146,172,-52.0,301,254,94.0,8.0,100.0,152.0,146.0
AnteriorInfarction_005,V6,1,AnteriorInfarction,-605,R,1,0.0,0,638,1,250,500,,,,,,,,,,2,5,-6.0,,,,21,22,-2.0,,,,49,48,2.0,71,52,38.0,143,143,0.0,301,263,76.0,8.0,82.0,38.0,76.0
AnteriorInfarction_006,V5,1,AnteriorInfarction,-611,R,1,0.0,0,627,1,244,500,,,,,,,,,,2,2,0.0,,,,26,26,0.0,,,,43,43,0.0,71,98,-54.0,169,169,0.0,302,259,86.0,0.0,86.0,140.0,86.0
AnteriorInfarction_006,I,1,AnteriorInfarction,-611,R,1,0.0,0,627,1,244,500,,,,,,,,,,2,2,0.0,,,,8,29,-42.0,,48,,44,43,2.0,69,102,-66.0,168,168,0.0,305,255,100.0,2.0,100.0,166.0,100.0
AnteriorInfarction_006,II,1,AnteriorInfarction,-611,R,1,0.0,0,627,1,244,500,,,,,,,,,,2,2,0.0,,,,10,25,-30.0,,,,44,43,2.0,71,69,4.0,140,141,-2.0,303,259,88.0,2.0,88.0,84.0,90.0
AnteriorInfarction_006,III,1,AnteriorInfarction,-611,RS,1,0.0,0,627,1,244,500,,,,,,,,,,2,2,0.0,,,,10,10,0.0,29,29,0.0,44,43,2.0,69,50,38.0,142,142,0.0,300,248,104.0,2.0,104.0,66.0,104.0
AnteriorInfarction_006,aVR,1,AnteriorInfarction,-611,QS,1,0.0,0,627,1,244,500,,,,,,,,,,2,2,0.0,25,25,0.0,,,,,,,44,43,2.0,69,62,14.0,140,140,0.0,304,253,102.0,2.0,102.0,88.0,102.0
AnteriorInfarction_006,aVL,1,AnteriorInfarction,-611,qRs,1,0.0,0,627,1,244,500,,,,,,,,,,2,2,0.0,10,10,0.0,23,29,-12.0,44,,,44,43,2.0,69,91,-44.0,146,146,0.0,303,254,98.0,2.0,98.0,142.0,98.0
AnteriorInfarction_006,aVF,1,AnteriorInfarction,-611,Rs,1,0.0,0,627,1,244,500,,,,,,,,,,2,2,0.0,,,,10,10,0.0,29,29,0.0,44,43,2.0,72,50,44.0,141,141,0.0,300,252,96.0,2.0,96.0,52.0,96.0
AnteriorInfarction_006,V1,1,AnteriorInfarction,-611,rS,1,0.0,0,627,1,244,500,,,,,,,,,,2,2,0.0,,,,9,9,0.0,23,24,-2.0,43,43,0.0,51,54,-6.0,148,148,0.0,304,266,76.0,0.0,76.0,82.0,76.0
AnteriorInfarction_006,V2,1,AnteriorInfarction,-611,rS,1,0.0,0,627,1,244,500,,,,,,,,,,2,2,0.0,,,,10,11,-2.0,21,21,0.0,43,43,0.0,53,48,10.0,143,143,0.0,301,267,68.0,0.0,68.0,58.0,68.0
AnteriorInfarction_006,V3,1,AnteriorInfarction,-611,RS,1,0.0,0,627,1,244,500,,,,,,,,,,2,2,0.0,,,,11,11,0.0,20,21,-2.0,43,43,0.0,57,70,-26.0,158,158,0.0,300,243,114.0,0.0,114.0,140.0,114.0
AnteriorInfarction_006,V4,1,AnteriorInfarction,-611,RS,1,0.0,0,627,1,244,500,,,,,,,,,,2,2,0.0,,19,,11,27,-32.0,19,,,43,43,0.0,69,93,-48.0,154,154,0.0,301,248,106.0,0.0,106.0,154.0,106.0
AnteriorInfarction_006,V6,1,AnteriorInfarction,-611,R,1,0.0,0,627,1,244,500,,,,,,,,,,2,2,0.0,,5,,22,22,0.0,,,,43,43,0.0,73,72,2.0,147,147,0.0,302,247,110.0,0.0,110.0,108.0,110.0
AnteriorInfarction_007,V3,1,AnteriorInfarction,-608,qR,1,0.0,0,637,1,247,500,,,,,,,,,,2,3,-2.0,9,9,0.0,27,27,0.0,,,,47,43,8.0,66,50,32.0,141,142,-2.0,290,262,56.0,10.0,58.0,24.0,58.0
AnteriorInfarction_007,I,1,AnteriorInfarction,-608,qR,1,0.0,0,637,1,247,500,,,,,,,,,,2,3,-2.0,11,11,0.0,23,23,0.0,,,,48,43,10.0,70,48,44.0,165,165,0.0,291,250,82.0,12.0,84.0,38.0,82.0
AnteriorInfarction_007,II,1,AnteriorInfarction,-608,R,1,0.0,0,637,1,247,500,,,,,,,,,,2,3,-2.0,,,,18,22,-8.0,,,,47,43,8.0,68,70,-4.0,141,141,0.0,294,170,248.0,10.0,250.0,252.0,248.0
AnteriorInfarction_007,III,1,AnteriorInfarction,-608,Rs,1,0.0,0,637,1,247,500,,,,,,,,,,2,3,-2.0,,,,14,14,0.0,29,29,0.0,47,43,8.0,69,50,38.0,141,141,0.0,297,251,92.0,10.0,94.0,54.0,92.0
AnteriorInfarction_007,aVR,1,AnteriorInfarction,-608,QS,1,0.0,0,637,1,247,500,,,,,,,,,,2,3,-2.0,23,23,0.0,,,,,,,48,43,10.0,67,70,-6.0,141,141,0.0,292,250,84.0,12.0,86.0,90.0,84.0
AnteriorInfarction_007,aVL,1,AnteriorInfarction,-608,QRs,1,0.0,0,637,1,247,500,,,,,,,,,,2,3,-2.0,11,11,0.0,23,28,-10.0,47,,,47,43,8.0,68,94,-52.0,141,142,-2.0,295,250,90.0,10.0,92.0,142.0,92.0
AnteriorInfarction_007,aVF,1,AnteriorInfarction,-608,R,1,0.0,0,637,1,247,500,,,,,,,,,,2,3,-2.0,,,,17,17,0.0,,31,,47,43,8.0,70,70,0.0,141,141,0.0,296,262,68.0,10.0,70.0,68.0,68.0
AnteriorInfarction_007,V1,1,AnteriorInfarction,-608,rS,1,0.0,0,637,1,247,500,,,,,,,,,,2,3,-2.0,,22,,4,33,-58.0,21,,,46,43,6.0,51,48,6.0,149,149,0.0,300,269,62.0,8.0,64.0,56.0,62.0
AnteriorInfarction_007,V2,1,AnteriorInfarction,-608,qR,1,0.0,0,637,1,247,500,,,,,,,,,,2,3,-2.0,10,10,0.0,28,29,-2.0,,,,46,43,6.0,58,87,-58.0,142,143,-2.0,297,269,56.0,8.0,58.0,114.0,58.0
AnteriorInfarction_007,V5,1,AnteriorInfarction,-608,qR,1,0.0,0,637,1,247,500,,,,,,,,,,2,3,-2.0,7,7,0.0,21,21,0.0,,,,47,43,8.0,71,78,-14.0,145,145,0.0,290,168,244.0,10.0,246.0,258.0,244.0
AnteriorInfarction_007,V6,1,AnteriorInfarction,-608,qR,1,0.0,0,637,1,247,500,,,,,,,,,,2,3,-2.0,6,7,-2.0,21,21,0.0,,,,47,43,8.0,73,50,46.0,145,145,0.0,293,257,72.0,10.0,74.0,26.0,72.0
AnteriorInfarction_007,V4,1,AnteriorInfarction,-608,qR,1,0.0,0,637,1,247,500,,,,,,,,,,2,3,-2.0,9,9,0.0,25,25,0.0,,,,47,43,8.0,70,50,40.0,140,140,0.0,292,265,54.0,10.0,56.0,14.0,54.0
AnteriorInfarction_008,V2,1,AnteriorInfarction,-610,rS,1,0.0001,0,637,1,245,500,,,,,,,,,,2,2,0.0,,,,6,7,-2.0,23,24,-2.0,43,46,-6.0,50,52,-4.0,144,144,0.0,306,254,104.0,-6.0,104.0,108.0,104.0
AnteriorInfarction_008,I,1,AnteriorInfarction,-610,R,1,0.0001,0,637,1,245,500,,,,,,,,,,2,2,0.0,,,,28,28,0.0,,,,45,46,-2.0,73,100,-54.0,166,167,-2.0,309,252,114.0,-2.0,114.0,168.0,116.0
AnteriorInfarction_008,II,1,AnteriorInfarction,-610,R,1,0.0,0,637,1,245,500,,,,,,,,,,2,2,0.0,,,,24,25,-2.0,,,,44,46,-4.0,71,68,6.0,143,143,0.0,310,246,128.0,-4.0,128.0,122.0,128.0
AnteriorInfarction_008,III,1,AnteriorInfarction,-610,rS,1,0.0,0,637,1,245,500,,,,,,,,,,2,2,0.0,,,,10,18,-16.0,30,30,0.0,45,46,-2.0,72,52,40.0,147,147,0.0,307,250,114.0,-2.0,114.0,74.0,114.0
AnteriorInfarction_008,aVR,1,AnteriorInfarction,-610,QS,1,0.0001,0,637,1,245,500,,,,,,,,,,2,2,0.0,25,25,0.0,,,,,,,43,46,-6.0,73,62,22.0,141,141,0.0,309,263,92.0,-6.0,92.0,70.0,92.0
AnteriorInfarction_008,aVF,1,AnteriorInfarction,-610,RS,1,0.0,0,637,1,245,500,,,,,,,,,,2,2,0.0,,,,10,19,-18.0,30,31,-2.0,44,46,-4.0,75,52,46.0,144,145,-2.0,308,252,112.0,-4.0,112.0,66.0,114.0
AnteriorInfarction_008,V3,1,AnteriorInfarction,-610,qR,1,0.0001,0,637,1,245,500,,,,,,,,,,2,2,0.0,12,12,0.0,27,27,0.0,,,,44,46,-4.0,54,52,4.0,157,157,0.0,305,267,76.0,-4.0,76.0,72.0,76.0
AnteriorInfarction_008,V4,1,AnteriorInfarction,-610,qR,1,0.0,0,637,1,245,500,,,,,,,,,,2,2,0.0,10,10,0.0,26,26,0.0,,,,44,46,-4.0,66,100,-68.0,157,157,0.0,308,246,124.0,-4.0,124.0,192.0,124.0
AnteriorInfarction_008,V5,1,AnteriorInfarction,-610,qR,1,0.0,0,637,1,245,500,,,,,,,,,,2,2,0.0,8,8,0.0,25,25,0.0,,,,44,46,-4.0,77,100,-46.0,168,168,0.0,308,251,114.0,-4.0,114.0,160.0,114.0
AnteriorInfarction_008,V6,1,AnteriorInfarction,-610,qR,1,0.0,0,637,1,245,500,,,,,,,,,,2,2,0.0,7,7,0.0,23,23,0.0,,,,44,46,-4.0,80,75,10.0,146,146,0.0,307,246,122.0,-4.0,122.0,112.0,122.0
AnteriorInfarction_008,aVL,1,AnteriorInfarction,-610,qR,1,0.0,0,637,1,245,500,,,,,,,,,,2,2,0.0,16,17,-2.0,29,29,0.0,,,,44,46,-4.0,72,52,40.0,152,153,-2.0,309,261,96.0,-4.0,96.0,56.0,98.0
AnteriorInfarction_008,V1,1,AnteriorInfarction,-610,rS,1,0.0002,0,637,1,245,500,,,,,,,,,,2,2,0.0,,,,7,8,-2.0,24,24,0.0,42,46,-8.0,47,52,-10.0,146,146,0.0,309,262,94.0,-8.0,94.0,104.0,94.0
AnteriorInfarction_009,V1,1,AnteriorInfarction,-612,rS,1,0.0,0,640,1,243,500,,,,,,,,,,1,2,-2.0,,,,5,9,-8.0,24,24,0.0,45,49,-8.0,50,54,-8.0,160,160,0.0,296,250,92.0,-6.0,94.0,100.0,92.0
AnteriorInfarction_009,I,1,AnteriorInfarction,-612,R,1,0.0,0,640,1,243,500,,,,,,,,,,1,2,-2.0,,,,27,27,0.0,,,,45,49,-8.0,77,99,-44.0,168,168,0.0,305,251,108.0,-6.0,110.0,152.0,108.0
AnteriorInfarction_009,II,1,AnteriorInfarction,-612,R,1,0.0,0,640,1,243,500,,,,,,,,,,1,2,-2.0,,,,10,25,-30.0,,35,,45,49,-8.0,76,71,10.0,142,142,0.0,297,248,98.0,-6.0,100.0,88.0,98.0
AnteriorInfarction_009,III,1,AnteriorInfarction,-612,rS,1,0.0,0,640,1,243,500,,,,,,,,,,1,2,-2.0,,,,5,6,-2.0,29,30,-2.0,45,49,-8.0,74,92,-36.0,143,143,0.0,295,252,86.0,-6.0,88.0,122.0,86.0
AnteriorInfarction_009,aVR,1,AnteriorInfarction,-612,QS,1,0.0,0,640,1,243,500,,,,,,,,,,1,2,-2.0,26,26,0.0,,,,,,,45,49,-8.0,75,64,22.0,142,142,0.0,298,251,94.0,-6.0,96.0,72.0,94.0
AnteriorInfarction_009,aVL,1,AnteriorInfarction,-612,R,1,0.0,0,640,1,243,500,,,,,,,,,,1,2,-2.0,,,,29,29,0.0,,,,45,49,-8.0,74,96,-44.0,167,167,0.0,299,248,102.0,-6.0,104.0,146.0,102.0
AnteriorInfarction_009,aVF,1,AnteriorInfarction,-612,rS,1,0.0,0,640,1,243,500,,,,,,,,,,1,2,-2.0,,,,9,17,-16.0,30,30,0.0,45,49,-8.0,80,87,-14.0,143,143,0.0,295,243,104.0,-6.0,106.0,118.0,104.0
AnteriorInfarction_009,V2,1,AnteriorInfarction,-612,rS,1,0.0,0,640,1,243,500,,,,,,,,,,1,2,-2.0,,,,5,8,-6.0,22,22,0.0,45,49,-8.0,50,54,-8.0,140,140,0.0,297,250,94.0,-6.0,96.0,102.0,94.0
AnteriorInfarction_009,V3,1,AnteriorInfarction,-612,rS,1,0.0,0,640,1,243,500,,,,,,,,,,1,2,-2.0,,,,8,8,0.0,21,22,-2.0,44,49,-10.0,56,56,0.0,138,138,0.0,297,222,150.0,-8.0,152.0,150.0,150.0
AnteriorInfarction_009,V4,1,AnteriorInfarction,-612,RS,1,0.0,0,640,1,243,500,,,,,,,,,,1,2,-2.0,,21,,8,28,-40.0,21,,,45,49,-8.0,72,64,16.0,138,138,0.0,299,246,106.0,-6.0,108.0,90.0,106.0
AnteriorInfarction_009,V5,1,AnteriorInfarction,-612,R,1,0.0,0,640,1,243,500,,,,,,,,,,1,2,-2.0,,,,26,26,0.0,,,,44,49,-10.0,79,81,-4.0,144,145,-2.0,299,170,258.0,-8.0,260.0,262.0,260.0
AnteriorInfarction_009,V6,1,AnteriorInfarction,-612,Rs,1,0.0,0,640,1,243,500,,,,,,,,,,1,2,-2.0,,,,22,22,0.0,34,34,0.0,44,49,-10.0,82,70,24.0,145,146,-2.0,299,237,124.0,-8.0,126.0,100.0,126.0
AnteriorInfarction_010,V2,1,AnteriorInfarction,-607,rS,1,0.0011,0,636,1,248,500,,,,,,,,,,2,2,0.0,,,,4,4,0.0,22,23,-2.0,50,46,8.0,51,48,6.0,153,153,0.0,313,292,42.0,8.0,42.0,36.0,42.0
AnteriorInfarction_010,I,1,AnteriorInfarction,-607,R,1,0.0001,0,636,1,248,500,,,,,,,,,,2,2,0.0,,,,10,30,-40.0,,,,50,46,8.0,68,93,-50.0,165,165,0.0,320,252,136.0,8.0,136.0,186.0,136.0
AnteriorInfarction_010,II,1,AnteriorInfarction,-607,R,1,0.0001,0,636,1,248,500,,,,,,,,,,2,2,0.0,,,,8,21,-26.0,,,,51,46,10.0,67,76,-18.0,143,143,0.0,317,271,92.0,10.0,92.0,110.0,92.0
AnteriorInfarction_010,III,1,AnteriorInfarction,-607,rS,1,0.0002,0,636,1,248,500,,,,,,,,,,2,2,0.0,,,,6,19,-26.0,32,32,0.0,50,46,8.0,70,83,-26.0,148,148,0.0,316,251,130.0,8.0,130.0,156.0,130.0
AnteriorInfarction_010,aVR,1,AnteriorInfarction,-607,QS,1,0.0,0,636,1,248,500,,,,,,,,,,2,2,0.0,28,29,-2.0,,,,,,,50,46,8.0,66,70,-8.0,141,141,0.0,320,253,134.0,8.0,134.0,142.0,134.0
AnteriorInfarction_010,aVL,1,AnteriorInfarction,-607,qRS,1,0.0001,0,636,1,248,500,,,,,,,,,,2,2,0.0,5,6,-2.0,10,32,-44.0,50,,,50,46,8.0,66,98,-64.0,154,155,-2.0,319,252,134.0,8.0,134.0,198.0,136.0
AnteriorInfarction_010,aVF,1,AnteriorInfarction,-607,RS,1,0.0,0,636,1,248,500,,,,,,,,,,2,2,0.0,,,,7,20,-26.0,33,33,0.0,50,46,8.0,71,72,-2.0,145,145,0.0,319,251,136.0,8.0,136.0,138.0,136.0
AnteriorInfarction_010,V3,1,AnteriorInfarction,-607,QR,1,0.0005,0,636,1,248,500,,,,,,,,,,2,2,0.0,20,21,-2.0,31,32,-2.0,,,,51,46,10.0,52,96,-88.0,141,141,0.0,317,277,80.0,10.0,80.0,168.0,80.0
AnteriorInfarction_010,V4,1,AnteriorInfarction,-607,qR,1,0.0002,0,636,1,248,500,,,,,,,,,,2,2,0.0,11,11,0.0,28,29,-2.0,,,,50,46,8.0,59,53,12.0,142,142,0.0,319,262,114.0,8.0,114.0,102.0,114.0
AnteriorInfarction_010,V6,1,AnteriorInfarction,-607,Rs,1,0.0001,0,636,1,248,500,,,,,,,,,,2,2,0.0,,,,20,20,0.0,27,28,-2.0,51,46,10.0,71,74,-6.0,144,144,0.0,316,273,86.0,10.0,86.0,92.0,86.0
AnteriorInfarction_010,V1,1,AnteriorInfarction,-607,rS,1,0.0004,0,636,1,248,500,,,,,,,,,,2,2,0.0,,,,4,4,0.0,21,22,-2.0,50,46,8.0,51,47,8.0,151,151,0.0,317,269,96.0,8.0,96.0,88.0,96.0
AnteriorInfarction_010,V5,1,AnteriorInfarction,-607,qR,1,0.0,0,636,1,248,500,,,,,,,,,,2,2,0.0,7,7,0.0,24,24,0.0,,,,50,46,8.0,59,98,-78.0,148,148,0.0,320,251,138.0,8.0,138.0,216.0,138.0
AnteriorIschemia_001,V3,1,AnteriorIschemia,-613,qR,1,0.0007,0,638,1,242,500,,,,,,,,,,2,2,0.0,8,8,0.0,24,25,-2.0,,,,50,55,-10.0,51,72,-42.0,112,112,0.0,178,167,22.0,-10.0,22.0,64.0,22.0
AnteriorIschemia_001,I,1,AnteriorIschemia,-613,RS,1,0.0002,0,638,1,242,500,,,,,,,,,,2,2,0.0,,12,,7,23,-32.0,12,,,49,55,-12.0,50,55,-10.0,164,136,56.0,179,172,14.0,-12.0,14.0,24.0,-42.0
AnteriorIschemia_001,II,1,AnteriorIschemia,-613,R,1,0.0001,0,638,1,242,500,,,,,,,,,,2,2,0.0,,,,16,23,-14.0,,,,49,55,-12.0,70,64,12.0,142,142,0.0,182,175,14.0,-12.0,14.0,2.0,14.0
AnteriorIschemia_001,III,1,AnteriorIschemia,-613,R,1,0.0004,0,638,1,242,500,,,,,,,,,,2,2,0.0,,,,5,22,-34.0,,62,,50,55,-10.0,57,86,-58.0,144,144,0.0,184,200,-32.0,-10.0,-32.0,26.0,-32.0
AnteriorIschemia_001,aVR,1,AnteriorIschemia,-613,QS,1,0.0001,0,638,1,242,500,,,,,,,,,,2,2,0.0,22,23,-2.0,,,,,,,49,55,-12.0,68,76,-16.0,141,141,0.0,183,172,22.0,-12.0,22.0,38.0,22.0
AnteriorIschemia_001,aVL,1,AnteriorIschemia,-613,qrS,1,0.0002,0,638,1,242,500,,,,,,,,,,2,2,0.0,4,14,-20.0,6,26,-40.0,14,34,-40.0,49,55,-12.0,50,98,-96.0,146,147,-2.0,184,178,12.0,-12.0,12.0,108.0,14.0
AnteriorIschemia_001,aVF,1,AnteriorIschemia,-613,R,1,0.0002,0,638,1,242,500,,,,,,,,,,2,2,0.0,,,,16,22,-12.0,,,,50,55,-10.0,70,68,4.0,143,143,0.0,183,171,24.0,-10.0,24.0,20.0,24.0
AnteriorIschemia_001,V1,1,AnteriorIschemia,-613,rS,1,0.0003,0,638,1,242,500,,,,,,,,,,2,2,0.0,,,,7,7,0.0,20,19,2.0,48,55,-14.0,49,55,-12.0,135,135,0.0,177,171,12.0,-14.0,12.0,24.0,12.0
AnteriorIschemia_001,V2,1,AnteriorIschemia,-613,rS,1,0.0005,0,638,1,242,500,,,,,,,,,,2,2,0.0,,19,,4,,,19,,,49,55,-12.0,50,55,-10.0,129,129,0.0,178,168,20.0,-12.0,20.0,30.0,20.0
AnteriorIschemia_001,V4,1,AnteriorIschemia,-613,qR,1,0.0005,0,638,1,242,500,,,,,,,,,,2,2,0.0,7,8,-2.0,23,23,0.0,,,,50,55,-10.0,51,63,-24.0,128,129,-2.0,178,168,20.0,-10.0,20.0,44.0,22.0
AnteriorIschemia_001,V5,1,AnteriorIschemia,-613,R,1,0.0001,0,638,1,242,500,,,,,,,,,,2,2,0.0,,7,,22,22,0.0,,,,50,55,-10.0,72,87,-30.0,145,146,-2.0,179,172,14.0,-10.0,14.0,44.0,16.0
AnteriorIschemia_001,V6,1,AnteriorIschemia,-613,R,1,0.0001,0,638,1,242,500,,,,,,,,,,2,2,0.0,,,,21,22,-2.0,,,,49,55,-12.0,80,109,-58.0,146,147,-2.0,180,190,-20.0,-12.0,-20.0,38.0,-18.0
AnteriorIschemia_002,aVR,1,AnteriorIschemia,-604,QS,1,0.0,0,637,1,251,500,,,,,,,,,,2,2,0.0,32,32,0.0,,,,,,,54,55,-2.0,62,68,-12.0,144,144,0.0,183,194,-22.0,-2.0,-22.0,-10.0,-22.0
AnteriorIschemia_002,I,1,AnteriorIschemia,-604,R,1,0.0,0,637,1,251,500,,,,,,,,,,2,2,0.0,,,,8,33,-50.0,,,,54,55,-2.0,61,60,2.0,132,132,0.0,177,182,-10.0,-2.0,-10.0,-12.0,-10.0
AnteriorIschemia_002,II,1,AnteriorIschemia,-604,R,1,0.0,0,637,1,251,500,,,,,,,,,,2,2,0.0,,,,11,32,-42.0,,70,,53,55,-4.0,66,97,-62.0,146,146,0.0,181,199,-36.0,-4.0,-36.0,26.0,-36.0
AnteriorIschemia_002,III,1,AnteriorIschemia,-604,Rs,1,0.0,0,637,1,251,500,,,,,,,,,,2,2,0.0,,,,11,12,-2.0,54,74,-40.0,54,55,-2.0,65,120,-110.0,148,148,0.0,183,199,-32.0,-2.0,-32.0,78.0,-32.0
AnteriorIschemia_002,aVL,1,AnteriorIschemia,-604,QR,1,0.0,0,637,1,251,500,,,,,,,,,,2,2,0.0,12,12,0.0,34,35,-2.0,,,,53,55,-4.0,59,72,-26.0,151,100,102.0,181,186,-10.0,-4.0,-10.0,16.0,-112.0
AnteriorIschemia_002,aVF,1,AnteriorIschemia,-604,Rs,1,0.0,0,637,1,251,500,,,,,,,,,,2,2,0.0,,,,11,12,-2.0,54,72,-36.0,54,55,-2.0,69,109,-80.0,147,147,0.0,184,183,2.0,-2.0,2.0,82.0,2.0
AnteriorIschemia_002,V1,1,AnteriorIschemia,-604,rS,1,0.0,0,637,1,251,500,,,,,,,,,,2,2,0.0,,,,7,12,-10.0,32,32,0.0,54,55,-2.0,55,55,0.0,177,105,144.0,178,174,8.0,-2.0,8.0,8.0,-136.0
AnteriorIschemia_002,V2,1,AnteriorIschemia,-604,RS,1,0.0,0,637,1,251,500,,,,,,,,,,2,2,0.0,,,,11,12,-2.0,31,31,0.0,53,55,-4.0,54,55,-2.0,178,126,104.0,178,178,0.0,-4.0,0.0,2.0,-104.0
AnteriorIschemia_002,V3,1,AnteriorIschemia,-604,RS,1,0.0,0,637,1,251,500,,,,,,,,,,2,2,0.0,,31,,12,42,-60.0,31,,,55,55,0.0,60,64,-8.0,176,109,134.0,176,179,-6.0,0.0,-6.0,2.0,-140.0
AnteriorIschemia_002,V4,1,AnteriorIschemia,-604,R,1,0.0,0,637,1,251,500,,,,,,,,,,2,2,0.0,,,,16,41,-50.0,,,,53,55,-4.0,61,79,-36.0,164,109,110.0,177,187,-20.0,-4.0,-20.0,16.0,-130.0
AnteriorIschemia_002,V5,1,AnteriorIschemia,-604,qR,1,0.0,0,637,1,251,500,,,,,,,,,,2,2,0.0,9,9,0.0,31,31,0.0,,,,54,55,-2.0,67,101,-68.0,156,156,0.0,176,180,-8.0,-2.0,-8.0,60.0,-8.0
AnteriorIschemia_002,V6,1,AnteriorIschemia,-604,qR,1,0.0,0,637,1,251,500,,,,,,,,,,2,2,0.0,8,8,0.0,26,26,0.0,,79,,54,55,-2.0,69,113,-88.0,153,153,0.0,177,182,-10.0,-2.0,-10.0,78.0,-10.0
AnteriorIschemia_003,I,1,AnteriorIschemia,-607,R,1,0.0,0,627,1,248,500,,,,,,,,,,2,2,0.0,,,,8,25,-34.0,,,,58,42,32.0,64,88,-48.0,143,143,0.0,173,171,4.0,32.0,4.0,52.0,4.0
AnteriorIschemia_003,III,1,AnteriorIschemia,-607,RS,1,0.0,0,627,1,248,500,,,,,,,,,,2,2,0.0,,,,10,19,-18.0,31,31,0.0,56,42,28.0,64,97,-66.0,143,144,-2.0,179,184,-10.0,28.0,-10.0,56.0,-8.0
AnteriorIschemia_003,aVR,1,AnteriorIschemia,-607,QS,1,0.0,0,627,1,248,500,,,,,,,,,,2,2,0.0,25,25,0.0,,,,,,,58,42,32.0,65,72,-14.0,143,143,0.0,179,181,-4.0,32.0,-4.0,10.0,-4.0
AnteriorIschemia_003,aVL,1,AnteriorIschemia,-607,qR,1,0.0,0,627,1,248,500,,,,,,,,,,2,2,0.0,10,10,0.0,31,31,0.0,,,,56,42,28.0,57,72,-30.0,143,144,-2.0,178,178,0.0,28.0,0.0,30.0,2.0
AnteriorIschemia_003,aVF,1,AnteriorIschemia,-607,Rs,1,0.0,0,627,1,248,500,,,,,,,,,,2,2,0.0,,,,10,22,-24.0,31,32,-2.0,57,42,30.0,67,93,-52.0,143,144,-2.0,180,181,-2.0,30.0,-2.0,50.0,0.0
AnteriorIschemia_003,V1,1,AnteriorIschemia,-607,Qr,1,0.0,0,627,1,248,500,,,,,,,,,,2,2,0.0,18,19,-2.0,34,34,0.0,,,,55,42,26.0,56,76,-40.0,115,115,0.0,173,170,6.0,26.0,6.0,46.0,6.0
AnteriorIschemia_003,V2,1,AnteriorIschemia,-607,QR,1,0.0,0,627,1,248,500,,,,,,,,,,2,2,0.0,14,14,0.0,31,31,0.0,,,,54,42,24.0,55,87,-64.0,115,115,0.0,174,175,-2.0,24.0,-2.0,62.0,-2.0
AnteriorIschemia_003,V3,1,AnteriorIschemia,-607,qR,1,0.0,0,627,1,248,500,,,,,,,,,,2,2,0.0,9,9,0.0,28,28,0.0,,,,58,42,32.0,59,72,-26.0,112,112,0.0,174,174,0.0,32.0,0.0,26.0,0.0
AnteriorIschemia_003,V4,1,AnteriorIschemia,-607,qR,1,0.0,0,627,1,248,500,,,,,,,,,,2,2,0.0,8,9,-2.0,27,27,0.0,,,,58,42,32.0,63,80,-34.0,114,114,0.0,174,175,-2.0,32.0,-2.0,32.0,-2.0
AnteriorIschemia_003,V5,1,AnteriorIschemia,-607,qR,1,0.0,0,627,1,248,500,,,,,,,,,,2,2,0.0,6,6,0.0,25,24,2.0,,,,57,42,30.0,66,119,-106.0,152,153,-2.0,173,176,-6.0,30.0,-6.0,100.0,-4.0
AnteriorIschemia_003,V6,1,AnteriorIschemia,-607,Rs,1,0.0,0,627,1,248,500,,,,,,,,,,2,2,0.0,,5,,20,24,-8.0,31,32,-2.0,57,42,30.0,68,72,-8.0,150,150,0.0,174,176,-4.0,30.0,-4.0,4.0,-4.0
AnteriorIschemia_003,II,1,AnteriorIschemia,-607,Rs,1,0.0,0,627,1,248,500,,,,,,,,,,2,2,0.0,,,,10,22,-24.0,57,65,-16.0,57,42,30.0,66,71,-10.0,143,143,0.0,177,225,-96.0,30.0,-96.0,-86.0,-96.0
AnteriorIschemia_004,I,1,AnteriorIschemia,-605,R,1,0.0,0,637,1,250,500,,,,,,,,,,2,2,0.0,,,,8,29,-42.0,,,,44,57,-26.0,62,57,10.0,136,137,-2.0,180,172,16.0,-26.0,16.0,6.0,18.0
AnteriorIschemia_004,II,1,AnteriorIschemia,-605,R,1,0.0,0,637,1,250,500,,,,,,,,,,2,2,0.0,,,,19,27,-16.0,,,,43,57,-28.0,72,64,16.0,143,143,0.0,185,181,8.0,-28.0,8.0,-8.0,8.0
AnteriorIschemia_004,III,1,AnteriorIschemia,-605,R,1,0.0,0,637,1,250,500,,,,,,,,,,2,2,0.0,,,,5,18,-26.0,,70,,45,57,-24.0,68,117,-98.0,149,149,0.0,186,202,-32.0,-24.0,-32.0,66.0,-32.0
AnteriorIschemia_004,aVR,1,AnteriorIschemia,-605,QS,1,0.0,0,637,1,250,500,,,,,,,,,,2,2,0.0,29,27,4.0,,,,,,,42,57,-30.0,72,64,16.0,141,141,0.0,185,172,26.0,-30.0,26.0,10.0,26.0
AnteriorIschemia_004,aVL,1,AnteriorIschemia,-605,qRS,1,0.0,0,637,1,250,500,,,,,,,,,,2,2,0.0,5,17,-24.0,8,30,-44.0,17,,,44,57,-26.0,53,57,-8.0,156,104,104.0,184,181,6.0,-26.0,6.0,14.0,-98.0
AnteriorIschemia_004,aVF,1,AnteriorIschemia,-605,R,1,0.0,0,637,1,250,500,,,,,,,,,,2,2,0.0,,,,6,19,-26.0,,70,,44,57,-26.0,78,98,-40.0,145,146,-2.0,186,178,16.0,-26.0,16.0,56.0,18.0
AnteriorIschemia_004,V1,1,AnteriorIschemia,-605,rS,1,0.0,0,637,1,250,500,,,,,,,,,,2,2,0.0,,,,5,6,-2.0,22,22,0.0,44,57,-26.0,45,58,-26.0,121,121,0.0,180,189,-18.0,-26.0,-18.0,8.0,-18.0
AnteriorIschemia_004,V2,1,AnteriorIschemia,-605,rS,1,0.0,0,637,1,250,500,,,,,,,,,,2,2,0.0,,,,5,12,-14.0,25,25,0.0,44,57,-26.0,46,64,-36.0,102,102,0.0,181,176,10.0,-26.0,10.0,46.0,10.0
AnteriorIschemia_004,V3,1,AnteriorIschemia,-605,QR,1,0.0,0,637,1,250,500,,,,,,,,,,2,2,0.0,9,10,-2.0,20,31,-22.0,,,,43,57,-28.0,53,64,-22.0,151,101,100.0,179,182,-6.0,-28.0,-6.0,16.0,-106.0
AnteriorIschemia_004,V4,1,AnteriorIschemia,-605,R,1,0.0,0,637,1,250,500,,,,,,,,,,2,2,0.0,,9,,30,30,0.0,,,,55,57,-4.0,64,57,14.0,180,144,72.0,180,176,8.0,-4.0,8.0,-6.0,-64.0
AnteriorIschemia_004,V5,1,AnteriorIschemia,-605,R,1,0.0,0,637,1,250,500,,,,,,,,,,2,2,0.0,,7,,26,26,0.0,,,,43,57,-28.0,75,94,-38.0,147,147,0.0,180,175,10.0,-28.0,10.0,48.0,10.0
AnteriorIschemia_004,V6,1,AnteriorIschemia,-605,Rs,1,0.0,0,637,1,250,500,,,,,,,,,,2,2,0.0,,4,,20,20,0.0,30,31,-2.0,43,57,-28.0,81,98,-34.0,145,145,0.0,182,175,14.0,-28.0,14.0,48.0,14.0
AnteriorIschemia_005,aVR,1,AnteriorIschemia,-608,QS,1,0.001,0,643,1,247,500,,,,,,,,,,3,4,-2.0,23,24,-2.0,,,,,,,45,51,-12.0,74,51,46.0,141,141,0.0,185,176,18.0,-10.0,20.0,-28.0,18.0
AnteriorIschemia_005,I,1,AnteriorIschemia,-608,R,1,0.0026,0,643,1,247,500,,,,,,,,,,3,4,-2.0,,,,9,24,-30.0,,,,45,51,-12.0,56,51,10.0,136,136,0.0,178,169,18.0,-10.0,20.0,8.0,18.0
AnteriorIschemia_005,II,1,AnteriorIschemia,-608,R,1,0.0006,0,643,1,247,500,,,,,,,,,,3,4,-2.0,,,,16,24,-16.0,,,,45,51,-12.0,76,70,12.0,143,143,0.0,184,177,14.0,-10.0,16.0,2.0,14.0
AnteriorIschemia_005,III,1,AnteriorIschemia,-608,Rs,1,0.0026,0,643,1,247,500,,,,,,,,,,3,4,-2.0,,,,6,23,-34.0,46,67,-42.0,46,51,-10.0,66,102,-72.0,147,147,0.0,186,175,22.0,-8.0,24.0,94.0,22.0
AnteriorIschemia_005,aVL,1,AnteriorIschemia,-608,qrS,1,0.0018,0,643,1,247,500,,,,,,,,,,3,4,-2.0,5,6,-2.0,8,8,0.0,17,17,0.0,45,51,-12.0,52,51,2.0,152,152,0.0,184,174,20.0,-10.0,22.0,18.0,20.0
AnteriorIschemia_005,aVF,1,AnteriorIschemia,-608,R,1,0.0011,0,643,1,247,500,,,,,,,,,,3,4,-2.0,,,,16,23,-14.0,,,,46,51,-10.0,80,68,24.0,145,145,0.0,186,176,20.0,-8.0,22.0,-4.0,20.0
AnteriorIschemia_005,V1,1,AnteriorIschemia,-608,Qr,1,0.0032,0,643,1,247,500,,,,,,,,,,3,4,-2.0,22,22,0.0,33,33,0.0,,,,46,51,-10.0,47,58,-22.0,103,104,-2.0,177,167,20.0,-8.0,22.0,42.0,22.0
AnteriorIschemia_005,V2,1,AnteriorIschemia,-608,QR,1,0.0037,0,643,1,247,500,,,,,,,,,,3,4,-2.0,21,21,0.0,31,32,-2.0,,,,46,51,-10.0,48,51,-6.0,102,103,-2.0,178,176,4.0,-8.0,6.0,10.0,6.0
AnteriorIschemia_005,V3,1,AnteriorIschemia,-608,QR,1,0.005,0,643,1,247,500,,,,,,,,,,3,4,-2.0,8,8,0.0,16,27,-22.0,,,,45,51,-12.0,54,57,-6.0,103,103,0.0,177,173,8.0,-10.0,10.0,14.0,8.0
AnteriorIschemia_005,V5,1,AnteriorIschemia,-608,R,1,0.0026,0,643,1,247,500,,,,,,,,,,3,4,-2.0,,7,,24,24,0.0,,,,46,51,-10.0,84,51,66.0,146,146,0.0,178,175,6.0,-8.0,8.0,-60.0,6.0
AnteriorIschemia_005,V6,1,AnteriorIschemia,-608,R,1,0.0009,0,643,1,247,500,,,,,,,,,,3,4,-2.0,,,,22,22,0.0,,33,,47,51,-8.0,91,100,-18.0,145,145,0.0,180,174,12.0,-6.0,14.0,30.0,12.0
AnteriorIschemia_005,V4,1,AnteriorIschemia,-608,qR,1,0.0041,0,643,1,247,500,,,,,,,,,,3,4,-2.0,8,8,0.0,27,28,-2.0,,,,45,51,-12.0,59,58,2.0,179,105,148.0,179,181,-4.0,-10.0,-2.0,-6.0,-152.0
AnteriorIschemia_006,aVR,1,AnteriorIschemia,-612,QS,1,0.0001,0,628,1,243,500,,,,,,,,,,2,2,0.0,24,24,0.0,,,,,,,45,59,-28.0,54,64,-20.0,139,139,0.0,181,175,12.0,-28.0,12.0,32.0,12.0
AnteriorIschemia_006,I,1,AnteriorIschemia,-612,R,1,0.0002,0,628,1,243,500,,,,,,,,,,2,2,0.0,,,,8,24,-32.0,,,,47,59,-24.0,48,59,-22.0,135,135,0.0,176,167,18.0,-24.0,18.0,40.0,18.0
AnteriorIschemia_006,II,1,AnteriorIschemia,-612,R,1,0.0,0,628,1,243,500,,,,,,,,,,2,2,0.0,,,,10,25,-30.0,,,,45,59,-28.0,53,68,-30.0,141,141,0.0,179,176,6.0,-28.0,6.0,36.0,6.0
AnteriorIschemia_006,III,1,AnteriorIschemia,-612,Rs,1,0.0001,0,628,1,243,500,,,,,,,,,,2,2,0.0,,,,10,10,0.0,21,68,-94.0,45,59,-28.0,52,111,-118.0,144,144,0.0,181,202,-42.0,-28.0,-42.0,76.0,-42.0
AnteriorIschemia_006,aVL,1,AnteriorIschemia,-612,qRs,1,0.0001,0,628,1,243,500,,,,,,,,,,2,2,0.0,10,10,0.0,23,23,0.0,34,33,2.0,45,59,-28.0,46,59,-26.0,103,103,0.0,181,200,-38.0,-28.0,-38.0,-12.0,-38.0
AnteriorIschemia_006,aVF,1,AnteriorIschemia,-612,R,1,0.0001,0,628,1,243,500,,,,,,,,,,2,2,0.0,,,,10,25,-30.0,,67,,45,59,-28.0,55,91,-72.0,142,142,0.0,181,182,-2.0,-28.0,-2.0,70.0,-2.0
AnteriorIschemia_006,V1,1,AnteriorIschemia,-612,rS,1,0.0002,0,628,1,243,500,,,,,,,,,,2,2,0.0,,,,9,9,0.0,23,23,0.0,46,59,-26.0,47,60,-26.0,124,125,-2.0,175,168,14.0,-26.0,14.0,40.0,16.0
AnteriorIschemia_006,V2,1,AnteriorIschemia,-612,rS,1,0.0003,0,628,1,243,500,,,,,,,,,,2,2,0.0,,,,10,10,0.0,22,22,0.0,47,59,-24.0,48,64,-32.0,132,132,0.0,174,171,6.0,-24.0,6.0,38.0,6.0
AnteriorIschemia_006,V3,1,AnteriorIschemia,-612,RS,1,0.0004,0,628,1,243,500,,,,,,,,,,2,2,0.0,,20,,11,30,-38.0,20,,,48,59,-22.0,50,59,-18.0,112,113,-2.0,174,168,12.0,-22.0,12.0,30.0,14.0
AnteriorIschemia_006,V4,1,AnteriorIschemia,-612,RS,1,0.0003,0,628,1,243,500,,,,,,,,,,2,2,0.0,,19,,11,28,-34.0,19,,,48,59,-22.0,50,64,-28.0,112,112,0.0,175,176,-2.0,-22.0,-2.0,26.0,-2.0
AnteriorIschemia_006,V5,1,AnteriorIschemia,-612,R,1,0.0001,0,628,1,243,500,,,,,,,,,,2,2,0.0,,6,,25,25,0.0,,,,46,59,-26.0,51,79,-56.0,117,117,0.0,176,172,8.0,-26.0,8.0,64.0,8.0
AnteriorIschemia_006,V6,1,AnteriorIschemia,-612,R,1,0.0,0,628,1,243,500,,,,,,,,,,2,2,0.0,,5,,22,22,0.0,,,,46,59,-26.0,52,111,-118.0,147,148,-2.0,177,177,0.0,-26.0,0.0,118.0,2.0
AnteriorIschemia_007,V2,1,AnteriorIschemia,-610,qR,1,0.0,0,638,1,245,500,,,,,,,,,,2,3,-2.0,9,9,0.0,26,26,0.0,,,,48,54,-12.0,49,62,-26.0,170,108,124.0,170,168,4.0,-10.0,6.0,30.0,-120.0
AnteriorIschemia_007,I,1,AnteriorIschemia,-610,rS,1,0.0,0,638,1,245,500,,,,,,,,,,2,3,-2.0,,11,,7,23,-32.0,11,,,50,54,-8.0,51,62,-22.0,169,144,50.0,169,168,2.0,-6.0,4.0,24.0,-48.0
AnteriorIschemia_007,II,1,AnteriorIschemia,-610,R,1,0.0,0,638,1,245,500,,,,,,,,,,2,3,-2.0,,,,20,21,-2.0,,,,46,54,-16.0,60,96,-72.0,142,143,-2.0,174,173,2.0,-14.0,4.0,74.0,4.0
AnteriorIschemia_007,III,1,AnteriorIschemia,-610,Rs,1,0.0,0,638,1,245,500,,,,,,,,,,2,3,-2.0,,,,12,14,-4.0,47,66,-38.0,47,54,-14.0,55,105,-100.0,142,142,0.0,175,175,0.0,-12.0,2.0,100.0,0.0
AnteriorIschemia_007,aVR,1,AnteriorIschemia,-610,QS,1,0.0,0,638,1,245,500,,,,,,,,,,2,3,-2.0,22,23,-2.0,,,,,,,47,54,-14.0,59,83,-48.0,142,143,-2.0,175,172,6.0,-12.0,8.0,54.0,8.0
AnteriorIschemia_007,aVL,1,AnteriorIschemia,-610,QR,1,0.0,0,638,1,245,500,,,,,,,,,,2,3,-2.0,11,11,0.0,22,23,-2.0,,,,46,54,-16.0,52,112,-120.0,142,142,0.0,174,172,4.0,-14.0,6.0,124.0,4.0
AnteriorIschemia_007,aVF,1,AnteriorIschemia,-610,R,1,0.0,0,638,1,245,500,,,,,,,,,,2,3,-2.0,,,,17,17,0.0,,70,,46,54,-16.0,63,99,-72.0,142,142,0.0,176,177,-2.0,-14.0,0.0,70.0,-2.0
AnteriorIschemia_007,V1,1,AnteriorIschemia,-610,rS,1,0.0,0,638,1,245,500,,,,,,,,,,2,3,-2.0,,20,,4,31,-54.0,20,,,48,54,-12.0,49,55,-12.0,111,111,0.0,169,175,-12.0,-10.0,-10.0,0.0,-12.0
AnteriorIschemia_007,V3,1,AnteriorIschemia,-610,qR,1,0.0,0,638,1,245,500,,,,,,,,,,2,3,-2.0,9,9,0.0,26,26,0.0,,,,50,54,-8.0,51,71,-40.0,169,109,120.0,169,168,2.0,-6.0,4.0,42.0,-118.0
AnteriorIschemia_007,V4,1,AnteriorIschemia,-610,qR,1,0.0,0,638,1,245,500,,,,,,,,,,2,3,-2.0,8,9,-2.0,24,24,0.0,,,,47,54,-14.0,54,75,-42.0,170,112,116.0,170,168,4.0,-12.0,6.0,46.0,-112.0
AnteriorIschemia_007,V5,1,AnteriorIschemia,-610,qR,1,0.0,0,638,1,245,500,,,,,,,,,,2,3,-2.0,6,7,-2.0,21,21,0.0,,,,46,54,-16.0,61,101,-80.0,146,146,0.0,168,172,-8.0,-14.0,-6.0,72.0,-8.0
AnteriorIschemia_007,V6,1,AnteriorIschemia,-610,R,1,0.0,0,638,1,245,500,,,,,,,,,,2,3,-2.0,,6,,21,21,0.0,,93,,46,54,-16.0,71,115,-88.0,146,147,-2.0,170,171,-2.0,-14.0,0.0,86.0,0.0
AnteriorIschemia_008,aVR,1,AnteriorIschemia,-610,QS,1,0.0,0,636,1,245,500,,,,,,,,,,2,2,0.0,24,25,-2.0,,,,,,,51,58,-14.0,69,64,10.0,140,140,0.0,183,172,22.0,-14.0,22.0,12.0,22.0
AnteriorIschemia_008,II,1,AnteriorIschemia,-610,R,1,0.0,0,636,1,245,500,,,,,,,,,,2,2,0.0,,,,24,24,0.0,,,,51,58,-14.0,71,64,14.0,144,144,0.0,182,175,14.0,-14.0,14.0,0.0,14.0
AnteriorIschemia_008,III,1,AnteriorIschemia,-610,RS,1,0.0003,0,636,1,245,500,,,,,,,,,,2,2,0.0,,,,18,18,0.0,29,28,2.0,52,58,-12.0,65,101,-72.0,149,150,-2.0,183,176,14.0,-12.0,14.0,86.0,16.0
AnteriorIschemia_008,I,1,AnteriorIschemia,-610,R,1,0.0001,0,636,1,245,500,,,,,,,,,,2,2,0.0,,,,25,25,0.0,,,,53,58,-10.0,54,62,-16.0,132,132,0.0,178,170,16.0,-10.0,16.0,32.0,16.0
AnteriorIschemia_008,aVL,1,AnteriorIschemia,-610,qR,1,0.0001,0,636,1,245,500,,,,,,,,,,2,2,0.0,17,17,0.0,27,27,0.0,,,,53,58,-10.0,54,66,-24.0,155,104,102.0,182,173,18.0,-10.0,18.0,42.0,-84.0
AnteriorIschemia_008,aVF,1,AnteriorIschemia,-610,Rs,1,0.0001,0,636,1,245,500,,,,,,,,,,2,2,0.0,,,,19,24,-10.0,52,,,52,58,-12.0,73,102,-58.0,146,147,-2.0,184,178,12.0,-12.0,12.0,70.0,14.0
AnteriorIschemia_008,V1,1,AnteriorIschemia,-610,rS,1,0.0002,0,636,1,245,500,,,,,,,,,,2,2,0.0,,,,7,8,-2.0,23,24,-2.0,51,58,-14.0,52,59,-14.0,135,136,-2.0,177,178,-2.0,-14.0,-2.0,12.0,0.0
AnteriorIschemia_008,V2,1,AnteriorIschemia,-610,rS,1,0.0006,0,636,1,245,500,,,,,,,,,,2,2,0.0,,,,6,7,-2.0,23,24,-2.0,51,58,-14.0,52,60,-16.0,129,129,0.0,177,181,-8.0,-14.0,-8.0,8.0,-8.0
AnteriorIschemia_008,V3,1,AnteriorIschemia,-610,qR,1,0.0008,0,636,1,245,500,,,,,,,,,,2,2,0.0,13,12,2.0,26,26,0.0,,,,53,58,-10.0,54,66,-24.0,109,109,0.0,178,176,4.0,-10.0,4.0,28.0,4.0
AnteriorIschemia_008,V4,1,AnteriorIschemia,-610,qR,1,0.0005,0,636,1,245,500,,,,,,,,,,2,2,0.0,10,10,0.0,25,25,0.0,,,,54,58,-8.0,56,66,-20.0,110,111,-2.0,178,180,-4.0,-8.0,-4.0,16.0,-2.0
AnteriorIschemia_008,V5,1,AnteriorIschemia,-610,qR,1,0.0001,0,636,1,245,500,,,,,,,,,,2,2,0.0,7,8,-2.0,24,25,-2.0,,,,52,58,-12.0,71,66,10.0,146,146,0.0,179,176,6.0,-12.0,6.0,-4.0,6.0
AnteriorIschemia_008,V6,1,AnteriorIschemia,-610,qR,1,0.0,0,636,1,245,500,,,,,,,,,,2,2,0.0,7,7,0.0,23,23,0.0,,,,52,58,-12.0,77,91,-28.0,147,147,0.0,179,171,16.0,-12.0,16.0,44.0,16.0
AnteriorIschemia_009,V3,1,AnteriorIschemia,-612,rS,1,0.0001,0,639,1,243,500,,,,,,,,,,2,2,0.0,,21,,5,31,-52.0,21,,,50,55,-10.0,52,59,-14.0,112,112,0.0,175,169,12.0,-10.0,12.0,26.0,12.0
AnteriorIschemia_009,I,1,AnteriorIschemia,-612,R,1,0.0001,0,639,1,243,500,,,,,,,,,,1,2,-2.0,,,,25,26,-2.0,,,,47,55,-16.0,55,55,0.0,128,129,-2.0,176,169,14.0,-14.0,16.0,14.0,16.0
AnteriorIschemia_009,II,1,AnteriorIschemia,-612,R,1,0.0,0,639,1,243,500,,,,,,,,,,2,2,0.0,,,,25,25,0.0,,,,47,55,-16.0,65,75,-20.0,143,143,0.0,179,169,20.0,-16.0,20.0,40.0,20.0
AnteriorIschemia_009,III,1,AnteriorIschemia,-612,rS,1,0.0002,0,639,1,243,500,,,,,,,,,,2,2,0.0,,,,5,6,-2.0,27,27,0.0,47,55,-16.0,62,64,-4.0,147,103,88.0,180,169,22.0,-16.0,22.0,26.0,-66.0
AnteriorIschemia_009,aVR,1,AnteriorIschemia,-612,QS,1,0.0,0,639,1,243,500,,,,,,,,,,2,2,0.0,25,25,0.0,,,,,,,47,55,-16.0,62,64,-4.0,141,141,0.0,181,169,24.0,-16.0,24.0,28.0,24.0
AnteriorIschemia_009,aVL,1,AnteriorIschemia,-612,R,1,0.0001,0,639,1,243,500,,,,,,,,,,1,2,-2.0,,6,,12,27,-30.0,,,,47,55,-16.0,53,55,-4.0,180,110,140.0,180,169,22.0,-14.0,24.0,26.0,-118.0
AnteriorIschemia_009,V4,1,AnteriorIschemia,-612,rS,1,0.0001,0,639,1,243,500,,,,,,,,,,2,2,0.0,,20,,8,27,-38.0,20,,,47,55,-16.0,58,64,-12.0,129,130,-2.0,177,175,4.0,-16.0,4.0,16.0,6.0
AnteriorIschemia_009,V5,1,AnteriorIschemia,-612,R,1,0.0,0,639,1,243,500,,,,,,,,,,1,2,-2.0,,,,26,26,0.0,,,,47,55,-16.0,66,70,-8.0,144,144,0.0,177,169,16.0,-14.0,18.0,24.0,16.0
AnteriorIschemia_009,V6,1,AnteriorIschemia,-612,R,1,0.0,0,639,1,243,500,,,,,,,,,,1,2,-2.0,,,,22,22,0.0,,,,47,55,-16.0,76,93,-34.0,146,147,-2.0,178,169,18.0,-14.0,20.0,52.0,20.0
AnteriorIschemia_009,aVF,1,AnteriorIschemia,-612,RS,1,0.0001,0,639,1,243,500,,,,,,,,,,2,2,0.0,,,,10,18,-16.0,28,29,-2.0,47,55,-16.0,68,64,8.0,145,145,0.0,180,169,22.0,-16.0,22.0,14.0,22.0
AnteriorIschemia_009,V1,1,AnteriorIschemia,-612,rS,1,0.0001,0,639,1,243,500,,,,,,,,,,1,2,-2.0,,23,,4,,,23,,,48,55,-14.0,49,64,-30.0,97,98,-2.0,175,169,12.0,-12.0,14.0,42.0,14.0
AnteriorIschemia_009,V2,1,AnteriorIschemia,-612,rS,1,0.0001,0,639,1,243,500,,,,,,,,,,2,2,0.0,,,,5,5,0.0,21,22,-2.0,48,55,-14.0,49,64,-30.0,110,110,0.0,176,169,14.0,-14.0,14.0,44.0,14.0
AnteriorIschemia_010,aVR,1,AnteriorIschemia,-607,QS,1,0.0,0,637,1,248,500,,,,,,,,,,2,2,0.0,27,27,0.0,,,,,,,62,38,48.0,69,64,10.0,141,141,0.0,182,174,16.0,48.0,16.0,6.0,16.0
AnteriorIschemia_010,I,1,AnteriorIschemia,-607,R,1,0.0001,0,637,1,248,500,,,,,,,,,,2,2,0.0,,,,9,30,-42.0,,,,62,38,48.0,63,53,20.0,134,134,0.0,178,174,8.0,48.0,8.0,-12.0,8.0
AnteriorIschemia_010,II,1,AnteriorIschemia,-607,R,1,0.0,0,637,1,248,500,,,,,,,,,,2,2,0.0,,,,8,27,-38.0,,,,62,38,48.0,72,70,4.0,144,145,-2.0,180,174,12.0,48.0,12.0,8.0,14.0
AnteriorIschemia_010,III,1,AnteriorIschemia,-607,rS,1,0.0003,0,637,1,248,500,,,,,,,,,,3,2,2.0,,,,6,27,-42.0,63,34,58.0,63,38,50.0,65,98,-66.0,150,150,0.0,185,174,22.0,48.0,20.0,88.0,22.0
AnteriorIschemia_010,aVL,1,AnteriorIschemia,-607,qRS,1,0.0001,0,637,1,248,500,,,,,,,,,,2,2,0.0,5,18,-26.0,10,31,-42.0,18,,,61,38,46.0,62,82,-40.0,155,104,102.0,185,174,22.0,46.0,22.0,62.0,-80.0
AnteriorIschemia_010,aVF,1,AnteriorIschemia,-607,RS,1,0.0,0,637,1,248,500,,,,,,,,,,3,2,2.0,,,,7,27,-40.0,62,,,62,38,48.0,74,68,12.0,147,147,0.0,184,182,4.0,46.0,2.0,-8.0,4.0
AnteriorIschemia_010,V1,1,AnteriorIschemia,-607,rS,1,0.0,0,637,1,248,500,,,,,,,,,,2,2,0.0,,21,,4,,,21,,,58,38,40.0,59,49,20.0,146,146,0.0,178,174,8.0,40.0,8.0,-12.0,8.0
AnteriorIschemia_010,V2,1,AnteriorIschemia,-607,Qr,1,0.0,0,637,1,248,500,,,,,,,,,,2,2,0.0,21,21,0.0,59,,,,,,59,38,42.0,60,64,-8.0,109,110,-2.0,178,174,8.0,42.0,8.0,16.0,10.0
AnteriorIschemia_010,V3,1,AnteriorIschemia,-607,QR,1,0.0001,0,637,1,248,500,,,,,,,,,,2,2,0.0,18,19,-2.0,30,31,-2.0,,,,61,38,46.0,62,64,-4.0,107,107,0.0,178,174,8.0,46.0,8.0,12.0,8.0
AnteriorIschemia_010,V6,1,AnteriorIschemia,-607,Rs,1,0.0,0,637,1,248,500,,,,,,,,,,2,2,0.0,,,,20,20,0.0,29,29,0.0,61,38,46.0,80,95,-30.0,145,145,0.0,177,174,6.0,46.0,6.0,36.0,6.0
AnteriorIschemia_010,V4,1,AnteriorIschemia,-607,qR,1,0.0,0,637,1,248,500,,,,,,,,,,2,2,0.0,10,11,-2.0,29,29,0.0,,,,61,38,46.0,62,64,-4.0,145,145,0.0,177,174,6.0,46.0,6.0,10.0,6.0
AnteriorIschemia_010,V5,1,AnteriorIschemia,-607,qR,1,0.0,0,637,1,248,500,,,,,,,,,,2,2,0.0,7,7,0.0,24,24,0.0,,,,61,38,46.0,75,64,22.0,147,148,-2.0,176,174,4.0,46.0,4.0,-18.0,6.0
Healthy_001,V1,1,Healthy,-614,rS,1,0.0002,0,638,1,241,500,,,,,,,,,,2,2,0.0,,,,6,7,-2.0,19,19,0.0,45,44,2.0,46,50,-8.0,138,138,0.0,175,166,18.0,2.0,18.0,26.0,18.0
Healthy_001,I,1,Healthy,-614,R,1,0.0001,0,638,1,241,500,,,,,,,,,,2,2,0.0,,,,9,14,-10.0,,28,,45,44,2.0,70,94,-48.0,145,145,0.0,177,166,22.0,2.0,22.0,70.0,22.0
Healthy_001,II,1,Healthy,-614,R,1,0.0,0,638,1,241,500,,,,,,,,,,2,2,0.0,,,,22,22,0.0,,,,45,44,2.0,69,69,0.0,143,144,-2.0,182,176,12.0,2.0,12.0,12.0,14.0
Healthy_001,III,1,Healthy,-614,R,1,0.0002,0,638,1,241,500,,,,,,,,,,2,2,0.0,,,,11,22,-22.0,,,,45,44,2.0,68,69,-2.0,141,141,0.0,184,181,6.0,2.0,6.0,8.0,6.0
Healthy_001,aVR,1,Healthy,-614,QS,1,0.0,0,638,1,241,500,,,,,,,,,,2,2,0.0,22,22,0.0,,,,,,,45,44,2.0,69,69,0.0,144,144,0.0,183,175,16.0,2.0,16.0,16.0,16.0
Healthy_001,aVL,1,Healthy,-614,qrS,1,0.0001,0,638,1,241,500,,,,,,,,,,2,2,0.0,4,11,-14.0,7,14,-14.0,23,23,0.0,44,44,0.0,66,69,-6.0,134,135,-2.0,183,182,2.0,0.0,2.0,8.0,4.0
Healthy_001,aVF,1,Healthy,-614,R,1,0.0001,0,638,1,241,500,,,,,,,,,,2,2,0.0,,,,11,22,-22.0,,,,45,44,2.0,71,69,4.0,143,143,0.0,184,185,-2.0,2.0,-2.0,-6.0,-2.0
Healthy_001,V2,1,Healthy,-614,rS,1,0.0005,0,638,1,241,500,,,,,,,,,,2,2,0.0,,22,,4,,,22,,,45,44,2.0,46,52,-12.0,137,138,-2.0,177,166,22.0,2.0,22.0,34.0,24.0
Healthy_001,V3,1,Healthy,-614,QR,1,0.0005,0,638,1,241,500,,,,,,,,,,2,2,0.0,9,9,0.0,20,20,0.0,,,,45,44,2.0,56,60,-8.0,137,137,0.0,177,166,22.0,2.0,22.0,30.0,22.0
Healthy_001,V5,1,Healthy,-614,qR,1,0.0,0,638,1,241,500,,,,,,,,,,2,2,0.0,6,,,22,22,0.0,,,,45,44,2.0,74,101,-54.0,149,149,0.0,177,166,22.0,2.0,22.0,76.0,22.0
Healthy_001,V6,1,Healthy,-614,qR,1,0.0,0,638,1,241,500,,,,,,,,,,2,2,0.0,5,,,21,22,-2.0,,,,44,44,0.0,74,69,10.0,149,149,0.0,177,171,12.0,0.0,12.0,2.0,12.0
Healthy_001,V4,1,Healthy,-614,qR,1,0.0003,0,638,1,241,500,,,,,,,,,,2,2,0.0,8,8,0.0,21,22,-2.0,,,,45,44,2.0,67,69,-4.0,138,138,0.0,177,166,22.0,2.0,22.0,26.0,22.0
Healthy_002,V2,1,Healthy,-608,rS,1,0.0036,0,640,1,247,500,,,,,,,,,,2,2,0.0,,,,6,6,0.0,24,24,0.0,51,64,-26.0,52,72,-40.0,141,141,0.0,179,173,12.0,-26.0,12.0,52.0,12.0
Healthy_002,I,1,Healthy,-608,R,1,0.0016,0,640,1,247,500,,,,,,,,,,2,2,0.0,,,,16,16,0.0,,,,52,64,-24.0,74,72,4.0,148,148,0.0,179,185,-12.0,-24.0,-12.0,-16.0,-12.0
Healthy_002,II,1,Healthy,-608,R,1,0.001,0,640,1,247,500,,,,,,,,,,2,2,0.0,,,,10,27,-34.0,,,,52,64,-24.0,73,72,2.0,147,148,-2.0,181,187,-12.0,-24.0,-12.0,-14.0,-10.0
Healthy_002,III,1,Healthy,-608,RS,1,0.0024,0,640,1,247,500,,,,,,,,,,2,2,0.0,,16,,10,27,-34.0,16,,,52,64,-24.0,73,72,2.0,158,158,0.0,183,187,-8.0,-24.0,-8.0,-10.0,-8.0
Healthy_002,aVR,1,Healthy,-608,QS,1,0.001,0,640,1,247,500,,,,,,,,,,2,2,0.0,28,28,0.0,,,,,,,51,64,-26.0,73,72,2.0,148,148,0.0,184,193,-18.0,-26.0,-18.0,-20.0,-18.0
Healthy_002,aVL,1,Healthy,-608,qRs,1,0.0007,0,640,1,247,500,,,,,,,,,,2,2,0.0,9,9,0.0,16,16,0.0,37,38,-2.0,52,64,-24.0,72,72,0.0,148,148,0.0,183,187,-8.0,-24.0,-8.0,-8.0,-8.0
Healthy_002,aVF,1,Healthy,-608,Rs,1,0.0014,0,640,1,247,500,,,,,,,,,,2,2,0.0,,16,,10,27,-34.0,16,,,52,64,-24.0,74,72,4.0,145,146,-2.0,184,193,-18.0,-24.0,-18.0,-22.0,-16.0
Healthy_002,V1,1,Healthy,-608,rS,1,0.002,0,640,1,247,500,,,,,,,,,,2,2,0.0,,,,6,6,0.0,25,25,0.0,51,64,-26.0,52,66,-28.0,140,140,0.0,178,181,-6.0,-26.0,-6.0,22.0,-6.0
Healthy_002,V3,1,Healthy,-608,rS,1,0.0042,0,640,1,247,500,,,,,,,,,,2,2,0.0,,20,,5,,,20,,,51,64,-26.0,63,66,-6.0,140,141,-2.0,178,179,-2.0,-26.0,-2.0,4.0,0.0
Healthy_002,V4,1,Healthy,-608,QR,1,0.0027,0,640,1,247,500,,,,,,,,,,2,2,0.0,17,17,0.0,29,42,-26.0,,,,52,64,-24.0,71,72,-2.0,140,140,0.0,179,193,-28.0,-24.0,-28.0,-26.0,-28.0
Healthy_002,V6,1,Healthy,-608,qR,1,0.0012,0,640,1,247,500,,,,,,,,,,2,2,0.0,7,8,-2.0,26,26,0.0,,,,52,64,-24.0,77,126,-98.0,156,156,0.0,178,176,4.0,-24.0,4.0,102.0,4.0
Healthy_002,V5,1,Healthy,-608,qR,1,0.0016,0,640,1,247,500,,,,,,,,,,2,2,0.0,9,9,0.0,28,28,0.0,,,,52,64,-24.0,75,72,6.0,157,157,0.0,178,173,10.0,-24.0,10.0,4.0,10.0
Healthy_003,aVF,1,Healthy,-614,R,1,0.0,0,628,1,241,500,,,,,,,,,,2,2,0.0,,,,9,21,-24.0,,,,49,47,4.0,72,73,-2.0,142,142,0.0,181,182,-2.0,4.0,-2.0,0.0,-2.0
Healthy_003,I,1,Healthy,-614,R,1,0.0,0,628,1,241,500,,,,,,,,,,2,2,0.0,,,,7,24,-34.0,,,,49,47,4.0,71,73,-4.0,148,148,0.0,174,175,-2.0,4.0,-2.0,2.0,-2.0
Healthy_003,II,1,Healthy,-614,R,1,0.0,0,628,1,241,500,,,,,,,,,,2,2,0.0,,,,9,21,-24.0,,,,49,47,4.0,71,73,-4.0,144,144,0.0,178,178,0.0,4.0,0.0,4.0,0.0
Healthy_003,III,1,Healthy,-614,R,1,0.0,0,628,1,241,500,,,,,,,,,,2,2,0.0,,,,9,21,-24.0,,,,49,47,4.0,70,73,-6.0,139,139,0.0,181,179,4.0,4.0,4.0,10.0,4.0
Healthy_003,aVR,1,Healthy,-614,QS,1,0.0,0,628,1,241,500,,,,,,,,,,2,2,0.0,21,21,0.0,,,,,,,49,47,4.0,70,73,-6.0,145,146,-2.0,180,178,4.0,4.0,4.0,10.0,6.0
Healthy_003,V1,1,Healthy,-614,rS,1,0.0,0,628,1,241,500,,,,,,,,,,2,2,0.0,,21,,4,,,22,,,47,47,0.0,48,51,-6.0,139,139,0.0,175,169,12.0,0.0,12.0,18.0,12.0
Healthy_003,V2,1,Healthy,-614,Qr,1,0.0,0,628,1,241,500,,,,,,,,,,2,2,0.0,24,24,0.0,33,33,0.0,,,,48,47,2.0,49,56,-14.0,139,139,0.0,175,169,12.0,2.0,12.0,26.0,12.0
Healthy_003,V3,1,Healthy,-614,qR,1,0.0,0,628,1,241,500,,,,,,,,,,2,2,0.0,8,8,0.0,19,19,0.0,,,,48,47,2.0,55,70,-30.0,144,144,0.0,175,169,12.0,2.0,12.0,42.0,12.0
Healthy_003,V5,1,Healthy,-614,qR,1,0.0,0,628,1,241,500,,,,,,,,,,2,2,0.0,6,6,0.0,24,24,0.0,,,,49,47,4.0,74,81,-14.0,153,153,0.0,173,169,8.0,4.0,8.0,22.0,8.0
Healthy_003,V6,1,Healthy,-614,qR,1,0.0,0,628,1,241,500,,,,,,,,,,2,2,0.0,5,,,23,24,-2.0,,,,49,47,4.0,75,76,-2.0,152,152,0.0,173,169,8.0,4.0,8.0,10.0,8.0
Healthy_003,V4,1,Healthy,-614,qR,1,0.0,0,628,1,241,500,,,,,,,,,,2,2,0.0,8,9,-2.0,21,22,-2.0,,,,49,47,4.0,69,73,-8.0,149,149,0.0,174,169,10.0,4.0,10.0,18.0,10.0
Healthy_003,aVL,1,Healthy,-614,QRs,1,0.0,0,628,1,241,500,,,,,,,,,,2,2,0.0,9,9,0.0,15,15,0.0,20,,,49,47,4.0,69,73,-8.0,134,134,0.0,180,169,22.0,4.0,22.0,30.0,22.0
Healthy_004,V2,1,Healthy,-609,QS,1,0.0001,0,638,1,246,500,,,,,,,,,,2,2,0.0,22,22,0.0,,,,,,,49,45,8.0,50,54,-8.0,137,137,0.0,175,174,2.0,8.0,2.0,10.0,2.0
Healthy_004,I,1,Healthy,-609,R,1,0.0,0,638,1,246,500,,,,,,,,,,2,2,0.0,,,,14,14,0.0,,,,51,45,12.0,65,64,2.0,143,143,0.0,176,174,4.0,12.0,4.0,2.0,4.0
Healthy_004,aVF,1,Healthy,-609,R,1,0.0,0,638,1,246,500,,,,,,,,,,2,2,0.0,,13,,6,26,-40.0,,,,49,45,8.0,68,70,-4.0,148,148,0.0,180,174,12.0,8.0,12.0,16.0,12.0
Healthy_004,V1,1,Healthy,-609,rS,1,0.0001,0,638,1,246,500,,,,,,,,,,2,2,0.0,,21,,4,,,20,,,47,45,4.0,48,48,0.0,139,139,0.0,175,174,2.0,4.0,2.0,2.0,2.0
Healthy_004,V3,1,Healthy,-609,QR,1,0.0001,0,638,1,246,500,,,,,,,,,,2,2,0.0,10,10,0.0,26,26,0.0,,,,51,45,12.0,59,64,-10.0,131,132,-2.0,175,174,2.0,12.0,2.0,12.0,4.0
Healthy_004,V4,1,Healthy,-609,qR,1,0.0,0,638,1,246,500,,,,,,,,,,2,2,0.0,10,10,0.0,27,27,0.0,,,,50,45,10.0,66,64,4.0,175,146,58.0,175,174,2.0,10.0,2.0,-2.0,-56.0
Healthy_004,II,1,Healthy,-609,R,1,0.0,0,638,1,246,500,,,,,,,,,,2,2,0.0,,,,9,26,-34.0,,,,46,45,2.0,67,64,6.0,144,145,-2.0,178,174,8.0,2.0,8.0,2.0,10.0
Healthy_004,III,1,Healthy,-609,rS,1,0.0,0,638,1,246,500,,,,,,,,,,2,2,0.0,,14,,5,26,-42.0,13,,,49,45,8.0,66,64,4.0,155,155,0.0,179,174,10.0,8.0,10.0,6.0,10.0
Healthy_004,aVR,1,Healthy,-609,QS,1,0.0,0,638,1,246,500,,,,,,,,,,2,2,0.0,25,25,0.0,,,,,,,47,45,4.0,66,64,4.0,144,144,0.0,179,174,10.0,4.0,10.0,6.0,10.0
Healthy_004,aVL,1,Healthy,-609,Rs,1,0.0,0,638,1,246,500,,,,,,,,,,2,2,0.0,,,,14,14,0.0,26,27,-2.0,50,45,10.0,64,64,0.0,142,143,-2.0,179,174,10.0,10.0,10.0,10.0,12.0
Healthy_004,V5,1,Healthy,-609,R,1,0.0,0,638,1,246,500,,,,,,,,,,2,2,0.0,,,,25,25,0.0,,,,51,45,12.0,68,64,8.0,150,150,0.0,174,174,0.0,12.0,0.0,-8.0,0.0
Healthy_004,V6,1,Healthy,-609,R,1,0.0,0,638,1,246,500,,,,,,,,,,2,2,0.0,,,,21,21,0.0,,30,,51,45,12.0,69,64,10.0,147,147,0.0,174,174,0.0,12.0,0.0,-10.0,0.0
Healthy_005,aVF,1,Healthy,-614,R,1,0.0,0,627,1,241,500,,,,,,,,,,2,2,0.0,,,,6,23,-34.0,,,,44,37,14.0,72,71,2.0,146,146,0.0,185,185,0.0,14.0,0.0,-2.0,0.0
Healthy_005,I,1,Healthy,-614,R,1,0.0,0,627,1,241,500,,,,,,,,,,2,2,0.0,,,,14,14,0.0,,,,45,37,16.0,72,72,0.0,142,142,0.0,176,169,14.0,16.0,14.0,14.0,14.0
Healthy_005,II,1,Healthy,-614,R,1,0.0,0,627,1,241,500,,,,,,,,,,2,2,0.0,,,,22,23,-2.0,,,,44,37,14.0,71,71,0.0,145,145,0.0,180,172,16.0,14.0,16.0,16.0,16.0
Healthy_005,aVR,1,Healthy,-614,QS,1,0.0,0,627,1,241,500,,,,,,,,,,2,2,0.0,22,23,-2.0,,,,,,,44,37,14.0,70,71,-2.0,143,144,-2.0,181,175,12.0,14.0,12.0,14.0,14.0
Healthy_005,aVL,1,Healthy,-614,Rs,1,0.0,0,627,1,241,500,,,,,,,,,,2,2,0.0,,,,13,14,-2.0,23,24,-2.0,45,37,16.0,68,96,-56.0,157,158,-2.0,183,180,6.0,16.0,6.0,62.0,8.0
Healthy_005,V1,1,Healthy,-614,QS,1,0.0,0,627,1,241,500,,,,,,,,,,2,2,0.0,21,21,0.0,,,,,,,46,37,18.0,48,50,-4.0,139,140,-2.0,175,169,12.0,18.0,12.0,16.0,14.0
Healthy_005,V2,1,Healthy,-614,QS,1,0.0,0,627,1,241,500,,,,,,,,,,2,2,0.0,21,21,0.0,,,,,,,45,37,16.0,50,51,-2.0,140,140,0.0,176,169,14.0,16.0,14.0,16.0,14.0
Healthy_005,V3,1,Healthy,-614,qRs,1,0.0,0,627,1,241,500,,,,,,,,,,2,2,0.0,9,9,0.0,15,15,0.0,21,21,0.0,44,37,14.0,58,60,-4.0,141,142,-2.0,176,178,-4.0,14.0,-4.0,0.0,-2.0
Healthy_005,III,1,Healthy,-614,RS,1,0.0,0,627,1,241,500,,,,,,,,,,2,2,0.0,,13,,5,23,-36.0,9,,,45,37,16.0,69,71,-4.0,150,151,-2.0,185,169,32.0,16.0,32.0,36.0,34.0
Healthy_005,V4,1,Healthy,-614,qR,1,0.0,0,627,1,241,500,,,,,,,,,,2,2,0.0,8,8,0.0,15,28,-26.0,,,,44,37,14.0,69,71,-4.0,149,149,0.0,175,169,12.0,14.0,12.0,16.0,12.0
Healthy_005,V5,1,Healthy,-614,R,1,0.0,0,627,1,241,500,,,,,,,,,,2,2,0.0,,,,23,23,0.0,,,,44,37,14.0,75,71,8.0,150,150,0.0,173,169,8.0,14.0,8.0,0.0,8.0
Healthy_005,V6,1,Healthy,-614,R,1,0.0,0,627,1,241,500,,,,,,,,,,2,2,0.0,,,,21,21,0.0,,,,44,37,14.0,75,71,8.0,148,148,0.0,173,169,8.0,14.0,8.0,0.0,8.0
Healthy_006,V1,1,Healthy,-613,rS,1,0.0011,0,638,1,242,500,,,,,,,,,,1,2,-2.0,,,,8,8,0.0,21,22,-2.0,47,39,16.0,48,44,8.0,137,138,-2.0,175,166,18.0,18.0,20.0,10.0,20.0
Healthy_006,I,1,Healthy,-613,R,1,0.0005,0,638,1,242,500,,,,,,,,,,1,2,-2.0,,,,14,14,0.0,,,,46,39,14.0,67,67,0.0,145,145,0.0,177,166,22.0,16.0,24.0,22.0,22.0
Healthy_006,II,1,Healthy,-613,R,1,0.0004,0,638,1,242,500,,,,,,,,,,1,2,-2.0,,,,10,24,-28.0,,,,45,39,12.0,67,67,0.0,142,142,0.0,180,174,12.0,14.0,14.0,12.0,12.0
Healthy_006,III,1,Healthy,-613,rS,1,0.0018,0,638,1,242,500,,,,,,,,,,1,2,-2.0,,14,,5,25,-40.0,14,,,46,39,14.0,66,67,-2.0,131,131,0.0,182,174,16.0,16.0,18.0,18.0,16.0
Healthy_006,aVR,1,Healthy,-613,QS,1,0.0003,0,638,1,242,500,,,,,,,,,,1,2,-2.0,23,23,0.0,,,,,,,45,39,12.0,67,67,0.0,143,144,-2.0,180,179,2.0,14.0,4.0,2.0,4.0
Healthy_006,aVL,1,Healthy,-613,rS,1,0.0009,0,638,1,242,500,,,,,,,,,,1,2,-2.0,,,,7,14,-14.0,25,25,0.0,46,39,14.0,64,98,-68.0,146,146,0.0,181,166,30.0,16.0,32.0,98.0,30.0
Healthy_006,aVF,1,Healthy,-613,Rs,1,0.0006,0,638,1,242,500,,,,,,,,,,1,2,-2.0,,14,,10,24,-28.0,14,,,46,39,14.0,68,67,2.0,138,139,-2.0,182,182,0.0,16.0,2.0,-2.0,2.0
Healthy_006,V2,1,Healthy,-613,rS,1,0.0022,0,638,1,242,500,,,,,,,,,,1,2,-2.0,,,,5,5,0.0,21,22,-2.0,47,39,16.0,49,53,-8.0,138,138,0.0,176,166,20.0,18.0,22.0,28.0,20.0
Healthy_006,V3,1,Healthy,-613,rS,1,0.0022,0,638,1,242,500,,,,,,,,,,1,2,-2.0,,22,,4,31,-54.0,21,,,45,39,12.0,56,55,2.0,136,137,-2.0,176,166,20.0,14.0,22.0,18.0,22.0
Healthy_006,V4,1,Healthy,-613,RS,1,0.0015,0,638,1,242,500,,,,,,,,,,1,2,-2.0,,14,,4,28,-48.0,13,,,45,39,12.0,66,62,8.0,134,134,0.0,176,200,-48.0,14.0,-46.0,-56.0,-48.0
Healthy_006,V6,1,Healthy,-613,R,1,0.0001,0,638,1,242,500,,,,,,,,,,1,2,-2.0,,,,22,22,0.0,,,,45,39,12.0,71,68,6.0,149,149,0.0,174,167,14.0,14.0,16.0,8.0,14.0
Healthy_006,V5,1,Healthy,-613,R,1,0.0002,0,638,1,242,500,,,,,,,,,,1,2,-2.0,,,,17,24,-14.0,,,,45,39,12.0,70,67,6.0,152,152,0.0,175,166,18.0,14.0,20.0,12.0,18.0
Healthy_007,III,1,Healthy,-615,R,1,0.0,0,640,1,240,500,,,,,,,,,,2,3,-2.0,,,,10,18,-16.0,,,,44,60,-32.0,66,74,-16.0,140,140,0.0,176,172,8.0,-30.0,10.0,24.0,8.0
Healthy_007,I,1,Healthy,-615,RS,1,0.0,0,640,1,240,500,,,,,,,,,,2,3,-2.0,,11,,7,21,-28.0,10,,,45,60,-30.0,67,94,-54.0,147,148,-2.0,171,168,6.0,-28.0,8.0,60.0,8.0
Healthy_007,II,1,Healthy,-615,R,1,0.0,0,640,1,240,500,,,,,,,,,,2,3,-2.0,,,,19,20,-2.0,,,,43,60,-34.0,67,76,-18.0,143,144,-2.0,174,168,12.0,-32.0,14.0,30.0,14.0
Healthy_007,aVR,1,Healthy,-615,QS,1,0.0,0,640,1,240,500,,,,,,,,,,2,3,-2.0,20,20,0.0,,,,,,,44,60,-32.0,67,74,-14.0,145,145,0.0,175,172,6.0,-30.0,8.0,20.0,6.0
Healthy_007,aVL,1,Healthy,-615,QRs,1,0.0,0,640,1,240,500,,,,,,,,,,2,3,-2.0,10,11,-2.0,22,22,0.0,28,28,0.0,45,60,-30.0,65,70,-10.0,136,136,0.0,176,168,16.0,-28.0,18.0,26.0,16.0
Healthy_007,V2,1,Healthy,-615,Qr,1,0.0,0,640,1,240,500,,,,,,,,,,2,3,-2.0,10,10,0.0,24,24,0.0,,,,45,60,-30.0,46,72,-52.0,139,139,0.0,171,174,-6.0,-28.0,-4.0,46.0,-6.0
Healthy_007,V3,1,Healthy,-615,QR,1,0.0,0,640,1,240,500,,,,,,,,,,2,3,-2.0,9,10,-2.0,23,24,-2.0,,,,45,60,-30.0,57,74,-34.0,144,144,0.0,171,168,6.0,-28.0,8.0,40.0,6.0
Healthy_007,V4,1,Healthy,-615,qR,1,0.0,0,640,1,240,500,,,,,,,,,,2,3,-2.0,9,9,0.0,20,20,0.0,,,,43,60,-34.0,66,100,-68.0,149,148,2.0,171,168,6.0,-32.0,8.0,74.0,4.0
Healthy_007,V5,1,Healthy,-615,qR,1,0.0,0,640,1,240,500,,,,,,,,,,2,3,-2.0,6,,,20,20,0.0,,,,43,60,-34.0,70,96,-52.0,148,148,0.0,170,168,4.0,-32.0,6.0,56.0,4.0
Healthy_007,V6,1,Healthy,-615,qR,1,0.0,0,640,1,240,500,,,,,,,,,,2,3,-2.0,6,,,21,21,0.0,,,,44,60,-32.0,72,101,-58.0,149,149,0.0,170,168,4.0,-30.0,6.0,62.0,4.0
Healthy_007,V1,1,Healthy,-615,QS,1,0.0,0,640,1,240,500,,,,,,,,,,2,3,-2.0,18,18,0.0,,32,,,,,44,60,-32.0,45,74,-58.0,138,138,0.0,171,172,-2.0,-30.0,0.0,56.0,-2.0
Healthy_007,aVF,1,Healthy,-615,R,1,0.0,0,640,1,240,500,,,,,,,,,,2,3,-2.0,,,,10,19,-18.0,,,,44,60,-32.0,68,74,-12.0,142,142,0.0,176,168,16.0,-30.0,18.0,28.0,16.0
Healthy_008,II,1,Healthy,-613,R,1,0.0,0,637,1,242,500,,,,,,,,,,2,2,0.0,,,,8,23,-30.0,,,,44,47,-6.0,68,72,-8.0,145,146,-2.0,175,171,8.0,-6.0,8.0,16.0,10.0
Healthy_008,III,1,Healthy,-613,rS,1,0.0,0,637,1,242,500,,,,,,,,,,2,2,0.0,,14,,5,22,-34.0,13,,,45,47,-4.0,67,82,-30.0,155,155,0.0,177,171,12.0,-4.0,12.0,42.0,12.0
Healthy_008,aVR,1,Healthy,-613,QS,1,0.0,0,637,1,242,500,,,,,,,,,,2,2,0.0,23,23,0.0,,,,,,,44,47,-6.0,67,72,-10.0,144,144,0.0,177,182,-10.0,-6.0,-10.0,0.0,-10.0
Healthy_008,aVL,1,Healthy,-613,Rs,1,0.0,0,637,1,242,500,,,,,,,,,,2,2,0.0,,,,14,14,0.0,19,20,-2.0,45,47,-4.0,65,90,-50.0,142,143,-2.0,176,171,10.0,-4.0,10.0,60.0,12.0
Healthy_008,aVF,1,Healthy,-613,rS,1,0.0,0,637,1,242,500,,,,,,,,,,2,2,0.0,,14,,6,22,-32.0,13,,,44,47,-6.0,69,70,-2.0,149,149,0.0,177,175,4.0,-6.0,4.0,6.0,4.0
Healthy_008,V1,1,Healthy,-613,rS,1,0.0,0,637,1,242,500,,,,,,,,,,2,2,0.0,,21,,6,,,21,,,44,47,-6.0,49,47,4.0,137,137,0.0,171,171,0.0,-6.0,0.0,-4.0,0.0
Healthy_008,V2,1,Healthy,-613,rS,1,0.0,0,637,1,242,500,,,,,,,,,,2,2,0.0,,16,,4,,,16,,,44,47,-6.0,51,55,-8.0,137,137,0.0,172,182,-20.0,-6.0,-20.0,-12.0,-20.0
Healthy_008,V3,1,Healthy,-613,QR,1,0.0,0,637,1,242,500,,,,,,,,,,2,2,0.0,13,14,-2.0,23,30,-14.0,,,,45,47,-4.0,60,62,-4.0,135,135,0.0,172,171,2.0,-4.0,2.0,6.0,2.0
Healthy_008,V4,1,Healthy,-613,qR,1,0.0,0,637,1,242,500,,,,,,,,,,2,2,0.0,12,11,2.0,23,23,0.0,,,,44,47,-6.0,66,70,-8.0,134,134,0.0,172,175,-6.0,-6.0,-6.0,2.0,-6.0
Healthy_008,V5,1,Healthy,-613,qR,1,0.0,0,637,1,242,500,,,,,,,,,,2,2,0.0,8,8,0.0,23,23,0.0,,,,44,47,-6.0,70,96,-52.0,150,150,0.0,171,171,0.0,-6.0,0.0,52.0,0.0
Healthy_008,V6,1,Healthy,-613,qR,1,0.0,0,637,1,242,500,,,,,,,,,,2,2,0.0,6,,,22,23,-2.0,,,,44,47,-6.0,71,87,-32.0,149,149,0.0,171,171,0.0,-6.0,0.0,32.0,0.0
Healthy_008,I,1,Healthy,-613,R,1,0.0,0,637,1,242,500,,,,,,,,,,2,2,0.0,,,,14,14,0.0,,,,44,47,-6.0,66,68,-4.0,143,144,-2.0,172,171,2.0,-6.0,2.0,6.0,4.0
Healthy_009,V2,1,Healthy,-613,rS,1,0.0002,0,639,1,242,500,,,,,,,,,,2,2,0.0,,21,,5,,,21,,,48,43,10.0,50,48,4.0,136,136,0.0,173,179,-12.0,10.0,-12.0,-16.0,-12.0
Healthy_009,I,1,Healthy,-613,R,1,0.0,0,639,1,242,500,,,,,,,,,,1,2,-2.0,,,,15,23,-16.0,,,,46,43,6.0,68,76,-16.0,145,146,-2.0,176,168,16.0,8.0,18.0,32.0,18.0
Healthy_009,II,1,Healthy,-613,R,1,0.0001,0,639,1,242,500,,,,,,,,,,2,2,0.0,,12,,6,23,-34.0,,,,46,43,6.0,69,68,2.0,143,144,-2.0,177,174,6.0,6.0,6.0,4.0,8.0
Healthy_009,III,1,Healthy,-613,rS,1,0.0002,0,639,1,242,500,,,,,,,,,,2,2,0.0,,15,,5,,,15,,,46,43,6.0,68,72,-8.0,147,147,0.0,179,168,22.0,6.0,22.0,30.0,22.0
Healthy_009,aVR,1,Healthy,-613,QS,1,0.0001,0,639,1,242,500,,,,,,,,,,1,2,-2.0,23,23,0.0,,,,,,,46,43,6.0,68,72,-8.0,145,145,0.0,180,178,4.0,8.0,6.0,12.0,4.0
Healthy_009,aVL,1,Healthy,-613,R,1,0.0001,0,639,1,242,500,,,,,,,,,,1,2,-2.0,,,,15,15,0.0,,,,46,43,6.0,66,85,-38.0,146,146,0.0,180,168,24.0,8.0,26.0,62.0,24.0
Healthy_009,aVF,1,Healthy,-613,rS,1,0.0001,0,639,1,242,500,,,,,,,,,,2,2,0.0,,15,,5,24,-38.0,14,,,46,43,6.0,69,72,-6.0,135,135,0.0,179,175,8.0,6.0,8.0,14.0,8.0
Healthy_009,V1,1,Healthy,-613,rS,1,0.0003,0,639,1,242,500,,,,,,,,,,2,2,0.0,,,,8,7,2.0,22,22,0.0,48,43,10.0,49,52,-6.0,134,134,0.0,173,168,10.0,10.0,10.0,16.0,10.0
Healthy_009,V3,1,Healthy,-613,rS,1,0.0002,0,639,1,242,500,,,,,,,,,,2,2,0.0,,21,,4,31,-54.0,20,,,46,43,6.0,56,59,-6.0,136,136,0.0,174,170,8.0,6.0,8.0,14.0,8.0
Healthy_009,V4,1,Healthy,-613,rS,1,0.0001,0,639,1,242,500,,,,,,,,,,1,2,-2.0,,17,,4,27,-46.0,16,,,46,43,6.0,67,60,14.0,136,136,0.0,174,165,18.0,8.0,20.0,4.0,18.0
Healthy_009,V5,1,Healthy,-613,qR,1,0.0,0,639,1,242,500,,,,,,,,,,1,2,-2.0,12,12,0.0,24,25,-2.0,,,,46,43,6.0,70,72,-4.0,145,146,-2.0,173,172,2.0,8.0,4.0,6.0,4.0
Healthy_009,V6,1,Healthy,-613,qR,1,0.0,0,639,1,242,500,,,,,,,,,,1,2,-2.0,7,7,0.0,22,23,-2.0,,,,46,43,6.0,71,81,-20.0,149,149,0.0,173,168,10.0,8.0,12.0,30.0,10.0
Healthy_010,V1,1,Healthy,-615,rS,1,0.0,0,644,1,240,500,,,,,,,,,,2,2,0.0,,21,,4,,,21,,,50,50,0.0,51,51,0.0,142,142,0.0,175,173,4.0,0.0,4.0,4.0,4.0
Healthy_010,I,1,Healthy,-615,R,1,0.0,0,644,1,240,500,,,,,,,,,,2,2,0.0,,,,14,14,0.0,,,,53,50,6.0,66,72,-12.0,142,142,0.0,176,176,0.0,6.0,0.0,12.0,0.0
Healthy_010,II,1,Healthy,-615,R,1,0.0,0,644,1,240,500,,,,,,,,,,2,2,0.0,,,,7,27,-40.0,,,,54,50,8.0,68,72,-8.0,146,146,0.0,178,184,-12.0,8.0,-12.0,-4.0,-12.0
Healthy_010,III,1,Healthy,-615,rS,1,0.0,0,644,1,240,500,,,,,,,,,,2,2,0.0,,13,,5,27,-44.0,13,,,52,50,4.0,68,76,-16.0,156,156,0.0,181,182,-2.0,4.0,-2.0,14.0,-2.0
Healthy_010,aVR,1,Healthy,-615,QS,1,0.0,0,644,1,240,500,,,,,,,,,,2,2,0.0,22,22,0.0,,,,,,,52,50,4.0,67,72,-10.0,143,144,-2.0,181,185,-8.0,4.0,-8.0,2.0,-6.0
Healthy_010,aVL,1,Healthy,-615,Rs,1,0.0,0,644,1,240,500,,,,,,,,,,2,2,0.0,,,,13,14,-2.0,27,27,0.0,53,50,6.0,65,87,-44.0,140,140,0.0,180,175,10.0,6.0,10.0,54.0,10.0
Healthy_010,aVF,1,Healthy,-615,rS,1,0.0,0,644,1,240,500,,,,,,,,,,2,2,0.0,,13,,6,27,-42.0,13,,,55,50,10.0,69,72,-6.0,151,152,-2.0,181,179,4.0,10.0,4.0,10.0,6.0
Healthy_010,V2,1,Healthy,-615,QS,1,0.0,0,644,1,240,500,,,,,,,,,,2,2,0.0,19,19,0.0,,,,,,,53,50,6.0,54,50,8.0,139,140,-2.0,176,173,6.0,6.0,6.0,-2.0,8.0
Healthy_010,V3,1,Healthy,-615,Qr,1,0.0,0,644,1,240,500,,,,,,,,,,2,2,0.0,14,14,0.0,29,34,-10.0,,,,54,50,8.0,64,68,-8.0,136,136,0.0,175,172,6.0,8.0,6.0,14.0,6.0
Healthy_010,V5,1,Healthy,-615,qR,1,0.0,0,644,1,240,500,,,,,,,,,,2,2,0.0,8,7,2.0,23,23,0.0,,,,54,50,8.0,69,83,-28.0,150,150,0.0,174,173,2.0,8.0,2.0,30.0,2.0
Healthy_010,V6,1,Healthy,-615,Rs,1,0.0,0,644,1,240,500,,,,,,,,,,2,2,0.0,,,,20,20,0.0,29,29,0.0,55,50,10.0,69,72,-6.0,147,147,0.0,175,173,4.0,10.0,4.0,10.0,4.0
Healthy_010,V4,1,Healthy,-615,qR,1,0.0,0,644,1,240,500,,,,,,,,,,2,2,0.0,12,13,-2.0,28,28,0.0,,,,53,50,6.0,69,68,2.0,146,146,0.0,175,173,4.0,6.0,4.0,2.0,4.0
InferiorInfarction_001,aVR,1,InferiorInfarction,-614,QS,1,0.0,0,626,1,241,500,,,,,,,,,,2,2,0.0,23,23,0.0,,,,,,,49,50,-2.0,54,109,-110.0,171,171,0.0,294,279,30.0,-2.0,30.0,140.0,30.0
InferiorInfarction_001,I,1,InferiorInfarction,-614,R,1,0.0,0,626,1,241,500,,,,,,,,,,1,2,-2.0,,11,,7,14,-14.0,,18,,50,50,0.0,52,103,-102.0,162,162,0.0,292,286,12.0,2.0,14.0,114.0,12.0
InferiorInfarction_001,II,1,InferiorInfarction,-614,R,1,0.0,0,626,1,241,500,,,,,,,,,,1,2,-2.0,,,,11,23,-24.0,,,,50,50,0.0,52,119,-134.0,173,173,0.0,297,281,32.0,2.0,34.0,166.0,32.0
InferiorInfarction_001,III,1,InferiorInfarction,-614,QR,1,0.0,0,626,1,241,500,,,,,,,,,,2,2,0.0,6,6,0.0,11,23,-24.0,,,,51,50,2.0,52,103,-102.0,175,175,0.0,297,258,78.0,2.0,78.0,180.0,78.0
InferiorInfarction_001,aVL,1,InferiorInfarction,-614,rS,1,0.0,0,626,1,241,500,,,,,,,,,,2,2,0.0,,,,6,6,0.0,23,23,0.0,50,50,0.0,51,89,-76.0,177,177,0.0,293,261,64.0,0.0,64.0,140.0,64.0
InferiorInfarction_001,aVF,1,InferiorInfarction,-614,qR,1,0.0,0,626,1,241,500,,,,,,,,,,1,2,-2.0,6,,,11,23,-24.0,,,,51,50,2.0,53,101,-96.0,174,174,0.0,297,266,62.0,4.0,64.0,158.0,62.0
InferiorInfarction_001,V1,1,InferiorInfarction,-614,rS,1,0.0,0,626,1,241,500,,,,,,,,,,2,2,0.0,,,,6,7,-2.0,19,19,0.0,49,50,-2.0,50,51,-2.0,139,140,-2.0,293,255,76.0,-2.0,76.0,78.0,78.0
InferiorInfarction_001,V2,1,InferiorInfarction,-614,rS,1,0.0,0,626,1,241,500,,,,,,,,,,2,2,0.0,,24,,5,,,24,,,50,50,0.0,51,51,0.0,139,139,0.0,293,263,60.0,0.0,60.0,60.0,60.0
InferiorInfarction_001,V3,1,InferiorInfarction,-614,qRs,1,0.0,0,626,1,241,500,,,,,,,,,,2,2,0.0,9,9,0.0,20,20,0.0,28,28,0.0,51,50,2.0,52,51,2.0,138,139,-2.0,296,255,82.0,2.0,82.0,80.0,84.0
InferiorInfarction_001,V4,1,InferiorInfarction,-614,qRs,1,0.0,0,626,1,241,500,,,,,,,,,,2,2,0.0,8,8,0.0,21,22,-2.0,33,,,51,50,2.0,52,51,2.0,140,141,-2.0,295,251,88.0,2.0,88.0,86.0,90.0
InferiorInfarction_001,V5,1,InferiorInfarction,-614,qR,1,0.0,0,626,1,241,500,,,,,,,,,,1,2,-2.0,7,,,27,27,0.0,,,,51,50,2.0,52,51,2.0,169,169,0.0,293,277,32.0,4.0,34.0,30.0,32.0
InferiorInfarction_001,V6,1,InferiorInfarction,-614,Rs,1,0.0,0,626,1,241,500,,,,,,,,,,1,2,-2.0,,,,29,29,0.0,51,,,51,50,2.0,53,91,-76.0,145,145,0.0,295,281,28.0,4.0,30.0,104.0,28.0
InferiorInfarction_002,V6,1,InferiorInfarction,-604,qRs,1,0.0,0,642,1,251,500,,,,,,,,,,2,2,0.0,9,9,0.0,36,35,2.0,58,,,58,57,2.0,59,62,-6.0,144,144,0.0,307,291,32.0,2.0,32.0,38.0,32.0
InferiorInfarction_002,I,1,InferiorInfarction,-604,R,1,0.0,0,642,1,251,500,,,,,,,,,,2,2,0.0,,,,9,16,-14.0,,72,,57,57,0.0,58,87,-58.0,144,145,-2.0,307,286,42.0,0.0,42.0,100.0,44.0
InferiorInfarction_002,III,1,InferiorInfarction,-604,qR,1,0.0,0,642,1,251,500,,,,,,,,,,2,2,0.0,8,16,-16.0,27,28,-2.0,,,,57,57,0.0,58,75,-34.0,140,141,-2.0,319,277,84.0,0.0,84.0,118.0,86.0
InferiorInfarction_002,aVR,1,InferiorInfarction,-604,QS,1,0.0,0,642,1,251,500,,,,,,,,,,2,2,0.0,31,32,-2.0,,,,,,,58,57,2.0,59,76,-34.0,151,151,0.0,311,294,34.0,2.0,34.0,68.0,34.0
InferiorInfarction_002,aVL,1,InferiorInfarction,-604,RS,1,0.0,0,642,1,251,500,,,,,,,,,,2,2,0.0,,,,8,16,-16.0,26,27,-2.0,56,57,-2.0,57,94,-74.0,142,142,0.0,311,283,56.0,-2.0,56.0,130.0,56.0
InferiorInfarction_002,aVF,1,InferiorInfarction,-604,QR,1,0.0,0,642,1,251,500,,,,,,,,,,2,2,0.0,7,8,-2.0,12,31,-38.0,,,,58,57,2.0,60,101,-82.0,158,183,-50.0,317,279,76.0,2.0,76.0,158.0,126.0
InferiorInfarction_002,V1,1,InferiorInfarction,-604,rS,1,0.0,0,642,1,251,500,,,,,,,,,,2,2,0.0,,,,7,7,0.0,31,31,0.0,55,57,-4.0,56,68,-24.0,142,143,-2.0,305,277,56.0,-4.0,56.0,80.0,58.0
InferiorInfarction_002,V2,1,InferiorInfarction,-604,rS,1,0.0,0,642,1,251,500,,,,,,,,,,2,2,0.0,,,,7,7,0.0,31,31,0.0,55,57,-4.0,56,64,-16.0,142,143,-2.0,301,281,40.0,-4.0,40.0,56.0,42.0
InferiorInfarction_002,V3,1,InferiorInfarction,-604,rS,1,0.0,0,642,1,251,500,,,,,,,,,,2,2,0.0,,,,6,6,0.0,32,32,0.0,56,57,-2.0,57,58,-2.0,142,142,0.0,302,282,40.0,-2.0,40.0,42.0,40.0
InferiorInfarction_002,V4,1,InferiorInfarction,-604,QrS,1,0.0,0,642,1,251,500,,,,,,,,,,2,2,0.0,17,17,0.0,28,,,35,,,56,57,-2.0,57,74,-34.0,142,142,0.0,301,283,36.0,-2.0,36.0,70.0,36.0
InferiorInfarction_002,V5,1,InferiorInfarction,-604,qR,1,0.0,0,642,1,251,500,,,,,,,,,,2,2,0.0,11,11,0.0,31,30,2.0,,,,57,57,0.0,58,64,-12.0,159,160,-2.0,308,251,114.0,0.0,114.0,126.0,116.0
InferiorInfarction_002,II,1,InferiorInfarction,-604,R,1,0.0,0,642,1,251,500,,,,,,,,,,2,2,0.0,,,,12,32,-40.0,,,,58,57,2.0,59,68,-18.0,156,182,-52.0,320,238,164.0,2.0,164.0,182.0,216.0
InferiorInfarction_003,V2,1,InferiorInfarction,-614,rS,1,0.0,0,628,1,241,500,,,,,,,,,,1,2,-2.0,,25,,4,,,25,,,54,51,6.0,55,55,0.0,140,140,0.0,293,267,52.0,8.0,54.0,52.0,52.0
InferiorInfarction_003,I,1,InferiorInfarction,-614,R,1,0.0,0,628,1,241,500,,,,,,,,,,1,2,-2.0,,,,7,30,-46.0,,,,54,51,6.0,56,64,-16.0,172,173,-2.0,296,281,30.0,8.0,32.0,46.0,32.0
InferiorInfarction_003,II,1,InferiorInfarction,-614,R,1,0.0,0,628,1,241,500,,,,,,,,,,1,2,-2.0,,,,9,21,-24.0,,64,,54,51,6.0,55,98,-86.0,173,173,0.0,298,275,46.0,8.0,48.0,132.0,46.0
InferiorInfarction_003,III,1,InferiorInfarction,-614,R,1,0.0,0,628,1,241,500,,,,,,,,,,1,2,-2.0,,,,9,21,-24.0,,,,55,51,8.0,57,66,-18.0,143,143,0.0,297,243,108.0,10.0,110.0,126.0,108.0
InferiorInfarction_003,aVR,1,InferiorInfarction,-614,QS,1,0.0,0,628,1,241,500,,,,,,,,,,1,2,-2.0,21,21,0.0,,,,,,,54,51,6.0,56,82,-52.0,173,173,0.0,296,279,34.0,8.0,36.0,86.0,34.0
InferiorInfarction_003,aVL,1,InferiorInfarction,-614,rS,1,0.0,0,628,1,241,500,,,,,,,,,,1,2,-2.0,,21,,6,33,-54.0,20,,,54,51,6.0,55,54,2.0,142,142,0.0,294,269,50.0,8.0,52.0,48.0,50.0
InferiorInfarction_003,aVF,1,InferiorInfarction,-614,R,1,0.0,0,628,1,241,500,,,,,,,,,,1,2,-2.0,,,,9,21,-24.0,,,,55,51,8.0,57,55,4.0,143,174,-62.0,297,262,70.0,10.0,72.0,66.0,132.0
InferiorInfarction_003,V1,1,InferiorInfarction,-614,rS,1,0.0,0,628,1,241,500,,,,,,,,,,1,2,-2.0,,,,5,5,0.0,22,21,2.0,54,51,6.0,55,55,0.0,140,140,0.0,295,255,80.0,8.0,82.0,80.0,80.0
InferiorInfarction_003,V3,1,InferiorInfarction,-614,qRs,1,0.0,0,628,1,241,500,,,,,,,,,,2,2,0.0,8,8,0.0,19,19,0.0,37,37,0.0,53,51,4.0,58,80,-44.0,144,144,0.0,297,251,92.0,4.0,92.0,136.0,92.0
InferiorInfarction_003,V4,1,InferiorInfarction,-614,qRs,1,0.0,0,628,1,241,500,,,,,,,,,,1,2,-2.0,8,8,0.0,21,22,-2.0,39,,,53,51,4.0,64,81,-34.0,148,148,0.0,295,253,84.0,6.0,86.0,118.0,84.0
InferiorInfarction_003,V5,1,InferiorInfarction,-614,qR,1,0.0,0,628,1,241,500,,,,,,,,,,1,2,-2.0,8,8,0.0,30,30,0.0,,,,54,51,6.0,56,70,-28.0,143,143,0.0,295,275,40.0,8.0,42.0,68.0,40.0
InferiorInfarction_003,V6,1,InferiorInfarction,-614,qRs,1,0.0,0,628,1,241,500,,,,,,,,,,1,2,-2.0,5,6,-2.0,32,32,0.0,54,,,54,51,6.0,56,55,2.0,145,145,0.0,296,269,54.0,8.0,56.0,52.0,54.0
InferiorInfarction_004,V6,1,InferiorInfarction,-609,Rs,1,0.0,0,622,1,246,500,,,,,,,,,,2,2,0.0,,,,33,33,0.0,51,,,51,48,6.0,52,55,-6.0,168,168,0.0,296,275,42.0,6.0,42.0,48.0,42.0
InferiorInfarction_004,I,1,InferiorInfarction,-609,R,1,0.0,0,622,1,246,500,,,,,,,,,,2,2,0.0,,,,14,14,0.0,,62,,51,48,6.0,52,93,-82.0,141,141,0.0,298,281,34.0,6.0,34.0,116.0,34.0
InferiorInfarction_004,II,1,InferiorInfarction,-609,R,1,0.0,0,622,1,246,500,,,,,,,,,,2,2,0.0,,,,26,27,-2.0,,64,,51,48,6.0,52,103,-102.0,176,176,0.0,298,269,58.0,6.0,58.0,160.0,58.0
InferiorInfarction_004,III,1,InferiorInfarction,-609,qR,1,0.0,0,622,1,246,500,,,,,,,,,,2,2,0.0,7,7,0.0,26,26,0.0,,,,52,48,8.0,53,48,10.0,139,139,0.0,298,254,88.0,8.0,88.0,78.0,88.0
InferiorInfarction_004,aVR,1,InferiorInfarction,-609,QS,1,0.0,0,622,1,246,500,,,,,,,,,,2,2,0.0,27,27,0.0,,,,,,,51,48,6.0,52,51,2.0,144,176,-64.0,296,279,34.0,6.0,34.0,32.0,98.0
InferiorInfarction_004,aVL,1,InferiorInfarction,-609,RS,1,0.0,0,622,1,246,500,,,,,,,,,,2,2,0.0,,,,8,14,-12.0,25,26,-2.0,51,48,6.0,52,50,4.0,140,140,0.0,294,277,34.0,6.0,34.0,30.0,34.0
InferiorInfarction_004,aVF,1,InferiorInfarction,-609,qR,1,0.0,0,622,1,246,500,,,,,,,,,,2,2,0.0,7,7,0.0,26,26,0.0,,,,51,48,6.0,56,66,-20.0,176,176,0.0,298,253,90.0,6.0,90.0,110.0,90.0
InferiorInfarction_004,V1,1,InferiorInfarction,-609,rS,1,0.0,0,622,1,246,500,,,,,,,,,,2,2,0.0,,21,,4,,,21,,,50,48,4.0,51,50,2.0,142,142,0.0,296,268,56.0,4.0,56.0,54.0,56.0
InferiorInfarction_004,V2,1,InferiorInfarction,-609,QS,1,0.0,0,622,1,246,500,,,,,,,,,,2,2,0.0,25,25,0.0,,,,,,,50,48,4.0,51,50,2.0,140,140,0.0,295,263,64.0,4.0,64.0,62.0,64.0
InferiorInfarction_004,V3,1,InferiorInfarction,-609,QRS,1,0.0,0,622,1,246,500,,,,,,,,,,2,2,0.0,10,10,0.0,24,23,2.0,33,33,0.0,50,48,4.0,51,50,2.0,138,139,-2.0,295,275,40.0,4.0,40.0,38.0,42.0
InferiorInfarction_004,V4,1,InferiorInfarction,-609,qRs,1,0.0,0,622,1,246,500,,,,,,,,,,2,2,0.0,9,10,-2.0,26,26,0.0,39,35,8.0,52,48,8.0,62,50,24.0,144,144,0.0,295,266,58.0,8.0,58.0,34.0,58.0
InferiorInfarction_004,V5,1,InferiorInfarction,-609,R,1,0.0,0,622,1,246,500,,,,,,,,,,2,2,0.0,,,,32,32,0.0,,,,50,48,4.0,51,50,2.0,138,139,-2.0,294,277,34.0,4.0,34.0,32.0,36.0
InferiorInfarction_005,aVF,1,InferiorInfarction,-608,R,1,0.0,0,621,1,247,500,,,,,,,,,,2,2,0.0,,8,,23,23,0.0,,,,51,48,6.0,53,101,-96.0,172,173,-2.0,296,269,54.0,6.0,54.0,150.0,56.0
InferiorInfarction_005,I,1,InferiorInfarction,-608,R,1,0.0,0,621,1,247,500,,,,,,,,,,2,2,0.0,,,,10,32,-44.0,,64,,50,48,4.0,52,107,-110.0,247,171,152.0,299,275,48.0,4.0,48.0,158.0,-104.0
InferiorInfarction_005,II,1,InferiorInfarction,-608,R,1,0.0,0,621,1,247,500,,,,,,,,,,2,2,0.0,,,,23,23,0.0,,,,51,48,6.0,52,105,-106.0,172,172,0.0,300,275,50.0,6.0,50.0,156.0,50.0
InferiorInfarction_005,III,1,InferiorInfarction,-608,qR,1,0.0,0,621,1,247,500,,,,,,,,,,2,2,0.0,8,8,0.0,23,23,0.0,,,,51,48,6.0,53,50,6.0,150,151,-2.0,295,248,94.0,6.0,94.0,88.0,96.0
InferiorInfarction_005,aVR,1,InferiorInfarction,-608,QS,1,0.0,0,621,1,247,500,,,,,,,,,,2,2,0.0,24,23,2.0,,,,,,,51,48,6.0,52,53,-2.0,172,172,0.0,298,275,46.0,6.0,46.0,48.0,46.0
InferiorInfarction_005,aVL,1,InferiorInfarction,-608,RS,1,0.0,0,621,1,247,500,,,,,,,,,,2,2,0.0,,,,9,8,2.0,23,22,2.0,51,48,6.0,52,53,-2.0,151,152,-2.0,294,265,58.0,6.0,58.0,60.0,60.0
InferiorInfarction_005,V1,1,InferiorInfarction,-608,rS,1,0.0,0,621,1,247,500,,,,,,,,,,2,2,0.0,,,,6,6,0.0,23,23,0.0,49,48,2.0,50,55,-10.0,141,141,0.0,295,268,54.0,2.0,54.0,64.0,54.0
InferiorInfarction_005,V2,1,InferiorInfarction,-608,rS,1,0.0,0,621,1,247,500,,,,,,,,,,2,2,0.0,,24,,6,,,24,,,49,48,2.0,50,50,0.0,141,141,0.0,293,268,50.0,2.0,50.0,50.0,50.0
InferiorInfarction_005,V3,1,InferiorInfarction,-608,qRS,1,0.0,0,621,1,247,500,,,,,,,,,,2,2,0.0,9,9,0.0,15,15,0.0,25,25,0.0,50,48,4.0,52,50,4.0,142,142,0.0,295,267,56.0,4.0,56.0,52.0,56.0
InferiorInfarction_005,V4,1,InferiorInfarction,-608,qRs,1,0.0,0,621,1,247,500,,,,,,,,,,2,2,0.0,8,9,-2.0,15,15,0.0,37,37,0.0,50,48,4.0,52,54,-4.0,146,147,-2.0,296,269,54.0,4.0,54.0,58.0,56.0
InferiorInfarction_005,V5,1,InferiorInfarction,-608,R,1,0.0,0,621,1,247,500,,,,,,,,,,2,2,0.0,,,,31,30,2.0,,,,50,48,4.0,52,50,4.0,142,142,0.0,294,275,38.0,4.0,38.0,34.0,38.0
InferiorInfarction_005,V6,1,InferiorInfarction,-608,R,1,0.0,0,621,1,247,500,,,,,,,,,,2,2,0.0,,,,31,32,-2.0,,,,49,48,2.0,54,55,-2.0,146,146,0.0,295,273,44.0,2.0,44.0,46.0,44.0
InferiorInfarction_006,V6,1,InferiorInfarction,-611,R,1,0.0,0,626,1,244,500,,,,,,,,,,1,2,-2.0,,,,28,28,0.0,,,,49,48,2.0,50,49,2.0,167,167,0.0,295,274,42.0,4.0,44.0,40.0,42.0
InferiorInfarction_006,I,1,InferiorInfarction,-611,R,1,0.0,0,626,1,244,500,,,,,,,,,,1,2,-2.0,,,,14,14,0.0,,,,49,48,2.0,50,49,2.0,144,144,0.0,298,277,42.0,4.0,44.0,40.0,42.0
InferiorInfarction_006,II,1,InferiorInfarction,-611,R,1,0.0,0,626,1,244,500,,,,,,,,,,1,2,-2.0,,,,10,24,-28.0,,,,49,48,2.0,50,49,2.0,173,173,0.0,300,270,60.0,4.0,62.0,58.0,60.0
InferiorInfarction_006,III,1,InferiorInfarction,-611,rS,1,0.0,0,626,1,244,500,,,,,,,,,,1,2,-2.0,,14,,9,24,-30.0,14,,,50,48,4.0,51,49,4.0,173,173,0.0,300,264,72.0,6.0,74.0,68.0,72.0
InferiorInfarction_006,aVR,1,InferiorInfarction,-611,QS,1,0.0,0,626,1,244,500,,,,,,,,,,1,2,-2.0,24,24,0.0,,,,,,,49,48,2.0,50,49,2.0,142,142,0.0,299,273,52.0,4.0,54.0,50.0,52.0
InferiorInfarction_006,aVL,1,InferiorInfarction,-611,rS,1,0.0,0,626,1,244,500,,,,,,,,,,1,2,-2.0,,,,7,14,-14.0,24,24,0.0,49,48,2.0,50,49,2.0,147,147,0.0,298,265,66.0,4.0,68.0,64.0,66.0
InferiorInfarction_006,aVF,1,InferiorInfarction,-611,R,1,0.0,0,626,1,244,500,,,,,,,,,,1,2,-2.0,,14,,10,24,-28.0,,,,50,48,4.0,51,55,-8.0,173,173,0.0,298,260,76.0,6.0,78.0,84.0,76.0
InferiorInfarction_006,V1,1,InferiorInfarction,-611,rS,1,0.0,0,626,1,244,500,,,,,,,,,,1,2,-2.0,,,,8,8,0.0,22,22,0.0,48,48,0.0,49,49,0.0,140,140,0.0,297,271,52.0,2.0,54.0,52.0,52.0
InferiorInfarction_006,V2,1,InferiorInfarction,-611,rS,1,0.0,0,626,1,244,500,,,,,,,,,,1,2,-2.0,,,,5,5,0.0,21,22,-2.0,49,48,2.0,50,49,2.0,140,140,0.0,296,265,62.0,4.0,64.0,60.0,62.0
InferiorInfarction_006,V3,1,InferiorInfarction,-611,rS,1,0.0,0,626,1,244,500,,,,,,,,,,1,2,-2.0,,,,4,5,-2.0,26,25,2.0,49,48,2.0,50,49,2.0,139,139,0.0,296,267,58.0,4.0,60.0,56.0,58.0
InferiorInfarction_006,V4,1,InferiorInfarction,-611,rS,1,0.0,0,626,1,244,500,,,,,,,,,,1,2,-2.0,,8,,4,17,-26.0,33,33,0.0,49,48,2.0,50,49,2.0,139,139,0.0,295,274,42.0,4.0,44.0,40.0,42.0
InferiorInfarction_006,V5,1,InferiorInfarction,-611,R,1,0.0001,0,626,1,244,500,,,,,,,,,,1,2,-2.0,,,,17,24,-14.0,,,,50,48,4.0,51,49,4.0,137,137,0.0,292,242,100.0,6.0,102.0,96.0,100.0
InferiorInfarction_007,V2,1,InferiorInfarction,-612,QrS,1,0.0,0,629,1,243,500,,,,,,,,,,2,2,0.0,11,11,0.0,23,24,-2.0,29,28,2.0,48,48,0.0,49,49,0.0,140,140,0.0,289,273,32.0,0.0,32.0,32.0,32.0
InferiorInfarction_007,I,1,InferiorInfarction,-612,RS,1,0.0,0,629,1,243,500,,,,,,,,,,2,2,0.0,,11,,7,29,-44.0,11,,,49,48,2.0,50,49,2.0,142,142,0.0,292,275,34.0,2.0,34.0,32.0,34.0
InferiorInfarction_007,II,1,InferiorInfarction,-612,R,1,0.0,0,629,1,243,500,,,,,,,,,,2,2,0.0,,,,20,20,0.0,,,,50,48,4.0,51,49,4.0,172,172,0.0,293,273,40.0,4.0,40.0,36.0,40.0
InferiorInfarction_007,III,1,InferiorInfarction,-612,qR,1,0.0,0,629,1,243,500,,,,,,,,,,2,2,0.0,6,,,19,19,0.0,,,,50,48,4.0,51,49,4.0,148,148,0.0,291,259,64.0,4.0,64.0,60.0,64.0
InferiorInfarction_007,aVR,1,InferiorInfarction,-612,QS,1,0.0,0,629,1,243,500,,,,,,,,,,2,2,0.0,23,24,-2.0,,,,,,,50,48,4.0,51,50,2.0,172,172,0.0,294,269,50.0,4.0,50.0,48.0,50.0
InferiorInfarction_007,aVF,1,InferiorInfarction,-612,qR,1,0.0,0,629,1,243,500,,,,,,,,,,2,2,0.0,6,,,19,20,-2.0,,,,50,48,4.0,51,49,4.0,172,172,0.0,293,273,40.0,4.0,40.0,36.0,40.0
InferiorInfarction_007,V1,1,InferiorInfarction,-612,rS,1,0.0,0,629,1,243,500,,,,,,,,,,2,2,0.0,,19,,5,,,18,,,49,48,2.0,50,49,2.0,139,139,0.0,291,267,48.0,2.0,48.0,46.0,48.0
InferiorInfarction_007,V3,1,InferiorInfarction,-612,QRs,1,0.0,0,629,1,243,500,,,,,,,,,,2,2,0.0,10,10,0.0,23,23,0.0,35,36,-2.0,50,48,4.0,51,49,4.0,142,143,-2.0,292,263,58.0,4.0,58.0,54.0,60.0
InferiorInfarction_007,V4,1,InferiorInfarction,-612,qR,1,0.0,0,629,1,243,500,,,,,,,,,,2,2,0.0,9,10,-2.0,23,23,0.0,,,,50,48,4.0,51,49,4.0,150,150,0.0,291,260,62.0,4.0,62.0,58.0,62.0
InferiorInfarction_007,V5,1,InferiorInfarction,-612,qR,1,0.0,0,629,1,243,500,,,,,,,,,,2,2,0.0,9,9,0.0,24,28,-8.0,,,,49,48,2.0,50,49,2.0,141,141,0.0,292,269,46.0,2.0,46.0,44.0,46.0
InferiorInfarction_007,V6,1,InferiorInfarction,-612,qRs,1,0.0,0,629,1,243,500,,,,,,,,,,2,2,0.0,10,10,0.0,28,28,0.0,50,,,50,48,4.0,51,49,4.0,141,142,-2.0,292,269,46.0,4.0,46.0,42.0,48.0
InferiorInfarction_007,aVL,1,InferiorInfarction,-612,rS,1,0.0,0,629,1,243,500,,,,,,,,,,2,2,0.0,,17,,7,37,-60.0,17,,,49,48,2.0,50,49,2.0,146,146,0.0,291,226,130.0,2.0,130.0,128.0,130.0
InferiorInfarction_008,II,1,InferiorInfarction,-612,R,1,0.0,0,623,1,243,500,,,,,,,,,,2,2,0.0,,,,10,23,-26.0,,,,54,50,8.0,55,62,-14.0,173,174,-2.0,304,265,78.0,8.0,78.0,92.0,80.0
InferiorInfarction_008,I,1,InferiorInfarction,-612,R,1,0.0,0,623,1,243,500,,,,,,,,,,2,2,0.0,,,,7,14,-14.0,,,,53,50,6.0,54,66,-24.0,142,142,0.0,305,267,76.0,6.0,76.0,100.0,76.0
InferiorInfarction_008,III,1,InferiorInfarction,-612,qR,1,0.0,0,623,1,243,500,,,,,,,,,,2,2,0.0,13,14,-2.0,23,24,-2.0,,,,52,50,4.0,53,59,-12.0,141,141,0.0,302,246,112.0,4.0,112.0,124.0,112.0
InferiorInfarction_008,aVR,1,InferiorInfarction,-612,QS,1,0.0,0,623,1,243,500,,,,,,,,,,2,2,0.0,23,23,0.0,,,,,,,53,50,6.0,55,62,-14.0,143,174,-62.0,303,269,68.0,6.0,68.0,82.0,130.0
InferiorInfarction_008,aVL,1,InferiorInfarction,-612,RS,1,0.0,0,623,1,243,500,,,,,,,,,,2,2,0.0,,10,,7,14,-14.0,23,24,-2.0,52,50,4.0,53,83,-60.0,141,142,-2.0,299,255,88.0,4.0,88.0,148.0,90.0
InferiorInfarction_008,aVF,1,InferiorInfarction,-612,qR,1,0.0,0,623,1,243,500,,,,,,,,,,2,2,0.0,13,14,-2.0,23,23,0.0,,,,54,50,8.0,55,55,0.0,173,173,0.0,302,253,98.0,8.0,98.0,98.0,98.0
InferiorInfarction_008,V1,1,InferiorInfarction,-612,rS,1,0.0,0,623,1,243,500,,,,,,,,,,2,2,0.0,,,,6,7,-2.0,21,21,0.0,52,50,4.0,53,51,4.0,140,140,0.0,302,251,102.0,4.0,102.0,98.0,102.0
InferiorInfarction_008,V2,1,InferiorInfarction,-612,rS,1,0.0,0,623,1,243,500,,,,,,,,,,2,2,0.0,,16,,5,,,16,,,52,50,4.0,53,51,4.0,139,139,0.0,299,248,102.0,4.0,102.0,98.0,102.0
InferiorInfarction_008,V3,1,InferiorInfarction,-612,QRs,1,0.0,0,623,1,243,500,,,,,,,,,,2,2,0.0,13,14,-2.0,22,22,0.0,34,34,0.0,53,50,6.0,55,51,8.0,138,138,0.0,300,269,62.0,6.0,62.0,54.0,62.0
InferiorInfarction_008,V4,1,InferiorInfarction,-612,qRs,1,0.0,0,623,1,243,500,,,,,,,,,,2,2,0.0,11,11,0.0,23,23,0.0,38,39,-2.0,54,50,8.0,55,51,8.0,139,139,0.0,301,257,88.0,8.0,88.0,80.0,88.0
InferiorInfarction_008,V5,1,InferiorInfarction,-612,qR,1,0.0,0,623,1,243,500,,,,,,,,,,2,2,0.0,9,9,0.0,23,23,0.0,,,,53,50,6.0,54,51,6.0,173,173,0.0,302,238,128.0,6.0,128.0,122.0,128.0
InferiorInfarction_008,V6,1,InferiorInfarction,-612,qRs,1,0.0,0,623,1,243,500,,,,,,,,,,2,2,0.0,8,,,30,31,-2.0,53,,,53,50,6.0,55,51,8.0,144,144,0.0,303,275,56.0,6.0,56.0,48.0,56.0
InferiorInfarction_009,V1,1,InferiorInfarction,-611,rS,1,0.0002,0,638,1,244,500,,,,,,,,,,2,2,0.0,,,,8,7,2.0,24,24,0.0,48,46,4.0,49,50,-2.0,140,140,0.0,299,268,62.0,4.0,62.0,64.0,62.0
InferiorInfarction_009,I,1,InferiorInfarction,-611,R,1,0.0001,0,638,1,244,500,,,,,,,,,,1,2,-2.0,,,,15,27,-24.0,,66,,50,46,8.0,51,94,-86.0,144,144,0.0,304,275,58.0,10.0,60.0,144.0,58.0
InferiorInfarction_009,II,1,InferiorInfarction,-611,R,1,0.0,0,638,1,244,500,,,,,,,,,,1,2,-2.0,,,,9,25,-32.0,,68,,50,46,8.0,51,97,-92.0,173,173,0.0,303,279,48.0,10.0,50.0,140.0,48.0
InferiorInfarction_009,III,1,InferiorInfarction,-611,Qrs,1,0.0,0,638,1,244,500,,,,,,,,,,1,2,-2.0,14,15,-2.0,20,19,2.0,30,30,0.0,50,46,8.0,51,92,-82.0,143,143,0.0,300,260,80.0,10.0,82.0,162.0,80.0
InferiorInfarction_009,aVR,1,InferiorInfarction,-611,QS,1,0.0001,0,638,1,244,500,,,,,,,,,,1,2,-2.0,25,25,0.0,,,,,,,50,46,8.0,51,52,-2.0,144,145,-2.0,302,275,54.0,10.0,56.0,56.0,56.0
InferiorInfarction_009,aVL,1,InferiorInfarction,-611,R,1,0.0,0,638,1,244,500,,,,,,,,,,1,2,-2.0,,,,15,15,0.0,,19,,49,46,6.0,50,72,-44.0,143,144,-2.0,302,273,58.0,8.0,60.0,102.0,60.0
InferiorInfarction_009,aVF,1,InferiorInfarction,-611,qR,1,0.0,0,638,1,244,500,,,,,,,,,,1,2,-2.0,14,14,0.0,25,25,0.0,,,,49,46,6.0,54,50,8.0,172,172,0.0,300,260,80.0,8.0,82.0,72.0,80.0
InferiorInfarction_009,V2,1,InferiorInfarction,-611,rS,1,0.0002,0,638,1,244,500,,,,,,,,,,1,2,-2.0,,,,8,7,2.0,24,23,2.0,49,46,6.0,50,50,0.0,140,140,0.0,297,268,58.0,8.0,60.0,58.0,58.0
InferiorInfarction_009,V3,1,InferiorInfarction,-611,rS,1,0.0003,0,638,1,244,500,,,,,,,,,,1,2,-2.0,,22,,4,,,22,,,50,46,8.0,51,50,2.0,139,140,-2.0,298,269,58.0,10.0,60.0,56.0,60.0
InferiorInfarction_009,V4,1,InferiorInfarction,-611,rS,1,0.0002,0,638,1,244,500,,,,,,,,,,1,2,-2.0,,14,,4,25,-42.0,35,35,0.0,49,46,6.0,62,70,-16.0,140,140,0.0,298,273,50.0,8.0,52.0,66.0,50.0
InferiorInfarction_009,V5,1,InferiorInfarction,-611,qR,1,0.0,0,638,1,244,500,,,,,,,,,,1,2,-2.0,7,,,24,25,-2.0,,,,51,46,10.0,52,72,-40.0,147,147,0.0,296,172,248.0,12.0,250.0,288.0,248.0
InferiorInfarction_009,V6,1,InferiorInfarction,-611,qR,1,0.0001,0,638,1,244,500,,,,,,,,,,1,2,-2.0,7,7,0.0,25,25,0.0,,,,50,46,8.0,55,68,-26.0,170,171,-2.0,299,273,52.0,10.0,54.0,78.0,54.0
InferiorInfarction_010,aVR,1,InferiorInfarction,-608,QS,1,0.0,0,639,1,247,500,,,,,,,,,,2,2,0.0,28,28,0.0,,,,,,,50,46,8.0,51,48,6.0,175,175,0.0,305,275,60.0,8.0,60.0,54.0,60.0
InferiorInfarction_010,I,1,InferiorInfarction,-608,R,1,0.0,0,639,1,247,500,,,,,,,,,,2,2,0.0,,,,13,32,-38.0,,,,49,46,6.0,50,64,-28.0,139,139,0.0,307,275,64.0,6.0,64.0,92.0,64.0
InferiorInfarction_010,II,1,InferiorInfarction,-608,qR,1,0.0,0,639,1,247,500,,,,,,,,,,2,2,0.0,12,13,-2.0,27,27,0.0,,,,50,46,8.0,51,48,6.0,175,176,-2.0,310,273,74.0,8.0,74.0,68.0,76.0
InferiorInfarction_010,III,1,InferiorInfarction,-608,qR,1,0.0,0,639,1,247,500,,,,,,,,,,3,2,2.0,13,13,0.0,26,27,-2.0,,,,50,46,8.0,51,48,6.0,139,139,0.0,308,277,62.0,6.0,60.0,56.0,62.0
InferiorInfarction_010,aVL,1,InferiorInfarction,-608,RS,1,0.0,0,639,1,247,500,,,,,,,,,,3,2,2.0,,,,13,13,0.0,24,24,0.0,49,46,6.0,50,83,-66.0,139,139,0.0,302,255,94.0,4.0,92.0,160.0,94.0
InferiorInfarction_010,aVF,1,InferiorInfarction,-608,qR,1,0.0,0,639,1,247,500,,,,,,,,,,2,2,0.0,12,13,-2.0,27,27,0.0,,,,50,46,8.0,52,48,8.0,139,139,0.0,307,269,76.0,8.0,76.0,68.0,76.0
InferiorInfarction_010,V1,1,InferiorInfarction,-608,rS,1,0.0,0,639,1,247,500,,,,,,,,,,2,2,0.0,,27,,4,,,26,,,48,46,4.0,49,48,2.0,142,143,-2.0,302,269,66.0,4.0,66.0,64.0,68.0
InferiorInfarction_010,V2,1,InferiorInfarction,-608,QS,1,0.0,0,639,1,247,500,,,,,,,,,,3,2,2.0,26,26,0.0,,,,,,,48,46,4.0,49,48,2.0,141,141,0.0,300,263,74.0,2.0,72.0,72.0,74.0
InferiorInfarction_010,V3,1,InferiorInfarction,-608,Qr,1,0.0,0,639,1,247,500,,,,,,,,,,3,2,2.0,14,14,0.0,50,,,,,,50,46,8.0,51,48,6.0,140,140,0.0,303,269,68.0,6.0,66.0,62.0,68.0
InferiorInfarction_010,V4,1,InferiorInfarction,-608,QRs,1,0.0,0,639,1,247,500,,,,,,,,,,2,2,0.0,12,13,-2.0,29,29,0.0,38,38,0.0,50,46,8.0,51,80,-58.0,141,141,0.0,304,273,62.0,8.0,62.0,120.0,62.0
InferiorInfarction_010,V5,1,InferiorInfarction,-608,qR,1,0.0,0,639,1,247,500,,,,,,,,,,2,2,0.0,9,10,-2.0,30,30,0.0,,,,50,46,8.0,51,51,0.0,141,141,0.0,301,275,52.0,8.0,52.0,52.0,52.0
InferiorInfarction_010,V6,1,InferiorInfarction,-608,Rs,1,0.0,0,639,1,247,500,,,,,,,,,,2,2,0.0,,,,31,32,-2.0,50,,,50,46,8.0,51,54,-6.0,145,145,0.0,302,275,54.0,8.0,54.0,60.0,54.0
InferiorIschemia_001,aVF,1,InferiorIschemia,-614,qR,1,0.0,0,642,1,241,500,,,,,,,,,,2,2,0.0,6,,,11,23,-24.0,,,,43,40,6.0,50,53,-6.0,177,119,116.0,177,180,-6.0,6.0,-6.0,0.0,-122.0
InferiorIschemia_001,I,1,InferiorIschemia,-614,R,1,0.0,0,642,1,241,500,,,,,,,,,,2,2,0.0,,11,,7,14,-14.0,,18,,44,40,8.0,46,62,-32.0,165,116,98.0,172,172,0.0,8.0,0.0,32.0,-98.0
InferiorIschemia_001,II,1,InferiorIschemia,-614,R,1,0.0,0,642,1,241,500,,,,,,,,,,2,2,0.0,,,,23,23,0.0,,,,44,40,8.0,46,53,-14.0,174,119,110.0,174,175,-2.0,8.0,-2.0,12.0,-112.0
InferiorIschemia_001,III,1,InferiorIschemia,-614,QR,1,0.0001,0,642,1,241,500,,,,,,,,,,2,2,0.0,6,,,11,23,-24.0,,,,43,40,6.0,49,54,-10.0,177,122,110.0,177,179,-4.0,6.0,-4.0,6.0,-114.0
InferiorIschemia_001,aVR,1,InferiorIschemia,-614,QS,1,0.0,0,642,1,241,500,,,,,,,,,,2,2,0.0,22,22,0.0,,,,,,,43,40,6.0,48,59,-22.0,175,119,112.0,175,181,-12.0,6.0,-12.0,10.0,-124.0
InferiorIschemia_001,aVL,1,InferiorIschemia,-614,rS,1,0.0,0,642,1,241,500,,,,,,,,,,2,2,0.0,,,,6,6,0.0,23,23,0.0,43,40,6.0,45,59,-28.0,175,133,84.0,175,183,-16.0,6.0,-16.0,12.0,-100.0
InferiorIschemia_001,V1,1,InferiorIschemia,-614,rS,1,0.0001,0,642,1,241,500,,,,,,,,,,2,2,0.0,,,,6,7,-2.0,19,19,0.0,43,40,6.0,49,59,-20.0,140,140,0.0,171,174,-6.0,6.0,-6.0,14.0,-6.0
InferiorIschemia_001,V2,1,InferiorIschemia,-614,rS,1,0.0002,0,642,1,241,500,,,,,,,,,,2,2,0.0,,24,,5,,,23,,,42,40,4.0,51,57,-12.0,139,139,0.0,171,172,-2.0,4.0,-2.0,10.0,-2.0
InferiorIschemia_001,V6,1,InferiorIschemia,-614,R,1,0.0,0,642,1,241,500,,,,,,,,,,2,2,0.0,,,,28,28,0.0,,,,43,40,6.0,44,41,6.0,172,101,142.0,172,167,10.0,6.0,10.0,4.0,-132.0
InferiorIschemia_001,V3,1,InferiorIschemia,-614,qRs,1,0.0002,0,642,1,241,500,,,,,,,,,,2,2,0.0,9,9,0.0,20,20,0.0,27,,,43,40,6.0,64,59,10.0,139,139,0.0,170,167,6.0,6.0,6.0,-4.0,6.0
InferiorIschemia_001,V4,1,InferiorIschemia,-614,qR,1,0.0001,0,642,1,241,500,,,,,,,,,,2,2,0.0,8,8,0.0,21,22,-2.0,,,,43,40,6.0,54,59,-10.0,140,141,-2.0,170,167,6.0,6.0,6.0,16.0,8.0
InferiorIschemia_001,V5,1,InferiorIschemia,-614,qR,1,0.0,0,642,1,241,500,,,,,,,,,,2,2,0.0,7,,,24,24,0.0,,,,44,40,8.0,46,59,-26.0,170,114,112.0,170,167,6.0,8.0,6.0,32.0,-106.0
InferiorIschemia_002,I,1,InferiorIschemia,-604,R,1,0.0002,0,643,1,251,500,,,,,,,,,,2,2,0.0,,,,16,16,0.0,,,,52,51,2.0,53,57,-8.0,141,141,0.0,180,183,-6.0,2.0,-6.0,2.0,-6.0
InferiorIschemia_002,II,1,InferiorIschemia,-604,R,1,0.0002,0,643,1,251,500,,,,,,,,,,2,2,0.0,,7,,12,32,-40.0,,,,53,51,4.0,54,69,-30.0,182,122,120.0,182,184,-4.0,4.0,-4.0,26.0,-124.0
InferiorIschemia_002,III,1,InferiorIschemia,-604,qR,1,0.001,0,643,1,251,500,,,,,,,,,,2,2,0.0,15,16,-2.0,28,28,0.0,,,,53,51,4.0,54,69,-30.0,142,104,76.0,184,183,2.0,4.0,2.0,32.0,-74.0
InferiorIschemia_002,aVR,1,InferiorIschemia,-604,QS,1,0.0002,0,643,1,251,500,,,,,,,,,,2,2,0.0,31,32,-2.0,,,,,,,53,51,4.0,54,69,-30.0,184,136,96.0,184,185,-2.0,4.0,-2.0,28.0,-98.0
InferiorIschemia_002,aVL,1,InferiorIschemia,-604,RS,1,0.0004,0,643,1,251,500,,,,,,,,,,2,2,0.0,,,,9,16,-14.0,27,27,0.0,51,51,0.0,52,101,-98.0,141,141,0.0,183,182,2.0,0.0,2.0,100.0,2.0
InferiorIschemia_002,aVF,1,InferiorIschemia,-604,qR,1,0.0005,0,643,1,251,500,,,,,,,,,,2,2,0.0,15,16,-2.0,31,31,0.0,,,,53,51,4.0,55,54,2.0,185,108,154.0,185,187,-4.0,4.0,-4.0,-6.0,-158.0
InferiorIschemia_002,V1,1,InferiorIschemia,-604,rS,1,0.0016,0,643,1,251,500,,,,,,,,,,2,2,0.0,,,,7,7,0.0,31,31,0.0,51,51,0.0,52,76,-48.0,144,144,0.0,178,172,12.0,0.0,12.0,60.0,12.0
InferiorIschemia_002,V2,1,InferiorIschemia,-604,rS,1,0.0016,0,643,1,251,500,,,,,,,,,,2,2,0.0,,,,7,7,0.0,31,31,0.0,51,51,0.0,52,72,-40.0,143,144,-2.0,178,172,12.0,0.0,12.0,52.0,14.0
InferiorIschemia_002,V3,1,InferiorIschemia,-604,rS,1,0.0018,0,643,1,251,500,,,,,,,,,,2,2,0.0,,,,6,7,-2.0,32,32,0.0,52,51,2.0,73,69,8.0,143,143,0.0,177,178,-2.0,2.0,-2.0,-10.0,-2.0
InferiorIschemia_002,V4,1,InferiorIschemia,-604,Qrs,1,0.001,0,643,1,251,500,,,,,,,,,,2,2,0.0,17,17,0.0,28,42,-28.0,35,,,52,51,2.0,60,74,-28.0,143,143,0.0,177,185,-16.0,2.0,-16.0,12.0,-16.0
InferiorIschemia_002,V5,1,InferiorIschemia,-604,qR,1,0.0002,0,643,1,251,500,,,,,,,,,,2,2,0.0,10,11,-2.0,31,31,0.0,,,,52,51,2.0,53,69,-32.0,138,159,-42.0,178,191,-26.0,2.0,-26.0,6.0,16.0
InferiorIschemia_002,V6,1,InferiorIschemia,-604,qR,1,0.0002,0,643,1,251,500,,,,,,,,,,2,2,0.0,11,10,2.0,35,36,-2.0,,,,52,51,2.0,53,55,-4.0,145,92,106.0,179,185,-12.0,2.0,-12.0,-8.0,-118.0
InferiorIschemia_003,aVR,1,InferiorIschemia,-614,QS,1,0.0,0,628,1,241,500,,,,,,,,,,1,2,-2.0,21,21,0.0,,,,,,,45,43,4.0,47,57,-20.0,174,124,100.0,174,180,-12.0,6.0,-10.0,8.0,-112.0
InferiorIschemia_003,I,1,InferiorIschemia,-614,R,1,0.0,0,628,1,241,500,,,,,,,,,,1,2,-2.0,,,,7,28,-42.0,,,,44,43,2.0,46,49,-6.0,172,118,108.0,172,169,6.0,4.0,8.0,12.0,-102.0
InferiorIschemia_003,II,1,InferiorIschemia,-614,R,1,0.0,0,628,1,241,500,,,,,,,,,,1,2,-2.0,,,,9,21,-24.0,,,,43,43,0.0,48,50,-4.0,126,126,0.0,174,179,-10.0,2.0,-8.0,-6.0,-10.0
InferiorIschemia_003,III,1,InferiorIschemia,-614,R,1,0.0,0,628,1,241,500,,,,,,,,,,1,2,-2.0,,,,9,21,-24.0,,,,43,43,0.0,51,57,-12.0,142,143,-2.0,176,175,2.0,2.0,4.0,14.0,4.0
InferiorIschemia_003,aVL,1,InferiorIschemia,-614,rS,1,0.0,0,628,1,241,500,,,,,,,,,,1,2,-2.0,,21,,6,31,-50.0,21,,,44,43,2.0,46,62,-32.0,147,147,0.0,174,180,-12.0,4.0,-10.0,20.0,-12.0
InferiorIschemia_003,aVF,1,InferiorIschemia,-614,R,1,0.0,0,628,1,241,500,,,,,,,,,,1,2,-2.0,,,,9,21,-24.0,,,,44,43,2.0,52,57,-10.0,134,134,0.0,176,178,-4.0,4.0,-2.0,6.0,-4.0
InferiorIschemia_003,V1,1,InferiorIschemia,-614,rS,1,0.0,0,628,1,241,500,,,,,,,,,,1,2,-2.0,,,,5,5,0.0,22,21,2.0,43,43,0.0,51,64,-26.0,141,141,0.0,171,178,-14.0,2.0,-12.0,12.0,-14.0
InferiorIschemia_003,V2,1,InferiorIschemia,-614,rS,1,0.0001,0,628,1,241,500,,,,,,,,,,1,2,-2.0,,9,,4,19,-30.0,25,25,0.0,43,43,0.0,66,66,0.0,141,141,0.0,171,176,-10.0,2.0,-8.0,-10.0,-10.0
InferiorIschemia_003,V3,1,InferiorIschemia,-614,qRs,1,0.0001,0,628,1,241,500,,,,,,,,,,1,2,-2.0,8,8,0.0,19,19,0.0,31,,,43,43,0.0,70,68,4.0,144,144,0.0,171,169,4.0,2.0,6.0,0.0,4.0
InferiorIschemia_003,V4,1,InferiorIschemia,-614,qR,1,0.0,0,628,1,241,500,,,,,,,,,,1,2,-2.0,8,8,0.0,21,22,-2.0,,,,43,43,0.0,68,80,-24.0,147,148,-2.0,171,172,-2.0,2.0,0.0,22.0,0.0
InferiorIschemia_003,V6,1,InferiorIschemia,-614,qR,1,0.0,0,628,1,241,500,,,,,,,,,,1,2,-2.0,6,6,0.0,30,31,-2.0,,,,44,43,2.0,45,47,-4.0,152,100,104.0,172,169,6.0,4.0,8.0,10.0,-98.0
InferiorIschemia_003,V5,1,InferiorIschemia,-614,qR,1,0.0,0,628,1,241,500,,,,,,,,,,1,2,-2.0,7,8,-2.0,29,30,-2.0,,,,43,43,0.0,48,57,-18.0,171,113,116.0,171,169,4.0,2.0,6.0,22.0,-112.0
InferiorIschemia_004,aVR,1,InferiorIschemia,-609,QS,1,0.0,0,642,1,246,500,,,,,,,,,,2,2,0.0,27,27,0.0,,,,,,,44,44,0.0,49,49,0.0,176,128,96.0,176,175,2.0,0.0,2.0,2.0,-94.0
InferiorIschemia_004,II,1,InferiorIschemia,-609,R,1,0.0,0,642,1,246,500,,,,,,,,,,2,2,0.0,,,,10,27,-34.0,,,,44,44,0.0,49,54,-10.0,175,118,114.0,175,176,-2.0,0.0,-2.0,8.0,-116.0
InferiorIschemia_004,III,1,InferiorIschemia,-609,qR,1,0.0004,0,642,1,246,500,,,,,,,,,,1,2,-2.0,13,14,-2.0,26,26,0.0,,,,45,44,2.0,47,48,-2.0,139,85,108.0,176,175,2.0,4.0,4.0,4.0,-106.0
InferiorIschemia_004,aVL,1,InferiorIschemia,-609,RS,1,0.0001,0,642,1,246,500,,,,,,,,,,1,2,-2.0,,,,8,14,-12.0,25,26,-2.0,45,44,2.0,46,78,-64.0,138,138,0.0,175,179,-8.0,4.0,-6.0,56.0,-8.0
InferiorIschemia_004,aVF,1,InferiorIschemia,-609,qR,1,0.0001,0,642,1,246,500,,,,,,,,,,2,2,0.0,7,,,26,26,0.0,,,,44,44,0.0,49,49,0.0,177,102,150.0,177,177,0.0,0.0,0.0,0.0,-150.0
InferiorIschemia_004,V1,1,InferiorIschemia,-609,rS,1,0.0005,0,642,1,246,500,,,,,,,,,,1,2,-2.0,,,,4,5,-2.0,21,21,0.0,44,44,0.0,52,60,-16.0,143,144,-2.0,174,175,-2.0,2.0,0.0,14.0,0.0
InferiorIschemia_004,V2,1,InferiorIschemia,-609,rS,1,0.0003,0,642,1,246,500,,,,,,,,,,1,2,-2.0,,25,,3,,,25,,,44,44,0.0,61,61,0.0,142,142,0.0,173,175,-4.0,2.0,-2.0,-4.0,-4.0
InferiorIschemia_004,V3,1,InferiorIschemia,-609,QRs,1,0.0002,0,642,1,246,500,,,,,,,,,,1,2,-2.0,10,10,0.0,24,25,-2.0,33,33,0.0,44,44,0.0,64,65,-2.0,141,141,0.0,173,175,-4.0,2.0,-2.0,-2.0,-4.0
InferiorIschemia_004,V4,1,InferiorIschemia,-609,qR,1,0.0002,0,642,1,246,500,,,,,,,,,,1,2,-2.0,9,10,-2.0,26,26,0.0,,,,44,44,0.0,57,97,-80.0,151,152,-2.0,173,175,-4.0,2.0,-2.0,76.0,-2.0
InferiorIschemia_004,V5,1,InferiorIschemia,-609,R,1,0.0001,0,642,1,246,500,,,,,,,,,,1,2,-2.0,,,,31,31,0.0,,,,44,44,0.0,49,87,-76.0,173,117,112.0,173,175,-4.0,2.0,-2.0,72.0,-116.0
InferiorIschemia_004,I,1,InferiorIschemia,-609,R,1,0.0001,0,642,1,246,500,,,,,,,,,,2,2,0.0,,,,14,14,0.0,,,,45,44,2.0,46,46,0.0,135,136,-2.0,174,175,-2.0,2.0,-2.0,-2.0,0.0
InferiorIschemia_004,V6,1,InferiorIschemia,-609,R,1,0.0,0,642,1,246,500,,,,,,,,,,1,2,-2.0,,,,32,32,0.0,,,,45,44,2.0,46,46,0.0,173,100,146.0,173,175,-4.0,4.0,-2.0,-4.0,-150.0
InferiorIschemia_005,III,1,InferiorIschemia,-611,qR,1,0.0004,0,624,1,244,500,,,,,,,,,,2,2,0.0,8,8,0.0,23,23,0.0,,,,43,40,6.0,44,44,0.0,150,150,0.0,172,168,8.0,6.0,8.0,8.0,8.0
InferiorIschemia_005,I,1,InferiorIschemia,-611,R,1,0.0,0,624,1,244,500,,,,,,,,,,2,2,0.0,,,,11,11,0.0,,,,43,40,6.0,44,59,-30.0,129,129,0.0,170,168,4.0,6.0,4.0,34.0,4.0
InferiorIschemia_005,II,1,InferiorIschemia,-611,R,1,0.0,0,624,1,244,500,,,,,,,,,,2,2,0.0,,,,23,23,0.0,,,,43,40,6.0,44,44,0.0,171,124,94.0,171,168,6.0,6.0,6.0,6.0,-88.0
InferiorIschemia_005,aVR,1,InferiorIschemia,-611,QS,1,0.0001,0,624,1,244,500,,,,,,,,,,2,2,0.0,23,23,0.0,,,,,,,43,40,6.0,44,46,-4.0,171,127,88.0,171,176,-10.0,6.0,-10.0,-6.0,-98.0
InferiorIschemia_005,aVL,1,InferiorIschemia,-611,RS,1,0.0001,0,624,1,244,500,,,,,,,,,,2,2,0.0,,,,10,11,-2.0,23,23,0.0,43,40,6.0,44,42,4.0,151,152,-2.0,171,176,-10.0,6.0,-10.0,-14.0,-8.0
InferiorIschemia_005,aVF,1,InferiorIschemia,-611,R,1,0.0001,0,624,1,244,500,,,,,,,,,,2,2,0.0,,8,,23,23,0.0,,,,43,40,6.0,44,49,-10.0,173,121,104.0,173,174,-2.0,6.0,-2.0,8.0,-106.0
InferiorIschemia_005,V1,1,InferiorIschemia,-611,rS,1,0.0008,0,624,1,244,500,,,,,,,,,,2,2,0.0,,,,6,6,0.0,21,21,0.0,42,40,4.0,69,62,14.0,142,143,-2.0,169,168,2.0,4.0,2.0,-12.0,4.0
InferiorIschemia_005,V2,1,InferiorIschemia,-611,rS,1,0.0011,0,624,1,244,500,,,,,,,,,,2,2,0.0,,24,,6,,,24,,,42,40,4.0,70,70,0.0,142,142,0.0,169,168,2.0,4.0,2.0,2.0,2.0
InferiorIschemia_005,V3,1,InferiorIschemia,-611,qRs,1,0.0009,0,624,1,244,500,,,,,,,,,,2,2,0.0,9,9,0.0,15,15,0.0,25,25,0.0,42,40,4.0,72,72,0.0,143,144,-2.0,169,179,-20.0,4.0,-20.0,-20.0,-18.0
InferiorIschemia_005,V4,1,InferiorIschemia,-611,qR,1,0.0004,0,624,1,244,500,,,,,,,,,,2,2,0.0,8,8,0.0,15,15,0.0,,,,42,40,4.0,71,94,-46.0,147,147,0.0,169,168,2.0,4.0,2.0,48.0,2.0
InferiorIschemia_005,V6,1,InferiorIschemia,-611,R,1,0.0001,0,624,1,244,500,,,,,,,,,,2,2,0.0,,,,13,29,-32.0,,,,42,40,4.0,43,49,-12.0,169,103,132.0,169,175,-12.0,4.0,-12.0,0.0,-144.0
InferiorIschemia_005,V5,1,InferiorIschemia,-611,R,1,0.0001,0,624,1,244,500,,,,,,,,,,2,2,0.0,,,,15,30,-30.0,,,,43,40,6.0,44,49,-10.0,169,112,114.0,169,168,2.0,6.0,2.0,12.0,-112.0
InferiorIschemia_006,aVR,1,InferiorIschemia,-611,QS,1,0.0004,0,626,1,244,500,,,,,,,,,,1,2,-2.0,24,24,0.0,,,,,,,45,39,12.0,46,51,-10.0,132,132,0.0,172,175,-6.0,14.0,-4.0,4.0,-6.0
InferiorIschemia_006,II,1,InferiorIschemia,-611,R,1,0.0005,0,626,1,244,500,,,,,,,,,,1,2,-2.0,,,,10,24,-28.0,,,,45,39,12.0,46,51,-10.0,171,126,90.0,171,177,-12.0,14.0,-10.0,-2.0,-102.0
InferiorIschemia_006,III,1,InferiorIschemia,-611,rS,1,0.003,0,626,1,244,500,,,,,,,,,,1,2,-2.0,,14,,9,24,-30.0,14,,,44,39,10.0,52,55,-6.0,172,112,120.0,172,178,-12.0,12.0,-10.0,-6.0,-132.0
InferiorIschemia_006,aVL,1,InferiorIschemia,-611,rS,1,0.0007,0,626,1,244,500,,,,,,,,,,1,2,-2.0,,,,7,14,-14.0,24,24,0.0,43,39,8.0,44,41,6.0,138,87,102.0,172,166,12.0,10.0,14.0,6.0,-90.0
InferiorIschemia_006,aVF,1,InferiorIschemia,-611,R,1,0.0015,0,626,1,244,500,,,,,,,,,,1,2,-2.0,,14,,10,25,-30.0,,,,45,39,12.0,55,55,0.0,173,118,110.0,173,176,-6.0,14.0,-4.0,-6.0,-116.0
InferiorIschemia_006,V1,1,InferiorIschemia,-611,rS,1,0.0027,0,626,1,244,500,,,,,,,,,,1,2,-2.0,,,,8,8,0.0,22,22,0.0,44,39,10.0,45,59,-28.0,142,142,0.0,169,176,-14.0,12.0,-12.0,14.0,-14.0
InferiorIschemia_006,V2,1,InferiorIschemia,-611,rS,1,0.0023,0,626,1,244,500,,,,,,,,,,1,2,-2.0,,,,5,8,-6.0,21,22,-2.0,43,39,8.0,44,55,-22.0,141,141,0.0,169,181,-24.0,10.0,-22.0,-2.0,-24.0
InferiorIschemia_006,V3,1,InferiorIschemia,-611,rS,1,0.0016,0,626,1,244,500,,,,,,,,,,1,2,-2.0,,,,4,5,-2.0,21,21,0.0,44,39,10.0,64,66,-4.0,140,141,-2.0,169,168,2.0,12.0,4.0,6.0,4.0
InferiorIschemia_006,V4,1,InferiorIschemia,-611,RS,1,0.0015,0,626,1,244,500,,,,,,,,,,1,2,-2.0,,8,,4,24,-40.0,33,33,0.0,43,39,8.0,44,72,-56.0,141,141,0.0,169,167,4.0,10.0,6.0,60.0,4.0
InferiorIschemia_006,V5,1,InferiorIschemia,-611,R,1,0.001,0,626,1,244,500,,,,,,,,,,1,2,-2.0,,,,17,24,-14.0,,,,43,39,8.0,44,76,-64.0,168,119,98.0,168,168,0.0,10.0,2.0,64.0,-98.0
InferiorIschemia_006,V6,1,InferiorIschemia,-611,R,1,0.0007,0,626,1,244,500,,,,,,,,,,1,2,-2.0,,,,27,27,0.0,,,,44,39,10.0,45,51,-12.0,169,101,136.0,169,166,6.0,12.0,8.0,18.0,-130.0
InferiorIschemia_006,I,1,InferiorIschemia,-611,R,1,0.0005,0,626,1,244,500,,,,,,,,,,1,2,-2.0,,,,14,14,0.0,,,,44,39,10.0,45,51,-12.0,135,135,0.0,170,166,8.0,12.0,10.0,20.0,8.0
InferiorIschemia_007,III,1,InferiorIschemia,-612,qR,1,0.0,0,629,1,243,500,,,,,,,,,,2,3,-2.0,7,7,0.0,19,20,-2.0,,,,43,43,0.0,49,52,-6.0,145,146,-2.0,174,167,14.0,2.0,16.0,20.0,16.0
InferiorIschemia_007,II,1,InferiorIschemia,-612,qR,1,0.0,0,629,1,243,500,,,,,,,,,,2,3,-2.0,6,,,20,24,-8.0,,,,44,43,2.0,45,52,-14.0,172,107,130.0,172,167,10.0,4.0,12.0,24.0,-120.0
InferiorIschemia_007,V3,1,InferiorIschemia,-612,qRs,1,0.0001,0,629,1,243,500,,,,,,,,,,2,3,-2.0,10,10,0.0,23,23,0.0,35,,,43,43,0.0,73,101,-56.0,143,144,-2.0,168,167,2.0,2.0,4.0,58.0,4.0
InferiorIschemia_007,I,1,InferiorIschemia,-612,RS,1,0.0,0,629,1,243,500,,,,,,,,,,2,3,-2.0,,11,,7,24,-34.0,11,,,44,43,2.0,45,52,-14.0,149,103,92.0,170,167,6.0,4.0,8.0,20.0,-86.0
InferiorIschemia_007,aVR,1,InferiorIschemia,-612,QS,1,0.0,0,629,1,243,500,,,,,,,,,,2,3,-2.0,23,24,-2.0,,,,,,,44,43,2.0,46,52,-12.0,172,105,134.0,172,167,10.0,4.0,12.0,22.0,-124.0
InferiorIschemia_007,aVL,1,InferiorIschemia,-612,rS,1,0.0,0,629,1,243,500,,,,,,,,,,2,3,-2.0,,,,7,7,0.0,18,18,0.0,44,43,2.0,46,52,-12.0,147,147,0.0,172,167,10.0,4.0,12.0,22.0,10.0
InferiorIschemia_007,aVF,1,InferiorIschemia,-612,qR,1,0.0,0,629,1,243,500,,,,,,,,,,2,3,-2.0,7,7,0.0,20,20,0.0,,,,44,43,2.0,46,52,-12.0,174,109,130.0,174,167,14.0,4.0,16.0,26.0,-116.0
InferiorIschemia_007,V1,1,InferiorIschemia,-612,rS,1,0.0,0,629,1,243,500,,,,,,,,,,2,3,-2.0,,19,,5,,,19,,,43,43,0.0,69,52,34.0,140,141,-2.0,169,167,4.0,2.0,6.0,-30.0,6.0
InferiorIschemia_007,V2,1,InferiorIschemia,-612,Qrs,1,0.0001,0,629,1,243,500,,,,,,,,,,2,3,-2.0,10,11,-2.0,22,23,-2.0,28,28,0.0,43,43,0.0,71,52,38.0,141,141,0.0,169,167,4.0,2.0,6.0,-34.0,4.0
InferiorIschemia_007,V4,1,InferiorIschemia,-612,qR,1,0.0,0,629,1,243,500,,,,,,,,,,2,3,-2.0,9,10,-2.0,23,23,0.0,,,,43,43,0.0,71,52,38.0,147,98,98.0,169,167,4.0,2.0,6.0,-34.0,-94.0
InferiorIschemia_007,V5,1,InferiorIschemia,-612,qR,1,0.0,0,629,1,243,500,,,,,,,,,,2,3,-2.0,10,10,0.0,24,25,-2.0,,,,44,43,2.0,46,52,-12.0,148,104,88.0,169,167,4.0,4.0,6.0,16.0,-84.0
InferiorIschemia_007,V6,1,InferiorIschemia,-612,qR,1,0.0,0,629,1,243,500,,,,,,,,,,2,3,-2.0,10,10,0.0,27,27,0.0,,,,43,43,0.0,44,52,-16.0,145,101,88.0,169,167,4.0,2.0,6.0,20.0,-84.0
InferiorIschemia_008,I,1,InferiorIschemia,-612,R,1,0.0,0,637,1,243,500,,,,,,,,,,2,2,0.0,,,,14,14,0.0,,,,44,41,6.0,45,53,-16.0,135,135,0.0,173,171,4.0,6.0,4.0,20.0,4.0
InferiorIschemia_008,aVR,1,InferiorIschemia,-612,QS,1,0.0,0,637,1,243,500,,,,,,,,,,2,2,0.0,23,23,0.0,,,,,,,45,41,8.0,46,53,-14.0,176,129,94.0,176,175,2.0,8.0,2.0,16.0,-92.0
InferiorIschemia_008,V3,1,InferiorIschemia,-612,QRs,1,0.0,0,637,1,243,500,,,,,,,,,,2,2,0.0,13,14,-2.0,22,22,0.0,34,,,43,41,4.0,52,64,-24.0,139,139,0.0,171,171,0.0,4.0,0.0,24.0,0.0
InferiorIschemia_008,V4,1,InferiorIschemia,-612,qR,1,0.0,0,637,1,243,500,,,,,,,,,,2,2,0.0,11,11,0.0,23,23,0.0,,,,43,41,4.0,50,66,-32.0,139,139,0.0,172,171,2.0,4.0,2.0,34.0,2.0
InferiorIschemia_008,II,1,InferiorIschemia,-612,R,1,0.0,0,637,1,243,500,,,,,,,,,,2,2,0.0,,,,23,23,0.0,,,,44,41,6.0,45,53,-16.0,175,117,116.0,175,171,8.0,6.0,8.0,24.0,-108.0
InferiorIschemia_008,III,1,InferiorIschemia,-612,QR,1,0.0,0,637,1,243,500,,,,,,,,,,2,2,0.0,13,14,-2.0,23,23,0.0,,,,44,41,6.0,45,53,-16.0,140,79,122.0,176,171,10.0,6.0,10.0,26.0,-112.0
InferiorIschemia_008,aVL,1,InferiorIschemia,-612,RS,1,0.0,0,637,1,243,500,,,,,,,,,,2,2,0.0,,,,13,14,-2.0,23,24,-2.0,43,41,4.0,44,53,-18.0,138,138,0.0,175,171,8.0,4.0,8.0,26.0,8.0
InferiorIschemia_008,aVF,1,InferiorIschemia,-612,qR,1,0.0,0,637,1,243,500,,,,,,,,,,2,2,0.0,13,14,-2.0,23,23,0.0,,,,44,41,6.0,45,53,-16.0,176,106,140.0,176,171,10.0,6.0,10.0,26.0,-130.0
InferiorIschemia_008,V1,1,InferiorIschemia,-612,rS,1,0.0,0,637,1,243,500,,,,,,,,,,2,2,0.0,,,,6,7,-2.0,21,21,0.0,45,41,8.0,47,53,-12.0,141,141,0.0,172,171,2.0,8.0,2.0,14.0,2.0
InferiorIschemia_008,V2,1,InferiorIschemia,-612,rS,1,0.0,0,637,1,243,500,,,,,,,,,,2,2,0.0,,16,,5,,,16,,,44,41,6.0,51,53,-4.0,140,140,0.0,172,171,2.0,6.0,2.0,6.0,2.0
InferiorIschemia_008,V5,1,InferiorIschemia,-612,qR,1,0.0,0,637,1,243,500,,,,,,,,,,2,2,0.0,8,9,-2.0,23,23,0.0,,,,44,41,6.0,45,53,-16.0,172,112,120.0,172,171,2.0,6.0,2.0,18.0,-118.0
InferiorIschemia_008,V6,1,InferiorIschemia,-612,qR,1,0.0,0,637,1,243,500,,,,,,,,,,2,2,0.0,7,8,-2.0,29,30,-2.0,,,,44,41,6.0,45,53,-16.0,172,101,142.0,172,171,2.0,6.0,2.0,18.0,-140.0
InferiorIschemia_009,I,1,InferiorIschemia,-611,R,1,0.0003,0,638,1,244,500,,,,,,,,,,1,2,-2.0,,,,15,25,-20.0,,,,42,39,6.0,47,76,-58.0,138,138,0.0,170,168,4.0,8.0,6.0,62.0,4.0
InferiorIschemia_009,V3,1,InferiorIschemia,-611,rS,1,0.0006,0,638,1,244,500,,,,,,,,,,1,2,-2.0,,17,,4,,,21,,,42,39,6.0,65,68,-6.0,141,141,0.0,170,175,-10.0,8.0,-8.0,-4.0,-10.0
InferiorIschemia_009,V4,1,InferiorIschemia,-611,rS,1,0.0004,0,638,1,244,500,,,,,,,,,,1,2,-2.0,,14,,4,26,-44.0,14,35,-42.0,42,39,6.0,52,62,-20.0,141,141,0.0,169,168,2.0,8.0,4.0,22.0,2.0
InferiorIschemia_009,V5,1,InferiorIschemia,-611,qR,1,0.0002,0,638,1,244,500,,,,,,,,,,1,2,-2.0,11,11,0.0,24,25,-2.0,,,,44,39,10.0,46,70,-48.0,146,146,0.0,170,168,4.0,12.0,6.0,52.0,4.0
InferiorIschemia_009,II,1,InferiorIschemia,-611,R,1,0.0,0,638,1,244,500,,,,,,,,,,1,2,-2.0,,,,9,25,-32.0,,,,42,39,6.0,47,55,-16.0,171,120,102.0,171,168,6.0,8.0,8.0,22.0,-96.0
InferiorIschemia_009,III,1,InferiorIschemia,-611,Qrs,1,0.0014,0,638,1,244,500,,,,,,,,,,1,2,-2.0,14,15,-2.0,20,19,2.0,29,29,0.0,42,39,6.0,48,55,-14.0,141,141,0.0,172,168,8.0,8.0,10.0,22.0,8.0
InferiorIschemia_009,aVR,1,InferiorIschemia,-611,QS,1,0.0001,0,638,1,244,500,,,,,,,,,,1,2,-2.0,25,25,0.0,,,,,,,42,39,6.0,49,55,-12.0,134,134,0.0,172,168,8.0,8.0,10.0,20.0,8.0
InferiorIschemia_009,aVL,1,InferiorIschemia,-611,R,1,0.0006,0,638,1,244,500,,,,,,,,,,1,2,-2.0,,,,14,15,-2.0,,41,,43,39,8.0,45,55,-20.0,139,139,0.0,172,168,8.0,10.0,10.0,28.0,8.0
InferiorIschemia_009,aVF,1,InferiorIschemia,-611,qR,1,0.0002,0,638,1,244,500,,,,,,,,,,1,2,-2.0,14,14,0.0,25,25,0.0,,,,42,39,6.0,49,55,-12.0,173,92,162.0,173,168,10.0,8.0,12.0,22.0,-152.0
InferiorIschemia_009,V1,1,InferiorIschemia,-611,rS,1,0.0013,0,638,1,244,500,,,,,,,,,,1,2,-2.0,,,,8,9,-2.0,24,24,0.0,42,39,6.0,51,55,-8.0,142,143,-2.0,170,168,4.0,8.0,6.0,12.0,6.0
InferiorIschemia_009,V2,1,InferiorIschemia,-611,rS,1,0.0012,0,638,1,244,500,,,,,,,,,,1,2,-2.0,,,,5,7,-4.0,23,23,0.0,42,39,6.0,65,55,20.0,142,142,0.0,170,168,4.0,8.0,6.0,-16.0,4.0
InferiorIschemia_009,V6,1,InferiorIschemia,-611,qR,1,0.0001,0,638,1,244,500,,,,,,,,,,1,2,-2.0,8,8,0.0,24,24,0.0,,,,43,39,8.0,44,55,-22.0,170,103,134.0,170,168,4.0,10.0,6.0,26.0,-130.0
InferiorIschemia_010,aVR,1,InferiorIschemia,-608,QS,1,0.0,0,642,1,247,500,,,,,,,,,,2,2,0.0,28,28,0.0,,,,,,,46,42,8.0,47,53,-12.0,180,127,106.0,180,171,18.0,8.0,18.0,30.0,-88.0
InferiorIschemia_010,I,1,InferiorIschemia,-608,R,1,0.0,0,642,1,247,500,,,,,,,,,,2,2,0.0,,,,13,33,-40.0,,,,46,42,8.0,47,53,-12.0,134,134,0.0,177,171,12.0,8.0,12.0,24.0,12.0
InferiorIschemia_010,aVL,1,InferiorIschemia,-608,RS,1,0.0,0,642,1,247,500,,,,,,,,,,2,2,0.0,,,,13,13,0.0,24,25,-2.0,45,42,6.0,46,52,-12.0,137,137,0.0,179,175,8.0,6.0,8.0,20.0,8.0
InferiorIschemia_010,aVF,1,InferiorIschemia,-608,qR,1,0.0,0,642,1,247,500,,,,,,,,,,2,2,0.0,12,13,-2.0,27,27,0.0,,,,46,42,8.0,47,53,-12.0,141,71,140.0,181,187,-12.0,8.0,-12.0,0.0,-152.0
InferiorIschemia_010,V1,1,InferiorIschemia,-608,rS,1,0.0001,0,642,1,247,500,,,,,,,,,,2,2,0.0,,26,,5,,,26,,,45,42,6.0,51,60,-18.0,144,144,0.0,176,171,10.0,6.0,10.0,28.0,10.0
InferiorIschemia_010,V2,1,InferiorIschemia,-608,QS,1,0.0001,0,642,1,247,500,,,,,,,,,,2,2,0.0,26,26,0.0,,,,,,,45,42,6.0,59,53,12.0,142,142,0.0,176,177,-2.0,6.0,-2.0,-14.0,-2.0
InferiorIschemia_010,V3,1,InferiorIschemia,-608,QS,1,0.0001,0,642,1,247,500,,,,,,,,,,2,2,0.0,13,13,0.0,,,,,,,45,42,6.0,64,65,-2.0,141,142,-2.0,175,171,8.0,6.0,8.0,10.0,10.0
InferiorIschemia_010,V4,1,InferiorIschemia,-608,QR,1,0.0,0,642,1,247,500,,,,,,,,,,2,2,0.0,12,13,-2.0,29,29,0.0,,,,45,42,6.0,52,44,16.0,144,76,136.0,176,171,10.0,6.0,10.0,-6.0,-126.0
InferiorIschemia_010,V5,1,InferiorIschemia,-608,qR,1,0.0,0,642,1,247,500,,,,,,,,,,2,2,0.0,9,10,-2.0,30,30,0.0,,,,46,42,8.0,47,69,-44.0,143,144,-2.0,176,171,10.0,8.0,10.0,54.0,12.0
InferiorIschemia_010,V6,1,InferiorIschemia,-608,R,1,0.0,0,642,1,247,500,,,,,,,,,,2,2,0.0,,,,32,32,0.0,,,,45,42,6.0,46,47,-2.0,150,99,102.0,176,171,10.0,6.0,10.0,12.0,-92.0
InferiorIschemia_010,II,1,InferiorIschemia,-608,qR,1,0.0,0,642,1,247,500,,,,,,,,,,2,2,0.0,12,13,-2.0,27,28,-2.0,,,,46,42,8.0,47,53,-12.0,179,111,136.0,179,171,16.0,8.0,16.0,28.0,-120.0
InferiorIschemia_010,III,1,InferiorIschemia,-608,qR,1,0.0,0,642,1,247,500,,,,,,,,,,2,2,0.0,12,13,-2.0,26,27,-2.0,,,,45,42,6.0,46,53,-14.0,139,139,0.0,181,171,20.0,6.0,20.0,34.0,20.0
AnteriorInfarction_001,I,1,AnteriorInfarction,-613,RS,1,0.002,0,638,1,242,500,,,,,,,,,,2,0,4.0,,13,,7,30,-46.0,12,,,41,42,-2.0,66,46,40.0,162,161,2.0,314,249,130.0,-6.0,126.0,90.0,128.0
AnteriorInfarction_001,III,1,AnteriorInfarction,-613,rS,1,0.0013,0,638,1,242,500,,,,,,,,,,2,0,4.0,,,,5,16,-22.0,30,30,0.0,40,42,-4.0,65,46,38.0,143,143,0.0,306,251,110.0,-8.0,106.0,72.0,110.0
AnteriorInfarction_001,aVR,1,AnteriorInfarction,-613,QS,1,0.0018,0,638,1,242,500,,,,,,,,,,2,0,4.0,23,23,0.0,,,,,,,39,42,-6.0,68,76,-16.0,140,140,0.0,315,255,120.0,-10.0,116.0,136.0,120.0
AnteriorInfarction_001,aVL,1,AnteriorInfarction,-613,rS,1,0.0017,0,638,1,242,500,,,,,,,,,,2,0,4.0,,14,,6,30,-48.0,14,,,40,42,-4.0,47,46,2.0,145,145,0.0,312,252,120.0,-8.0,116.0,118.0,120.0
AnteriorInfarction_001,aVF,1,AnteriorInfarction,-613,Rs,1,0.0002,0,638,1,242,500,,,,,,,,,,2,0,4.0,,,,16,23,-14.0,30,30,0.0,40,42,-4.0,70,46,48.0,142,143,-2.0,309,234,150.0,-8.0,146.0,102.0,152.0
AnteriorInfarction_001,V2,1,AnteriorInfarction,-613,rS,1,0.0063,0,638,1,242,500,,,,,,,,,,2,0,4.0,,,,4,5,-2.0,19,19,0.0,40,42,-4.0,48,56,-16.0,140,140,0.0,307,262,90.0,-8.0,86.0,106.0,90.0
AnteriorInfarction_001,V3,1,AnteriorInfarction,-613,qR,1,0.003,0,638,1,242,500,,,,,,,,,,2,0,4.0,8,8,0.0,25,25,0.0,,,,39,42,-6.0,50,139,-178.0,156,156,0.0,309,269,80.0,-10.0,76.0,258.0,80.0
AnteriorInfarction_001,V4,1,AnteriorInfarction,-613,qR,1,0.0015,0,638,1,242,500,,,,,,,,,,2,0,4.0,7,8,-2.0,23,23,0.0,,,,39,42,-6.0,64,46,36.0,130,133,-6.0,312,253,118.0,-10.0,114.0,82.0,124.0
AnteriorInfarction_001,V5,1,AnteriorInfarction,-613,qR,1,0.0008,0,638,1,242,500,,,,,,,,,,2,0,4.0,7,7,0.0,22,22,0.0,,,,38,42,-8.0,71,96,-50.0,152,152,0.0,314,251,126.0,-12.0,122.0,176.0,126.0
AnteriorInfarction_001,V6,1,AnteriorInfarction,-613,R,1,0.0005,0,638,1,242,500,,,,,,,,,,2,0,4.0,,5,,21,22,-2.0,,,,38,42,-8.0,75,46,58.0,147,147,0.0,313,252,122.0,-12.0,118.0,64.0,122.0
AnteriorInfarction_001,II,1,AnteriorInfarction,-613,R,1,0.0002,0,638,1,242,500,,,,,,,,,,2,0,4.0,,,,23,23,0.0,,,,39,42,-6.0,66,46,40.0,142,142,0.0,312,172,280.0,-10.0,276.0,240.0,280.0
AnteriorInfarction_001,V1,1,AnteriorInfarction,-613,rS,1,0.0056,0,638,1,242,500,,,,,,,,,,2,0,4.0,,,,7,7,0.0,20,20,0.0,39,42,-6.0,47,46,2.0,141,142,-2.0,311,262,98.0,-10.0,94.0,96.0,100.0
AnteriorInfarction_002,V1,1,AnteriorInfarction,-603,rS,1,0.0028,0,636,1,252,500,,,,,,,,,,1,2,-2.0,,,,7,12,-10.0,33,33,0.0,62,57,10.0,63,66,-6.0,153,153,0.0,319,277,84.0,12.0,86.0,90.0,84.0
AnteriorInfarction_002,I,1,AnteriorInfarction,-603,R,1,0.0023,0,636,1,252,500,,,,,,,,,,1,2,-2.0,,,,8,34,-52.0,,,,63,57,12.0,86,143,-114.0,172,172,0.0,317,277,80.0,14.0,82.0,194.0,80.0
AnteriorInfarction_002,II,1,AnteriorInfarction,-603,R,1,0.0007,0,636,1,252,500,,,,,,,,,,2,2,0.0,,,,11,12,-2.0,,,,64,57,14.0,80,61,38.0,145,145,0.0,315,281,68.0,14.0,68.0,30.0,68.0
AnteriorInfarction_002,III,1,AnteriorInfarction,-603,RS,1,0.0014,0,636,1,252,500,,,,,,,,,,1,2,-2.0,,,,11,12,-2.0,35,35,0.0,62,57,10.0,85,61,48.0,146,147,-2.0,310,281,58.0,12.0,60.0,10.0,60.0
AnteriorInfarction_002,aVR,1,AnteriorInfarction,-603,QS,1,0.0006,0,636,1,252,500,,,,,,,,,,1,2,-2.0,32,32,0.0,,,,,,,64,57,14.0,76,78,-4.0,144,144,0.0,316,263,106.0,16.0,108.0,110.0,106.0
AnteriorInfarction_002,aVL,1,AnteriorInfarction,-603,qRs,1,0.0021,0,636,1,252,500,,,,,,,,,,1,2,-2.0,12,12,0.0,35,35,0.0,61,56,10.0,63,57,12.0,80,61,38.0,149,149,0.0,314,283,62.0,14.0,64.0,24.0,62.0
AnteriorInfarction_002,aVF,1,AnteriorInfarction,-603,Rs,1,0.0007,0,636,1,252,500,,,,,,,,,,1,2,-2.0,,,,11,12,-2.0,35,36,-2.0,63,57,12.0,85,61,48.0,145,146,-2.0,310,279,62.0,14.0,64.0,14.0,64.0
AnteriorInfarction_002,V2,1,AnteriorInfarction,-603,rS,1,0.0022,0,636,1,252,500,,,,,,,,,,1,2,-2.0,,,,7,12,-10.0,33,33,0.0,61,57,8.0,62,65,-6.0,151,151,0.0,312,282,60.0,10.0,62.0,66.0,60.0
AnteriorInfarction_002,V3,1,AnteriorInfarction,-603,rS,1,0.0005,0,636,1,252,500,,,,,,,,,,1,2,-2.0,,,,7,12,-10.0,33,34,-2.0,62,57,10.0,63,155,-184.0,176,176,0.0,313,283,60.0,12.0,62.0,244.0,60.0
AnteriorInfarction_002,V4,1,AnteriorInfarction,-603,RS,1,0.0006,0,636,1,252,500,,,,,,,,,,1,2,-2.0,,8,,4,42,-76.0,65,,,65,57,16.0,75,61,28.0,239,161,156.0,317,282,70.0,18.0,72.0,42.0,-86.0
AnteriorInfarction_002,V5,1,AnteriorInfarction,-603,qR,1,0.0008,0,636,1,252,500,,,,,,,,,,1,2,-2.0,9,9,0.0,32,32,0.0,,,,64,57,14.0,86,61,50.0,158,156,4.0,320,275,90.0,16.0,92.0,40.0,86.0
AnteriorInfarction_002,V6,1,AnteriorInfarction,-603,qR,1,0.001,0,636,1,252,500,,,,,,,,,,1,2,-2.0,8,8,0.0,26,26,0.0,,,,64,57,14.0,90,61,58.0,153,153,0.0,317,277,80.0,16.0,82.0,22.0,80.0
