record_id,lead,beat_id,disease_class,crop_start,qrs_pattern_pred,order_ok_pred,p_head_prob,seg_emits_p,qrs_anchor,anchor_in_qrs,window_end,read_end,p_onset_pred,p_onset_true,p_onset_err_ms,p_peak_pred,p_peak_true,p_peak_err_ms,p_offset_pred,p_offset_true,p_offset_err_ms,qrs_onset_pred,qrs_onset_true,qrs_onset_err_ms,q_peak_pred,q_peak_true,q_peak_err_ms,r_peak_pred,r_peak_true,r_peak_err_ms,s_peak_pred,s_peak_true,s_peak_err_ms,qrs_offset_pred,qrs_offset_true,qrs_offset_err_ms,t_onset_pred,t_onset_true,t_onset_err_ms,t_peak_pred,t_peak_true,t_peak_err_ms,t_offset_pred,t_offset_true,t_offset_err_ms,qrs_duration_err_ms,qt_interval_err_ms,t_duration_err_ms,t_peak_to_end_err_ms
AnteriorInfarction_003,V3,1,AnteriorInfarction,-606,qRs,1,0.0028,0,628,1,249,500,,,,,,,,,,2,4,-4.0,8,9,-2.0,31,31,0.0,49,,,49,44,10.0,74,49,50.0,162,162,0.0,274,248,52.0,14.0,56.0,2.0,52.0
AnteriorInfarction_003,I,1,AnteriorInfarction,-606,R,1,0.0026,0,628,1,249,500,,,,,,,,,,2,4,-4.0,,,,7,25,-36.0,,,,49,44,10.0,75,68,14.0,141,141,0.0,276,251,50.0,14.0,54.0,36.0,50.0
AnteriorInfarction_003,II,1,AnteriorInfarction,-606,R,1,0.0012,0,628,1,249,500,,,,,,,,,,2,4,-4.0,,,,10,24,-28.0,,,,49,44,10.0,74,68,12.0,142,143,-2.0,278,252,52.0,14.0,56.0,40.0,54.0
AnteriorInfarction_003,III,1,AnteriorInfarction,-606,RS,1,0.0071,0,628,1,249,500,,,,,,,,,,2,4,-4.0,,,,10,17,-14.0,31,31,0.0,49,44,10.0,74,49,50.0,143,143,0.0,278,250,56.0,14.0,60.0,6.0,56.0
AnteriorInfarction_003,aVR,1,AnteriorInfarction,-606,QS,1,0.0011,0,628,1,249,500,,,,,,,,,,2,4,-4.0,24,24,0.0,,,,,,,49,44,10.0,74,49,50.0,142,142,0.0,270,180,180.0,14.0,184.0,130.0,180.0
AnteriorInfarction_003,V1,1,AnteriorInfarction,-606,rS,1,0.0069,0,628,1,249,500,,,,,,,,,,2,4,-4.0,,20,,6,36,-60.0,20,48,-56.0,49,44,10.0,74,68,12.0,169,148,42.0,269,271,-4.0,14.0,0.0,-16.0,-46.0
AnteriorInfarction_003,V2,1,AnteriorInfarction,-606,qRs,1,0.0065,0,628,1,249,500,,,,,,,,,,2,4,-4.0,13,14,-2.0,31,31,0.0,49,50,-2.0,49,44,10.0,74,87,-26.0,162,163,-2.0,270,257,26.0,14.0,30.0,52.0,28.0
AnteriorInfarction_003,V4,1,AnteriorInfarction,-606,qR,1,0.0018,0,628,1,249,500,,,,,,,,,,2,4,-4.0,8,8,0.0,28,28,0.0,,,,49,44,10.0,76,49,54.0,140,140,0.0,274,220,108.0,14.0,112.0,54.0,108.0
AnteriorInfarction_003,V5,1,AnteriorInfarction,-606,qR,1,0.0039,0,628,1,249,500,,,,,,,,,,2,4,-4.0,6,6,0.0,24,24,0.0,,,,49,44,10.0,76,100,-48.0,154,154,0.0,269,278,-18.0,14.0,-14.0,30.0,-18.0
AnteriorInfarction_003,V6,1,AnteriorInfarction,-606,qRs,1,0.0014,0,628,1,249,500,,,,,,,,,,2,4,-4.0,6,6,0.0,24,24,0.0,32,32,0.0,49,44,10.0,75,79,-8.0,149,149,0.0,280,227,106.0,14.0,110.0,114.0,106.0
AnteriorInfarction_003,aVL,1,AnteriorInfarction,-606,qR,1,0.0029,0,628,1,249,500,,,,,,,,,,2,4,-4.0,14,14,0.0,30,30,0.0,,,,49,44,10.0,75,49,52.0,144,144,0.0,270,250,40.0,14.0,44.0,-12.0,40.0
AnteriorInfarction_003,aVF,1,AnteriorInfarction,-606,Rs,1,0.0014,0,628,1,249,500,,,,,,,,,,2,4,-4.0,,,,10,24,-28.0,31,31,0.0,49,44,10.0,74,49,50.0,143,143,0.0,279,249,60.0,14.0,64.0,10.0,60.0
AnteriorInfarction_004,V1,1,AnteriorInfarction,-604,rS,1,0.014,0,637,1,251,500,,,,,,,,,,0,2,-4.0,,,,5,6,-2.0,21,21,0.0,50,46,8.0,66,46,40.0,151,152,-2.0,306,270,72.0,12.0,76.0,32.0,74.0
AnteriorInfarction_004,I,1,AnteriorInfarction,-604,R,1,0.023,0,637,1,251,500,,,,,,,,,,0,2,-4.0,,,,8,30,-44.0,,51,,50,46,8.0,66,97,-62.0,139,169,-60.0,308,252,112.0,12.0,116.0,174.0,172.0
AnteriorInfarction_004,II,1,AnteriorInfarction,-604,R,1,0.0069,0,637,1,251,500,,,,,,,,,,0,2,-4.0,,,,20,20,0.0,,,,50,46,8.0,67,68,-2.0,142,143,-2.0,306,173,266.0,12.0,270.0,268.0,268.0
AnteriorInfarction_004,III,1,AnteriorInfarction,-604,rS,1,0.0175,0,637,1,251,500,,,,,,,,,,0,2,-4.0,,,,5,18,-26.0,34,33,2.0,49,46,6.0,68,51,34.0,147,147,0.0,304,269,70.0,10.0,74.0,36.0,70.0
AnteriorInfarction_004,aVR,1,AnteriorInfarction,-604,QS,1,0.0077,0,637,1,251,500,,,,,,,,,,0,2,-4.0,29,30,-2.0,,,,,,,49,46,6.0,68,75,-14.0,141,141,0.0,304,251,106.0,10.0,110.0,120.0,106.0
AnteriorInfarction_004,aVL,1,AnteriorInfarction,-604,QRS,1,0.0137,0,637,1,251,500,,,,,,,,,,0,2,-4.0,5,5,0.0,8,30,-44.0,50,51,-2.0,50,46,8.0,68,100,-64.0,154,154,0.0,304,265,78.0,12.0,82.0,142.0,78.0
AnteriorInfarction_004,aVF,1,AnteriorInfarction,-604,RS,1,0.006,0,637,1,251,500,,,,,,,,,,0,2,-4.0,,,,6,19,-26.0,35,36,-2.0,50,46,8.0,67,74,-14.0,144,144,0.0,305,250,110.0,12.0,114.0,124.0,110.0
AnteriorInfarction_004,V2,1,AnteriorInfarction,-604,rS,1,0.012,0,637,1,251,500,,,,,,,,,,0,2,-4.0,,,,4,12,-16.0,26,26,0.0,49,46,6.0,60,53,14.0,154,155,-2.0,304,262,84.0,10.0,88.0,70.0,86.0
AnteriorInfarction_004,V3,1,AnteriorInfarction,-604,QR,1,0.0076,0,637,1,251,500,,,,,,,,,,0,2,-4.0,9,10,-2.0,20,32,-24.0,,,,50,46,8.0,65,87,-44.0,143,175,-64.0,302,255,94.0,12.0,98.0,138.0,158.0
AnteriorInfarction_004,V4,1,AnteriorInfarction,-604,R,1,0.0108,0,637,1,251,500,,,,,,,,,,0,2,-4.0,,7,,31,31,0.0,,,,50,46,8.0,69,59,20.0,176,170,12.0,299,251,96.0,12.0,100.0,76.0,84.0
AnteriorInfarction_004,V5,1,AnteriorInfarction,-604,R,1,0.0073,0,637,1,251,500,,,,,,,,,,0,2,-4.0,,7,,26,26,0.0,,,,50,46,8.0,71,94,-46.0,148,148,0.0,301,251,100.0,12.0,104.0,146.0,100.0
AnteriorInfarction_004,V6,1,AnteriorInfarction,-604,Rs,1,0.0061,0,637,1,251,500,,,,,,,,,,0,2,-4.0,,4,,20,20,0.0,30,31,-2.0,50,46,8.0,69,62,14.0,144,144,0.0,302,251,102.0,12.0,106.0,88.0,102.0
AnteriorInfarction_005,V3,1,AnteriorInfarction,-605,QRs,1,0.003,0,638,1,250,500,,,,,,,,,,2,5,-6.0,8,8,0.0,17,31,-28.0,49,,,49,48,2.0,69,89,-40.0,146,146,0.0,271,266,10.0,8.0,16.0,50.0,10.0
AnteriorInfarction_005,I,1,AnteriorInfarction,-605,R,1,0.0006,0,638,1,250,500,,,,,,,,,,1,5,-8.0,,,,10,26,-32.0,,,,49,48,2.0,70,72,-4.0,137,137,0.0,276,250,52.0,10.0,60.0,56.0,52.0
AnteriorInfarction_005,II,1,AnteriorInfarction,-605,R,1,0.0006,0,638,1,250,500,,,,,,,,,,2,5,-6.0,,,,16,24,-16.0,,44,,49,48,2.0,70,50,40.0,142,142,0.0,276,267,18.0,8.0,24.0,-22.0,18.0
AnteriorInfarction_005,III,1,AnteriorInfarction,-605,RS,1,0.003,0,638,1,250,500,,,,,,,,,,2,5,-6.0,,,,6,17,-22.0,31,31,0.0,49,48,2.0,72,70,4.0,147,148,-2.0,282,234,96.0,8.0,102.0,92.0,98.0
AnteriorInfarction_005,aVR,1,AnteriorInfarction,-605,QS,1,0.0003,0,638,1,250,500,,,,,,,,,,2,5,-6.0,24,24,0.0,,,,,,,49,48,2.0,70,66,8.0,140,140,0.0,274,255,38.0,8.0,44.0,30.0,38.0
AnteriorInfarction_005,aVL,1,AnteriorInfarction,-605,qrS,1,0.0013,0,638,1,250,500,,,,,,,,,,2,5,-6.0,5,18,-26.0,8,31,-46.0,17,,,49,48,2.0,72,50,44.0,153,153,0.0,278,263,30.0,8.0,36.0,-14.0,30.0
AnteriorInfarction_005,aVF,1,AnteriorInfarction,-605,R,1,0.0006,0,638,1,250,500,,,,,,,,,,2,5,-6.0,,,,16,24,-16.0,,38,,49,48,2.0,71,52,38.0,144,144,0.0,281,262,38.0,8.0,44.0,0.0,38.0
AnteriorInfarction_005,V1,1,AnteriorInfarction,-605,rS,1,0.0035,0,638,1,250,500,,,,,,,,,,2,5,-6.0,,23,,5,33,-56.0,23,48,-50.0,49,48,2.0,68,100,-64.0,137,137,0.0,274,269,10.0,8.0,16.0,74.0,10.0
AnteriorInfarction_005,V2,1,AnteriorInfarction,-605,qRs,1,0.0066,0,638,1,250,500,,,,,,,,,,2,5,-6.0,22,22,0.0,31,31,0.0,49,53,-8.0,49,48,2.0,68,87,-38.0,142,142,0.0,273,274,-2.0,8.0,4.0,36.0,-2.0
AnteriorInfarction_005,V4,1,AnteriorInfarction,-605,qR,1,0.0011,0,638,1,250,500,,,,,,,,,,2,5,-6.0,8,8,0.0,29,29,0.0,,,,49,48,2.0,72,58,28.0,144,145,-2.0,271,263,16.0,8.0,22.0,-12.0,18.0
AnteriorInfarction_005,V5,1,AnteriorInfarction,-605,qR,1,0.0003,0,638,1,250,500,,,,,,,,,,2,5,-6.0,6,7,-2.0,24,25,-2.0,,,,48,48,0.0,72,101,-58.0,146,172,-52.0,278,254,48.0,6.0,54.0,106.0,100.0
AnteriorInfarction_005,V6,1,AnteriorInfarction,-605,R,1,0.0006,0,638,1,250,500,,,,,,,,,,2,5,-6.0,,,,21,22,-2.0,,,,48,48,0.0,71,52,38.0,143,143,0.0,275,263,24.0,6.0,30.0,-14.0,24.0
AnteriorInfarction_006,V5,1,AnteriorInfarction,-611,R,1,0.0,0,627,1,244,500,,,,,,,,,,0,2,-4.0,,,,26,26,0.0,,,,46,43,6.0,61,98,-74.0,169,169,0.0,293,259,68.0,10.0,72.0,142.0,68.0
AnteriorInfarction_006,I,1,AnteriorInfarction,-611,R,1,0.0003,0,627,1,244,500,,,,,,,,,,0,2,-4.0,,,,8,29,-42.0,,48,,47,43,8.0,52,102,-100.0,168,168,0.0,299,255,88.0,12.0,92.0,188.0,88.0
AnteriorInfarction_006,II,1,AnteriorInfarction,-611,R,1,0.0002,0,627,1,244,500,,,,,,,,,,1,2,-2.0,,,,10,25,-30.0,,,,47,43,8.0,55,69,-28.0,140,141,-2.0,297,259,76.0,10.0,78.0,104.0,78.0
AnteriorInfarction_006,III,1,AnteriorInfarction,-611,RS,1,0.0001,0,627,1,244,500,,,,,,,,,,1,2,-2.0,,,,10,10,0.0,29,29,0.0,47,43,8.0,56,50,12.0,142,142,0.0,295,248,94.0,10.0,96.0,82.0,94.0
AnteriorInfarction_006,aVR,1,AnteriorInfarction,-611,QS,1,0.0002,0,627,1,244,500,,,,,,,,,,1,2,-2.0,25,25,0.0,,,,,,,47,43,8.0,55,62,-14.0,140,140,0.0,295,253,84.0,10.0,86.0,98.0,84.0
AnteriorInfarction_006,aVL,1,AnteriorInfarction,-611,qRs,1,0.0002,0,627,1,244,500,,,,,,,,,,0,2,-4.0,10,10,0.0,23,29,-12.0,47,,,47,43,8.0,56,91,-70.0,146,146,0.0,296,254,84.0,12.0,88.0,154.0,84.0
AnteriorInfarction_006,aVF,1,AnteriorInfarction,-611,Rs,1,0.0,0,627,1,244,500,,,,,,,,,,1,2,-2.0,,,,10,10,0.0,29,29,0.0,47,43,8.0,56,50,12.0,141,141,0.0,294,252,84.0,10.0,86.0,72.0,84.0
AnteriorInfarction_006,V1,1,AnteriorInfarction,-611,rS,1,0.0007,0,627,1,244,500,,,,,,,,,,0,2,-4.0,,,,9,9,0.0,23,24,-2.0,46,43,6.0,57,54,6.0,148,148,0.0,296,266,60.0,10.0,64.0,54.0,60.0
AnteriorInfarction_006,V2,1,AnteriorInfarction,-611,RS,1,0.0003,0,627,1,244,500,,,,,,,,,,0,2,-4.0,,,,10,11,-2.0,21,21,0.0,46,43,6.0,59,48,22.0,143,143,0.0,293,267,52.0,10.0,56.0,30.0,52.0
AnteriorInfarction_006,V3,1,AnteriorInfarction,-611,RS,1,0.0001,0,627,1,244,500,,,,,,,,,,1,2,-2.0,,,,11,11,0.0,20,21,-2.0,46,43,6.0,55,70,-30.0,158,158,0.0,293,243,100.0,8.0,102.0,130.0,100.0
AnteriorInfarction_006,V4,1,AnteriorInfarction,-611,RS,1,0.0001,0,627,1,244,500,,,,,,,,,,1,2,-2.0,,19,,11,27,-32.0,19,,,46,43,6.0,58,93,-70.0,154,154,0.0,295,248,94.0,8.0,96.0,164.0,94.0
AnteriorInfarction_006,V6,1,AnteriorInfarction,-611,R,1,0.0,0,627,1,244,500,,,,,,,,,,0,2,-4.0,,5,,22,22,0.0,,,,46,43,6.0,55,72,-34.0,147,147,0.0,297,247,100.0,10.0,104.0,134.0,100.0
AnteriorInfarction_007,V3,1,AnteriorInfarction,-608,qR,1,0.0021,0,637,1,247,500,,,,,,,,,,2,3,-2.0,9,9,0.0,27,27,0.0,,,,47,43,8.0,54,50,8.0,141,142,-2.0,270,262,16.0,10.0,18.0,8.0,18.0
AnteriorInfarction_007,I,1,AnteriorInfarction,-608,qR,1,0.0003,0,637,1,247,500,,,,,,,,,,2,3,-2.0,11,11,0.0,23,23,0.0,,,,47,43,8.0,55,48,14.0,165,165,0.0,274,250,48.0,10.0,50.0,34.0,48.0
AnteriorInfarction_007,II,1,AnteriorInfarction,-608,R,1,0.0001,0,637,1,247,500,,,,,,,,,,2,3,-2.0,,,,18,22,-8.0,,,,47,43,8.0,56,70,-28.0,141,141,0.0,272,170,204.0,10.0,206.0,232.0,204.0
AnteriorInfarction_007,III,1,AnteriorInfarction,-608,Rs,1,0.0009,0,637,1,247,500,,,,,,,,,,2,3,-2.0,,,,14,14,0.0,29,29,0.0,48,43,10.0,58,50,16.0,141,141,0.0,275,251,48.0,12.0,50.0,32.0,48.0
AnteriorInfarction_007,aVR,1,AnteriorInfarction,-608,QS,1,0.0001,0,637,1,247,500,,,,,,,,,,2,3,-2.0,23,23,0.0,,,,,,,47,43,8.0,56,70,-28.0,141,141,0.0,270,250,40.0,10.0,42.0,68.0,40.0
AnteriorInfarction_007,aVL,1,AnteriorInfarction,-608,QRs,1,0.0005,0,637,1,247,500,,,,,,,,,,2,3,-2.0,11,11,0.0,23,28,-10.0,48,,,48,43,10.0,58,94,-72.0,141,142,-2.0,272,250,44.0,12.0,46.0,116.0,46.0
AnteriorInfarction_007,aVF,1,AnteriorInfarction,-608,R,1,0.0006,0,637,1,247,500,,,,,,,,,,2,3,-2.0,,,,17,17,0.0,,31,,47,43,8.0,58,70,-24.0,141,141,0.0,274,262,24.0,10.0,26.0,48.0,24.0
AnteriorInfarction_007,V1,1,AnteriorInfarction,-608,rS,1,0.0035,0,637,1,247,500,,,,,,,,,,2,3,-2.0,,22,,4,33,-58.0,21,,,47,43,8.0,54,48,12.0,149,149,0.0,272,269,6.0,10.0,8.0,-6.0,6.0
AnteriorInfarction_007,V2,1,AnteriorInfarction,-608,qRs,1,0.0054,0,637,1,247,500,,,,,,,,,,2,3,-2.0,10,10,0.0,28,29,-2.0,47,,,47,43,8.0,54,87,-66.0,142,143,-2.0,271,269,4.0,10.0,6.0,70.0,6.0
AnteriorInfarction_007,V5,1,AnteriorInfarction,-608,qR,1,0.0,0,637,1,247,500,,,,,,,,,,2,3,-2.0,7,7,0.0,21,21,0.0,,,,47,43,8.0,58,78,-40.0,145,145,0.0,271,168,206.0,10.0,208.0,246.0,206.0
AnteriorInfarction_007,V6,1,AnteriorInfarction,-608,qR,1,0.0002,0,637,1,247,500,,,,,,,,,,2,3,-2.0,6,7,-2.0,21,21,0.0,,,,47,43,8.0,58,50,16.0,145,145,0.0,271,257,28.0,10.0,30.0,12.0,28.0
AnteriorInfarction_007,V4,1,AnteriorInfarction,-608,qR,1,0.0012,0,637,1,247,500,,,,,,,,,,2,3,-2.0,9,9,0.0,25,25,0.0,,,,47,43,8.0,58,50,16.0,140,140,0.0,269,265,8.0,10.0,10.0,-8.0,8.0
AnteriorInfarction_008,V2,1,AnteriorInfarction,-610,rS,1,0.0225,0,637,1,245,500,,,,,,,,,,0,2,-4.0,,,,6,7,-2.0,23,24,-2.0,48,46,4.0,49,52,-6.0,144,144,0.0,303,254,98.0,8.0,102.0,104.0,98.0
AnteriorInfarction_008,I,1,AnteriorInfarction,-610,R,1,0.0228,0,637,1,245,500,,,,,,,,,,0,2,-4.0,,,,28,28,0.0,,,,49,46,6.0,50,100,-100.0,166,167,-2.0,309,252,114.0,10.0,118.0,214.0,116.0
AnteriorInfarction_008,II,1,AnteriorInfarction,-610,R,1,0.0152,0,637,1,245,500,,,,,,,,,,0,2,-4.0,,,,24,25,-2.0,,,,48,46,4.0,59,68,-18.0,143,143,0.0,308,246,124.0,8.0,128.0,142.0,124.0
AnteriorInfarction_008,III,1,AnteriorInfarction,-610,rS,1,0.0155,0,637,1,245,500,,,,,,,,,,0,2,-4.0,,,,10,18,-16.0,30,30,0.0,49,46,6.0,64,52,24.0,147,147,0.0,305,250,110.0,10.0,114.0,86.0,110.0
AnteriorInfarction_008,aVR,1,AnteriorInfarction,-610,QS,1,0.0215,0,637,1,245,500,,,,,,,,,,0,2,-4.0,25,25,0.0,,,,,,,48,46,4.0,64,62,4.0,141,141,0.0,301,263,76.0,8.0,80.0,72.0,76.0
AnteriorInfarction_008,aVF,1,AnteriorInfarction,-610,RS,1,0.012,0,637,1,245,500,,,,,,,,,,0,2,-4.0,,,,10,19,-18.0,30,31,-2.0,49,46,6.0,62,52,20.0,144,145,-2.0,306,252,108.0,10.0,112.0,88.0,110.0
AnteriorInfarction_008,V3,1,AnteriorInfarction,-610,rS,1,0.0172,0,637,1,245,500,,,,,,,,,,0,2,-4.0,,12,,4,27,-46.0,12,,,49,46,6.0,50,52,-4.0,157,157,0.0,301,267,68.0,10.0,72.0,72.0,68.0
AnteriorInfarction_008,V4,1,AnteriorInfarction,-610,qR,1,0.0113,0,637,1,245,500,,,,,,,,,,1,2,-2.0,10,10,0.0,26,26,0.0,,,,49,46,6.0,64,100,-72.0,157,157,0.0,299,246,106.0,8.0,108.0,178.0,106.0
AnteriorInfarction_008,V5,1,AnteriorInfarction,-610,qR,1,0.0097,0,637,1,245,500,,,,,,,,,,0,2,-4.0,8,8,0.0,25,25,0.0,,,,48,46,4.0,69,100,-62.0,168,168,0.0,299,251,96.0,8.0,100.0,158.0,96.0
AnteriorInfarction_008,V6,1,AnteriorInfarction,-610,qR,1,0.0112,0,637,1,245,500,,,,,,,,,,1,2,-2.0,7,7,0.0,23,23,0.0,,,,48,46,4.0,68,75,-14.0,146,146,0.0,300,246,108.0,6.0,110.0,122.0,108.0
AnteriorInfarction_008,aVL,1,AnteriorInfarction,-610,qRs,1,0.0137,0,637,1,245,500,,,,,,,,,,0,2,-4.0,16,17,-2.0,29,29,0.0,49,,,49,46,6.0,64,52,24.0,152,153,-2.0,306,261,90.0,10.0,94.0,66.0,92.0
AnteriorInfarction_008,V1,1,AnteriorInfarction,-610,rS,1,0.0296,0,637,1,245,500,,,,,,,,,,0,2,-4.0,,,,7,8,-2.0,24,24,0.0,49,46,6.0,60,52,16.0,146,146,0.0,307,262,90.0,10.0,94.0,74.0,90.0
AnteriorInfarction_009,V1,1,AnteriorInfarction,-612,rS,1,0.0013,0,640,1,243,500,,,,,,,,,,0,2,-4.0,,,,5,9,-8.0,24,24,0.0,45,49,-8.0,53,54,-2.0,160,160,0.0,293,250,86.0,-4.0,90.0,88.0,86.0
AnteriorInfarction_009,I,1,AnteriorInfarction,-612,R,1,0.0002,0,640,1,243,500,,,,,,,,,,0,2,-4.0,,,,27,27,0.0,,,,45,49,-8.0,52,99,-94.0,168,168,0.0,300,251,98.0,-4.0,102.0,192.0,98.0
AnteriorInfarction_009,II,1,AnteriorInfarction,-612,R,1,0.0005,0,640,1,243,500,,,,,,,,,,0,2,-4.0,,,,10,25,-30.0,,35,,45,49,-8.0,68,71,-6.0,142,142,0.0,293,248,90.0,-4.0,94.0,96.0,90.0
AnteriorInfarction_009,III,1,AnteriorInfarction,-612,rS,1,0.0,0,640,1,243,500,,,,,,,,,,0,2,-4.0,,,,5,6,-2.0,29,30,-2.0,45,49,-8.0,66,92,-52.0,143,143,0.0,290,252,76.0,-4.0,80.0,128.0,76.0
AnteriorInfarction_009,aVR,1,AnteriorInfarction,-612,QS,1,0.0004,0,640,1,243,500,,,,,,,,,,0,2,-4.0,26,26,0.0,,,,,,,45,49,-8.0,66,64,4.0,142,142,0.0,284,251,66.0,-4.0,70.0,62.0,66.0
AnteriorInfarction_009,aVL,1,AnteriorInfarction,-612,R,1,0.0,0,640,1,243,500,,,,,,,,,,0,2,-4.0,,,,29,29,0.0,,,,45,49,-8.0,62,96,-68.0,167,167,0.0,294,248,92.0,-4.0,96.0,160.0,92.0
AnteriorInfarction_009,aVF,1,AnteriorInfarction,-612,rS,1,0.0001,0,640,1,243,500,,,,,,,,,,0,2,-4.0,,,,9,17,-16.0,30,30,0.0,45,49,-8.0,67,87,-40.0,143,143,0.0,292,243,98.0,-4.0,102.0,138.0,98.0
AnteriorInfarction_009,V2,1,AnteriorInfarction,-612,rS,1,0.0008,0,640,1,243,500,,,,,,,,,,0,2,-4.0,,,,5,8,-6.0,22,22,0.0,45,49,-8.0,56,54,4.0,140,140,0.0,293,250,86.0,-4.0,90.0,82.0,86.0
AnteriorInfarction_009,V3,1,AnteriorInfarction,-612,rS,1,0.0005,0,640,1,243,500,,,,,,,,,,0,2,-4.0,,,,8,8,0.0,21,22,-2.0,45,49,-8.0,62,56,12.0,138,138,0.0,295,222,146.0,-4.0,150.0,134.0,146.0
AnteriorInfarction_009,V4,1,AnteriorInfarction,-612,RS,1,0.0005,0,640,1,243,500,,,,,,,,,,0,2,-4.0,,21,,8,28,-40.0,21,,,45,49,-8.0,67,64,6.0,138,138,0.0,295,246,98.0,-4.0,102.0,92.0,98.0
AnteriorInfarction_009,V5,1,AnteriorInfarction,-612,R,1,0.0001,0,640,1,243,500,,,,,,,,,,0,2,-4.0,,,,26,26,0.0,,,,45,49,-8.0,70,81,-22.0,144,145,-2.0,293,170,246.0,-4.0,250.0,268.0,248.0
AnteriorInfarction_009,V6,1,AnteriorInfarction,-612,Rs,1,0.0001,0,640,1,243,500,,,,,,,,,,0,2,-4.0,,,,22,22,0.0,34,34,0.0,45,49,-8.0,71,70,2.0,145,146,-2.0,296,237,118.0,-4.0,122.0,116.0,120.0
AnteriorInfarction_010,V2,1,AnteriorInfarction,-607,rS,1,0.0738,0,636,1,248,500,,,,,,,,,,1,2,-2.0,,,,4,4,0.0,22,23,-2.0,50,46,8.0,64,48,32.0,153,153,0.0,295,292,6.0,10.0,8.0,-26.0,6.0
AnteriorInfarction_010,I,1,AnteriorInfarction,-607,R,1,0.0498,0,636,1,248,500,,,,,,,,,,1,2,-2.0,,,,10,30,-40.0,,,,50,46,8.0,52,93,-82.0,165,165,0.0,315,252,126.0,10.0,128.0,208.0,126.0
AnteriorInfarction_010,II,1,AnteriorInfarction,-607,R,1,0.0332,0,636,1,248,500,,,,,,,,,,1,2,-2.0,,,,8,21,-26.0,,,,50,46,8.0,60,76,-32.0,143,143,0.0,311,271,80.0,10.0,82.0,112.0,80.0
AnteriorInfarction_010,III,1,AnteriorInfarction,-607,rS,1,0.0451,0,636,1,248,500,,,,,,,,,,1,2,-2.0,,,,6,19,-26.0,32,32,0.0,49,46,6.0,59,83,-48.0,148,148,0.0,313,251,124.0,8.0,126.0,172.0,124.0
AnteriorInfarction_010,aVR,1,AnteriorInfarction,-607,QS,1,0.0305,0,636,1,248,500,,,,,,,,,,0,2,-4.0,28,29,-2.0,,,,,,,49,46,6.0,58,70,-24.0,141,141,0.0,309,253,112.0,10.0,116.0,136.0,112.0
AnteriorInfarction_010,aVL,1,AnteriorInfarction,-607,QRS,1,0.0312,0,636,1,248,500,,,,,,,,,,0,2,-4.0,5,6,-2.0,10,32,-44.0,49,,,49,46,6.0,58,98,-80.0,154,155,-2.0,314,252,124.0,10.0,128.0,204.0,126.0
AnteriorInfarction_010,aVF,1,AnteriorInfarction,-607,RS,1,0.0209,0,636,1,248,500,,,,,,,,,,1,2,-2.0,,,,7,20,-26.0,33,33,0.0,49,46,6.0,57,72,-30.0,145,145,0.0,315,251,128.0,8.0,130.0,158.0,128.0
AnteriorInfarction_010,V3,1,AnteriorInfarction,-607,QR,1,0.0531,0,636,1,248,500,,,,,,,,,,1,2,-2.0,20,21,-2.0,31,32,-2.0,,,,49,46,6.0,61,96,-70.0,141,141,0.0,302,277,50.0,8.0,52.0,120.0,50.0
AnteriorInfarction_010,V4,1,AnteriorInfarction,-607,qR,1,0.0435,0,636,1,248,500,,,,,,,,,,1,2,-2.0,11,11,0.0,28,29,-2.0,,,,49,46,6.0,63,53,20.0,142,142,0.0,309,262,94.0,8.0,96.0,74.0,94.0
AnteriorInfarction_010,V6,1,AnteriorInfarction,-607,Rs,1,0.0357,0,636,1,248,500,,,,,,,,,,1,2,-2.0,,,,20,20,0.0,27,28,-2.0,50,46,8.0,69,74,-10.0,144,144,0.0,305,273,64.0,10.0,66.0,74.0,64.0
AnteriorInfarction_010,V1,1,AnteriorInfarction,-607,rS,1,0.0569,0,636,1,248,500,,,,,,,,,,1,2,-2.0,,,,4,4,0.0,21,22,-2.0,49,46,6.0,58,47,22.0,151,151,0.0,310,269,82.0,8.0,84.0,60.0,82.0
AnteriorInfarction_010,V5,1,AnteriorInfarction,-607,qR,1,0.0231,0,636,1,248,500,,,,,,,,,,0,2,-4.0,7,7,0.0,24,24,0.0,,,,49,46,6.0,64,98,-68.0,148,148,0.0,307,251,112.0,10.0,116.0,180.0,112.0
AnteriorIschemia_001,V3,1,AnteriorIschemia,-613,qR,1,0.0616,0,638,1,242,500,,,,,,,,,,1,2,-2.0,8,8,0.0,24,25,-2.0,,,,44,55,-22.0,45,72,-54.0,112,112,0.0,171,167,8.0,-20.0,10.0,62.0,8.0
AnteriorIschemia_001,I,1,AnteriorIschemia,-613,RS,1,0.0488,0,638,1,242,500,,,,,,,,,,1,2,-2.0,,12,,7,23,-32.0,12,,,43,55,-24.0,44,55,-22.0,164,136,56.0,174,172,4.0,-22.0,6.0,26.0,-52.0
AnteriorIschemia_001,II,1,AnteriorIschemia,-613,R,1,0.0293,0,638,1,242,500,,,,,,,,,,2,2,0.0,,,,16,23,-14.0,,,,44,55,-22.0,45,64,-38.0,142,142,0.0,173,175,-4.0,-22.0,-4.0,34.0,-4.0
AnteriorIschemia_001,III,1,AnteriorIschemia,-613,R,1,0.0701,0,638,1,242,500,,,,,,,,,,2,2,0.0,,,,5,22,-34.0,,62,,44,55,-22.0,45,86,-82.0,144,144,0.0,173,200,-54.0,-22.0,-54.0,28.0,-54.0
AnteriorIschemia_001,aVR,1,AnteriorIschemia,-613,QS,1,0.0309,0,638,1,242,500,,,,,,,,,,1,2,-2.0,22,23,-2.0,,,,,,,43,55,-24.0,44,76,-64.0,141,141,0.0,173,172,2.0,-22.0,4.0,66.0,2.0
AnteriorIschemia_001,aVL,1,AnteriorIschemia,-613,qrS,1,0.0361,0,638,1,242,500,,,,,,,,,,1,2,-2.0,4,14,-20.0,6,26,-40.0,14,34,-40.0,43,55,-24.0,44,98,-108.0,146,147,-2.0,174,178,-8.0,-22.0,-6.0,100.0,-6.0
AnteriorIschemia_001,aVF,1,AnteriorIschemia,-613,R,1,0.0405,0,638,1,242,500,,,,,,,,,,2,2,0.0,,,,16,22,-12.0,,,,44,55,-22.0,45,68,-46.0,143,143,0.0,173,171,4.0,-22.0,4.0,50.0,4.0
AnteriorIschemia_001,V1,1,AnteriorIschemia,-613,rS,1,0.0484,0,638,1,242,500,,,,,,,,,,1,2,-2.0,,,,7,7,0.0,20,19,2.0,42,55,-26.0,43,55,-24.0,135,135,0.0,172,171,2.0,-24.0,4.0,26.0,2.0
AnteriorIschemia_001,V2,1,AnteriorIschemia,-613,rS,1,0.0504,0,638,1,242,500,,,,,,,,,,1,2,-2.0,,19,,4,,,19,,,42,55,-26.0,43,55,-24.0,129,129,0.0,172,168,8.0,-24.0,10.0,32.0,8.0
AnteriorIschemia_001,V4,1,AnteriorIschemia,-613,qR,1,0.0534,0,638,1,242,500,,,,,,,,,,2,2,0.0,7,8,-2.0,23,23,0.0,,,,45,55,-20.0,46,63,-34.0,128,129,-2.0,171,168,6.0,-20.0,6.0,40.0,8.0
AnteriorIschemia_001,V5,1,AnteriorIschemia,-613,qR,1,0.0281,0,638,1,242,500,,,,,,,,,,1,2,-2.0,7,7,0.0,22,22,0.0,,,,45,55,-20.0,46,87,-82.0,145,146,-2.0,173,172,2.0,-18.0,4.0,84.0,4.0
AnteriorIschemia_001,V6,1,AnteriorIschemia,-613,R,1,0.017,0,638,1,242,500,,,,,,,,,,1,2,-2.0,,,,21,22,-2.0,,,,44,55,-22.0,45,109,-128.0,146,147,-2.0,174,190,-32.0,-20.0,-30.0,96.0,-30.0
AnteriorIschemia_002,aVR,1,AnteriorIschemia,-604,QS,1,0.0003,0,637,1,251,500,,,,,,,,,,2,2,0.0,32,32,0.0,,,,,,,54,55,-2.0,55,68,-26.0,144,144,0.0,187,194,-14.0,-2.0,-14.0,12.0,-14.0
AnteriorIschemia_002,I,1,AnteriorIschemia,-604,R,1,0.0007,0,637,1,251,500,,,,,,,,,,2,2,0.0,,,,8,33,-50.0,,,,54,55,-2.0,55,60,-10.0,132,132,0.0,185,182,6.0,-2.0,6.0,16.0,6.0
AnteriorIschemia_002,II,1,AnteriorIschemia,-604,R,1,0.0001,0,637,1,251,500,,,,,,,,,,2,2,0.0,,,,11,32,-42.0,,70,,54,55,-2.0,55,97,-84.0,146,146,0.0,185,199,-28.0,-2.0,-28.0,56.0,-28.0
AnteriorIschemia_002,III,1,AnteriorIschemia,-604,Rs,1,0.0002,0,637,1,251,500,,,,,,,,,,2,2,0.0,,,,11,12,-2.0,54,74,-40.0,54,55,-2.0,55,120,-130.0,148,148,0.0,186,199,-26.0,-2.0,-26.0,104.0,-26.0
AnteriorIschemia_002,aVL,1,AnteriorIschemia,-604,QR,1,0.0003,0,637,1,251,500,,,,,,,,,,2,2,0.0,12,12,0.0,34,35,-2.0,,,,54,55,-2.0,55,72,-34.0,151,100,102.0,187,186,2.0,-2.0,2.0,36.0,-100.0
AnteriorIschemia_002,aVF,1,AnteriorIschemia,-604,Rs,1,0.0001,0,637,1,251,500,,,,,,,,,,2,2,0.0,,,,11,12,-2.0,55,72,-34.0,55,55,0.0,56,109,-106.0,147,147,0.0,187,183,8.0,0.0,8.0,114.0,8.0
AnteriorIschemia_002,V1,1,AnteriorIschemia,-604,rS,1,0.0006,0,637,1,251,500,,,,,,,,,,2,2,0.0,,,,7,12,-10.0,32,32,0.0,53,55,-4.0,54,55,-2.0,177,105,144.0,187,174,26.0,-4.0,26.0,28.0,-118.0
AnteriorIschemia_002,V2,1,AnteriorIschemia,-604,RS,1,0.0003,0,637,1,251,500,,,,,,,,,,2,2,0.0,,,,11,12,-2.0,31,31,0.0,54,55,-2.0,55,55,0.0,189,126,126.0,189,178,22.0,-2.0,22.0,22.0,-104.0
AnteriorIschemia_002,V3,1,AnteriorIschemia,-604,RS,1,0.0005,0,637,1,251,500,,,,,,,,,,2,2,0.0,,31,,12,42,-60.0,31,,,55,55,0.0,56,64,-16.0,190,109,162.0,190,179,22.0,0.0,22.0,38.0,-140.0
AnteriorIschemia_002,V4,1,AnteriorIschemia,-604,R,1,0.0009,0,637,1,251,500,,,,,,,,,,2,2,0.0,,,,16,41,-50.0,,,,55,55,0.0,56,79,-46.0,164,109,110.0,185,187,-4.0,0.0,-4.0,42.0,-114.0
AnteriorIschemia_002,V5,1,AnteriorIschemia,-604,qR,1,0.0004,0,637,1,251,500,,,,,,,,,,2,2,0.0,9,9,0.0,31,31,0.0,,,,55,55,0.0,57,101,-88.0,156,156,0.0,185,180,10.0,0.0,10.0,98.0,10.0
AnteriorIschemia_002,V6,1,AnteriorIschemia,-604,qR,1,0.0002,0,637,1,251,500,,,,,,,,,,2,2,0.0,8,8,0.0,26,26,0.0,,79,,55,55,0.0,56,113,-114.0,153,153,0.0,189,182,14.0,0.0,14.0,128.0,14.0
AnteriorIschemia_003,I,1,AnteriorIschemia,-607,R,1,0.0154,0,627,1,248,500,,,,,,,,,,2,2,0.0,,,,8,25,-34.0,,,,46,42,8.0,47,88,-82.0,143,143,0.0,175,171,8.0,8.0,8.0,90.0,8.0
AnteriorIschemia_003,III,1,AnteriorIschemia,-607,RS,1,0.0123,0,627,1,248,500,,,,,,,,,,2,2,0.0,,,,10,19,-18.0,31,31,0.0,46,42,8.0,47,97,-100.0,143,144,-2.0,180,184,-8.0,8.0,-8.0,92.0,-6.0
AnteriorIschemia_003,aVR,1,AnteriorIschemia,-607,QS,1,0.0034,0,627,1,248,500,,,,,,,,,,2,2,0.0,25,25,0.0,,,,,,,46,42,8.0,47,72,-50.0,143,143,0.0,178,181,-6.0,8.0,-6.0,44.0,-6.0
AnteriorIschemia_003,aVL,1,AnteriorIschemia,-607,qR,1,0.0181,0,627,1,248,500,,,,,,,,,,2,2,0.0,10,10,0.0,31,31,0.0,,,,46,42,8.0,47,72,-50.0,143,144,-2.0,180,178,4.0,8.0,4.0,54.0,6.0
AnteriorIschemia_003,aVF,1,AnteriorIschemia,-607,Rs,1,0.0037,0,627,1,248,500,,,,,,,,,,2,2,0.0,,,,10,22,-24.0,31,32,-2.0,47,42,10.0,48,93,-90.0,143,144,-2.0,181,181,0.0,10.0,0.0,90.0,2.0
AnteriorIschemia_003,V1,1,AnteriorIschemia,-607,Qr,1,0.0256,0,627,1,248,500,,,,,,,,,,2,2,0.0,18,19,-2.0,34,34,0.0,,,,46,42,8.0,47,76,-58.0,115,115,0.0,176,170,12.0,8.0,12.0,70.0,12.0
AnteriorIschemia_003,V2,1,AnteriorIschemia,-607,QR,1,0.0372,0,627,1,248,500,,,,,,,,,,2,2,0.0,14,14,0.0,31,31,0.0,,,,46,42,8.0,47,87,-80.0,115,115,0.0,179,175,8.0,8.0,8.0,88.0,8.0
AnteriorIschemia_003,V3,1,AnteriorIschemia,-607,qR,1,0.0506,0,627,1,248,500,,,,,,,,,,2,2,0.0,9,9,0.0,28,28,0.0,,,,46,42,8.0,47,72,-50.0,177,112,130.0,177,174,6.0,8.0,6.0,56.0,-124.0
AnteriorIschemia_003,V4,1,AnteriorIschemia,-607,qR,1,0.0428,0,627,1,248,500,,,,,,,,,,2,2,0.0,8,9,-2.0,27,27,0.0,,,,46,42,8.0,47,80,-66.0,176,114,124.0,176,175,2.0,8.0,2.0,68.0,-122.0
AnteriorIschemia_003,V5,1,AnteriorIschemia,-607,qR,1,0.0125,0,627,1,248,500,,,,,,,,,,2,2,0.0,6,6,0.0,25,24,2.0,,,,46,42,8.0,47,119,-144.0,152,153,-2.0,176,176,0.0,8.0,0.0,144.0,2.0
AnteriorIschemia_003,V6,1,AnteriorIschemia,-607,Rs,1,0.0045,0,627,1,248,500,,,,,,,,,,2,2,0.0,,5,,20,24,-8.0,31,32,-2.0,46,42,8.0,47,72,-50.0,150,150,0.0,179,176,6.0,8.0,6.0,56.0,6.0
AnteriorIschemia_003,II,1,AnteriorIschemia,-607,R,1,0.0018,0,627,1,248,500,,,,,,,,,,2,2,0.0,,,,10,22,-24.0,,65,,46,42,8.0,47,71,-48.0,143,143,0.0,179,225,-92.0,8.0,-92.0,-44.0,-92.0
AnteriorIschemia_004,I,1,AnteriorIschemia,-605,R,1,0.0092,0,637,1,250,500,,,,,,,,,,1,2,-2.0,,,,8,29,-42.0,,,,49,57,-16.0,50,57,-14.0,136,137,-2.0,178,172,12.0,-14.0,14.0,26.0,14.0
AnteriorIschemia_004,II,1,AnteriorIschemia,-605,R,1,0.0029,0,637,1,250,500,,,,,,,,,,1,2,-2.0,,,,19,27,-16.0,,,,51,57,-12.0,52,64,-24.0,143,143,0.0,181,181,0.0,-10.0,2.0,24.0,0.0
AnteriorIschemia_004,III,1,AnteriorIschemia,-605,Rs,1,0.0074,0,637,1,250,500,,,,,,,,,,1,2,-2.0,,,,5,18,-26.0,53,70,-34.0,53,57,-8.0,54,117,-126.0,149,149,0.0,180,202,-44.0,-6.0,-42.0,82.0,-44.0
AnteriorIschemia_004,aVR,1,AnteriorIschemia,-605,QS,1,0.0057,0,637,1,250,500,,,,,,,,,,1,2,-2.0,29,27,4.0,,,,,,,51,57,-12.0,52,64,-24.0,141,141,0.0,179,172,14.0,-10.0,16.0,38.0,14.0
AnteriorIschemia_004,aVL,1,AnteriorIschemia,-605,QRS,1,0.0137,0,637,1,250,500,,,,,,,,,,1,2,-2.0,5,17,-24.0,8,30,-44.0,17,,,50,57,-14.0,51,57,-12.0,156,104,104.0,179,181,-4.0,-12.0,-2.0,8.0,-108.0
AnteriorIschemia_004,aVF,1,AnteriorIschemia,-605,R,1,0.0065,0,637,1,250,500,,,,,,,,,,1,2,-2.0,,,,6,19,-26.0,,70,,55,57,-4.0,56,98,-84.0,145,146,-2.0,179,178,2.0,-2.0,4.0,86.0,4.0
AnteriorIschemia_004,V1,1,AnteriorIschemia,-605,rS,1,0.0145,0,637,1,250,500,,,,,,,,,,1,2,-2.0,,,,5,6,-2.0,22,22,0.0,47,57,-20.0,48,58,-20.0,121,121,0.0,178,189,-22.0,-18.0,-20.0,-2.0,-22.0
AnteriorIschemia_004,V2,1,AnteriorIschemia,-605,rS,1,0.018,0,637,1,250,500,,,,,,,,,,1,2,-2.0,,,,5,12,-14.0,25,25,0.0,47,57,-20.0,48,64,-32.0,102,102,0.0,178,176,4.0,-18.0,6.0,36.0,4.0
AnteriorIschemia_004,V3,1,AnteriorIschemia,-605,QR,1,0.0109,0,637,1,250,500,,,,,,,,,,1,2,-2.0,9,10,-2.0,20,31,-22.0,,,,49,57,-16.0,50,64,-28.0,151,101,100.0,177,182,-10.0,-14.0,-8.0,18.0,-110.0
AnteriorIschemia_004,V4,1,AnteriorIschemia,-605,R,1,0.0053,0,637,1,250,500,,,,,,,,,,1,2,-2.0,,9,,30,30,0.0,,,,52,57,-10.0,53,57,-8.0,144,144,0.0,178,176,4.0,-8.0,6.0,12.0,4.0
AnteriorIschemia_004,V5,1,AnteriorIschemia,-605,R,1,0.0035,0,637,1,250,500,,,,,,,,,,1,2,-2.0,,7,,26,26,0.0,,,,51,57,-12.0,69,94,-50.0,147,147,0.0,178,175,6.0,-10.0,8.0,56.0,6.0
AnteriorIschemia_004,V6,1,AnteriorIschemia,-605,Rs,1,0.0031,0,637,1,250,500,,,,,,,,,,1,2,-2.0,,4,,20,20,0.0,30,31,-2.0,50,57,-14.0,51,98,-94.0,145,145,0.0,178,175,6.0,-12.0,8.0,100.0,6.0
AnteriorIschemia_005,aVR,1,AnteriorIschemia,-608,QS,1,0.0739,0,643,1,247,500,,,,,,,,,,2,4,-4.0,23,24,-2.0,,,,,,,45,51,-12.0,46,51,-10.0,141,141,0.0,185,176,18.0,-8.0,22.0,28.0,18.0
AnteriorIschemia_005,I,1,AnteriorIschemia,-608,R,1,0.1098,0,643,1,247,500,,,,,,,,,,2,4,-4.0,,,,9,24,-30.0,,,,45,51,-12.0,46,51,-10.0,136,136,0.0,191,169,44.0,-8.0,48.0,54.0,44.0
AnteriorIschemia_005,II,1,AnteriorIschemia,-608,R,1,0.0622,0,643,1,247,500,,,,,,,,,,2,4,-4.0,,,,16,24,-16.0,,,,45,51,-12.0,46,70,-48.0,143,143,0.0,190,177,26.0,-8.0,30.0,74.0,26.0
AnteriorIschemia_005,III,1,AnteriorIschemia,-608,R,1,0.1288,0,643,1,247,500,,,,,,,,,,2,4,-4.0,,,,6,23,-34.0,,67,,45,51,-12.0,46,102,-112.0,147,147,0.0,187,175,24.0,-8.0,28.0,136.0,24.0
AnteriorIschemia_005,aVL,1,AnteriorIschemia,-608,qrS,1,0.0849,0,643,1,247,500,,,,,,,,,,2,4,-4.0,5,6,-2.0,8,8,0.0,17,17,0.0,45,51,-12.0,46,51,-10.0,152,152,0.0,190,174,32.0,-8.0,36.0,42.0,32.0
AnteriorIschemia_005,aVF,1,AnteriorIschemia,-608,R,1,0.0907,0,643,1,247,500,,,,,,,,,,2,4,-4.0,,,,16,23,-14.0,,,,46,51,-10.0,47,68,-42.0,145,145,0.0,183,176,14.0,-6.0,18.0,56.0,14.0
AnteriorIschemia_005,V1,1,AnteriorIschemia,-608,rS,1,0.0892,0,643,1,247,500,,,,,,,,,,2,4,-4.0,,22,,4,33,-58.0,22,,,45,51,-12.0,46,58,-24.0,103,104,-2.0,182,167,30.0,-8.0,34.0,54.0,32.0
AnteriorIschemia_005,V2,1,AnteriorIschemia,-608,QR,1,0.1035,0,643,1,247,500,,,,,,,,,,2,4,-4.0,21,21,0.0,31,32,-2.0,,,,45,51,-12.0,46,51,-10.0,102,103,-2.0,182,176,12.0,-8.0,16.0,22.0,14.0
AnteriorIschemia_005,V3,1,AnteriorIschemia,-608,QR,1,0.1301,0,643,1,247,500,,,,,,,,,,2,4,-4.0,8,8,0.0,16,27,-22.0,,,,46,51,-10.0,47,57,-20.0,103,103,0.0,181,173,16.0,-6.0,20.0,36.0,16.0
AnteriorIschemia_005,V5,1,AnteriorIschemia,-608,qR,1,0.1045,0,643,1,247,500,,,,,,,,,,2,4,-4.0,6,7,-2.0,24,24,0.0,,,,46,51,-10.0,47,51,-8.0,146,146,0.0,186,175,22.0,-6.0,26.0,30.0,22.0
AnteriorIschemia_005,V6,1,AnteriorIschemia,-608,R,1,0.0649,0,643,1,247,500,,,,,,,,,,2,4,-4.0,,,,22,22,0.0,,33,,46,51,-10.0,47,100,-106.0,145,145,0.0,192,174,36.0,-6.0,40.0,142.0,36.0
AnteriorIschemia_005,V4,1,AnteriorIschemia,-608,qR,1,0.1297,0,643,1,247,500,,,,,,,,,,2,4,-4.0,8,8,0.0,27,28,-2.0,,,,46,51,-10.0,47,58,-22.0,182,105,154.0,182,181,2.0,-6.0,6.0,24.0,-152.0
AnteriorIschemia_006,aVR,1,AnteriorIschemia,-612,QS,1,0.0222,0,628,1,243,500,,,,,,,,,,1,2,-2.0,24,24,0.0,,,,,,,46,59,-26.0,47,64,-34.0,139,139,0.0,177,175,4.0,-24.0,6.0,38.0,4.0
AnteriorIschemia_006,I,1,AnteriorIschemia,-612,R,1,0.0384,0,628,1,243,500,,,,,,,,,,1,2,-2.0,,,,8,24,-32.0,,,,45,59,-28.0,46,59,-26.0,135,135,0.0,177,167,20.0,-26.0,22.0,46.0,20.0
AnteriorIschemia_006,II,1,AnteriorIschemia,-612,R,1,0.0191,0,628,1,243,500,,,,,,,,,,1,2,-2.0,,,,10,25,-30.0,,,,45,59,-28.0,46,68,-44.0,141,141,0.0,174,176,-4.0,-26.0,-2.0,40.0,-4.0
AnteriorIschemia_006,III,1,AnteriorIschemia,-612,Rs,1,0.0314,0,628,1,243,500,,,,,,,,,,1,2,-2.0,,,,10,10,0.0,21,68,-94.0,45,59,-28.0,46,111,-130.0,144,144,0.0,173,202,-58.0,-26.0,-56.0,72.0,-58.0
AnteriorIschemia_006,aVL,1,AnteriorIschemia,-612,qRs,1,0.0197,0,628,1,243,500,,,,,,,,,,1,2,-2.0,10,10,0.0,23,23,0.0,34,33,2.0,45,59,-28.0,46,59,-26.0,103,103,0.0,175,200,-50.0,-26.0,-48.0,-24.0,-50.0
AnteriorIschemia_006,aVF,1,AnteriorIschemia,-612,R,1,0.0209,0,628,1,243,500,,,,,,,,,,1,2,-2.0,,,,10,25,-30.0,,67,,46,59,-26.0,47,91,-88.0,142,142,0.0,172,182,-20.0,-24.0,-18.0,68.0,-20.0
AnteriorIschemia_006,V1,1,AnteriorIschemia,-612,rS,1,0.0267,0,628,1,243,500,,,,,,,,,,1,2,-2.0,,,,9,9,0.0,23,23,0.0,45,59,-28.0,46,60,-28.0,124,125,-2.0,174,168,12.0,-26.0,14.0,40.0,14.0
AnteriorIschemia_006,V2,1,AnteriorIschemia,-612,rS,1,0.033,0,628,1,243,500,,,,,,,,,,1,2,-2.0,,,,10,10,0.0,22,22,0.0,45,59,-28.0,46,64,-36.0,132,132,0.0,173,171,4.0,-26.0,6.0,40.0,4.0
AnteriorIschemia_006,V3,1,AnteriorIschemia,-612,RS,1,0.0418,0,628,1,243,500,,,,,,,,,,1,2,-2.0,,20,,11,30,-38.0,20,,,46,59,-26.0,47,59,-24.0,112,113,-2.0,172,168,8.0,-24.0,10.0,32.0,10.0
AnteriorIschemia_006,V4,1,AnteriorIschemia,-612,RS,1,0.0396,0,628,1,243,500,,,,,,,,,,1,2,-2.0,,19,,11,28,-34.0,19,,,46,59,-26.0,47,64,-34.0,112,112,0.0,172,176,-8.0,-24.0,-6.0,26.0,-8.0
AnteriorIschemia_006,V5,1,AnteriorIschemia,-612,R,1,0.0233,0,628,1,243,500,,,,,,,,,,1,2,-2.0,,6,,25,25,0.0,,,,45,59,-28.0,50,79,-58.0,117,117,0.0,175,172,6.0,-26.0,8.0,64.0,6.0
AnteriorIschemia_006,V6,1,AnteriorIschemia,-612,R,1,0.0131,0,628,1,243,500,,,,,,,,,,1,2,-2.0,,5,,22,22,0.0,,,,46,59,-26.0,47,111,-128.0,147,148,-2.0,176,177,-2.0,-24.0,0.0,126.0,0.0
AnteriorIschemia_007,V2,1,AnteriorIschemia,-610,qR,1,0.0054,0,638,1,245,500,,,,,,,,,,2,3,-2.0,9,9,0.0,26,26,0.0,,,,43,54,-22.0,44,62,-36.0,172,108,128.0,172,168,8.0,-20.0,10.0,44.0,-120.0
AnteriorIschemia_007,I,1,AnteriorIschemia,-610,rS,1,0.0036,0,638,1,245,500,,,,,,,,,,2,3,-2.0,,11,,7,23,-32.0,11,,,43,54,-22.0,44,62,-36.0,144,144,0.0,172,168,8.0,-20.0,10.0,44.0,8.0
AnteriorIschemia_007,II,1,AnteriorIschemia,-610,R,1,0.0006,0,638,1,245,500,,,,,,,,,,2,3,-2.0,,,,20,21,-2.0,,,,44,54,-20.0,45,96,-102.0,142,143,-2.0,173,173,0.0,-18.0,2.0,102.0,2.0
AnteriorIschemia_007,III,1,AnteriorIschemia,-610,R,1,0.0078,0,638,1,245,500,,,,,,,,,,2,3,-2.0,,,,12,14,-4.0,,66,,43,54,-22.0,44,105,-122.0,142,142,0.0,173,175,-4.0,-20.0,-2.0,118.0,-4.0
AnteriorIschemia_007,aVR,1,AnteriorIschemia,-610,QS,1,0.0006,0,638,1,245,500,,,,,,,,,,2,3,-2.0,22,23,-2.0,,,,,,,44,54,-20.0,45,83,-76.0,142,143,-2.0,174,172,4.0,-18.0,6.0,80.0,6.0
AnteriorIschemia_007,aVL,1,AnteriorIschemia,-610,QR,1,0.0029,0,638,1,245,500,,,,,,,,,,2,3,-2.0,11,11,0.0,22,23,-2.0,,,,43,54,-22.0,44,112,-136.0,142,142,0.0,174,172,4.0,-20.0,6.0,140.0,4.0
AnteriorIschemia_007,aVF,1,AnteriorIschemia,-610,R,1,0.0018,0,638,1,245,500,,,,,,,,,,2,3,-2.0,,,,17,17,0.0,,70,,44,54,-20.0,45,99,-108.0,142,142,0.0,173,177,-8.0,-18.0,-6.0,100.0,-8.0
AnteriorIschemia_007,V1,1,AnteriorIschemia,-610,rS,1,0.0028,0,638,1,245,500,,,,,,,,,,2,3,-2.0,,20,,4,31,-54.0,20,,,43,54,-22.0,44,55,-22.0,111,111,0.0,172,175,-6.0,-20.0,-4.0,16.0,-6.0
AnteriorIschemia_007,V3,1,AnteriorIschemia,-610,qR,1,0.0069,0,638,1,245,500,,,,,,,,,,2,3,-2.0,9,9,0.0,26,26,0.0,,,,43,54,-22.0,44,71,-54.0,171,109,124.0,171,168,6.0,-20.0,8.0,60.0,-118.0
AnteriorIschemia_007,V4,1,AnteriorIschemia,-610,qR,1,0.008,0,638,1,245,500,,,,,,,,,,2,3,-2.0,8,9,-2.0,24,24,0.0,,,,44,54,-20.0,45,75,-60.0,171,112,118.0,171,168,6.0,-18.0,8.0,66.0,-112.0
AnteriorIschemia_007,V5,1,AnteriorIschemia,-610,qR,1,0.0022,0,638,1,245,500,,,,,,,,,,2,3,-2.0,6,7,-2.0,21,21,0.0,,,,42,54,-24.0,48,101,-106.0,146,146,0.0,172,172,0.0,-22.0,2.0,106.0,0.0
AnteriorIschemia_007,V6,1,AnteriorIschemia,-610,R,1,0.001,0,638,1,245,500,,,,,,,,,,2,3,-2.0,,6,,21,21,0.0,,93,,42,54,-24.0,47,115,-136.0,146,147,-2.0,174,171,6.0,-22.0,8.0,142.0,8.0
AnteriorIschemia_008,aVR,1,AnteriorIschemia,-610,QS,1,0.0303,0,636,1,245,500,,,,,,,,,,1,2,-2.0,24,25,-2.0,,,,,,,48,58,-20.0,49,64,-30.0,140,140,0.0,178,172,12.0,-18.0,14.0,42.0,12.0
AnteriorIschemia_008,II,1,AnteriorIschemia,-610,R,1,0.0282,0,636,1,245,500,,,,,,,,,,1,2,-2.0,,,,24,24,0.0,,,,47,58,-22.0,48,64,-32.0,144,144,0.0,176,175,2.0,-20.0,4.0,34.0,2.0
AnteriorIschemia_008,III,1,AnteriorIschemia,-610,Rs,1,0.0538,0,636,1,245,500,,,,,,,,,,1,2,-2.0,,,,18,18,0.0,29,28,2.0,48,58,-20.0,49,101,-104.0,149,150,-2.0,175,176,-2.0,-18.0,0.0,102.0,0.0
AnteriorIschemia_008,I,1,AnteriorIschemia,-610,R,1,0.0379,0,636,1,245,500,,,,,,,,,,1,2,-2.0,,,,25,25,0.0,,,,47,58,-22.0,48,62,-28.0,132,132,0.0,179,170,18.0,-20.0,20.0,46.0,18.0
AnteriorIschemia_008,aVL,1,AnteriorIschemia,-610,qR,1,0.0274,0,636,1,245,500,,,,,,,,,,1,2,-2.0,17,17,0.0,27,27,0.0,,,,47,58,-22.0,48,66,-36.0,155,104,102.0,176,173,6.0,-20.0,8.0,42.0,-96.0
AnteriorIschemia_008,aVF,1,AnteriorIschemia,-610,R,1,0.0329,0,636,1,245,500,,,,,,,,,,1,2,-2.0,,,,19,24,-10.0,,,,48,58,-20.0,55,102,-94.0,146,147,-2.0,175,178,-6.0,-18.0,-4.0,88.0,-4.0
AnteriorIschemia_008,V1,1,AnteriorIschemia,-610,rS,1,0.0404,0,636,1,245,500,,,,,,,,,,1,2,-2.0,,,,7,8,-2.0,23,24,-2.0,47,58,-22.0,48,59,-22.0,135,136,-2.0,175,178,-6.0,-20.0,-4.0,16.0,-4.0
AnteriorIschemia_008,V2,1,AnteriorIschemia,-610,rS,1,0.0571,0,636,1,245,500,,,,,,,,,,1,2,-2.0,,,,6,7,-2.0,23,24,-2.0,47,58,-22.0,48,60,-24.0,129,129,0.0,175,181,-12.0,-20.0,-10.0,12.0,-12.0
AnteriorIschemia_008,V3,1,AnteriorIschemia,-610,rS,1,0.0614,0,636,1,245,500,,,,,,,,,,1,2,-2.0,,12,,5,26,-42.0,13,,,48,58,-20.0,49,66,-34.0,109,109,0.0,173,176,-6.0,-18.0,-4.0,28.0,-6.0
AnteriorIschemia_008,V4,1,AnteriorIschemia,-610,qR,1,0.0544,0,636,1,245,500,,,,,,,,,,2,2,0.0,10,10,0.0,25,25,0.0,,,,48,58,-20.0,53,66,-26.0,158,111,94.0,175,180,-10.0,-20.0,-10.0,16.0,-104.0
AnteriorIschemia_008,V5,1,AnteriorIschemia,-610,qR,1,0.0249,0,636,1,245,500,,,,,,,,,,1,2,-2.0,7,8,-2.0,24,25,-2.0,,,,47,58,-22.0,54,66,-24.0,146,146,0.0,176,176,0.0,-20.0,2.0,24.0,0.0
AnteriorIschemia_008,V6,1,AnteriorIschemia,-610,qR,1,0.0154,0,636,1,245,500,,,,,,,,,,1,2,-2.0,7,7,0.0,23,23,0.0,,,,48,58,-20.0,50,91,-82.0,147,147,0.0,177,171,12.0,-18.0,14.0,94.0,12.0
AnteriorIschemia_009,V3,1,AnteriorIschemia,-612,rS,1,0.0371,0,639,1,243,500,,,,,,,,,,1,2,-2.0,,21,,5,31,-52.0,21,,,46,55,-18.0,54,59,-10.0,112,112,0.0,174,169,10.0,-16.0,12.0,20.0,10.0
AnteriorIschemia_009,I,1,AnteriorIschemia,-612,R,1,0.0113,0,639,1,243,500,,,,,,,,,,1,2,-2.0,,,,25,26,-2.0,,,,48,55,-14.0,50,55,-10.0,128,129,-2.0,174,169,10.0,-12.0,12.0,20.0,12.0
AnteriorIschemia_009,II,1,AnteriorIschemia,-612,R,1,0.0092,0,639,1,243,500,,,,,,,,,,1,2,-2.0,,,,25,25,0.0,,,,47,55,-16.0,57,75,-36.0,143,143,0.0,176,169,14.0,-14.0,16.0,50.0,14.0
AnteriorIschemia_009,III,1,AnteriorIschemia,-612,rS,1,0.0168,0,639,1,243,500,,,,,,,,,,1,2,-2.0,,,,5,6,-2.0,27,27,0.0,47,55,-16.0,57,64,-14.0,147,103,88.0,179,169,20.0,-14.0,22.0,34.0,-68.0
AnteriorIschemia_009,aVR,1,AnteriorIschemia,-612,QS,1,0.009,0,639,1,243,500,,,,,,,,,,1,2,-2.0,25,25,0.0,,,,,,,46,55,-18.0,57,64,-14.0,141,141,0.0,176,169,14.0,-16.0,16.0,28.0,14.0
AnteriorIschemia_009,aVL,1,AnteriorIschemia,-612,R,1,0.0117,0,639,1,243,500,,,,,,,,,,1,2,-2.0,,6,,12,27,-30.0,,,,47,55,-16.0,52,55,-6.0,175,110,130.0,175,169,12.0,-14.0,14.0,18.0,-118.0
AnteriorIschemia_009,V4,1,AnteriorIschemia,-612,RS,1,0.0238,0,639,1,243,500,,,,,,,,,,1,2,-2.0,,20,,8,27,-38.0,20,,,46,55,-18.0,58,64,-12.0,129,130,-2.0,175,175,0.0,-16.0,2.0,12.0,2.0
AnteriorIschemia_009,V5,1,AnteriorIschemia,-612,R,1,0.0058,0,639,1,243,500,,,,,,,,,,1,2,-2.0,,,,26,26,0.0,,,,46,55,-18.0,64,70,-12.0,144,144,0.0,176,169,14.0,-16.0,16.0,26.0,14.0
AnteriorIschemia_009,V6,1,AnteriorIschemia,-612,R,1,0.0033,0,639,1,243,500,,,,,,,,,,1,2,-2.0,,,,22,22,0.0,,,,46,55,-18.0,61,93,-64.0,146,147,-2.0,177,169,16.0,-16.0,18.0,80.0,18.0
AnteriorIschemia_009,aVF,1,AnteriorIschemia,-612,RS,1,0.0078,0,639,1,243,500,,,,,,,,,,1,2,-2.0,,,,10,18,-16.0,28,29,-2.0,47,55,-16.0,59,64,-10.0,145,145,0.0,177,169,16.0,-14.0,18.0,26.0,16.0
AnteriorIschemia_009,V1,1,AnteriorIschemia,-612,rS,1,0.0245,0,639,1,243,500,,,,,,,,,,1,2,-2.0,,23,,4,,,23,,,46,55,-18.0,51,64,-26.0,97,98,-2.0,175,169,12.0,-16.0,14.0,38.0,14.0
AnteriorIschemia_009,V2,1,AnteriorIschemia,-612,rS,1,0.0305,0,639,1,243,500,,,,,,,,,,1,2,-2.0,,,,5,5,0.0,21,22,-2.0,47,55,-16.0,48,64,-32.0,110,110,0.0,175,169,12.0,-14.0,14.0,44.0,12.0
AnteriorIschemia_010,aVR,1,AnteriorIschemia,-607,QS,1,0.0137,0,637,1,248,500,,,,,,,,,,2,2,0.0,27,27,0.0,,,,,,,49,38,22.0,50,64,-28.0,141,141,0.0,176,174,4.0,22.0,4.0,32.0,4.0
AnteriorIschemia_010,I,1,AnteriorIschemia,-607,R,1,0.0228,0,637,1,248,500,,,,,,,,,,2,2,0.0,,,,9,30,-42.0,,,,49,38,22.0,50,53,-6.0,134,134,0.0,177,174,6.0,22.0,6.0,12.0,6.0
AnteriorIschemia_010,II,1,AnteriorIschemia,-607,R,1,0.0084,0,637,1,248,500,,,,,,,,,,2,2,0.0,,,,8,27,-38.0,,,,49,38,22.0,50,70,-40.0,144,145,-2.0,177,174,6.0,22.0,6.0,46.0,8.0
AnteriorIschemia_010,III,1,AnteriorIschemia,-607,RS,1,0.0285,0,637,1,248,500,,,,,,,,,,2,2,0.0,,,,6,27,-42.0,33,34,-2.0,49,38,22.0,50,98,-96.0,150,150,0.0,178,174,8.0,22.0,8.0,104.0,8.0
AnteriorIschemia_010,aVL,1,AnteriorIschemia,-607,qRS,1,0.0131,0,637,1,248,500,,,,,,,,,,2,2,0.0,5,18,-26.0,10,31,-42.0,18,,,49,38,22.0,50,82,-64.0,155,104,102.0,178,174,8.0,22.0,8.0,72.0,-94.0
AnteriorIschemia_010,aVF,1,AnteriorIschemia,-607,Rs,1,0.012,0,637,1,248,500,,,,,,,,,,2,2,0.0,,,,7,27,-40.0,50,,,50,38,24.0,51,68,-34.0,147,147,0.0,177,182,-10.0,24.0,-10.0,24.0,-10.0
AnteriorIschemia_010,V1,1,AnteriorIschemia,-607,rS,1,0.0157,0,637,1,248,500,,,,,,,,,,2,2,0.0,,21,,4,,,21,,,48,38,20.0,49,49,0.0,146,146,0.0,175,174,2.0,20.0,2.0,2.0,2.0
AnteriorIschemia_010,V2,1,AnteriorIschemia,-607,Qr,1,0.0243,0,637,1,248,500,,,,,,,,,,2,2,0.0,21,21,0.0,48,,,,,,48,38,20.0,49,64,-30.0,109,110,-2.0,176,174,4.0,20.0,4.0,34.0,6.0
AnteriorIschemia_010,V3,1,AnteriorIschemia,-607,QR,1,0.0371,0,637,1,248,500,,,,,,,,,,2,2,0.0,18,19,-2.0,30,31,-2.0,,,,50,38,24.0,51,64,-26.0,175,107,136.0,175,174,2.0,24.0,2.0,28.0,-134.0
AnteriorIschemia_010,V6,1,AnteriorIschemia,-607,Rs,1,0.0096,0,637,1,248,500,,,,,,,,,,2,2,0.0,,,,20,20,0.0,29,29,0.0,49,38,22.0,50,95,-90.0,145,145,0.0,176,174,4.0,22.0,4.0,94.0,4.0
AnteriorIschemia_010,V4,1,AnteriorIschemia,-607,qR,1,0.0281,0,637,1,248,500,,,,,,,,,,2,2,0.0,10,11,-2.0,29,29,0.0,,,,50,38,24.0,51,64,-26.0,145,145,0.0,175,174,2.0,24.0,2.0,28.0,2.0
AnteriorIschemia_010,V5,1,AnteriorIschemia,-607,qR,1,0.0159,0,637,1,248,500,,,,,,,,,,2,2,0.0,7,7,0.0,24,24,0.0,,,,49,38,22.0,51,64,-26.0,147,148,-2.0,175,174,2.0,22.0,2.0,28.0,4.0
Healthy_001,V1,1,Healthy,-614,RS,1,0.0427,0,638,1,241,500,,,,,,,,,,1,2,-2.0,,,,6,7,-2.0,19,19,0.0,45,44,2.0,46,50,-8.0,138,138,0.0,171,166,10.0,4.0,12.0,18.0,10.0
Healthy_001,I,1,Healthy,-614,R,1,0.0378,0,638,1,241,500,,,,,,,,,,1,2,-2.0,,,,9,14,-10.0,,28,,45,44,2.0,46,94,-96.0,145,145,0.0,171,166,10.0,4.0,12.0,106.0,10.0
Healthy_001,II,1,Healthy,-614,R,1,0.0224,0,638,1,241,500,,,,,,,,,,2,2,0.0,,,,22,22,0.0,,,,46,44,4.0,47,69,-44.0,143,144,-2.0,172,176,-8.0,4.0,-8.0,36.0,-6.0
Healthy_001,III,1,Healthy,-614,R,1,0.0424,0,638,1,241,500,,,,,,,,,,2,2,0.0,,,,11,22,-22.0,,,,46,44,4.0,47,69,-44.0,141,141,0.0,171,181,-20.0,4.0,-20.0,24.0,-20.0
Healthy_001,aVR,1,Healthy,-614,QS,1,0.0258,0,638,1,241,500,,,,,,,,,,2,2,0.0,22,22,0.0,,,,,,,46,44,4.0,53,69,-32.0,144,144,0.0,171,175,-8.0,4.0,-8.0,24.0,-8.0
Healthy_001,aVL,1,Healthy,-614,qrS,1,0.032,0,638,1,241,500,,,,,,,,,,1,2,-2.0,4,11,-14.0,7,14,-14.0,23,23,0.0,46,44,4.0,47,69,-44.0,134,135,-2.0,171,182,-22.0,6.0,-20.0,22.0,-20.0
Healthy_001,aVF,1,Healthy,-614,R,1,0.0268,0,638,1,241,500,,,,,,,,,,2,2,0.0,,,,11,22,-22.0,,,,47,44,6.0,53,69,-32.0,143,143,0.0,171,185,-28.0,6.0,-28.0,4.0,-28.0
Healthy_001,V2,1,Healthy,-614,rS,1,0.0602,0,638,1,241,500,,,,,,,,,,1,2,-2.0,,22,,4,,,22,,,45,44,2.0,46,52,-12.0,137,138,-2.0,172,166,12.0,4.0,14.0,24.0,14.0
Healthy_001,V3,1,Healthy,-614,QR,1,0.0577,0,638,1,241,500,,,,,,,,,,2,2,0.0,9,9,0.0,20,20,0.0,,,,45,44,2.0,46,60,-28.0,137,137,0.0,171,166,10.0,2.0,10.0,38.0,10.0
Healthy_001,V5,1,Healthy,-614,qR,1,0.0212,0,638,1,241,500,,,,,,,,,,2,2,0.0,6,,,22,22,0.0,,,,46,44,4.0,57,101,-88.0,149,149,0.0,171,166,10.0,4.0,10.0,98.0,10.0
Healthy_001,V6,1,Healthy,-614,qR,1,0.0167,0,638,1,241,500,,,,,,,,,,2,2,0.0,5,,,21,22,-2.0,,,,46,44,4.0,56,69,-26.0,149,149,0.0,172,171,2.0,4.0,2.0,28.0,2.0
Healthy_001,V4,1,Healthy,-614,qR,1,0.053,0,638,1,241,500,,,,,,,,,,2,2,0.0,8,8,0.0,21,22,-2.0,,,,46,44,4.0,54,69,-30.0,138,138,0.0,171,166,10.0,4.0,10.0,40.0,10.0
Healthy_002,V2,1,Healthy,-608,rS,1,0.1073,0,640,1,247,500,,,,,,,,,,2,2,0.0,,,,6,6,0.0,24,24,0.0,53,64,-22.0,58,72,-28.0,141,141,0.0,180,173,14.0,-22.0,14.0,42.0,14.0
Healthy_002,I,1,Healthy,-608,R,1,0.1089,0,640,1,247,500,,,,,,,,,,2,2,0.0,,,,16,16,0.0,,,,53,64,-22.0,59,72,-26.0,148,148,0.0,180,185,-10.0,-22.0,-10.0,16.0,-10.0
Healthy_002,II,1,Healthy,-608,R,1,0.0774,0,640,1,247,500,,,,,,,,,,2,2,0.0,,,,10,27,-34.0,,,,53,64,-22.0,62,72,-20.0,147,148,-2.0,181,187,-12.0,-22.0,-12.0,8.0,-10.0
Healthy_002,III,1,Healthy,-608,RS,1,0.1208,0,640,1,247,500,,,,,,,,,,2,2,0.0,,16,,10,27,-34.0,16,,,53,64,-22.0,60,72,-24.0,158,158,0.0,181,187,-12.0,-22.0,-12.0,12.0,-12.0
Healthy_002,aVR,1,Healthy,-608,QS,1,0.0864,0,640,1,247,500,,,,,,,,,,2,2,0.0,28,28,0.0,,,,,,,52,64,-24.0,62,72,-20.0,148,148,0.0,181,193,-24.0,-24.0,-24.0,-4.0,-24.0
Healthy_002,aVL,1,Healthy,-608,qRs,1,0.0723,0,640,1,247,500,,,,,,,,,,2,2,0.0,9,9,0.0,16,16,0.0,37,38,-2.0,53,64,-22.0,61,72,-22.0,148,148,0.0,181,187,-12.0,-22.0,-12.0,10.0,-12.0
Healthy_002,aVF,1,Healthy,-608,Rs,1,0.0914,0,640,1,247,500,,,,,,,,,,2,2,0.0,,16,,10,27,-34.0,16,,,53,64,-22.0,63,72,-18.0,145,146,-2.0,181,193,-24.0,-22.0,-24.0,-6.0,-22.0
Healthy_002,V1,1,Healthy,-608,rS,1,0.0793,0,640,1,247,500,,,,,,,,,,2,2,0.0,,,,6,6,0.0,25,25,0.0,52,64,-24.0,57,66,-18.0,140,140,0.0,180,181,-2.0,-24.0,-2.0,16.0,-2.0
Healthy_002,V3,1,Healthy,-608,rS,1,0.1232,0,640,1,247,500,,,,,,,,,,2,2,0.0,,20,,5,,,20,,,53,64,-22.0,59,66,-14.0,140,141,-2.0,180,179,2.0,-22.0,2.0,16.0,4.0
Healthy_002,V4,1,Healthy,-608,QR,1,0.1382,0,640,1,247,500,,,,,,,,,,2,2,0.0,17,17,0.0,29,42,-26.0,,,,53,64,-22.0,63,72,-18.0,140,140,0.0,181,193,-24.0,-22.0,-24.0,-6.0,-24.0
Healthy_002,V6,1,Healthy,-608,qR,1,0.0851,0,640,1,247,500,,,,,,,,,,2,2,0.0,7,8,-2.0,26,26,0.0,,,,53,64,-22.0,64,126,-124.0,156,156,0.0,180,176,8.0,-22.0,8.0,132.0,8.0
Healthy_002,V5,1,Healthy,-608,qR,1,0.0991,0,640,1,247,500,,,,,,,,,,2,2,0.0,9,9,0.0,28,28,0.0,,,,53,64,-22.0,66,72,-12.0,157,157,0.0,180,173,14.0,-22.0,14.0,26.0,14.0
Healthy_003,aVF,1,Healthy,-614,R,1,0.0003,0,628,1,241,500,,,,,,,,,,2,2,0.0,,,,9,21,-24.0,,,,49,47,4.0,69,73,-8.0,142,142,0.0,173,182,-18.0,4.0,-18.0,-10.0,-18.0
Healthy_003,I,1,Healthy,-614,R,1,0.0004,0,628,1,241,500,,,,,,,,,,2,2,0.0,,,,7,24,-34.0,,,,49,47,4.0,69,73,-8.0,148,148,0.0,173,175,-4.0,4.0,-4.0,4.0,-4.0
Healthy_003,II,1,Healthy,-614,R,1,0.0002,0,628,1,241,500,,,,,,,,,,2,2,0.0,,,,9,21,-24.0,,,,49,47,4.0,68,73,-10.0,144,144,0.0,173,178,-10.0,4.0,-10.0,0.0,-10.0
Healthy_003,III,1,Healthy,-614,R,1,0.0012,0,628,1,241,500,,,,,,,,,,2,2,0.0,,,,9,21,-24.0,,,,49,47,4.0,68,73,-10.0,139,139,0.0,173,179,-12.0,4.0,-12.0,-2.0,-12.0
Healthy_003,aVR,1,Healthy,-614,QS,1,0.0002,0,628,1,241,500,,,,,,,,,,2,2,0.0,21,21,0.0,,,,,,,49,47,4.0,69,73,-8.0,145,146,-2.0,173,178,-10.0,4.0,-10.0,-2.0,-8.0
Healthy_003,V1,1,Healthy,-614,rS,1,0.0012,0,628,1,241,500,,,,,,,,,,2,2,0.0,,21,,4,,,22,,,48,47,2.0,56,51,10.0,139,139,0.0,173,169,8.0,2.0,8.0,-2.0,8.0
Healthy_003,V2,1,Healthy,-614,Qr,1,0.0028,0,628,1,241,500,,,,,,,,,,2,2,0.0,24,24,0.0,33,33,0.0,,,,48,47,2.0,49,56,-14.0,139,139,0.0,173,169,8.0,2.0,8.0,22.0,8.0
Healthy_003,V3,1,Healthy,-614,qR,1,0.0027,0,628,1,241,500,,,,,,,,,,2,2,0.0,8,8,0.0,19,19,0.0,,,,49,47,4.0,61,70,-18.0,144,144,0.0,172,169,6.0,4.0,6.0,24.0,6.0
Healthy_003,V5,1,Healthy,-614,qR,1,0.0001,0,628,1,241,500,,,,,,,,,,2,2,0.0,6,6,0.0,24,24,0.0,,,,49,47,4.0,71,81,-20.0,153,153,0.0,173,169,8.0,4.0,8.0,28.0,8.0
Healthy_003,V6,1,Healthy,-614,qR,1,0.0001,0,628,1,241,500,,,,,,,,,,2,2,0.0,5,,,23,24,-2.0,,,,49,47,4.0,70,76,-12.0,152,152,0.0,173,169,8.0,4.0,8.0,20.0,8.0
Healthy_003,V4,1,Healthy,-614,qR,1,0.0013,0,628,1,241,500,,,,,,,,,,2,2,0.0,8,9,-2.0,21,22,-2.0,,,,48,47,2.0,69,73,-8.0,149,149,0.0,172,169,6.0,2.0,6.0,14.0,6.0
Healthy_003,aVL,1,Healthy,-614,QRs,1,0.0005,0,628,1,241,500,,,,,,,,,,2,2,0.0,9,9,0.0,15,15,0.0,20,,,49,47,4.0,69,73,-8.0,134,134,0.0,172,169,6.0,4.0,6.0,14.0,6.0
Healthy_004,V2,1,Healthy,-609,rS,1,0.0358,0,638,1,246,500,,,,,,,,,,1,2,-2.0,,22,,3,,,22,,,52,45,14.0,60,54,12.0,137,137,0.0,175,174,2.0,16.0,4.0,-10.0,2.0
Healthy_004,I,1,Healthy,-609,R,1,0.0188,0,638,1,246,500,,,,,,,,,,1,2,-2.0,,,,14,14,0.0,,,,52,45,14.0,64,64,0.0,143,143,0.0,176,174,4.0,16.0,6.0,4.0,4.0
Healthy_004,aVF,1,Healthy,-609,R,1,0.0137,0,638,1,246,500,,,,,,,,,,1,2,-2.0,,13,,6,26,-40.0,,,,53,45,16.0,65,70,-10.0,148,148,0.0,175,174,2.0,18.0,4.0,12.0,2.0
Healthy_004,V1,1,Healthy,-609,rS,1,0.0238,0,638,1,246,500,,,,,,,,,,1,2,-2.0,,21,,4,,,20,,,51,45,12.0,60,48,24.0,139,139,0.0,175,174,2.0,14.0,4.0,-22.0,2.0
Healthy_004,V3,1,Healthy,-609,QR,1,0.0341,0,638,1,246,500,,,,,,,,,,1,2,-2.0,10,10,0.0,26,26,0.0,,,,52,45,14.0,62,64,-4.0,131,132,-2.0,174,174,0.0,16.0,2.0,4.0,2.0
Healthy_004,V4,1,Healthy,-609,qR,1,0.0237,0,638,1,246,500,,,,,,,,,,1,2,-2.0,10,10,0.0,27,27,0.0,,,,52,45,14.0,65,64,2.0,175,146,58.0,175,174,2.0,16.0,4.0,0.0,-56.0
Healthy_004,II,1,Healthy,-609,R,1,0.0124,0,638,1,246,500,,,,,,,,,,1,2,-2.0,,,,9,26,-34.0,,,,52,45,14.0,64,64,0.0,144,145,-2.0,176,174,4.0,16.0,6.0,4.0,6.0
Healthy_004,III,1,Healthy,-609,rS,1,0.0251,0,638,1,246,500,,,,,,,,,,1,2,-2.0,,14,,5,26,-42.0,13,,,52,45,14.0,65,64,2.0,155,155,0.0,175,174,2.0,16.0,4.0,0.0,2.0
Healthy_004,aVR,1,Healthy,-609,QS,1,0.0153,0,638,1,246,500,,,,,,,,,,1,2,-2.0,25,25,0.0,,,,,,,52,45,14.0,64,64,0.0,144,144,0.0,175,174,2.0,16.0,4.0,2.0,2.0
Healthy_004,aVL,1,Healthy,-609,Rs,1,0.0144,0,638,1,246,500,,,,,,,,,,1,2,-2.0,,,,14,14,0.0,26,27,-2.0,53,45,16.0,65,64,2.0,142,143,-2.0,175,174,2.0,18.0,4.0,0.0,4.0
Healthy_004,V5,1,Healthy,-609,R,1,0.0122,0,638,1,246,500,,,,,,,,,,1,2,-2.0,,,,25,25,0.0,,,,52,45,14.0,66,64,4.0,150,150,0.0,175,174,2.0,16.0,4.0,-2.0,2.0
Healthy_004,V6,1,Healthy,-609,R,1,0.0105,0,638,1,246,500,,,,,,,,,,1,2,-2.0,,,,21,21,0.0,,30,,52,45,14.0,65,64,2.0,147,147,0.0,175,174,2.0,16.0,4.0,0.0,2.0
Healthy_005,aVF,1,Healthy,-614,R,1,0.002,0,627,1,241,500,,,,,,,,,,2,2,0.0,,,,6,23,-34.0,,,,48,37,22.0,61,71,-20.0,146,146,0.0,173,185,-24.0,22.0,-24.0,-4.0,-24.0
Healthy_005,I,1,Healthy,-614,R,1,0.0017,0,627,1,241,500,,,,,,,,,,2,2,0.0,,,,14,14,0.0,,,,48,37,22.0,56,72,-32.0,142,142,0.0,173,169,8.0,22.0,8.0,40.0,8.0
Healthy_005,II,1,Healthy,-614,R,1,0.0018,0,627,1,241,500,,,,,,,,,,2,2,0.0,,,,22,23,-2.0,,,,47,37,20.0,60,71,-22.0,145,145,0.0,173,172,2.0,20.0,2.0,24.0,2.0
Healthy_005,aVR,1,Healthy,-614,QS,1,0.0015,0,627,1,241,500,,,,,,,,,,2,2,0.0,22,23,-2.0,,,,,,,48,37,22.0,61,71,-20.0,143,144,-2.0,172,175,-6.0,22.0,-6.0,14.0,-4.0
Healthy_005,aVL,1,Healthy,-614,Rs,1,0.0026,0,627,1,241,500,,,,,,,,,,2,2,0.0,,,,13,14,-2.0,23,24,-2.0,48,37,22.0,59,96,-74.0,157,158,-2.0,173,180,-14.0,22.0,-14.0,60.0,-12.0
Healthy_005,V1,1,Healthy,-614,QS,1,0.0064,0,627,1,241,500,,,,,,,,,,2,2,0.0,21,21,0.0,,,,,,,47,37,20.0,52,50,4.0,139,140,-2.0,173,169,8.0,20.0,8.0,4.0,10.0
Healthy_005,V2,1,Healthy,-614,QS,1,0.007,0,627,1,241,500,,,,,,,,,,2,2,0.0,21,21,0.0,,,,,,,48,37,22.0,50,51,-2.0,140,140,0.0,173,169,8.0,22.0,8.0,10.0,8.0
Healthy_005,V3,1,Healthy,-614,qRs,1,0.0126,0,627,1,241,500,,,,,,,,,,2,2,0.0,9,9,0.0,15,15,0.0,21,21,0.0,47,37,20.0,54,60,-12.0,141,142,-2.0,172,178,-12.0,20.0,-12.0,0.0,-10.0
Healthy_005,III,1,Healthy,-614,RS,1,0.0083,0,627,1,241,500,,,,,,,,,,2,2,0.0,,13,,5,23,-36.0,9,,,47,37,20.0,60,71,-22.0,150,151,-2.0,173,169,8.0,20.0,8.0,30.0,10.0
Healthy_005,V4,1,Healthy,-614,qR,1,0.0081,0,627,1,241,500,,,,,,,,,,2,2,0.0,8,8,0.0,15,28,-26.0,,,,47,37,20.0,61,71,-20.0,149,149,0.0,173,169,8.0,20.0,8.0,28.0,8.0
Healthy_005,V5,1,Healthy,-614,R,1,0.0003,0,627,1,241,500,,,,,,,,,,2,2,0.0,,,,23,23,0.0,,,,47,37,20.0,65,71,-12.0,150,150,0.0,173,169,8.0,20.0,8.0,20.0,8.0
Healthy_005,V6,1,Healthy,-614,R,1,0.0003,0,627,1,241,500,,,,,,,,,,2,2,0.0,,,,21,21,0.0,,,,47,37,20.0,63,71,-16.0,148,148,0.0,172,169,6.0,20.0,6.0,22.0,6.0
Healthy_006,V1,1,Healthy,-613,rS,1,0.0293,0,638,1,242,500,,,,,,,,,,1,2,-2.0,,,,8,8,0.0,21,22,-2.0,47,39,16.0,62,44,36.0,137,138,-2.0,173,166,14.0,18.0,16.0,-22.0,16.0
Healthy_006,I,1,Healthy,-613,R,1,0.0269,0,638,1,242,500,,,,,,,,,,1,2,-2.0,,,,14,14,0.0,,,,48,39,18.0,64,67,-6.0,145,145,0.0,172,166,12.0,20.0,14.0,18.0,12.0
Healthy_006,II,1,Healthy,-613,R,1,0.025,0,638,1,242,500,,,,,,,,,,1,2,-2.0,,,,10,24,-28.0,,,,48,39,18.0,65,67,-4.0,142,142,0.0,173,174,-2.0,20.0,0.0,2.0,-2.0
Healthy_006,III,1,Healthy,-613,rS,1,0.0475,0,638,1,242,500,,,,,,,,,,1,2,-2.0,,14,,5,25,-40.0,14,,,48,39,18.0,65,67,-4.0,131,131,0.0,173,174,-2.0,20.0,0.0,2.0,-2.0
Healthy_006,aVR,1,Healthy,-613,QS,1,0.0269,0,638,1,242,500,,,,,,,,,,1,2,-2.0,23,23,0.0,,,,,,,48,39,18.0,65,67,-4.0,143,144,-2.0,172,179,-14.0,20.0,-12.0,-10.0,-12.0
Healthy_006,aVL,1,Healthy,-613,rS,1,0.0296,0,638,1,242,500,,,,,,,,,,1,2,-2.0,,,,7,14,-14.0,25,25,0.0,49,39,20.0,65,98,-66.0,146,146,0.0,172,166,12.0,22.0,14.0,78.0,12.0
Healthy_006,aVF,1,Healthy,-613,Rs,1,0.0301,0,638,1,242,500,,,,,,,,,,1,2,-2.0,,14,,10,24,-28.0,14,,,48,39,18.0,64,67,-6.0,138,139,-2.0,172,182,-20.0,20.0,-18.0,-14.0,-18.0
Healthy_006,V2,1,Healthy,-613,rS,1,0.0459,0,638,1,242,500,,,,,,,,,,1,2,-2.0,,,,5,5,0.0,21,22,-2.0,47,39,16.0,61,53,16.0,138,138,0.0,172,166,12.0,18.0,14.0,-4.0,12.0
Healthy_006,V3,1,Healthy,-613,rS,1,0.0442,0,638,1,242,500,,,,,,,,,,1,2,-2.0,,22,,4,31,-54.0,21,,,47,39,16.0,62,55,14.0,136,137,-2.0,172,166,12.0,18.0,14.0,-2.0,14.0
Healthy_006,V4,1,Healthy,-613,RS,1,0.0496,0,638,1,242,500,,,,,,,,,,1,2,-2.0,,14,,4,28,-48.0,13,,,47,39,16.0,66,62,8.0,134,134,0.0,172,200,-56.0,18.0,-54.0,-64.0,-56.0
Healthy_006,V6,1,Healthy,-613,R,1,0.0125,0,638,1,242,500,,,,,,,,,,1,2,-2.0,,,,22,22,0.0,,,,48,39,18.0,66,68,-4.0,149,149,0.0,172,167,10.0,20.0,12.0,14.0,10.0
Healthy_006,V5,1,Healthy,-613,R,1,0.0178,0,638,1,242,500,,,,,,,,,,1,2,-2.0,,,,17,24,-14.0,,,,48,39,18.0,68,67,2.0,152,152,0.0,172,166,12.0,20.0,14.0,10.0,12.0
Healthy_007,III,1,Healthy,-615,R,1,0.0063,0,640,1,240,500,,,,,,,,,,2,3,-2.0,,,,10,18,-16.0,,,,48,60,-24.0,59,74,-30.0,140,140,0.0,171,172,-2.0,-22.0,0.0,28.0,-2.0
Healthy_007,I,1,Healthy,-615,RS,1,0.002,0,640,1,240,500,,,,,,,,,,2,3,-2.0,,11,,7,21,-28.0,10,,,48,60,-24.0,63,94,-62.0,147,148,-2.0,171,168,6.0,-22.0,8.0,68.0,8.0
Healthy_007,II,1,Healthy,-615,R,1,0.0013,0,640,1,240,500,,,,,,,,,,2,3,-2.0,,,,19,20,-2.0,,,,48,60,-24.0,60,76,-32.0,143,144,-2.0,171,168,6.0,-22.0,8.0,38.0,8.0
Healthy_007,aVR,1,Healthy,-615,QS,1,0.0012,0,640,1,240,500,,,,,,,,,,2,3,-2.0,20,20,0.0,,,,,,,48,60,-24.0,63,74,-22.0,145,145,0.0,170,172,-4.0,-22.0,-2.0,18.0,-4.0
Healthy_007,aVL,1,Healthy,-615,QRs,1,0.0035,0,640,1,240,500,,,,,,,,,,2,3,-2.0,10,11,-2.0,22,22,0.0,28,28,0.0,49,60,-22.0,63,70,-14.0,136,136,0.0,171,168,6.0,-20.0,8.0,20.0,6.0
Healthy_007,V2,1,Healthy,-615,Qr,1,0.0181,0,640,1,240,500,,,,,,,,,,2,3,-2.0,10,10,0.0,24,24,0.0,,,,47,60,-26.0,48,72,-48.0,139,139,0.0,171,174,-6.0,-24.0,-4.0,42.0,-6.0
Healthy_007,V3,1,Healthy,-615,QR,1,0.0188,0,640,1,240,500,,,,,,,,,,2,3,-2.0,9,10,-2.0,23,24,-2.0,,,,48,60,-24.0,56,74,-36.0,144,144,0.0,170,168,4.0,-22.0,6.0,40.0,4.0
Healthy_007,V4,1,Healthy,-615,qR,1,0.0066,0,640,1,240,500,,,,,,,,,,2,3,-2.0,9,9,0.0,20,20,0.0,,,,47,60,-26.0,61,100,-78.0,149,148,2.0,170,168,4.0,-24.0,6.0,82.0,2.0
Healthy_007,V5,1,Healthy,-615,qR,1,0.0008,0,640,1,240,500,,,,,,,,,,2,3,-2.0,6,,,20,20,0.0,,,,48,60,-24.0,65,96,-62.0,148,148,0.0,171,168,6.0,-22.0,8.0,68.0,6.0
Healthy_007,V6,1,Healthy,-615,qR,1,0.0006,0,640,1,240,500,,,,,,,,,,2,3,-2.0,6,,,21,21,0.0,,,,48,60,-24.0,63,101,-76.0,149,149,0.0,171,168,6.0,-22.0,8.0,82.0,6.0
Healthy_007,V1,1,Healthy,-615,QS,1,0.0066,0,640,1,240,500,,,,,,,,,,2,3,-2.0,18,18,0.0,,32,,,,,47,60,-26.0,52,74,-44.0,138,138,0.0,171,172,-2.0,-24.0,0.0,42.0,-2.0
Healthy_007,aVF,1,Healthy,-615,R,1,0.0022,0,640,1,240,500,,,,,,,,,,2,3,-2.0,,,,10,19,-18.0,,,,49,60,-22.0,63,74,-22.0,142,142,0.0,170,168,4.0,-20.0,6.0,26.0,4.0
Healthy_008,II,1,Healthy,-613,R,1,0.0025,0,637,1,242,500,,,,,,,,,,1,2,-2.0,,,,8,23,-30.0,,,,48,47,2.0,59,72,-26.0,145,146,-2.0,173,171,4.0,4.0,6.0,30.0,6.0
Healthy_008,III,1,Healthy,-613,rS,1,0.0035,0,637,1,242,500,,,,,,,,,,1,2,-2.0,,14,,5,22,-34.0,13,,,48,47,2.0,59,82,-46.0,155,155,0.0,173,171,4.0,4.0,6.0,50.0,4.0
Healthy_008,aVR,1,Healthy,-613,QS,1,0.0029,0,637,1,242,500,,,,,,,,,,1,2,-2.0,23,23,0.0,,,,,,,48,47,2.0,60,72,-24.0,144,144,0.0,173,182,-18.0,4.0,-16.0,6.0,-18.0
Healthy_008,aVL,1,Healthy,-613,Rs,1,0.0025,0,637,1,242,500,,,,,,,,,,1,2,-2.0,,,,14,14,0.0,19,20,-2.0,48,47,2.0,60,90,-60.0,142,143,-2.0,173,171,4.0,4.0,6.0,64.0,6.0
Healthy_008,aVF,1,Healthy,-613,rS,1,0.0019,0,637,1,242,500,,,,,,,,,,1,2,-2.0,,14,,6,22,-32.0,13,,,48,47,2.0,60,70,-20.0,149,149,0.0,173,175,-4.0,4.0,-2.0,16.0,-4.0
Healthy_008,V1,1,Healthy,-613,rS,1,0.0065,0,637,1,242,500,,,,,,,,,,1,2,-2.0,,21,,6,,,21,,,47,47,0.0,57,47,20.0,137,137,0.0,173,171,4.0,2.0,6.0,-16.0,4.0
Healthy_008,V2,1,Healthy,-613,rS,1,0.0087,0,637,1,242,500,,,,,,,,,,1,2,-2.0,,16,,4,,,16,,,47,47,0.0,57,55,4.0,137,137,0.0,173,182,-18.0,2.0,-16.0,-22.0,-18.0
Healthy_008,V3,1,Healthy,-613,QR,1,0.01,0,637,1,242,500,,,,,,,,,,1,2,-2.0,13,14,-2.0,23,30,-14.0,,,,48,47,2.0,58,62,-8.0,135,135,0.0,172,171,2.0,4.0,4.0,10.0,2.0
Healthy_008,V4,1,Healthy,-613,qR,1,0.0078,0,637,1,242,500,,,,,,,,,,1,2,-2.0,12,11,2.0,23,23,0.0,,,,48,47,2.0,60,70,-20.0,134,134,0.0,172,175,-6.0,4.0,-4.0,14.0,-6.0
Healthy_008,V5,1,Healthy,-613,qR,1,0.0013,0,637,1,242,500,,,,,,,,,,1,2,-2.0,8,8,0.0,23,23,0.0,,,,48,47,2.0,62,96,-68.0,150,150,0.0,172,171,2.0,4.0,4.0,70.0,2.0
Healthy_008,V6,1,Healthy,-613,qR,1,0.0013,0,637,1,242,500,,,,,,,,,,1,2,-2.0,6,,,22,23,-2.0,,,,48,47,2.0,61,87,-52.0,149,149,0.0,173,171,4.0,4.0,6.0,56.0,4.0
Healthy_008,I,1,Healthy,-613,R,1,0.006,0,637,1,242,500,,,,,,,,,,1,2,-2.0,,,,14,14,0.0,,,,48,47,2.0,59,68,-18.0,143,144,-2.0,172,171,2.0,4.0,4.0,20.0,4.0
Healthy_009,V2,1,Healthy,-613,rS,1,0.015,0,639,1,242,500,,,,,,,,,,1,2,-2.0,,21,,5,,,21,,,47,43,8.0,57,48,18.0,136,136,0.0,173,179,-12.0,10.0,-10.0,-30.0,-12.0
Healthy_009,I,1,Healthy,-613,R,1,0.009,0,639,1,242,500,,,,,,,,,,0,2,-4.0,,,,15,23,-16.0,,,,48,43,10.0,62,76,-28.0,145,146,-2.0,175,168,14.0,14.0,18.0,42.0,16.0
Healthy_009,II,1,Healthy,-613,R,1,0.0137,0,639,1,242,500,,,,,,,,,,1,2,-2.0,,12,,6,23,-34.0,,,,47,43,8.0,63,68,-10.0,143,144,-2.0,173,174,-2.0,10.0,0.0,8.0,0.0
Healthy_009,III,1,Healthy,-613,rS,1,0.0212,0,639,1,242,500,,,,,,,,,,1,2,-2.0,,15,,5,,,15,,,47,43,8.0,62,72,-20.0,147,147,0.0,175,168,14.0,10.0,16.0,34.0,14.0
Healthy_009,aVR,1,Healthy,-613,QS,1,0.0122,0,639,1,242,500,,,,,,,,,,1,2,-2.0,23,23,0.0,,,,,,,48,43,10.0,63,72,-18.0,145,145,0.0,173,178,-10.0,12.0,-8.0,8.0,-10.0
Healthy_009,aVL,1,Healthy,-613,R,1,0.0106,0,639,1,242,500,,,,,,,,,,1,2,-2.0,,,,15,15,0.0,,,,48,43,10.0,63,85,-44.0,146,146,0.0,175,168,14.0,12.0,16.0,58.0,14.0
Healthy_009,aVF,1,Healthy,-613,rS,1,0.0086,0,639,1,242,500,,,,,,,,,,1,2,-2.0,,15,,5,24,-38.0,14,,,47,43,8.0,62,72,-20.0,135,135,0.0,173,175,-4.0,10.0,-2.0,16.0,-4.0
Healthy_009,V1,1,Healthy,-613,rS,1,0.0142,0,639,1,242,500,,,,,,,,,,1,2,-2.0,,,,8,7,2.0,22,22,0.0,46,43,6.0,59,52,14.0,134,134,0.0,173,168,10.0,8.0,12.0,-4.0,10.0
Healthy_009,V3,1,Healthy,-613,rS,1,0.0151,0,639,1,242,500,,,,,,,,,,1,2,-2.0,,21,,4,31,-54.0,20,,,47,43,8.0,59,59,0.0,136,136,0.0,172,170,4.0,10.0,6.0,4.0,4.0
Healthy_009,V4,1,Healthy,-613,rS,1,0.0194,0,639,1,242,500,,,,,,,,,,1,2,-2.0,,17,,4,27,-46.0,16,,,47,43,8.0,64,60,8.0,136,136,0.0,173,165,16.0,10.0,18.0,8.0,16.0
Healthy_009,V5,1,Healthy,-613,qR,1,0.0022,0,639,1,242,500,,,,,,,,,,1,2,-2.0,12,12,0.0,24,25,-2.0,,,,48,43,10.0,68,72,-8.0,145,146,-2.0,173,172,2.0,12.0,4.0,10.0,4.0
Healthy_009,V6,1,Healthy,-613,qR,1,0.0019,0,639,1,242,500,,,,,,,,,,0,2,-4.0,7,7,0.0,22,23,-2.0,,,,49,43,12.0,66,81,-30.0,149,149,0.0,174,168,12.0,16.0,16.0,42.0,12.0
Healthy_010,V1,1,Healthy,-615,rS,1,0.0054,0,644,1,240,500,,,,,,,,,,2,2,0.0,,21,,4,,,21,,,52,50,4.0,64,51,26.0,142,142,0.0,175,173,4.0,4.0,4.0,-22.0,4.0
Healthy_010,I,1,Healthy,-615,R,1,0.0044,0,644,1,240,500,,,,,,,,,,2,2,0.0,,,,14,14,0.0,,,,54,50,8.0,65,72,-14.0,142,142,0.0,175,176,-2.0,8.0,-2.0,12.0,-2.0
Healthy_010,II,1,Healthy,-615,R,1,0.0043,0,644,1,240,500,,,,,,,,,,2,2,0.0,,,,7,27,-40.0,,,,53,50,6.0,63,72,-18.0,146,146,0.0,175,184,-18.0,6.0,-18.0,0.0,-18.0
Healthy_010,III,1,Healthy,-615,rS,1,0.0064,0,644,1,240,500,,,,,,,,,,2,2,0.0,,13,,5,27,-44.0,13,,,53,50,6.0,65,76,-22.0,156,156,0.0,175,182,-14.0,6.0,-14.0,8.0,-14.0
Healthy_010,aVR,1,Healthy,-615,QS,1,0.0052,0,644,1,240,500,,,,,,,,,,2,2,0.0,22,22,0.0,,,,,,,53,50,6.0,64,72,-16.0,143,144,-2.0,175,185,-20.0,6.0,-20.0,-4.0,-18.0
Healthy_010,aVL,1,Healthy,-615,Rs,1,0.0032,0,644,1,240,500,,,,,,,,,,2,2,0.0,,,,13,14,-2.0,27,27,0.0,54,50,8.0,66,87,-42.0,140,140,0.0,175,175,0.0,8.0,0.0,42.0,0.0
Healthy_010,aVF,1,Healthy,-615,rS,1,0.0027,0,644,1,240,500,,,,,,,,,,2,2,0.0,,13,,6,27,-42.0,13,,,54,50,8.0,65,72,-14.0,151,152,-2.0,175,179,-8.0,8.0,-8.0,6.0,-6.0
Healthy_010,V2,1,Healthy,-615,QS,1,0.0069,0,644,1,240,500,,,,,,,,,,2,2,0.0,19,19,0.0,,,,,,,52,50,4.0,65,50,30.0,139,140,-2.0,175,173,4.0,4.0,4.0,-26.0,6.0
Healthy_010,V3,1,Healthy,-615,Qr,1,0.0066,0,644,1,240,500,,,,,,,,,,2,2,0.0,14,14,0.0,29,34,-10.0,,,,52,50,4.0,66,68,-4.0,136,136,0.0,174,172,4.0,4.0,4.0,8.0,4.0
Healthy_010,V5,1,Healthy,-615,qR,1,0.0038,0,644,1,240,500,,,,,,,,,,2,2,0.0,8,7,2.0,23,23,0.0,,,,53,50,6.0,65,83,-36.0,150,150,0.0,175,173,4.0,6.0,4.0,40.0,4.0
Healthy_010,V6,1,Healthy,-615,Rs,1,0.0029,0,644,1,240,500,,,,,,,,,,2,2,0.0,,,,20,20,0.0,29,29,0.0,53,50,6.0,63,72,-18.0,147,147,0.0,175,173,4.0,6.0,4.0,22.0,4.0
Healthy_010,V4,1,Healthy,-615,qR,1,0.0094,0,644,1,240,500,,,,,,,,,,2,2,0.0,12,13,-2.0,28,28,0.0,,,,53,50,6.0,64,68,-8.0,146,146,0.0,175,173,4.0,6.0,4.0,12.0,4.0
InferiorInfarction_001,aVR,1,InferiorInfarction,-614,QS,1,0.0001,0,626,1,241,500,,,,,,,,,,2,2,0.0,23,23,0.0,,,,,,,50,50,0.0,51,109,-116.0,171,171,0.0,279,279,0.0,0.0,0.0,116.0,0.0
InferiorInfarction_001,I,1,InferiorInfarction,-614,Rs,1,0.0001,0,626,1,241,500,,,,,,,,,,2,2,0.0,,11,,7,14,-14.0,50,18,64.0,50,50,0.0,51,103,-104.0,162,162,0.0,282,286,-8.0,0.0,-8.0,96.0,-8.0
InferiorInfarction_001,II,1,InferiorInfarction,-614,R,1,0.0,0,626,1,241,500,,,,,,,,,,2,2,0.0,,,,11,23,-24.0,,,,50,50,0.0,51,119,-136.0,173,173,0.0,283,281,4.0,0.0,4.0,140.0,4.0
InferiorInfarction_001,III,1,InferiorInfarction,-614,QR,1,0.0,0,626,1,241,500,,,,,,,,,,2,2,0.0,6,6,0.0,11,23,-24.0,,,,50,50,0.0,51,103,-104.0,175,175,0.0,289,258,62.0,0.0,62.0,166.0,62.0
InferiorInfarction_001,aVL,1,InferiorInfarction,-614,rS,1,0.0,0,626,1,241,500,,,,,,,,,,2,2,0.0,,,,6,6,0.0,23,23,0.0,51,50,2.0,52,89,-74.0,177,177,0.0,280,261,38.0,2.0,38.0,112.0,38.0
InferiorInfarction_001,aVF,1,InferiorInfarction,-614,qR,1,0.0,0,626,1,241,500,,,,,,,,,,2,2,0.0,6,,,11,23,-24.0,,,,50,50,0.0,51,101,-100.0,174,174,0.0,289,266,46.0,0.0,46.0,146.0,46.0
InferiorInfarction_001,V1,1,InferiorInfarction,-614,rS,1,0.0,0,626,1,241,500,,,,,,,,,,2,2,0.0,,,,6,7,-2.0,19,19,0.0,50,50,0.0,51,51,0.0,139,140,-2.0,281,255,52.0,0.0,52.0,52.0,54.0
InferiorInfarction_001,V2,1,InferiorInfarction,-614,rS,1,0.0,0,626,1,241,500,,,,,,,,,,1,2,-2.0,,24,,5,,,24,,,50,50,0.0,51,51,0.0,139,139,0.0,285,263,44.0,2.0,46.0,44.0,44.0
InferiorInfarction_001,V3,1,InferiorInfarction,-614,qRs,1,0.0,0,626,1,241,500,,,,,,,,,,2,2,0.0,9,9,0.0,20,20,0.0,28,28,0.0,51,50,2.0,52,51,2.0,138,139,-2.0,284,255,58.0,2.0,58.0,56.0,60.0
InferiorInfarction_001,V4,1,InferiorInfarction,-614,qRs,1,0.0,0,626,1,241,500,,,,,,,,,,2,2,0.0,8,8,0.0,21,22,-2.0,33,,,52,50,4.0,53,51,4.0,140,141,-2.0,280,251,58.0,4.0,58.0,54.0,60.0
InferiorInfarction_001,V5,1,InferiorInfarction,-614,qR,1,0.0,0,626,1,241,500,,,,,,,,,,2,2,0.0,7,,,27,27,0.0,,,,50,50,0.0,51,51,0.0,169,169,0.0,281,277,8.0,0.0,8.0,8.0,8.0
InferiorInfarction_001,V6,1,InferiorInfarction,-614,Rs,1,0.0001,0,626,1,241,500,,,,,,,,,,2,2,0.0,,,,29,29,0.0,50,,,50,50,0.0,51,91,-80.0,145,145,0.0,284,281,6.0,0.0,6.0,86.0,6.0
InferiorInfarction_002,V6,1,InferiorInfarction,-604,qRs,1,0.0099,0,642,1,251,500,,,,,,,,,,2,2,0.0,9,9,0.0,36,35,2.0,60,,,60,57,6.0,62,62,0.0,144,144,0.0,297,291,12.0,6.0,12.0,12.0,12.0
InferiorInfarction_002,I,1,InferiorInfarction,-604,R,1,0.0119,0,642,1,251,500,,,,,,,,,,2,2,0.0,,,,9,16,-14.0,,72,,60,57,6.0,61,87,-52.0,144,145,-2.0,303,286,34.0,6.0,34.0,86.0,36.0
InferiorInfarction_002,III,1,InferiorInfarction,-604,qR,1,0.0172,0,642,1,251,500,,,,,,,,,,2,2,0.0,8,16,-16.0,27,28,-2.0,,,,60,57,6.0,61,75,-28.0,140,141,-2.0,307,277,60.0,6.0,60.0,88.0,62.0
InferiorInfarction_002,aVR,1,InferiorInfarction,-604,QS,1,0.0086,0,642,1,251,500,,,,,,,,,,2,2,0.0,31,32,-2.0,,,,,,,60,57,6.0,61,76,-30.0,151,151,0.0,302,294,16.0,6.0,16.0,46.0,16.0
InferiorInfarction_002,aVL,1,InferiorInfarction,-604,RS,1,0.0103,0,642,1,251,500,,,,,,,,,,2,2,0.0,,,,8,16,-16.0,26,27,-2.0,60,57,6.0,61,94,-66.0,142,142,0.0,303,283,40.0,6.0,40.0,106.0,40.0
InferiorInfarction_002,aVF,1,InferiorInfarction,-604,QR,1,0.0081,0,642,1,251,500,,,,,,,,,,2,2,0.0,7,8,-2.0,12,31,-38.0,,,,60,57,6.0,61,101,-80.0,158,183,-50.0,307,279,56.0,6.0,56.0,136.0,106.0
InferiorInfarction_002,V1,1,InferiorInfarction,-604,rS,1,0.0127,0,642,1,251,500,,,,,,,,,,2,2,0.0,,,,7,7,0.0,31,31,0.0,59,57,4.0,60,68,-16.0,142,143,-2.0,298,277,42.0,4.0,42.0,58.0,44.0
InferiorInfarction_002,V2,1,InferiorInfarction,-604,rS,1,0.0229,0,642,1,251,500,,,,,,,,,,2,2,0.0,,,,7,7,0.0,31,31,0.0,59,57,4.0,60,64,-8.0,142,143,-2.0,292,281,22.0,4.0,22.0,30.0,24.0
InferiorInfarction_002,V3,1,InferiorInfarction,-604,rS,1,0.0268,0,642,1,251,500,,,,,,,,,,2,2,0.0,,,,6,6,0.0,32,32,0.0,60,57,6.0,61,58,6.0,142,142,0.0,291,282,18.0,6.0,18.0,12.0,18.0
InferiorInfarction_002,V4,1,InferiorInfarction,-604,QrS,1,0.0188,0,642,1,251,500,,,,,,,,,,2,2,0.0,17,17,0.0,28,,,35,,,60,57,6.0,62,74,-24.0,142,142,0.0,293,283,20.0,6.0,20.0,44.0,20.0
InferiorInfarction_002,V5,1,InferiorInfarction,-604,qR,1,0.007,0,642,1,251,500,,,,,,,,,,2,2,0.0,11,11,0.0,31,30,2.0,,,,60,57,6.0,62,64,-4.0,159,160,-2.0,299,251,96.0,6.0,96.0,100.0,98.0
InferiorInfarction_002,II,1,InferiorInfarction,-604,R,1,0.0044,0,642,1,251,500,,,,,,,,,,2,2,0.0,,,,12,32,-40.0,,,,59,57,4.0,60,68,-16.0,156,182,-52.0,318,238,160.0,4.0,160.0,176.0,212.0
InferiorInfarction_003,V2,1,InferiorInfarction,-614,rS,1,0.0003,0,628,1,241,500,,,,,,,,,,1,2,-2.0,,25,,4,,,25,,,55,51,8.0,56,55,2.0,140,140,0.0,289,267,44.0,10.0,46.0,42.0,44.0
InferiorInfarction_003,I,1,InferiorInfarction,-614,R,1,0.0014,0,628,1,241,500,,,,,,,,,,1,2,-2.0,,,,7,30,-46.0,,,,55,51,8.0,56,64,-16.0,172,173,-2.0,291,281,20.0,10.0,22.0,36.0,22.0
InferiorInfarction_003,II,1,InferiorInfarction,-614,R,1,0.0001,0,628,1,241,500,,,,,,,,,,1,2,-2.0,,,,9,21,-24.0,,64,,54,51,6.0,55,98,-86.0,173,173,0.0,289,275,28.0,8.0,30.0,114.0,28.0
InferiorInfarction_003,III,1,InferiorInfarction,-614,R,1,0.0001,0,628,1,241,500,,,,,,,,,,1,2,-2.0,,,,9,21,-24.0,,,,56,51,10.0,57,66,-18.0,143,143,0.0,294,243,102.0,12.0,104.0,120.0,102.0
InferiorInfarction_003,aVR,1,InferiorInfarction,-614,QS,1,0.0002,0,628,1,241,500,,,,,,,,,,1,2,-2.0,21,21,0.0,,,,,,,55,51,8.0,56,82,-52.0,173,173,0.0,287,279,16.0,10.0,18.0,68.0,16.0
InferiorInfarction_003,aVL,1,InferiorInfarction,-614,rS,1,0.0003,0,628,1,241,500,,,,,,,,,,1,2,-2.0,,21,,6,33,-54.0,20,,,55,51,8.0,56,54,4.0,142,142,0.0,286,269,34.0,10.0,36.0,30.0,34.0
InferiorInfarction_003,aVF,1,InferiorInfarction,-614,R,1,0.0,0,628,1,241,500,,,,,,,,,,1,2,-2.0,,,,9,21,-24.0,,,,55,51,8.0,56,55,2.0,143,174,-62.0,290,262,56.0,10.0,58.0,54.0,118.0
InferiorInfarction_003,V1,1,InferiorInfarction,-614,rS,1,0.0001,0,628,1,241,500,,,,,,,,,,1,2,-2.0,,,,5,5,0.0,22,21,2.0,55,51,8.0,56,55,2.0,140,140,0.0,290,255,70.0,10.0,72.0,68.0,70.0
InferiorInfarction_003,V3,1,InferiorInfarction,-614,qRs,1,0.0001,0,628,1,241,500,,,,,,,,,,1,2,-2.0,8,8,0.0,19,19,0.0,37,37,0.0,55,51,8.0,57,80,-46.0,144,144,0.0,291,251,80.0,10.0,82.0,126.0,80.0
InferiorInfarction_003,V4,1,InferiorInfarction,-614,qRs,1,0.0001,0,628,1,241,500,,,,,,,,,,1,2,-2.0,8,8,0.0,21,22,-2.0,39,,,55,51,8.0,57,81,-48.0,148,148,0.0,289,253,72.0,10.0,74.0,120.0,72.0
InferiorInfarction_003,V5,1,InferiorInfarction,-614,qR,1,0.0002,0,628,1,241,500,,,,,,,,,,1,2,-2.0,8,8,0.0,30,30,0.0,,,,55,51,8.0,56,70,-28.0,143,143,0.0,288,275,26.0,10.0,28.0,54.0,26.0
InferiorInfarction_003,V6,1,InferiorInfarction,-614,qRs,1,0.0001,0,628,1,241,500,,,,,,,,,,1,2,-2.0,5,6,-2.0,32,32,0.0,55,,,55,51,8.0,56,55,2.0,145,145,0.0,290,269,42.0,10.0,44.0,40.0,42.0
InferiorInfarction_004,V6,1,InferiorInfarction,-609,Rs,1,0.0003,0,622,1,246,500,,,,,,,,,,2,2,0.0,,,,33,33,0.0,52,,,52,48,8.0,53,55,-4.0,168,168,0.0,288,275,26.0,8.0,26.0,30.0,26.0
InferiorInfarction_004,I,1,InferiorInfarction,-609,R,1,0.0002,0,622,1,246,500,,,,,,,,,,2,2,0.0,,,,14,14,0.0,,62,,51,48,6.0,52,93,-82.0,141,141,0.0,288,281,14.0,6.0,14.0,96.0,14.0
InferiorInfarction_004,II,1,InferiorInfarction,-609,R,1,0.0007,0,622,1,246,500,,,,,,,,,,2,2,0.0,,,,26,27,-2.0,,64,,51,48,6.0,52,103,-102.0,176,176,0.0,288,269,38.0,6.0,38.0,140.0,38.0
InferiorInfarction_004,III,1,InferiorInfarction,-609,qR,1,0.0005,0,622,1,246,500,,,,,,,,,,2,2,0.0,7,7,0.0,26,26,0.0,,,,52,48,8.0,53,48,10.0,139,139,0.0,287,254,66.0,8.0,66.0,56.0,66.0
InferiorInfarction_004,aVR,1,InferiorInfarction,-609,QS,1,0.0003,0,622,1,246,500,,,,,,,,,,2,2,0.0,27,27,0.0,,,,,,,51,48,6.0,52,51,2.0,144,176,-64.0,286,279,14.0,6.0,14.0,12.0,78.0
InferiorInfarction_004,aVL,1,InferiorInfarction,-609,RS,1,0.0003,0,622,1,246,500,,,,,,,,,,2,2,0.0,,,,8,14,-12.0,25,26,-2.0,52,48,8.0,53,50,6.0,140,140,0.0,284,277,14.0,8.0,14.0,8.0,14.0
InferiorInfarction_004,aVF,1,InferiorInfarction,-609,qR,1,0.0004,0,622,1,246,500,,,,,,,,,,2,2,0.0,7,7,0.0,26,26,0.0,,,,52,48,8.0,53,66,-26.0,176,176,0.0,287,253,68.0,8.0,68.0,94.0,68.0
InferiorInfarction_004,V1,1,InferiorInfarction,-609,rS,1,0.0005,0,622,1,246,500,,,,,,,,,,2,2,0.0,,21,,4,,,21,,,51,48,6.0,52,50,4.0,142,142,0.0,288,268,40.0,6.0,40.0,36.0,40.0
InferiorInfarction_004,V2,1,InferiorInfarction,-609,QS,1,0.0003,0,622,1,246,500,,,,,,,,,,2,2,0.0,25,25,0.0,,,,,,,52,48,8.0,53,50,6.0,140,140,0.0,292,263,58.0,8.0,58.0,52.0,58.0
InferiorInfarction_004,V3,1,InferiorInfarction,-609,QRS,1,0.0014,0,622,1,246,500,,,,,,,,,,2,2,0.0,10,10,0.0,24,23,2.0,33,33,0.0,52,48,8.0,53,50,6.0,138,139,-2.0,284,275,18.0,8.0,18.0,12.0,20.0
InferiorInfarction_004,V4,1,InferiorInfarction,-609,qRs,1,0.0008,0,622,1,246,500,,,,,,,,,,2,2,0.0,9,10,-2.0,26,26,0.0,39,35,8.0,52,48,8.0,53,50,6.0,144,144,0.0,285,266,38.0,8.0,38.0,32.0,38.0
InferiorInfarction_004,V5,1,InferiorInfarction,-609,R,1,0.0002,0,622,1,246,500,,,,,,,,,,2,2,0.0,,,,32,32,0.0,,,,53,48,10.0,54,50,8.0,138,139,-2.0,286,277,18.0,10.0,18.0,10.0,20.0
InferiorInfarction_005,aVF,1,InferiorInfarction,-608,R,1,0.0001,0,621,1,247,500,,,,,,,,,,2,2,0.0,,8,,23,23,0.0,,,,52,48,8.0,53,101,-96.0,172,173,-2.0,291,269,44.0,8.0,44.0,140.0,46.0
InferiorInfarction_005,I,1,InferiorInfarction,-608,R,1,0.0002,0,621,1,247,500,,,,,,,,,,2,2,0.0,,,,10,32,-44.0,,64,,51,48,6.0,52,107,-110.0,247,171,152.0,291,275,32.0,6.0,32.0,142.0,-120.0
InferiorInfarction_005,II,1,InferiorInfarction,-608,R,1,0.0005,0,621,1,247,500,,,,,,,,,,2,2,0.0,,,,23,23,0.0,,,,50,48,4.0,51,105,-108.0,172,172,0.0,292,275,34.0,4.0,34.0,142.0,34.0
InferiorInfarction_005,III,1,InferiorInfarction,-608,qR,1,0.0002,0,621,1,247,500,,,,,,,,,,2,2,0.0,8,8,0.0,23,23,0.0,,,,51,48,6.0,52,50,4.0,150,151,-2.0,286,248,76.0,6.0,76.0,72.0,78.0
InferiorInfarction_005,aVR,1,InferiorInfarction,-608,QS,1,0.0007,0,621,1,247,500,,,,,,,,,,2,2,0.0,24,23,2.0,,,,,,,51,48,6.0,52,53,-2.0,172,172,0.0,288,275,26.0,6.0,26.0,28.0,26.0
InferiorInfarction_005,aVL,1,InferiorInfarction,-608,RS,1,0.0001,0,621,1,247,500,,,,,,,,,,2,2,0.0,,,,9,8,2.0,23,22,2.0,52,48,8.0,53,53,0.0,151,152,-2.0,287,265,44.0,8.0,44.0,44.0,46.0
InferiorInfarction_005,V1,1,InferiorInfarction,-608,rS,1,0.0019,0,621,1,247,500,,,,,,,,,,2,2,0.0,,,,6,6,0.0,23,23,0.0,50,48,4.0,51,55,-8.0,141,141,0.0,289,268,42.0,4.0,42.0,50.0,42.0
InferiorInfarction_005,V2,1,InferiorInfarction,-608,rS,1,0.0029,0,621,1,247,500,,,,,,,,,,2,2,0.0,,24,,6,,,24,,,50,48,4.0,51,50,2.0,141,141,0.0,286,268,36.0,4.0,36.0,34.0,36.0
InferiorInfarction_005,V3,1,InferiorInfarction,-608,qRS,1,0.0031,0,621,1,247,500,,,,,,,,,,2,2,0.0,9,9,0.0,15,15,0.0,25,25,0.0,51,48,6.0,52,50,4.0,142,142,0.0,284,267,34.0,6.0,34.0,30.0,34.0
InferiorInfarction_005,V4,1,InferiorInfarction,-608,qRs,1,0.0028,0,621,1,247,500,,,,,,,,,,2,2,0.0,8,9,-2.0,15,15,0.0,37,37,0.0,52,48,8.0,53,54,-2.0,146,147,-2.0,285,269,32.0,8.0,32.0,34.0,34.0
InferiorInfarction_005,V5,1,InferiorInfarction,-608,R,1,0.0008,0,621,1,247,500,,,,,,,,,,2,2,0.0,,,,31,30,2.0,,,,52,48,8.0,53,50,6.0,142,142,0.0,286,275,22.0,8.0,22.0,16.0,22.0
InferiorInfarction_005,V6,1,InferiorInfarction,-608,Rs,1,0.0009,0,621,1,247,500,,,,,,,,,,2,2,0.0,,,,31,32,-2.0,51,,,51,48,6.0,52,55,-6.0,146,146,0.0,288,273,30.0,6.0,30.0,36.0,30.0
InferiorInfarction_006,V6,1,InferiorInfarction,-611,Rs,1,0.0004,0,626,1,244,500,,,,,,,,,,1,2,-2.0,,,,28,28,0.0,53,,,53,48,10.0,54,49,10.0,167,167,0.0,291,274,34.0,12.0,36.0,24.0,34.0
InferiorInfarction_006,I,1,InferiorInfarction,-611,R,1,0.0005,0,626,1,244,500,,,,,,,,,,1,2,-2.0,,,,14,14,0.0,,,,52,48,8.0,53,49,8.0,144,144,0.0,293,277,32.0,10.0,34.0,24.0,32.0
InferiorInfarction_006,II,1,InferiorInfarction,-611,R,1,0.0002,0,626,1,244,500,,,,,,,,,,1,2,-2.0,,,,10,24,-28.0,,,,53,48,10.0,54,49,10.0,173,173,0.0,296,270,52.0,12.0,54.0,42.0,52.0
InferiorInfarction_006,III,1,InferiorInfarction,-611,rS,1,0.0003,0,626,1,244,500,,,,,,,,,,1,2,-2.0,,14,,9,24,-30.0,14,,,53,48,10.0,54,49,10.0,173,173,0.0,293,264,58.0,12.0,60.0,48.0,58.0
InferiorInfarction_006,aVR,1,InferiorInfarction,-611,QS,1,0.0004,0,626,1,244,500,,,,,,,,,,1,2,-2.0,24,24,0.0,,,,,,,53,48,10.0,54,49,10.0,142,142,0.0,288,273,30.0,12.0,32.0,20.0,30.0
InferiorInfarction_006,aVL,1,InferiorInfarction,-611,rS,1,0.0001,0,626,1,244,500,,,,,,,,,,1,2,-2.0,,,,7,14,-14.0,24,24,0.0,53,48,10.0,54,49,10.0,147,147,0.0,288,265,46.0,12.0,48.0,36.0,46.0
InferiorInfarction_006,aVF,1,InferiorInfarction,-611,R,1,0.0004,0,626,1,244,500,,,,,,,,,,1,2,-2.0,,14,,10,24,-28.0,,,,53,48,10.0,54,55,-2.0,173,173,0.0,295,260,70.0,12.0,72.0,72.0,70.0
InferiorInfarction_006,V1,1,InferiorInfarction,-611,rS,1,0.0001,0,626,1,244,500,,,,,,,,,,1,2,-2.0,,,,8,8,0.0,22,22,0.0,52,48,8.0,53,49,8.0,140,140,0.0,293,271,44.0,10.0,46.0,36.0,44.0
InferiorInfarction_006,V2,1,InferiorInfarction,-611,rS,1,0.0002,0,626,1,244,500,,,,,,,,,,1,2,-2.0,,,,5,5,0.0,21,22,-2.0,52,48,8.0,53,49,8.0,140,140,0.0,292,265,54.0,10.0,56.0,46.0,54.0
InferiorInfarction_006,V3,1,InferiorInfarction,-611,rS,1,0.0005,0,626,1,244,500,,,,,,,,,,1,2,-2.0,,,,4,5,-2.0,26,25,2.0,53,48,10.0,54,49,10.0,139,139,0.0,292,267,50.0,12.0,52.0,40.0,50.0
InferiorInfarction_006,V4,1,InferiorInfarction,-611,rS,1,0.0004,0,626,1,244,500,,,,,,,,,,1,2,-2.0,,8,,4,17,-26.0,33,33,0.0,53,48,10.0,54,49,10.0,139,139,0.0,287,274,26.0,12.0,28.0,16.0,26.0
InferiorInfarction_006,V5,1,InferiorInfarction,-611,R,1,0.0023,0,626,1,244,500,,,,,,,,,,1,2,-2.0,,,,17,24,-14.0,,,,54,48,12.0,55,49,12.0,137,137,0.0,290,242,96.0,14.0,98.0,84.0,96.0
InferiorInfarction_007,V2,1,InferiorInfarction,-612,Qrs,1,0.0021,0,629,1,243,500,,,,,,,,,,3,2,2.0,11,11,0.0,23,24,-2.0,29,28,2.0,49,48,2.0,50,49,2.0,140,140,0.0,281,273,16.0,0.0,14.0,14.0,16.0
InferiorInfarction_007,I,1,InferiorInfarction,-612,RS,1,0.0025,0,629,1,243,500,,,,,,,,,,3,2,2.0,,11,,7,29,-44.0,11,,,49,48,2.0,50,49,2.0,142,142,0.0,285,275,20.0,0.0,18.0,18.0,20.0
InferiorInfarction_007,II,1,InferiorInfarction,-612,R,1,0.0006,0,629,1,243,500,,,,,,,,,,3,2,2.0,,,,20,20,0.0,,,,49,48,2.0,50,49,2.0,172,172,0.0,284,273,22.0,0.0,20.0,20.0,22.0
InferiorInfarction_007,III,1,InferiorInfarction,-612,qR,1,0.0007,0,629,1,243,500,,,,,,,,,,3,2,2.0,6,,,19,19,0.0,,,,49,48,2.0,50,49,2.0,148,148,0.0,285,259,52.0,0.0,50.0,50.0,52.0
InferiorInfarction_007,aVR,1,InferiorInfarction,-612,QS,1,0.0005,0,629,1,243,500,,,,,,,,,,3,2,2.0,23,24,-2.0,,,,,,,49,48,2.0,50,50,0.0,172,172,0.0,283,269,28.0,0.0,26.0,28.0,28.0
InferiorInfarction_007,aVF,1,InferiorInfarction,-612,qR,1,0.0006,0,629,1,243,500,,,,,,,,,,3,2,2.0,6,,,19,20,-2.0,,,,50,48,4.0,51,49,4.0,172,172,0.0,283,273,20.0,2.0,18.0,16.0,20.0
InferiorInfarction_007,V1,1,InferiorInfarction,-612,QS,1,0.0008,0,629,1,243,500,,,,,,,,,,3,2,2.0,18,19,-2.0,,,,,,,49,48,2.0,50,49,2.0,139,139,0.0,281,267,28.0,0.0,26.0,26.0,28.0
InferiorInfarction_007,V3,1,InferiorInfarction,-612,qRs,1,0.0017,0,629,1,243,500,,,,,,,,,,3,2,2.0,10,10,0.0,23,23,0.0,35,36,-2.0,50,48,4.0,51,49,4.0,142,143,-2.0,281,263,36.0,2.0,34.0,32.0,38.0
InferiorInfarction_007,V4,1,InferiorInfarction,-612,qR,1,0.001,0,629,1,243,500,,,,,,,,,,3,2,2.0,9,10,-2.0,23,23,0.0,,,,50,48,4.0,51,49,4.0,150,150,0.0,281,260,42.0,2.0,40.0,38.0,42.0
InferiorInfarction_007,V5,1,InferiorInfarction,-612,qR,1,0.0011,0,629,1,243,500,,,,,,,,,,3,2,2.0,9,9,0.0,24,28,-8.0,,,,50,48,4.0,51,49,4.0,141,141,0.0,286,269,34.0,2.0,32.0,30.0,34.0
InferiorInfarction_007,V6,1,InferiorInfarction,-612,qR,1,0.0017,0,629,1,243,500,,,,,,,,,,3,2,2.0,10,10,0.0,28,28,0.0,,,,49,48,2.0,50,49,2.0,141,142,-2.0,289,269,40.0,0.0,38.0,38.0,42.0
InferiorInfarction_007,aVL,1,InferiorInfarction,-612,rS,1,0.0,0,629,1,243,500,,,,,,,,,,3,2,2.0,,17,,7,37,-60.0,17,,,51,48,6.0,52,49,6.0,146,146,0.0,283,226,114.0,4.0,112.0,108.0,114.0
InferiorInfarction_008,II,1,InferiorInfarction,-612,R,1,0.0,0,623,1,243,500,,,,,,,,,,1,2,-2.0,,,,10,23,-26.0,,,,50,50,0.0,51,62,-22.0,173,174,-2.0,299,265,68.0,2.0,70.0,90.0,70.0
InferiorInfarction_008,I,1,InferiorInfarction,-612,R,1,0.0,0,623,1,243,500,,,,,,,,,,1,2,-2.0,,,,7,14,-14.0,,,,51,50,2.0,52,66,-28.0,142,142,0.0,301,267,68.0,4.0,70.0,96.0,68.0
InferiorInfarction_008,III,1,InferiorInfarction,-612,qR,1,0.0,0,623,1,243,500,,,,,,,,,,2,2,0.0,13,14,-2.0,23,24,-2.0,,,,51,50,2.0,52,59,-14.0,141,141,0.0,298,246,104.0,2.0,104.0,118.0,104.0
InferiorInfarction_008,aVR,1,InferiorInfarction,-612,QS,1,0.0,0,623,1,243,500,,,,,,,,,,1,2,-2.0,23,23,0.0,,,,,,,50,50,0.0,51,62,-22.0,174,174,0.0,294,269,50.0,2.0,52.0,72.0,50.0
InferiorInfarction_008,aVL,1,InferiorInfarction,-612,RS,1,0.0,0,623,1,243,500,,,,,,,,,,2,2,0.0,,10,,7,14,-14.0,23,24,-2.0,51,50,2.0,52,83,-62.0,141,142,-2.0,292,255,74.0,2.0,74.0,136.0,76.0
InferiorInfarction_008,aVF,1,InferiorInfarction,-612,qR,1,0.0,0,623,1,243,500,,,,,,,,,,2,2,0.0,13,14,-2.0,23,23,0.0,,,,51,50,2.0,52,55,-6.0,173,173,0.0,299,253,92.0,2.0,92.0,98.0,92.0
InferiorInfarction_008,V1,1,InferiorInfarction,-612,rS,1,0.0,0,623,1,243,500,,,,,,,,,,2,2,0.0,,,,6,7,-2.0,21,21,0.0,50,50,0.0,51,51,0.0,140,140,0.0,292,251,82.0,0.0,82.0,82.0,82.0
InferiorInfarction_008,V2,1,InferiorInfarction,-612,rS,1,0.0,0,623,1,243,500,,,,,,,,,,2,2,0.0,,16,,5,,,16,,,51,50,2.0,52,51,2.0,139,139,0.0,292,248,88.0,2.0,88.0,86.0,88.0
InferiorInfarction_008,V3,1,InferiorInfarction,-612,QRs,1,0.0001,0,623,1,243,500,,,,,,,,,,2,2,0.0,13,14,-2.0,22,22,0.0,34,34,0.0,51,50,2.0,52,51,2.0,138,138,0.0,289,269,40.0,2.0,40.0,38.0,40.0
InferiorInfarction_008,V4,1,InferiorInfarction,-612,qRs,1,0.0,0,623,1,243,500,,,,,,,,,,2,2,0.0,11,11,0.0,23,23,0.0,38,39,-2.0,51,50,2.0,52,51,2.0,139,139,0.0,295,257,76.0,2.0,76.0,74.0,76.0
InferiorInfarction_008,V5,1,InferiorInfarction,-612,qR,1,0.0,0,623,1,243,500,,,,,,,,,,2,2,0.0,9,9,0.0,23,23,0.0,,,,51,50,2.0,52,51,2.0,173,173,0.0,292,238,108.0,2.0,108.0,106.0,108.0
InferiorInfarction_008,V6,1,InferiorInfarction,-612,qR,1,0.0,0,623,1,243,500,,,,,,,,,,2,2,0.0,8,,,30,31,-2.0,,,,51,50,2.0,52,51,2.0,144,144,0.0,292,275,34.0,2.0,34.0,32.0,34.0
InferiorInfarction_009,V1,1,InferiorInfarction,-611,rS,1,0.0206,0,638,1,244,500,,,,,,,,,,1,2,-2.0,,,,8,7,2.0,24,24,0.0,50,46,8.0,51,50,2.0,140,140,0.0,294,268,52.0,10.0,54.0,50.0,52.0
InferiorInfarction_009,I,1,InferiorInfarction,-611,R,1,0.0351,0,638,1,244,500,,,,,,,,,,1,2,-2.0,,,,15,27,-24.0,,66,,50,46,8.0,51,94,-86.0,144,144,0.0,297,275,44.0,10.0,46.0,130.0,44.0
InferiorInfarction_009,II,1,InferiorInfarction,-611,R,1,0.024,0,638,1,244,500,,,,,,,,,,1,2,-2.0,,,,9,25,-32.0,,68,,50,46,8.0,51,97,-92.0,173,173,0.0,292,279,26.0,10.0,28.0,118.0,26.0
InferiorInfarction_009,III,1,InferiorInfarction,-611,Qrs,1,0.0215,0,638,1,244,500,,,,,,,,,,1,2,-2.0,14,15,-2.0,20,19,2.0,30,30,0.0,51,46,10.0,52,92,-80.0,143,143,0.0,290,260,60.0,12.0,62.0,140.0,60.0
InferiorInfarction_009,aVR,1,InferiorInfarction,-611,QS,1,0.0364,0,638,1,244,500,,,,,,,,,,1,2,-2.0,25,25,0.0,,,,,,,51,46,10.0,52,52,0.0,144,145,-2.0,291,275,32.0,12.0,34.0,32.0,34.0
InferiorInfarction_009,aVL,1,InferiorInfarction,-611,R,1,0.0197,0,638,1,244,500,,,,,,,,,,1,2,-2.0,,,,15,15,0.0,,19,,51,46,10.0,52,72,-40.0,143,144,-2.0,289,273,32.0,12.0,34.0,72.0,34.0
InferiorInfarction_009,aVF,1,InferiorInfarction,-611,qR,1,0.0174,0,638,1,244,500,,,,,,,,,,1,2,-2.0,14,14,0.0,25,25,0.0,,,,51,46,10.0,52,50,4.0,172,172,0.0,289,260,58.0,12.0,60.0,54.0,58.0
InferiorInfarction_009,V2,1,InferiorInfarction,-611,rS,1,0.027,0,638,1,244,500,,,,,,,,,,1,2,-2.0,,,,8,7,2.0,24,23,2.0,50,46,8.0,51,50,2.0,140,140,0.0,288,268,40.0,10.0,42.0,38.0,40.0
InferiorInfarction_009,V3,1,InferiorInfarction,-611,rS,1,0.0389,0,638,1,244,500,,,,,,,,,,1,2,-2.0,,22,,4,,,22,,,51,46,10.0,52,50,4.0,139,140,-2.0,286,269,34.0,12.0,36.0,30.0,36.0
InferiorInfarction_009,V4,1,InferiorInfarction,-611,rS,1,0.0389,0,638,1,244,500,,,,,,,,,,1,2,-2.0,,14,,4,25,-42.0,35,35,0.0,51,46,10.0,53,70,-34.0,140,140,0.0,287,273,28.0,12.0,30.0,62.0,28.0
InferiorInfarction_009,V5,1,InferiorInfarction,-611,qR,1,0.0248,0,638,1,244,500,,,,,,,,,,1,2,-2.0,7,,,24,25,-2.0,,,,51,46,10.0,53,72,-38.0,147,147,0.0,287,172,230.0,12.0,232.0,268.0,230.0
InferiorInfarction_009,V6,1,InferiorInfarction,-611,qR,1,0.0279,0,638,1,244,500,,,,,,,,,,1,2,-2.0,7,7,0.0,25,25,0.0,,,,52,46,12.0,53,68,-30.0,170,171,-2.0,289,273,32.0,14.0,34.0,62.0,34.0
InferiorInfarction_010,aVR,1,InferiorInfarction,-608,QS,1,0.0047,0,639,1,247,500,,,,,,,,,,3,2,2.0,28,28,0.0,,,,,,,50,46,8.0,51,48,6.0,175,175,0.0,293,275,36.0,6.0,34.0,30.0,36.0
InferiorInfarction_010,I,1,InferiorInfarction,-608,R,1,0.005,0,639,1,247,500,,,,,,,,,,3,2,2.0,,,,13,32,-38.0,,,,50,46,8.0,51,64,-26.0,139,139,0.0,295,275,40.0,6.0,38.0,66.0,40.0
InferiorInfarction_010,II,1,InferiorInfarction,-608,qR,1,0.0025,0,639,1,247,500,,,,,,,,,,3,2,2.0,12,13,-2.0,27,27,0.0,,,,50,46,8.0,51,48,6.0,175,176,-2.0,307,273,68.0,6.0,66.0,62.0,70.0
InferiorInfarction_010,III,1,InferiorInfarction,-608,qR,1,0.0026,0,639,1,247,500,,,,,,,,,,3,2,2.0,13,13,0.0,26,27,-2.0,,,,50,46,8.0,51,48,6.0,139,139,0.0,306,277,58.0,6.0,56.0,52.0,58.0
InferiorInfarction_010,aVL,1,InferiorInfarction,-608,RS,1,0.0011,0,639,1,247,500,,,,,,,,,,3,2,2.0,,,,13,13,0.0,24,24,0.0,51,46,10.0,52,83,-62.0,139,139,0.0,293,255,76.0,8.0,74.0,138.0,76.0
InferiorInfarction_010,aVF,1,InferiorInfarction,-608,qR,1,0.0019,0,639,1,247,500,,,,,,,,,,3,2,2.0,12,13,-2.0,27,27,0.0,,,,51,46,10.0,52,48,8.0,139,139,0.0,303,269,68.0,8.0,66.0,60.0,68.0
InferiorInfarction_010,V1,1,InferiorInfarction,-608,QS,1,0.0059,0,639,1,247,500,,,,,,,,,,3,2,2.0,26,27,-2.0,,,,,,,50,46,8.0,51,48,6.0,142,143,-2.0,293,269,48.0,6.0,46.0,42.0,50.0
InferiorInfarction_010,V2,1,InferiorInfarction,-608,QS,1,0.0051,0,639,1,247,500,,,,,,,,,,3,2,2.0,26,26,0.0,,,,,,,50,46,8.0,51,48,6.0,141,141,0.0,289,263,52.0,6.0,50.0,46.0,52.0
InferiorInfarction_010,V3,1,InferiorInfarction,-608,Qr,1,0.0109,0,639,1,247,500,,,,,,,,,,3,2,2.0,14,14,0.0,51,,,,,,51,46,10.0,52,48,8.0,140,140,0.0,288,269,38.0,8.0,36.0,30.0,38.0
InferiorInfarction_010,V4,1,InferiorInfarction,-608,QRs,1,0.0114,0,639,1,247,500,,,,,,,,,,3,2,2.0,12,13,-2.0,29,29,0.0,38,38,0.0,51,46,10.0,52,80,-56.0,141,141,0.0,289,273,32.0,8.0,30.0,88.0,32.0
InferiorInfarction_010,V5,1,InferiorInfarction,-608,qR,1,0.0065,0,639,1,247,500,,,,,,,,,,3,2,2.0,9,10,-2.0,30,30,0.0,,,,51,46,10.0,52,51,2.0,141,141,0.0,289,275,28.0,8.0,26.0,26.0,28.0
InferiorInfarction_010,V6,1,InferiorInfarction,-608,Rs,1,0.0053,0,639,1,247,500,,,,,,,,,,3,2,2.0,,,,31,32,-2.0,50,,,50,46,8.0,51,54,-6.0,145,145,0.0,292,275,34.0,6.0,32.0,40.0,34.0
InferiorIschemia_001,aVF,1,InferiorIschemia,-614,qR,1,0.0122,0,642,1,241,500,,,,,,,,,,2,2,0.0,6,,,11,23,-24.0,,,,43,40,6.0,44,53,-18.0,183,119,128.0,183,180,6.0,6.0,6.0,24.0,-122.0
InferiorIschemia_001,I,1,InferiorIschemia,-614,R,1,0.0093,0,642,1,241,500,,,,,,,,,,2,2,0.0,,11,,7,14,-14.0,,18,,42,40,4.0,43,62,-38.0,165,116,98.0,175,172,6.0,4.0,6.0,44.0,-92.0
InferiorIschemia_001,II,1,InferiorIschemia,-614,R,1,0.006,0,642,1,241,500,,,,,,,,,,2,2,0.0,,,,23,23,0.0,,,,42,40,4.0,43,53,-20.0,301,119,364.0,301,175,252.0,4.0,252.0,272.0,-112.0
InferiorIschemia_001,III,1,InferiorIschemia,-614,QR,1,0.0223,0,642,1,241,500,,,,,,,,,,2,2,0.0,6,,,11,23,-24.0,,,,43,40,6.0,44,54,-20.0,184,122,124.0,184,179,10.0,6.0,10.0,30.0,-114.0
InferiorIschemia_001,aVR,1,InferiorIschemia,-614,QS,1,0.0078,0,642,1,241,500,,,,,,,,,,2,2,0.0,22,22,0.0,,,,,,,43,40,6.0,44,59,-30.0,179,119,120.0,179,181,-4.0,6.0,-4.0,26.0,-124.0
InferiorIschemia_001,aVL,1,InferiorIschemia,-614,rS,1,0.0108,0,642,1,241,500,,,,,,,,,,1,2,-2.0,,,,6,6,0.0,23,23,0.0,42,40,4.0,43,59,-32.0,178,133,90.0,178,183,-10.0,6.0,-8.0,22.0,-100.0
InferiorIschemia_001,V1,1,InferiorIschemia,-614,rS,1,0.018,0,642,1,241,500,,,,,,,,,,2,2,0.0,,,,6,7,-2.0,19,19,0.0,42,40,4.0,43,59,-32.0,140,140,0.0,173,174,-2.0,4.0,-2.0,30.0,-2.0
InferiorIschemia_001,V2,1,InferiorIschemia,-614,rS,1,0.0215,0,642,1,241,500,,,,,,,,,,1,2,-2.0,,24,,5,,,23,,,42,40,4.0,43,57,-28.0,139,139,0.0,172,172,0.0,6.0,2.0,28.0,0.0
InferiorIschemia_001,V6,1,InferiorIschemia,-614,R,1,0.0065,0,642,1,241,500,,,,,,,,,,2,2,0.0,,,,28,28,0.0,,,,43,40,6.0,44,41,6.0,298,101,394.0,299,167,264.0,6.0,264.0,258.0,-130.0
InferiorIschemia_001,V3,1,InferiorIschemia,-614,qRs,1,0.0232,0,642,1,241,500,,,,,,,,,,1,2,-2.0,9,9,0.0,20,20,0.0,27,,,42,40,4.0,43,59,-32.0,139,139,0.0,171,167,8.0,6.0,10.0,40.0,8.0
InferiorIschemia_001,V4,1,InferiorIschemia,-614,qR,1,0.019,0,642,1,241,500,,,,,,,,,,2,2,0.0,8,8,0.0,21,22,-2.0,,,,42,40,4.0,43,59,-32.0,140,141,-2.0,172,167,10.0,4.0,10.0,42.0,12.0
InferiorIschemia_001,V5,1,InferiorIschemia,-614,qR,1,0.0084,0,642,1,241,500,,,,,,,,,,2,2,0.0,7,,,24,24,0.0,,,,44,40,8.0,45,59,-28.0,176,114,124.0,176,167,18.0,8.0,18.0,46.0,-106.0
InferiorIschemia_002,I,1,InferiorIschemia,-604,R,1,0.0196,0,643,1,251,500,,,,,,,,,,2,2,0.0,,,,16,16,0.0,,,,54,51,6.0,55,57,-4.0,141,141,0.0,179,183,-8.0,6.0,-8.0,-4.0,-8.0
InferiorIschemia_002,II,1,InferiorIschemia,-604,R,1,0.0152,0,643,1,251,500,,,,,,,,,,2,2,0.0,,7,,12,32,-40.0,,,,53,51,4.0,54,69,-30.0,181,122,118.0,181,184,-6.0,4.0,-6.0,24.0,-124.0
InferiorIschemia_002,III,1,InferiorIschemia,-604,qR,1,0.0323,0,643,1,251,500,,,,,,,,,,2,2,0.0,15,16,-2.0,28,28,0.0,,,,53,51,4.0,54,69,-30.0,142,104,76.0,182,183,-2.0,4.0,-2.0,28.0,-78.0
InferiorIschemia_002,aVR,1,InferiorIschemia,-604,QS,1,0.0147,0,643,1,251,500,,,,,,,,,,2,2,0.0,31,32,-2.0,,,,,,,54,51,6.0,55,69,-28.0,136,136,0.0,177,185,-16.0,6.0,-16.0,12.0,-16.0
InferiorIschemia_002,aVL,1,InferiorIschemia,-604,RS,1,0.0178,0,643,1,251,500,,,,,,,,,,2,2,0.0,,,,9,16,-14.0,27,27,0.0,53,51,4.0,54,101,-94.0,141,141,0.0,180,182,-4.0,4.0,-4.0,90.0,-4.0
InferiorIschemia_002,aVF,1,InferiorIschemia,-604,qR,1,0.0246,0,643,1,251,500,,,,,,,,,,2,2,0.0,15,16,-2.0,31,31,0.0,,,,53,51,4.0,54,54,0.0,181,108,146.0,181,187,-12.0,4.0,-12.0,-12.0,-158.0
InferiorIschemia_002,V1,1,InferiorIschemia,-604,rS,1,0.0328,0,643,1,251,500,,,,,,,,,,2,2,0.0,,,,7,7,0.0,31,31,0.0,53,51,4.0,54,76,-44.0,144,144,0.0,177,172,10.0,4.0,10.0,54.0,10.0
InferiorIschemia_002,V2,1,InferiorIschemia,-604,rS,1,0.0302,0,643,1,251,500,,,,,,,,,,2,2,0.0,,,,7,7,0.0,31,31,0.0,53,51,4.0,54,72,-36.0,143,144,-2.0,177,172,10.0,4.0,10.0,46.0,12.0
InferiorIschemia_002,V3,1,InferiorIschemia,-604,rS,1,0.0372,0,643,1,251,500,,,,,,,,,,2,2,0.0,,,,6,7,-2.0,32,32,0.0,54,51,6.0,55,69,-28.0,143,143,0.0,175,178,-6.0,6.0,-6.0,22.0,-6.0
InferiorIschemia_002,V4,1,InferiorIschemia,-604,Qrs,1,0.0338,0,643,1,251,500,,,,,,,,,,2,2,0.0,17,17,0.0,28,42,-28.0,35,,,54,51,6.0,55,74,-38.0,143,143,0.0,175,185,-20.0,6.0,-20.0,18.0,-20.0
InferiorIschemia_002,V5,1,InferiorIschemia,-604,qR,1,0.016,0,643,1,251,500,,,,,,,,,,2,2,0.0,10,11,-2.0,31,31,0.0,,,,54,51,6.0,55,69,-28.0,138,159,-42.0,177,191,-28.0,6.0,-28.0,0.0,14.0
InferiorIschemia_002,V6,1,InferiorIschemia,-604,qR,1,0.0122,0,643,1,251,500,,,,,,,,,,2,2,0.0,11,10,2.0,35,36,-2.0,,,,54,51,6.0,55,55,0.0,145,92,106.0,179,185,-12.0,6.0,-12.0,-12.0,-118.0
InferiorIschemia_003,aVR,1,InferiorIschemia,-614,QS,1,0.0034,0,628,1,241,500,,,,,,,,,,1,2,-2.0,21,21,0.0,,,,,,,44,43,2.0,45,57,-24.0,174,124,100.0,174,180,-12.0,4.0,-10.0,12.0,-112.0
InferiorIschemia_003,I,1,InferiorIschemia,-614,R,1,0.0041,0,628,1,241,500,,,,,,,,,,1,2,-2.0,,,,7,28,-42.0,,,,44,43,2.0,45,49,-8.0,175,118,114.0,175,169,12.0,4.0,14.0,20.0,-102.0
InferiorIschemia_003,II,1,InferiorIschemia,-614,R,1,0.0015,0,628,1,241,500,,,,,,,,,,1,2,-2.0,,,,9,21,-24.0,,,,44,43,2.0,45,50,-10.0,175,126,98.0,175,179,-8.0,4.0,-6.0,2.0,-106.0
InferiorIschemia_003,III,1,InferiorIschemia,-614,R,1,0.0051,0,628,1,241,500,,,,,,,,,,1,2,-2.0,,,,9,21,-24.0,,,,44,43,2.0,45,57,-24.0,142,143,-2.0,175,175,0.0,4.0,2.0,24.0,2.0
InferiorIschemia_003,aVL,1,InferiorIschemia,-614,rS,1,0.0035,0,628,1,241,500,,,,,,,,,,1,2,-2.0,,21,,6,31,-50.0,21,,,44,43,2.0,45,62,-34.0,147,147,0.0,175,180,-10.0,4.0,-8.0,24.0,-10.0
InferiorIschemia_003,aVF,1,InferiorIschemia,-614,R,1,0.0027,0,628,1,241,500,,,,,,,,,,1,2,-2.0,,,,9,21,-24.0,,,,44,43,2.0,45,57,-24.0,134,134,0.0,175,178,-6.0,4.0,-4.0,18.0,-6.0
InferiorIschemia_003,V1,1,InferiorIschemia,-614,rS,1,0.0095,0,628,1,241,500,,,,,,,,,,1,2,-2.0,,,,5,5,0.0,22,21,2.0,44,43,2.0,45,64,-38.0,141,141,0.0,174,178,-8.0,4.0,-6.0,30.0,-8.0
InferiorIschemia_003,V2,1,InferiorIschemia,-614,rS,1,0.013,0,628,1,241,500,,,,,,,,,,1,2,-2.0,,9,,4,19,-30.0,25,25,0.0,44,43,2.0,45,66,-42.0,141,141,0.0,174,176,-4.0,4.0,-2.0,38.0,-4.0
InferiorIschemia_003,V3,1,InferiorIschemia,-614,qRs,1,0.0156,0,628,1,241,500,,,,,,,,,,1,2,-2.0,8,8,0.0,19,19,0.0,31,,,45,43,4.0,46,68,-44.0,144,144,0.0,172,169,6.0,6.0,8.0,50.0,6.0
InferiorIschemia_003,V4,1,InferiorIschemia,-614,qR,1,0.0117,0,628,1,241,500,,,,,,,,,,1,2,-2.0,8,8,0.0,21,22,-2.0,,,,45,43,4.0,46,80,-68.0,147,148,-2.0,173,172,2.0,6.0,4.0,70.0,4.0
InferiorIschemia_003,V6,1,InferiorIschemia,-614,qR,1,0.0029,0,628,1,241,500,,,,,,,,,,1,2,-2.0,6,6,0.0,30,31,-2.0,,,,44,43,2.0,45,47,-4.0,152,100,104.0,175,169,12.0,4.0,14.0,16.0,-92.0
InferiorIschemia_003,V5,1,InferiorIschemia,-614,qR,1,0.0046,0,628,1,241,500,,,,,,,,,,1,2,-2.0,7,8,-2.0,29,30,-2.0,,,,45,43,4.0,46,57,-22.0,174,113,122.0,174,169,10.0,6.0,12.0,32.0,-112.0
InferiorIschemia_004,aVR,1,InferiorIschemia,-609,QS,1,0.0085,0,642,1,246,500,,,,,,,,,,1,2,-2.0,27,27,0.0,,,,,,,44,44,0.0,45,49,-8.0,175,128,94.0,175,175,0.0,2.0,2.0,8.0,-94.0
InferiorIschemia_004,II,1,InferiorIschemia,-609,R,1,0.0065,0,642,1,246,500,,,,,,,,,,1,2,-2.0,,,,10,27,-34.0,,,,43,44,-2.0,44,54,-20.0,175,118,114.0,175,176,-2.0,0.0,0.0,18.0,-116.0
InferiorIschemia_004,III,1,InferiorIschemia,-609,qR,1,0.0184,0,642,1,246,500,,,,,,,,,,1,2,-2.0,13,14,-2.0,26,26,0.0,,,,43,44,-2.0,44,48,-8.0,139,85,108.0,175,175,0.0,0.0,2.0,8.0,-108.0
InferiorIschemia_004,aVL,1,InferiorIschemia,-609,RS,1,0.0106,0,642,1,246,500,,,,,,,,,,1,2,-2.0,,,,8,14,-12.0,25,26,-2.0,43,44,-2.0,44,78,-68.0,138,138,0.0,175,179,-8.0,0.0,-6.0,60.0,-8.0
InferiorIschemia_004,aVF,1,InferiorIschemia,-609,qR,1,0.0095,0,642,1,246,500,,,,,,,,,,1,2,-2.0,7,,,26,26,0.0,,,,44,44,0.0,45,49,-8.0,175,102,146.0,175,177,-4.0,2.0,-2.0,4.0,-150.0
InferiorIschemia_004,V1,1,InferiorIschemia,-609,rS,1,0.0275,0,642,1,246,500,,,,,,,,,,1,2,-2.0,,,,4,5,-2.0,21,21,0.0,43,44,-2.0,44,60,-32.0,143,144,-2.0,175,175,0.0,0.0,2.0,32.0,2.0
InferiorIschemia_004,V2,1,InferiorIschemia,-609,rS,1,0.0224,0,642,1,246,500,,,,,,,,,,1,2,-2.0,,25,,3,,,25,,,43,44,-2.0,44,61,-34.0,142,142,0.0,174,175,-2.0,0.0,0.0,32.0,-2.0
InferiorIschemia_004,V3,1,InferiorIschemia,-609,QRs,1,0.0205,0,642,1,246,500,,,,,,,,,,1,2,-2.0,10,10,0.0,24,25,-2.0,33,33,0.0,44,44,0.0,45,65,-40.0,141,141,0.0,173,175,-4.0,2.0,-2.0,36.0,-4.0
InferiorIschemia_004,V4,1,InferiorIschemia,-609,qR,1,0.0193,0,642,1,246,500,,,,,,,,,,1,2,-2.0,9,10,-2.0,26,26,0.0,,,,44,44,0.0,45,97,-104.0,80,152,-144.0,173,175,-4.0,2.0,-2.0,100.0,140.0
InferiorIschemia_004,V5,1,InferiorIschemia,-609,R,1,0.0118,0,642,1,246,500,,,,,,,,,,1,2,-2.0,,,,31,31,0.0,,,,44,44,0.0,45,87,-84.0,174,117,114.0,174,175,-2.0,2.0,0.0,82.0,-116.0
InferiorIschemia_004,I,1,InferiorIschemia,-609,R,1,0.0127,0,642,1,246,500,,,,,,,,,,1,2,-2.0,,,,14,14,0.0,,,,43,44,-2.0,44,46,-4.0,135,136,-2.0,175,175,0.0,0.0,2.0,4.0,2.0
InferiorIschemia_004,V6,1,InferiorIschemia,-609,R,1,0.0078,0,642,1,246,500,,,,,,,,,,1,2,-2.0,,,,32,32,0.0,,,,44,44,0.0,45,46,-2.0,175,100,150.0,175,175,0.0,2.0,2.0,2.0,-150.0
InferiorIschemia_005,III,1,InferiorIschemia,-611,qR,1,0.0268,0,624,1,244,500,,,,,,,,,,2,2,0.0,8,8,0.0,23,23,0.0,,,,42,40,4.0,43,44,-2.0,150,150,0.0,170,168,4.0,4.0,4.0,6.0,4.0
InferiorIschemia_005,I,1,InferiorIschemia,-611,R,1,0.0102,0,624,1,244,500,,,,,,,,,,2,2,0.0,,,,11,11,0.0,,,,42,40,4.0,43,59,-32.0,129,129,0.0,171,168,6.0,4.0,6.0,38.0,6.0
InferiorIschemia_005,II,1,InferiorIschemia,-611,R,1,0.0112,0,624,1,244,500,,,,,,,,,,2,2,0.0,,,,23,23,0.0,,,,42,40,4.0,43,44,-2.0,170,124,92.0,170,168,4.0,4.0,4.0,6.0,-88.0
InferiorIschemia_005,aVR,1,InferiorIschemia,-611,QS,1,0.0148,0,624,1,244,500,,,,,,,,,,2,2,0.0,23,23,0.0,,,,,,,42,40,4.0,43,46,-6.0,170,127,86.0,170,176,-12.0,4.0,-12.0,-6.0,-98.0
InferiorIschemia_005,aVL,1,InferiorIschemia,-611,RS,1,0.0137,0,624,1,244,500,,,,,,,,,,2,2,0.0,,,,10,11,-2.0,23,23,0.0,42,40,4.0,43,42,2.0,151,152,-2.0,170,176,-12.0,4.0,-12.0,-14.0,-10.0
InferiorIschemia_005,aVF,1,InferiorIschemia,-611,R,1,0.0175,0,624,1,244,500,,,,,,,,,,2,2,0.0,,8,,23,23,0.0,,,,42,40,4.0,43,49,-12.0,170,121,98.0,170,174,-8.0,4.0,-8.0,4.0,-106.0
InferiorIschemia_005,V1,1,InferiorIschemia,-611,rS,1,0.0371,0,624,1,244,500,,,,,,,,,,2,2,0.0,,,,6,6,0.0,21,21,0.0,42,40,4.0,43,62,-38.0,142,143,-2.0,170,168,4.0,4.0,4.0,42.0,6.0
InferiorIschemia_005,V2,1,InferiorIschemia,-611,rS,1,0.0357,0,624,1,244,500,,,,,,,,,,2,2,0.0,,24,,6,,,24,,,42,40,4.0,43,70,-54.0,142,142,0.0,170,168,4.0,4.0,4.0,58.0,4.0
InferiorIschemia_005,V3,1,InferiorIschemia,-611,qRs,1,0.0379,0,624,1,244,500,,,,,,,,,,2,2,0.0,9,9,0.0,15,15,0.0,25,25,0.0,42,40,4.0,43,72,-58.0,143,144,-2.0,169,179,-20.0,4.0,-20.0,38.0,-18.0
InferiorIschemia_005,V4,1,InferiorIschemia,-611,qR,1,0.0306,0,624,1,244,500,,,,,,,,,,2,2,0.0,8,8,0.0,15,15,0.0,,,,42,40,4.0,43,94,-102.0,147,147,0.0,169,168,2.0,4.0,2.0,104.0,2.0
InferiorIschemia_005,V6,1,InferiorIschemia,-611,R,1,0.0217,0,624,1,244,500,,,,,,,,,,2,2,0.0,,,,13,29,-32.0,,,,42,40,4.0,43,49,-12.0,170,103,134.0,170,175,-10.0,4.0,-10.0,2.0,-144.0
InferiorIschemia_005,V5,1,InferiorIschemia,-611,R,1,0.027,0,624,1,244,500,,,,,,,,,,2,2,0.0,,,,15,30,-30.0,,,,42,40,4.0,43,49,-12.0,170,112,116.0,170,168,4.0,4.0,4.0,16.0,-112.0
InferiorIschemia_006,aVR,1,InferiorIschemia,-611,QS,1,0.0258,0,626,1,244,500,,,,,,,,,,1,2,-2.0,24,24,0.0,,,,,,,45,39,12.0,46,51,-10.0,132,132,0.0,171,175,-8.0,14.0,-6.0,2.0,-8.0
InferiorIschemia_006,II,1,InferiorIschemia,-611,R,1,0.0269,0,626,1,244,500,,,,,,,,,,1,2,-2.0,,,,10,24,-28.0,,,,45,39,12.0,46,51,-10.0,171,126,90.0,171,177,-12.0,14.0,-10.0,-2.0,-102.0
InferiorIschemia_006,III,1,InferiorIschemia,-611,rS,1,0.061,0,626,1,244,500,,,,,,,,,,1,2,-2.0,,14,,9,24,-30.0,14,,,46,39,14.0,47,55,-16.0,171,112,118.0,171,178,-14.0,16.0,-12.0,2.0,-132.0
InferiorIschemia_006,aVL,1,InferiorIschemia,-611,rS,1,0.0275,0,626,1,244,500,,,,,,,,,,1,2,-2.0,,,,7,14,-14.0,24,24,0.0,45,39,12.0,46,41,10.0,138,87,102.0,172,166,12.0,14.0,14.0,2.0,-90.0
InferiorIschemia_006,aVF,1,InferiorIschemia,-611,R,1,0.0527,0,626,1,244,500,,,,,,,,,,1,2,-2.0,,14,,10,25,-30.0,,,,46,39,14.0,47,55,-16.0,171,118,106.0,171,176,-10.0,16.0,-8.0,6.0,-116.0
InferiorIschemia_006,V1,1,InferiorIschemia,-611,rS,1,0.0479,0,626,1,244,500,,,,,,,,,,1,2,-2.0,,,,8,8,0.0,22,22,0.0,44,39,10.0,45,59,-28.0,142,142,0.0,170,176,-12.0,12.0,-10.0,16.0,-12.0
InferiorIschemia_006,V2,1,InferiorIschemia,-611,rS,1,0.0425,0,626,1,244,500,,,,,,,,,,1,2,-2.0,,,,5,8,-6.0,21,22,-2.0,45,39,12.0,46,55,-18.0,141,141,0.0,170,181,-22.0,14.0,-20.0,-4.0,-22.0
InferiorIschemia_006,V3,1,InferiorIschemia,-611,rS,1,0.0413,0,626,1,244,500,,,,,,,,,,1,2,-2.0,,,,4,5,-2.0,21,21,0.0,46,39,14.0,47,66,-38.0,140,141,-2.0,169,168,2.0,16.0,4.0,40.0,4.0
InferiorIschemia_006,V4,1,InferiorIschemia,-611,RS,1,0.0519,0,626,1,244,500,,,,,,,,,,1,2,-2.0,,8,,4,24,-40.0,33,33,0.0,46,39,14.0,47,72,-50.0,141,141,0.0,170,167,6.0,16.0,8.0,56.0,6.0
InferiorIschemia_006,V5,1,InferiorIschemia,-611,R,1,0.042,0,626,1,244,500,,,,,,,,,,1,2,-2.0,,,,17,24,-14.0,,,,46,39,14.0,47,76,-58.0,170,119,102.0,170,168,4.0,16.0,6.0,62.0,-98.0
InferiorIschemia_006,V6,1,InferiorIschemia,-611,R,1,0.0365,0,626,1,244,500,,,,,,,,,,1,2,-2.0,,,,27,27,0.0,,,,46,39,14.0,47,51,-8.0,171,101,140.0,171,166,10.0,16.0,12.0,18.0,-130.0
InferiorIschemia_006,I,1,InferiorIschemia,-611,R,1,0.0277,0,626,1,244,500,,,,,,,,,,1,2,-2.0,,,,14,14,0.0,,,,45,39,12.0,46,51,-10.0,135,135,0.0,171,166,10.0,14.0,12.0,20.0,10.0
InferiorIschemia_007,III,1,InferiorIschemia,-612,qR,1,0.0043,0,629,1,243,500,,,,,,,,,,3,3,0.0,7,7,0.0,19,20,-2.0,,,,44,43,2.0,45,52,-14.0,145,146,-2.0,172,167,10.0,2.0,10.0,24.0,12.0
InferiorIschemia_007,II,1,InferiorIschemia,-612,qR,1,0.0018,0,629,1,243,500,,,,,,,,,,3,3,0.0,6,,,20,24,-8.0,,,,44,43,2.0,45,52,-14.0,173,107,132.0,173,167,12.0,2.0,12.0,26.0,-120.0
InferiorIschemia_007,V3,1,InferiorIschemia,-612,qRs,1,0.0186,0,629,1,243,500,,,,,,,,,,3,3,0.0,10,10,0.0,23,23,0.0,35,,,44,43,2.0,45,101,-112.0,143,144,-2.0,170,167,6.0,2.0,6.0,118.0,8.0
InferiorIschemia_007,I,1,InferiorIschemia,-612,RS,1,0.0041,0,629,1,243,500,,,,,,,,,,3,3,0.0,,11,,7,24,-34.0,11,,,44,43,2.0,45,52,-14.0,149,103,92.0,172,167,10.0,2.0,10.0,24.0,-82.0
InferiorIschemia_007,aVR,1,InferiorIschemia,-612,QS,1,0.004,0,629,1,243,500,,,,,,,,,,3,3,0.0,23,24,-2.0,,,,,,,44,43,2.0,45,52,-14.0,172,105,134.0,172,167,10.0,2.0,10.0,24.0,-124.0
InferiorIschemia_007,aVL,1,InferiorIschemia,-612,rS,1,0.0037,0,629,1,243,500,,,,,,,,,,3,3,0.0,,,,7,7,0.0,18,18,0.0,44,43,2.0,45,52,-14.0,147,147,0.0,173,167,12.0,2.0,12.0,26.0,12.0
InferiorIschemia_007,aVF,1,InferiorIschemia,-612,qR,1,0.0028,0,629,1,243,500,,,,,,,,,,3,3,0.0,7,7,0.0,20,20,0.0,,,,44,43,2.0,45,52,-14.0,172,109,126.0,172,167,10.0,2.0,10.0,24.0,-116.0
InferiorIschemia_007,V1,1,InferiorIschemia,-612,QS,1,0.012,0,629,1,243,500,,,,,,,,,,3,3,0.0,19,19,0.0,,,,,,,44,43,2.0,45,52,-14.0,140,141,-2.0,172,167,10.0,2.0,10.0,24.0,12.0
InferiorIschemia_007,V2,1,InferiorIschemia,-612,Qrs,1,0.018,0,629,1,243,500,,,,,,,,,,3,3,0.0,10,11,-2.0,22,23,-2.0,28,28,0.0,43,43,0.0,44,52,-16.0,141,141,0.0,172,167,10.0,0.0,10.0,26.0,10.0
InferiorIschemia_007,V4,1,InferiorIschemia,-612,qR,1,0.0124,0,629,1,243,500,,,,,,,,,,3,3,0.0,9,10,-2.0,23,23,0.0,,,,44,43,2.0,45,52,-14.0,97,98,-2.0,170,167,6.0,2.0,6.0,20.0,8.0
InferiorIschemia_007,V5,1,InferiorIschemia,-612,qR,1,0.0051,0,629,1,243,500,,,,,,,,,,3,3,0.0,10,10,0.0,24,25,-2.0,,,,44,43,2.0,45,52,-14.0,148,104,88.0,172,167,10.0,2.0,10.0,24.0,-78.0
InferiorIschemia_007,V6,1,InferiorIschemia,-612,qR,1,0.0035,0,629,1,243,500,,,,,,,,,,3,3,0.0,10,10,0.0,27,27,0.0,,,,44,43,2.0,45,52,-14.0,145,101,88.0,174,167,14.0,2.0,14.0,28.0,-74.0
InferiorIschemia_008,I,1,InferiorIschemia,-612,R,1,0.0014,0,637,1,243,500,,,,,,,,,,1,2,-2.0,,,,14,14,0.0,,,,44,41,6.0,45,53,-16.0,135,135,0.0,178,171,14.0,8.0,16.0,30.0,14.0
InferiorIschemia_008,aVR,1,InferiorIschemia,-612,QS,1,0.0009,0,637,1,243,500,,,,,,,,,,1,2,-2.0,23,23,0.0,,,,,,,45,41,8.0,51,53,-4.0,177,129,96.0,177,175,4.0,10.0,6.0,8.0,-92.0
InferiorIschemia_008,V3,1,InferiorIschemia,-612,QRs,1,0.004,0,637,1,243,500,,,,,,,,,,1,2,-2.0,13,14,-2.0,22,22,0.0,34,,,44,41,6.0,49,64,-30.0,139,139,0.0,174,171,6.0,8.0,8.0,36.0,6.0
InferiorIschemia_008,V4,1,InferiorIschemia,-612,qR,1,0.0024,0,637,1,243,500,,,,,,,,,,1,2,-2.0,11,11,0.0,23,23,0.0,,,,44,41,6.0,49,66,-34.0,139,139,0.0,175,171,8.0,8.0,10.0,42.0,8.0
InferiorIschemia_008,II,1,InferiorIschemia,-612,R,1,0.0006,0,637,1,243,500,,,,,,,,,,1,2,-2.0,,,,23,23,0.0,,,,45,41,8.0,46,53,-14.0,177,117,120.0,177,171,12.0,10.0,14.0,26.0,-108.0
InferiorIschemia_008,III,1,InferiorIschemia,-612,QR,1,0.0016,0,637,1,243,500,,,,,,,,,,1,2,-2.0,13,14,-2.0,23,23,0.0,,,,44,41,6.0,45,53,-16.0,140,79,122.0,177,171,12.0,8.0,14.0,28.0,-110.0
InferiorIschemia_008,aVL,1,InferiorIschemia,-612,RS,1,0.0015,0,637,1,243,500,,,,,,,,,,1,2,-2.0,,,,13,14,-2.0,23,24,-2.0,44,41,6.0,45,53,-16.0,138,138,0.0,177,171,12.0,8.0,14.0,28.0,12.0
InferiorIschemia_008,aVF,1,InferiorIschemia,-612,qR,1,0.0007,0,637,1,243,500,,,,,,,,,,1,2,-2.0,13,14,-2.0,23,23,0.0,,,,45,41,8.0,51,53,-4.0,176,106,140.0,176,171,10.0,10.0,12.0,14.0,-130.0
InferiorIschemia_008,V1,1,InferiorIschemia,-612,rS,1,0.0046,0,637,1,243,500,,,,,,,,,,1,2,-2.0,,,,6,7,-2.0,21,21,0.0,44,41,6.0,45,53,-16.0,141,141,0.0,177,171,12.0,8.0,14.0,28.0,12.0
InferiorIschemia_008,V2,1,InferiorIschemia,-612,rS,1,0.005,0,637,1,243,500,,,,,,,,,,1,2,-2.0,,16,,5,,,16,,,44,41,6.0,45,53,-16.0,140,140,0.0,176,171,10.0,8.0,12.0,26.0,10.0
InferiorIschemia_008,V5,1,InferiorIschemia,-612,qR,1,0.0008,0,637,1,243,500,,,,,,,,,,1,2,-2.0,8,9,-2.0,23,23,0.0,,,,45,41,8.0,52,53,-2.0,177,112,130.0,177,171,12.0,10.0,14.0,14.0,-118.0
InferiorIschemia_008,V6,1,InferiorIschemia,-612,qR,1,0.0008,0,637,1,243,500,,,,,,,,,,1,2,-2.0,7,8,-2.0,29,30,-2.0,,,,45,41,8.0,50,53,-6.0,177,101,152.0,177,171,12.0,10.0,14.0,18.0,-140.0
InferiorIschemia_009,I,1,InferiorIschemia,-611,R,1,0.023,0,638,1,244,500,,,,,,,,,,1,2,-2.0,,,,15,25,-20.0,,,,44,39,10.0,45,76,-62.0,138,138,0.0,172,168,8.0,12.0,10.0,70.0,8.0
InferiorIschemia_009,V3,1,InferiorIschemia,-611,rS,1,0.03,0,638,1,244,500,,,,,,,,,,1,2,-2.0,,17,,4,,,21,,,45,39,12.0,51,68,-34.0,141,141,0.0,170,175,-10.0,14.0,-8.0,24.0,-10.0
InferiorIschemia_009,V4,1,InferiorIschemia,-611,rS,1,0.0257,0,638,1,244,500,,,,,,,,,,1,2,-2.0,,14,,4,26,-44.0,14,35,-42.0,44,39,10.0,51,62,-22.0,141,141,0.0,170,168,4.0,12.0,6.0,26.0,4.0
InferiorIschemia_009,V5,1,InferiorIschemia,-611,qR,1,0.0205,0,638,1,244,500,,,,,,,,,,1,2,-2.0,11,11,0.0,24,25,-2.0,,,,44,39,10.0,53,70,-34.0,146,146,0.0,171,168,6.0,12.0,8.0,40.0,6.0
InferiorIschemia_009,II,1,InferiorIschemia,-611,R,1,0.0118,0,638,1,244,500,,,,,,,,,,1,2,-2.0,,,,9,25,-32.0,,,,45,39,12.0,47,55,-16.0,172,120,104.0,172,168,8.0,14.0,10.0,24.0,-96.0
InferiorIschemia_009,III,1,InferiorIschemia,-611,Qrs,1,0.0569,0,638,1,244,500,,,,,,,,,,1,2,-2.0,14,15,-2.0,20,19,2.0,29,29,0.0,44,39,10.0,45,55,-20.0,141,141,0.0,172,168,8.0,12.0,10.0,28.0,8.0
InferiorIschemia_009,aVR,1,InferiorIschemia,-611,QS,1,0.0118,0,638,1,244,500,,,,,,,,,,1,2,-2.0,25,25,0.0,,,,,,,43,39,8.0,50,55,-10.0,134,134,0.0,171,168,6.0,10.0,8.0,16.0,6.0
InferiorIschemia_009,aVL,1,InferiorIschemia,-611,R,1,0.0253,0,638,1,244,500,,,,,,,,,,1,2,-2.0,,,,14,15,-2.0,,41,,43,39,8.0,49,55,-12.0,139,139,0.0,172,168,8.0,10.0,10.0,20.0,8.0
InferiorIschemia_009,aVF,1,InferiorIschemia,-611,qR,1,0.025,0,638,1,244,500,,,,,,,,,,1,2,-2.0,14,14,0.0,25,25,0.0,,,,43,39,8.0,50,55,-10.0,171,92,158.0,171,168,6.0,10.0,8.0,16.0,-152.0
InferiorIschemia_009,V1,1,InferiorIschemia,-611,rS,1,0.0413,0,638,1,244,500,,,,,,,,,,1,2,-2.0,,,,8,9,-2.0,24,24,0.0,44,39,10.0,46,55,-18.0,142,143,-2.0,171,168,6.0,12.0,8.0,24.0,8.0
InferiorIschemia_009,V2,1,InferiorIschemia,-611,rS,1,0.0305,0,638,1,244,500,,,,,,,,,,1,2,-2.0,,,,5,7,-4.0,23,23,0.0,46,39,14.0,47,55,-16.0,142,142,0.0,171,168,6.0,16.0,8.0,22.0,6.0
InferiorIschemia_009,V6,1,InferiorIschemia,-611,qR,1,0.0157,0,638,1,244,500,,,,,,,,,,1,2,-2.0,8,8,0.0,24,24,0.0,,,,44,39,10.0,50,55,-10.0,171,103,136.0,171,168,6.0,12.0,8.0,16.0,-130.0
InferiorIschemia_010,aVR,1,InferiorIschemia,-608,QS,1,0.0083,0,642,1,247,500,,,,,,,,,,2,2,0.0,28,28,0.0,,,,,,,44,42,4.0,45,53,-16.0,180,127,106.0,180,171,18.0,4.0,18.0,34.0,-88.0
InferiorIschemia_010,I,1,InferiorIschemia,-608,R,1,0.0132,0,642,1,247,500,,,,,,,,,,2,2,0.0,,,,13,33,-40.0,,,,43,42,2.0,44,53,-18.0,134,134,0.0,182,171,22.0,2.0,22.0,40.0,22.0
InferiorIschemia_010,aVL,1,InferiorIschemia,-608,RS,1,0.0071,0,642,1,247,500,,,,,,,,,,2,2,0.0,,,,13,13,0.0,24,25,-2.0,44,42,4.0,45,52,-14.0,137,137,0.0,180,175,10.0,4.0,10.0,24.0,10.0
InferiorIschemia_010,aVF,1,InferiorIschemia,-608,qR,1,0.0057,0,642,1,247,500,,,,,,,,,,2,2,0.0,12,13,-2.0,27,27,0.0,,,,45,42,6.0,46,53,-14.0,141,71,140.0,179,187,-16.0,6.0,-16.0,-2.0,-156.0
InferiorIschemia_010,V1,1,InferiorIschemia,-608,rS,1,0.0185,0,642,1,247,500,,,,,,,,,,2,2,0.0,,26,,5,,,26,,,44,42,4.0,45,60,-30.0,144,144,0.0,178,171,14.0,4.0,14.0,44.0,14.0
InferiorIschemia_010,V2,1,InferiorIschemia,-608,QS,1,0.0141,0,642,1,247,500,,,,,,,,,,2,2,0.0,26,26,0.0,,,,,,,44,42,4.0,45,53,-16.0,142,142,0.0,178,177,2.0,4.0,2.0,18.0,2.0
InferiorIschemia_010,V3,1,InferiorIschemia,-608,QS,1,0.0172,0,642,1,247,500,,,,,,,,,,2,2,0.0,13,13,0.0,,,,,,,44,42,4.0,45,65,-40.0,141,142,-2.0,176,171,10.0,4.0,10.0,50.0,12.0
InferiorIschemia_010,V4,1,InferiorIschemia,-608,QR,1,0.013,0,642,1,247,500,,,,,,,,,,2,2,0.0,12,13,-2.0,29,29,0.0,,,,44,42,4.0,45,44,2.0,73,76,-6.0,178,171,14.0,4.0,14.0,12.0,20.0
InferiorIschemia_010,V5,1,InferiorIschemia,-608,qR,1,0.0059,0,642,1,247,500,,,,,,,,,,2,2,0.0,9,10,-2.0,30,30,0.0,,,,45,42,6.0,46,69,-46.0,143,144,-2.0,179,171,16.0,6.0,16.0,62.0,18.0
InferiorIschemia_010,V6,1,InferiorIschemia,-608,R,1,0.005,0,642,1,247,500,,,,,,,,,,2,2,0.0,,,,32,32,0.0,,,,44,42,4.0,45,47,-4.0,150,99,102.0,180,171,18.0,4.0,18.0,22.0,-84.0
InferiorIschemia_010,II,1,InferiorIschemia,-608,qR,1,0.0049,0,642,1,247,500,,,,,,,,,,2,2,0.0,12,13,-2.0,27,28,-2.0,,,,44,42,4.0,45,53,-16.0,180,111,138.0,180,171,18.0,4.0,18.0,34.0,-120.0
InferiorIschemia_010,III,1,InferiorIschemia,-608,qR,1,0.0081,0,642,1,247,500,,,,,,,,,,2,2,0.0,12,13,-2.0,26,27,-2.0,,,,44,42,4.0,45,53,-16.0,139,139,0.0,179,171,16.0,4.0,16.0,32.0,16.0
AnteriorInfarction_001,I,1,AnteriorInfarction,-613,RS,1,0.1111,0,638,1,242,500,,,,,,,,,,1,0,2.0,,13,,7,30,-46.0,12,,,47,42,10.0,48,46,4.0,162,161,2.0,312,249,126.0,8.0,124.0,122.0,124.0
AnteriorInfarction_001,III,1,AnteriorInfarction,-613,rS,1,0.1064,0,638,1,242,500,,,,,,,,,,1,0,2.0,,,,5,16,-22.0,30,30,0.0,47,42,10.0,48,46,4.0,143,143,0.0,296,251,90.0,8.0,88.0,86.0,90.0
AnteriorInfarction_001,aVR,1,AnteriorInfarction,-613,QS,1,0.1089,0,638,1,242,500,,,,,,,,,,1,0,2.0,23,23,0.0,,,,,,,48,42,12.0,49,76,-54.0,140,140,0.0,302,255,94.0,10.0,92.0,148.0,94.0
AnteriorInfarction_001,aVL,1,AnteriorInfarction,-613,QRs,1,0.0967,0,638,1,242,500,,,,,,,,,,1,0,2.0,14,14,0.0,30,30,0.0,44,,,47,42,10.0,48,46,4.0,145,145,0.0,302,252,100.0,8.0,98.0,96.0,100.0
AnteriorInfarction_001,aVF,1,AnteriorInfarction,-613,Rs,1,0.0696,0,638,1,242,500,,,,,,,,,,1,0,2.0,,,,16,23,-14.0,30,30,0.0,47,42,10.0,52,46,12.0,142,143,-2.0,294,234,120.0,8.0,118.0,108.0,122.0
AnteriorInfarction_001,V2,1,AnteriorInfarction,-613,rS,1,0.132,0,638,1,242,500,,,,,,,,,,1,0,2.0,,,,4,5,-2.0,19,19,0.0,47,42,10.0,48,56,-16.0,140,140,0.0,300,262,76.0,8.0,74.0,92.0,76.0
AnteriorInfarction_001,V3,1,AnteriorInfarction,-613,qR,1,0.0955,0,638,1,242,500,,,,,,,,,,1,0,2.0,8,8,0.0,25,25,0.0,,,,47,42,10.0,48,139,-182.0,156,156,0.0,287,269,36.0,8.0,34.0,218.0,36.0
AnteriorInfarction_001,V4,1,AnteriorInfarction,-613,qR,1,0.0803,0,638,1,242,500,,,,,,,,,,1,0,2.0,7,8,-2.0,23,23,0.0,,,,47,42,10.0,55,46,18.0,130,133,-6.0,296,253,86.0,8.0,84.0,68.0,92.0
AnteriorInfarction_001,V5,1,AnteriorInfarction,-613,qR,1,0.0863,0,638,1,242,500,,,,,,,,,,1,0,2.0,7,7,0.0,22,22,0.0,,,,47,42,10.0,55,96,-82.0,152,152,0.0,297,251,92.0,8.0,90.0,174.0,92.0
AnteriorInfarction_001,V6,1,AnteriorInfarction,-613,R,1,0.0816,0,638,1,242,500,,,,,,,,,,1,0,2.0,,5,,21,22,-2.0,,,,47,42,10.0,48,46,4.0,147,147,0.0,308,252,112.0,8.0,110.0,108.0,112.0
AnteriorInfarction_001,II,1,AnteriorInfarction,-613,R,1,0.08,0,638,1,242,500,,,,,,,,,,1,0,2.0,,,,23,23,0.0,,,,47,42,10.0,48,46,4.0,142,142,0.0,300,172,256.0,8.0,254.0,252.0,256.0
AnteriorInfarction_001,V1,1,AnteriorInfarction,-613,rS,1,0.1274,0,638,1,242,500,,,,,,,,,,1,0,2.0,,,,7,7,0.0,20,20,0.0,47,42,10.0,48,46,4.0,141,142,-2.0,304,262,84.0,8.0,82.0,80.0,86.0
AnteriorInfarction_002,V1,1,AnteriorInfarction,-603,rS,1,0.0592,0,636,1,252,500,,,,,,,,,,0,2,-4.0,,,,7,12,-10.0,33,33,0.0,58,57,2.0,87,66,42.0,153,153,0.0,303,277,52.0,6.0,56.0,10.0,52.0
AnteriorInfarction_002,I,1,AnteriorInfarction,-603,R,1,0.0641,0,636,1,252,500,,,,,,,,,,0,2,-4.0,,,,8,34,-52.0,,,,59,57,4.0,88,143,-110.0,172,172,0.0,308,277,62.0,8.0,66.0,172.0,62.0
AnteriorInfarction_002,II,1,AnteriorInfarction,-603,R,1,0.0412,0,636,1,252,500,,,,,,,,,,0,2,-4.0,,,,11,12,-2.0,,,,59,57,4.0,88,61,54.0,145,145,0.0,296,281,30.0,8.0,34.0,-24.0,30.0
AnteriorInfarction_002,III,1,AnteriorInfarction,-603,RS,1,0.0615,0,636,1,252,500,,,,,,,,,,0,2,-4.0,,,,11,12,-2.0,35,35,0.0,59,57,4.0,88,61,54.0,146,147,-2.0,300,281,38.0,8.0,42.0,-16.0,40.0
AnteriorInfarction_002,aVR,1,AnteriorInfarction,-603,QS,1,0.0413,0,636,1,252,500,,,,,,,,,,0,2,-4.0,32,32,0.0,,,,,,,59,57,4.0,89,78,22.0,144,144,0.0,296,263,66.0,8.0,70.0,44.0,66.0
AnteriorInfarction_002,aVL,1,AnteriorInfarction,-603,qRs,1,0.0495,0,636,1,252,500,,,,,,,,,,0,2,-4.0,12,12,0.0,35,35,0.0,59,56,6.0,59,57,4.0,88,61,54.0,149,149,0.0,301,283,36.0,8.0,40.0,-18.0,36.0
AnteriorInfarction_002,aVF,1,AnteriorInfarction,-603,Rs,1,0.0428,0,636,1,252,500,,,,,,,,,,0,2,-4.0,,,,11,12,-2.0,35,36,-2.0,59,57,4.0,89,61,56.0,145,146,-2.0,297,279,36.0,8.0,40.0,-20.0,38.0
AnteriorInfarction_002,V2,1,AnteriorInfarction,-603,RS,1,0.0531,0,636,1,252,500,,,,,,,,,,0,2,-4.0,,,,7,12,-10.0,33,33,0.0,59,57,4.0,86,65,42.0,151,151,0.0,295,282,26.0,8.0,30.0,-16.0,26.0
AnteriorInfarction_002,V3,1,AnteriorInfarction,-603,RS,1,0.0267,0,636,1,252,500,,,,,,,,,,0,2,-4.0,,,,7,12,-10.0,33,34,-2.0,59,57,4.0,88,155,-134.0,176,176,0.0,294,283,22.0,8.0,26.0,156.0,22.0
AnteriorInfarction_002,V4,1,AnteriorInfarction,-603,R,1,0.0336,0,636,1,252,500,,,,,,,,,,0,2,-4.0,,8,,4,42,-76.0,,,,59,57,4.0,90,61,58.0,160,161,-2.0,297,282,30.0,8.0,34.0,-28.0,32.0
AnteriorInfarction_002,V5,1,AnteriorInfarction,-603,qR,1,0.0328,0,636,1,252,500,,,,,,,,,,0,2,-4.0,9,9,0.0,32,32,0.0,,,,59,57,4.0,91,61,60.0,158,156,4.0,293,275,36.0,8.0,40.0,-24.0,32.0
AnteriorInfarction_002,V6,1,AnteriorInfarction,-603,qR,1,0.045,0,636,1,252,500,,,,,,,,,,0,2,-4.0,8,8,0.0,26,26,0.0,,,,60,57,6.0,89,61,56.0,153,153,0.0,297,277,40.0,10.0,44.0,-16.0,40.0
