record_id,lead,beat_id,disease_class,crop_start,qrs_pattern_pred,order_ok_pred,p_head_prob,seg_emits_p,qrs_anchor,anchor_in_qrs,window_end,read_end,p_onset_pred,p_onset_true,p_onset_err_ms,p_peak_pred,p_peak_true,p_peak_err_ms,p_offset_pred,p_offset_true,p_offset_err_ms,qrs_onset_pred,qrs_onset_true,qrs_onset_err_ms,q_peak_pred,q_peak_true,q_peak_err_ms,r_peak_pred,r_peak_true,r_peak_err_ms,s_peak_pred,s_peak_true,s_peak_err_ms,qrs_offset_pred,qrs_offset_true,qrs_offset_err_ms,t_onset_pred,t_onset_true,t_onset_err_ms,t_peak_pred,t_peak_true,t_peak_err_ms,t_offset_pred,t_offset_true,t_offset_err_ms,qrs_duration_err_ms,qt_interval_err_ms,t_duration_err_ms,t_peak_to_end_err_ms
AnteriorInfarction_003,V3,1,AnteriorInfarction,-606,qRs,1,0.0024,0,628,1,249,500,,,,,,,,,,2,4,-4.0,8,9,-2.0,31,31,0.0,50,,,50,44,12.0,68,49,38.0,162,162,0.0,255,248,14.0,16.0,18.0,-24.0,14.0
AnteriorInfarction_003,I,1,AnteriorInfarction,-606,R,1,0.0023,0,628,1,249,500,,,,,,,,,,2,4,-4.0,,,,7,25,-36.0,,,,49,44,10.0,67,68,-2.0,141,141,0.0,259,251,16.0,14.0,20.0,18.0,16.0
AnteriorInfarction_003,II,1,AnteriorInfarction,-606,R,1,0.0011,0,628,1,249,500,,,,,,,,,,2,4,-4.0,,,,10,24,-28.0,,,,50,44,12.0,68,68,0.0,142,143,-2.0,260,252,16.0,16.0,20.0,16.0,18.0
AnteriorInfarction_003,III,1,AnteriorInfarction,-606,RS,1,0.0065,0,628,1,249,500,,,,,,,,,,2,4,-4.0,,,,10,17,-14.0,31,31,0.0,50,44,12.0,67,49,36.0,143,143,0.0,262,250,24.0,16.0,28.0,-12.0,24.0
AnteriorInfarction_003,aVR,1,AnteriorInfarction,-606,QS,1,0.001,0,628,1,249,500,,,,,,,,,,2,4,-4.0,24,24,0.0,,,,,,,49,44,10.0,68,49,38.0,142,142,0.0,256,180,152.0,14.0,156.0,114.0,152.0
AnteriorInfarction_003,V1,1,AnteriorInfarction,-606,rS,1,0.0058,0,628,1,249,500,,,,,,,,,,2,4,-4.0,,20,,6,36,-60.0,20,48,-56.0,50,44,12.0,67,68,-2.0,169,148,42.0,259,271,-24.0,16.0,-20.0,-22.0,-66.0
AnteriorInfarction_003,V2,1,AnteriorInfarction,-606,qRs,1,0.0058,0,628,1,249,500,,,,,,,,,,2,4,-4.0,13,14,-2.0,31,31,0.0,50,50,0.0,50,44,12.0,67,87,-40.0,162,163,-2.0,257,257,0.0,16.0,4.0,40.0,2.0
AnteriorInfarction_003,V4,1,AnteriorInfarction,-606,qR,1,0.0018,0,628,1,249,500,,,,,,,,,,2,4,-4.0,8,8,0.0,28,28,0.0,,,,50,44,12.0,69,49,40.0,140,140,0.0,254,220,68.0,16.0,72.0,28.0,68.0
AnteriorInfarction_003,V5,1,AnteriorInfarction,-606,qR,1,0.0035,0,628,1,249,500,,,,,,,,,,2,4,-4.0,6,6,0.0,24,24,0.0,,,,50,44,12.0,71,100,-58.0,154,154,0.0,260,278,-36.0,16.0,-32.0,22.0,-36.0
AnteriorInfarction_003,V6,1,AnteriorInfarction,-606,qRs,1,0.0013,0,628,1,249,500,,,,,,,,,,2,4,-4.0,6,6,0.0,24,24,0.0,32,32,0.0,49,44,10.0,69,79,-20.0,149,149,0.0,258,227,62.0,14.0,66.0,82.0,62.0
AnteriorInfarction_003,aVL,1,AnteriorInfarction,-606,qR,1,0.0024,0,628,1,249,500,,,,,,,,,,2,4,-4.0,14,14,0.0,30,30,0.0,,,,50,44,12.0,68,49,38.0,144,144,0.0,257,250,14.0,16.0,18.0,-24.0,14.0
AnteriorInfarction_003,aVF,1,AnteriorInfarction,-606,Rs,1,0.0013,0,628,1,249,500,,,,,,,,,,2,4,-4.0,,,,10,24,-28.0,31,31,0.0,50,44,12.0,68,49,38.0,143,143,0.0,258,249,18.0,16.0,22.0,-20.0,18.0
AnteriorInfarction_004,V1,1,AnteriorInfarction,-604,rS,1,0.0167,0,637,1,251,500,,,,,,,,,,0,2,-4.0,,,,5,6,-2.0,21,21,0.0,50,46,8.0,57,46,22.0,151,152,-2.0,291,270,42.0,12.0,46.0,20.0,44.0
AnteriorInfarction_004,I,1,AnteriorInfarction,-604,R,1,0.0256,0,637,1,251,500,,,,,,,,,,0,2,-4.0,,,,8,30,-44.0,,51,,50,46,8.0,58,97,-78.0,139,169,-60.0,291,252,78.0,12.0,82.0,156.0,138.0
AnteriorInfarction_004,II,1,AnteriorInfarction,-604,R,1,0.0083,0,637,1,251,500,,,,,,,,,,0,2,-4.0,,,,20,20,0.0,,,,50,46,8.0,59,68,-18.0,142,143,-2.0,284,173,222.0,12.0,226.0,240.0,224.0
AnteriorInfarction_004,III,1,AnteriorInfarction,-604,rS,1,0.0232,0,637,1,251,500,,,,,,,,,,0,2,-4.0,,,,5,18,-26.0,34,33,2.0,50,46,8.0,61,51,20.0,147,147,0.0,284,269,30.0,12.0,34.0,10.0,30.0
AnteriorInfarction_004,aVR,1,AnteriorInfarction,-604,QS,1,0.0095,0,637,1,251,500,,,,,,,,,,0,2,-4.0,29,30,-2.0,,,,,,,50,46,8.0,62,75,-26.0,141,141,0.0,286,251,70.0,12.0,74.0,96.0,70.0
AnteriorInfarction_004,aVL,1,AnteriorInfarction,-604,QRS,1,0.018,0,637,1,251,500,,,,,,,,,,0,2,-4.0,5,5,0.0,8,30,-44.0,50,51,-2.0,50,46,8.0,60,100,-80.0,154,154,0.0,284,265,38.0,12.0,42.0,118.0,38.0
AnteriorInfarction_004,aVF,1,AnteriorInfarction,-604,RS,1,0.0077,0,637,1,251,500,,,,,,,,,,0,2,-4.0,,,,6,19,-26.0,35,36,-2.0,50,46,8.0,61,74,-26.0,144,144,0.0,283,250,66.0,12.0,70.0,92.0,66.0
AnteriorInfarction_004,V2,1,AnteriorInfarction,-604,rS,1,0.0139,0,637,1,251,500,,,,,,,,,,0,2,-4.0,,,,4,12,-16.0,26,26,0.0,50,46,8.0,59,53,12.0,154,155,-2.0,283,262,42.0,12.0,46.0,30.0,44.0
AnteriorInfarction_004,V3,1,AnteriorInfarction,-604,QR,1,0.0088,0,637,1,251,500,,,,,,,,,,0,2,-4.0,9,10,-2.0,20,32,-24.0,,,,50,46,8.0,62,87,-50.0,143,175,-64.0,278,255,46.0,12.0,50.0,96.0,110.0
AnteriorInfarction_004,V4,1,AnteriorInfarction,-604,R,1,0.0107,0,637,1,251,500,,,,,,,,,,0,2,-4.0,,7,,31,31,0.0,,,,50,46,8.0,63,59,8.0,176,170,12.0,280,251,58.0,12.0,62.0,50.0,46.0
AnteriorInfarction_004,V5,1,AnteriorInfarction,-604,R,1,0.0078,0,637,1,251,500,,,,,,,,,,0,2,-4.0,,7,,26,26,0.0,,,,50,46,8.0,64,94,-60.0,148,148,0.0,284,251,66.0,12.0,70.0,126.0,66.0
AnteriorInfarction_004,V6,1,AnteriorInfarction,-604,Rs,1,0.0068,0,637,1,251,500,,,,,,,,,,0,2,-4.0,,4,,20,20,0.0,30,31,-2.0,50,46,8.0,62,62,0.0,144,144,0.0,285,251,68.0,12.0,72.0,68.0,68.0
AnteriorInfarction_005,V3,1,AnteriorInfarction,-605,QRs,1,0.0022,0,638,1,250,500,,,,,,,,,,2,5,-6.0,8,8,0.0,17,31,-28.0,49,,,49,48,2.0,61,89,-56.0,146,146,0.0,264,266,-4.0,8.0,2.0,52.0,-4.0
AnteriorInfarction_005,I,1,AnteriorInfarction,-605,R,1,0.0005,0,638,1,250,500,,,,,,,,,,1,5,-8.0,,,,10,26,-32.0,,,,49,48,2.0,60,72,-24.0,137,137,0.0,261,250,22.0,10.0,30.0,46.0,22.0
AnteriorInfarction_005,II,1,AnteriorInfarction,-605,R,1,0.0004,0,638,1,250,500,,,,,,,,,,1,5,-8.0,,,,16,24,-16.0,,44,,49,48,2.0,61,50,22.0,142,142,0.0,266,267,-2.0,10.0,6.0,-24.0,-2.0
AnteriorInfarction_005,III,1,AnteriorInfarction,-605,RS,1,0.0026,0,638,1,250,500,,,,,,,,,,1,5,-8.0,,,,6,17,-22.0,31,31,0.0,49,48,2.0,61,70,-18.0,147,148,-2.0,264,234,60.0,10.0,68.0,78.0,62.0
AnteriorInfarction_005,aVR,1,AnteriorInfarction,-605,QS,1,0.0002,0,638,1,250,500,,,,,,,,,,1,5,-8.0,24,24,0.0,,,,,,,49,48,2.0,62,66,-8.0,140,140,0.0,263,255,16.0,10.0,24.0,24.0,16.0
AnteriorInfarction_005,aVL,1,AnteriorInfarction,-605,qrS,1,0.0011,0,638,1,250,500,,,,,,,,,,1,5,-8.0,5,18,-26.0,8,31,-46.0,17,,,49,48,2.0,61,50,22.0,153,153,0.0,261,263,-4.0,10.0,4.0,-26.0,-4.0
AnteriorInfarction_005,aVF,1,AnteriorInfarction,-605,R,1,0.0004,0,638,1,250,500,,,,,,,,,,2,5,-6.0,,,,16,24,-16.0,,38,,49,48,2.0,62,52,20.0,144,144,0.0,266,262,8.0,8.0,14.0,-12.0,8.0
AnteriorInfarction_005,V1,1,AnteriorInfarction,-605,rS,1,0.0029,0,638,1,250,500,,,,,,,,,,2,5,-6.0,,23,,5,33,-56.0,23,48,-50.0,49,48,2.0,59,100,-82.0,137,137,0.0,265,269,-8.0,8.0,-2.0,74.0,-8.0
AnteriorInfarction_005,V2,1,AnteriorInfarction,-605,rS,1,0.0052,0,638,1,250,500,,,,,,,,,,1,5,-8.0,,22,,3,31,-56.0,22,53,-62.0,49,48,2.0,59,87,-56.0,142,142,0.0,265,274,-18.0,10.0,-10.0,38.0,-18.0
AnteriorInfarction_005,V4,1,AnteriorInfarction,-605,qR,1,0.0008,0,638,1,250,500,,,,,,,,,,2,5,-6.0,8,8,0.0,29,29,0.0,,,,49,48,2.0,62,58,8.0,144,145,-2.0,263,263,0.0,8.0,6.0,-8.0,2.0
AnteriorInfarction_005,V5,1,AnteriorInfarction,-605,qR,1,0.0002,0,638,1,250,500,,,,,,,,,,1,5,-8.0,6,7,-2.0,24,25,-2.0,,,,49,48,2.0,62,101,-78.0,146,172,-52.0,266,254,24.0,10.0,32.0,102.0,76.0
AnteriorInfarction_005,V6,1,AnteriorInfarction,-605,R,1,0.0004,0,638,1,250,500,,,,,,,,,,1,5,-8.0,,,,21,22,-2.0,,,,49,48,2.0,61,52,18.0,143,143,0.0,266,263,6.0,10.0,14.0,-12.0,6.0
AnteriorInfarction_006,V5,1,AnteriorInfarction,-611,R,1,0.0,0,627,1,244,500,,,,,,,,,,1,2,-2.0,,,,26,26,0.0,,,,47,43,8.0,58,98,-80.0,169,169,0.0,261,259,4.0,10.0,6.0,84.0,4.0
AnteriorInfarction_006,I,1,AnteriorInfarction,-611,R,1,0.0003,0,627,1,244,500,,,,,,,,,,0,2,-4.0,,,,8,29,-42.0,,48,,47,43,8.0,53,102,-98.0,168,168,0.0,272,255,34.0,12.0,38.0,132.0,34.0
AnteriorInfarction_006,II,1,AnteriorInfarction,-611,R,1,0.0002,0,627,1,244,500,,,,,,,,,,1,2,-2.0,,,,10,25,-30.0,,,,47,43,8.0,57,69,-24.0,140,141,-2.0,266,259,14.0,10.0,16.0,38.0,16.0
AnteriorInfarction_006,III,1,AnteriorInfarction,-611,RS,1,0.0001,0,627,1,244,500,,,,,,,,,,1,2,-2.0,,,,10,10,0.0,29,29,0.0,47,43,8.0,58,50,16.0,142,142,0.0,260,248,24.0,10.0,26.0,8.0,24.0
AnteriorInfarction_006,aVR,1,AnteriorInfarction,-611,QS,1,0.0002,0,627,1,244,500,,,,,,,,,,1,2,-2.0,25,25,0.0,,,,,,,47,43,8.0,57,62,-10.0,140,140,0.0,268,253,30.0,10.0,32.0,40.0,30.0
AnteriorInfarction_006,aVL,1,AnteriorInfarction,-611,qRs,1,0.0002,0,627,1,244,500,,,,,,,,,,1,2,-2.0,10,10,0.0,23,29,-12.0,47,,,47,43,8.0,57,91,-68.0,146,146,0.0,254,254,0.0,10.0,2.0,68.0,0.0
AnteriorInfarction_006,aVF,1,AnteriorInfarction,-611,Rs,1,0.0,0,627,1,244,500,,,,,,,,,,1,2,-2.0,,,,10,10,0.0,29,29,0.0,47,43,8.0,58,50,16.0,141,141,0.0,257,252,10.0,10.0,12.0,-6.0,10.0
AnteriorInfarction_006,V1,1,AnteriorInfarction,-611,rS,1,0.0009,0,627,1,244,500,,,,,,,,,,1,2,-2.0,,,,9,9,0.0,23,24,-2.0,47,43,8.0,55,54,2.0,148,148,0.0,257,266,-18.0,10.0,-16.0,-20.0,-18.0
AnteriorInfarction_006,V2,1,AnteriorInfarction,-611,RS,1,0.0003,0,627,1,244,500,,,,,,,,,,1,2,-2.0,,,,10,11,-2.0,21,21,0.0,46,43,6.0,58,48,20.0,143,143,0.0,255,267,-24.0,8.0,-22.0,-44.0,-24.0
AnteriorInfarction_006,V3,1,AnteriorInfarction,-611,RS,1,0.0001,0,627,1,244,500,,,,,,,,,,1,2,-2.0,,,,11,11,0.0,20,21,-2.0,47,43,8.0,59,70,-22.0,158,158,0.0,249,243,12.0,10.0,14.0,34.0,12.0
AnteriorInfarction_006,V4,1,AnteriorInfarction,-611,RS,1,0.0001,0,627,1,244,500,,,,,,,,,,1,2,-2.0,,19,,11,27,-32.0,19,,,47,43,8.0,59,93,-68.0,154,154,0.0,253,248,10.0,10.0,12.0,78.0,10.0
AnteriorInfarction_006,V6,1,AnteriorInfarction,-611,R,1,0.0,0,627,1,244,500,,,,,,,,,,1,2,-2.0,,5,,22,22,0.0,,,,47,43,8.0,55,72,-34.0,147,147,0.0,264,247,34.0,10.0,36.0,68.0,34.0
AnteriorInfarction_007,V3,1,AnteriorInfarction,-608,qR,1,0.0017,0,637,1,247,500,,,,,,,,,,2,3,-2.0,9,9,0.0,27,27,0.0,,,,48,43,10.0,56,50,12.0,141,142,-2.0,259,262,-6.0,12.0,-4.0,-18.0,-4.0
AnteriorInfarction_007,I,1,AnteriorInfarction,-608,qR,1,0.0003,0,637,1,247,500,,,,,,,,,,2,3,-2.0,11,11,0.0,23,23,0.0,,,,47,43,8.0,54,48,12.0,165,165,0.0,256,250,12.0,10.0,14.0,0.0,12.0
AnteriorInfarction_007,II,1,AnteriorInfarction,-608,R,1,0.0,0,637,1,247,500,,,,,,,,,,2,3,-2.0,,,,18,22,-8.0,,,,47,43,8.0,56,70,-28.0,141,141,0.0,259,170,178.0,10.0,180.0,206.0,178.0
AnteriorInfarction_007,III,1,AnteriorInfarction,-608,Rs,1,0.0007,0,637,1,247,500,,,,,,,,,,2,3,-2.0,,,,14,14,0.0,29,29,0.0,48,43,10.0,57,50,14.0,141,141,0.0,261,251,20.0,12.0,22.0,6.0,20.0
AnteriorInfarction_007,aVR,1,AnteriorInfarction,-608,QS,1,0.0001,0,637,1,247,500,,,,,,,,,,2,3,-2.0,23,23,0.0,,,,,,,47,43,8.0,56,70,-28.0,141,141,0.0,257,250,14.0,10.0,16.0,42.0,14.0
AnteriorInfarction_007,aVL,1,AnteriorInfarction,-608,QRs,1,0.0004,0,637,1,247,500,,,,,,,,,,2,3,-2.0,11,11,0.0,23,28,-10.0,48,,,48,43,10.0,56,94,-76.0,141,142,-2.0,255,250,10.0,12.0,12.0,86.0,12.0
AnteriorInfarction_007,aVF,1,AnteriorInfarction,-608,R,1,0.0004,0,637,1,247,500,,,,,,,,,,2,3,-2.0,,,,17,17,0.0,,31,,48,43,10.0,57,70,-26.0,141,141,0.0,260,262,-4.0,12.0,-2.0,22.0,-4.0
AnteriorInfarction_007,V1,1,AnteriorInfarction,-608,rS,1,0.0032,0,637,1,247,500,,,,,,,,,,2,3,-2.0,,22,,4,33,-58.0,21,,,48,43,10.0,53,48,10.0,149,149,0.0,258,269,-22.0,12.0,-20.0,-32.0,-22.0
AnteriorInfarction_007,V2,1,AnteriorInfarction,-608,qRs,1,0.0052,0,637,1,247,500,,,,,,,,,,2,3,-2.0,10,10,0.0,28,29,-2.0,48,,,48,43,10.0,55,87,-64.0,142,143,-2.0,260,269,-18.0,12.0,-16.0,46.0,-16.0
AnteriorInfarction_007,V5,1,AnteriorInfarction,-608,qR,1,0.0,0,637,1,247,500,,,,,,,,,,2,3,-2.0,7,7,0.0,21,21,0.0,,,,48,43,10.0,57,78,-42.0,145,145,0.0,260,168,184.0,12.0,186.0,226.0,184.0
AnteriorInfarction_007,V6,1,AnteriorInfarction,-608,qR,1,0.0001,0,637,1,247,500,,,,,,,,,,2,3,-2.0,6,7,-2.0,21,21,0.0,,,,47,43,8.0,57,50,14.0,145,145,0.0,261,257,8.0,10.0,10.0,-6.0,8.0
AnteriorInfarction_007,V4,1,AnteriorInfarction,-608,qR,1,0.0009,0,637,1,247,500,,,,,,,,,,2,3,-2.0,9,9,0.0,25,25,0.0,,,,48,43,10.0,57,50,14.0,140,140,0.0,258,265,-14.0,12.0,-12.0,-28.0,-14.0
AnteriorInfarction_008,V2,1,AnteriorInfarction,-610,rS,1,0.0247,0,637,1,245,500,,,,,,,,,,0,2,-4.0,,,,6,7,-2.0,23,24,-2.0,49,46,6.0,51,52,-2.0,144,144,0.0,280,254,52.0,10.0,56.0,54.0,52.0
AnteriorInfarction_008,I,1,AnteriorInfarction,-610,R,1,0.025,0,637,1,245,500,,,,,,,,,,0,2,-4.0,,,,28,28,0.0,,,,49,46,6.0,50,100,-100.0,166,167,-2.0,292,252,80.0,10.0,84.0,180.0,82.0
AnteriorInfarction_008,II,1,AnteriorInfarction,-610,R,1,0.0181,0,637,1,245,500,,,,,,,,,,0,2,-4.0,,,,24,25,-2.0,,,,49,46,6.0,55,68,-26.0,143,143,0.0,283,246,74.0,10.0,78.0,100.0,74.0
AnteriorInfarction_008,III,1,AnteriorInfarction,-610,rS,1,0.02,0,637,1,245,500,,,,,,,,,,0,2,-4.0,,,,10,18,-16.0,30,30,0.0,50,46,8.0,60,52,16.0,147,147,0.0,284,250,68.0,12.0,72.0,52.0,68.0
AnteriorInfarction_008,aVR,1,AnteriorInfarction,-610,QS,1,0.0243,0,637,1,245,500,,,,,,,,,,0,2,-4.0,25,25,0.0,,,,,,,49,46,6.0,62,62,0.0,141,141,0.0,282,263,38.0,10.0,42.0,38.0,38.0
AnteriorInfarction_008,aVF,1,AnteriorInfarction,-610,RS,1,0.0146,0,637,1,245,500,,,,,,,,,,0,2,-4.0,,,,10,19,-18.0,30,31,-2.0,50,46,8.0,61,52,18.0,144,145,-2.0,282,252,60.0,12.0,64.0,42.0,62.0
AnteriorInfarction_008,V3,1,AnteriorInfarction,-610,rS,1,0.018,0,637,1,245,500,,,,,,,,,,0,2,-4.0,,12,,4,27,-46.0,12,,,49,46,6.0,60,52,16.0,157,157,0.0,276,267,18.0,10.0,22.0,2.0,18.0
AnteriorInfarction_008,V4,1,AnteriorInfarction,-610,qR,1,0.0122,0,637,1,245,500,,,,,,,,,,1,2,-2.0,10,10,0.0,26,26,0.0,,,,49,46,6.0,62,100,-76.0,157,157,0.0,277,246,62.0,8.0,64.0,138.0,62.0
AnteriorInfarction_008,V5,1,AnteriorInfarction,-610,qR,1,0.0103,0,637,1,245,500,,,,,,,,,,0,2,-4.0,8,8,0.0,25,25,0.0,,,,49,46,6.0,64,100,-72.0,168,168,0.0,277,251,52.0,10.0,56.0,124.0,52.0
AnteriorInfarction_008,V6,1,AnteriorInfarction,-610,qR,1,0.0123,0,637,1,245,500,,,,,,,,,,0,2,-4.0,7,7,0.0,23,23,0.0,,,,49,46,6.0,62,75,-26.0,146,146,0.0,279,246,66.0,10.0,70.0,92.0,66.0
AnteriorInfarction_008,aVL,1,AnteriorInfarction,-610,qRs,1,0.0161,0,637,1,245,500,,,,,,,,,,0,2,-4.0,16,17,-2.0,29,29,0.0,49,,,49,46,6.0,60,52,16.0,152,153,-2.0,284,261,46.0,10.0,50.0,30.0,48.0
AnteriorInfarction_008,V1,1,AnteriorInfarction,-610,rS,1,0.0314,0,637,1,245,500,,,,,,,,,,0,2,-4.0,,,,7,8,-2.0,24,24,0.0,50,46,8.0,51,52,-2.0,146,146,0.0,292,262,60.0,12.0,64.0,62.0,60.0
AnteriorInfarction_009,V1,1,AnteriorInfarction,-612,rS,1,0.001,0,640,1,243,500,,,,,,,,,,0,2,-4.0,,,,5,9,-8.0,24,24,0.0,45,49,-8.0,54,54,0.0,160,160,0.0,256,250,12.0,-4.0,16.0,12.0,12.0
AnteriorInfarction_009,I,1,AnteriorInfarction,-612,R,1,0.0001,0,640,1,243,500,,,,,,,,,,0,2,-4.0,,,,27,27,0.0,,,,45,49,-8.0,54,99,-90.0,168,168,0.0,263,251,24.0,-4.0,28.0,114.0,24.0
AnteriorInfarction_009,II,1,AnteriorInfarction,-612,R,1,0.0004,0,640,1,243,500,,,,,,,,,,0,2,-4.0,,,,10,25,-30.0,,35,,45,49,-8.0,60,71,-22.0,142,142,0.0,261,248,26.0,-4.0,30.0,48.0,26.0
AnteriorInfarction_009,III,1,AnteriorInfarction,-612,rS,1,0.0,0,640,1,243,500,,,,,,,,,,0,2,-4.0,,,,5,6,-2.0,29,30,-2.0,45,49,-8.0,60,92,-64.0,143,143,0.0,256,252,8.0,-4.0,12.0,72.0,8.0
AnteriorInfarction_009,aVR,1,AnteriorInfarction,-612,QS,1,0.0003,0,640,1,243,500,,,,,,,,,,0,2,-4.0,26,26,0.0,,,,,,,45,49,-8.0,59,64,-10.0,142,142,0.0,264,251,26.0,-4.0,30.0,36.0,26.0
AnteriorInfarction_009,aVL,1,AnteriorInfarction,-612,R,1,0.0,0,640,1,243,500,,,,,,,,,,0,2,-4.0,,,,29,29,0.0,,,,45,49,-8.0,58,96,-76.0,167,167,0.0,251,248,6.0,-4.0,10.0,82.0,6.0
AnteriorInfarction_009,aVF,1,AnteriorInfarction,-612,rS,1,0.0,0,640,1,243,500,,,,,,,,,,0,2,-4.0,,,,9,17,-16.0,30,30,0.0,45,49,-8.0,63,87,-48.0,143,143,0.0,256,243,26.0,-4.0,30.0,74.0,26.0
AnteriorInfarction_009,V2,1,AnteriorInfarction,-612,rS,1,0.0004,0,640,1,243,500,,,,,,,,,,0,2,-4.0,,,,5,8,-6.0,22,22,0.0,45,49,-8.0,57,54,6.0,140,140,0.0,253,250,6.0,-4.0,10.0,0.0,6.0
AnteriorInfarction_009,V3,1,AnteriorInfarction,-612,rS,1,0.0003,0,640,1,243,500,,,,,,,,,,0,2,-4.0,,,,8,8,0.0,21,22,-2.0,45,49,-8.0,61,56,10.0,138,138,0.0,247,222,50.0,-4.0,54.0,40.0,50.0
AnteriorInfarction_009,V4,1,AnteriorInfarction,-612,RS,1,0.0004,0,640,1,243,500,,,,,,,,,,0,2,-4.0,,21,,8,28,-40.0,21,,,45,49,-8.0,62,64,-4.0,138,138,0.0,249,246,6.0,-4.0,10.0,10.0,6.0
AnteriorInfarction_009,V5,1,AnteriorInfarction,-612,R,1,0.0001,0,640,1,243,500,,,,,,,,,,0,2,-4.0,,,,26,26,0.0,,,,45,49,-8.0,63,81,-36.0,144,145,-2.0,257,170,174.0,-4.0,178.0,210.0,176.0
AnteriorInfarction_009,V6,1,AnteriorInfarction,-612,Rs,1,0.0001,0,640,1,243,500,,,,,,,,,,0,2,-4.0,,,,22,22,0.0,34,34,0.0,45,49,-8.0,63,70,-14.0,145,146,-2.0,268,237,62.0,-4.0,66.0,76.0,64.0
AnteriorInfarction_010,V2,1,AnteriorInfarction,-607,rS,1,0.0777,0,636,1,248,500,,,,,,,,,,1,2,-2.0,,,,4,4,0.0,22,23,-2.0,49,46,6.0,59,48,22.0,153,153,0.0,274,292,-36.0,8.0,-34.0,-58.0,-36.0
AnteriorInfarction_010,I,1,AnteriorInfarction,-607,R,1,0.0594,0,636,1,248,500,,,,,,,,,,0,2,-4.0,,,,10,30,-40.0,,,,50,46,8.0,52,93,-82.0,165,165,0.0,298,252,92.0,12.0,96.0,174.0,92.0
AnteriorInfarction_010,II,1,AnteriorInfarction,-607,R,1,0.0359,0,636,1,248,500,,,,,,,,,,1,2,-2.0,,,,8,21,-26.0,,,,50,46,8.0,57,76,-38.0,143,143,0.0,292,271,42.0,10.0,44.0,80.0,42.0
AnteriorInfarction_010,III,1,AnteriorInfarction,-607,rS,1,0.056,0,636,1,248,500,,,,,,,,,,1,2,-2.0,,,,6,19,-26.0,32,32,0.0,49,46,6.0,57,83,-52.0,148,148,0.0,295,251,88.0,8.0,90.0,140.0,88.0
AnteriorInfarction_010,aVR,1,AnteriorInfarction,-607,QS,1,0.038,0,636,1,248,500,,,,,,,,,,0,2,-4.0,28,29,-2.0,,,,,,,49,46,6.0,56,70,-28.0,141,141,0.0,292,253,78.0,10.0,82.0,106.0,78.0
AnteriorInfarction_010,aVL,1,AnteriorInfarction,-607,QRS,1,0.038,0,636,1,248,500,,,,,,,,,,0,2,-4.0,5,6,-2.0,10,32,-44.0,49,,,49,46,6.0,55,98,-86.0,154,155,-2.0,300,252,96.0,10.0,100.0,182.0,98.0
AnteriorInfarction_010,aVF,1,AnteriorInfarction,-607,RS,1,0.0275,0,636,1,248,500,,,,,,,,,,0,2,-4.0,,,,7,20,-26.0,33,33,0.0,49,46,6.0,57,72,-30.0,145,145,0.0,298,251,94.0,10.0,98.0,124.0,94.0
AnteriorInfarction_010,V3,1,AnteriorInfarction,-607,QR,1,0.0563,0,636,1,248,500,,,,,,,,,,1,2,-2.0,20,21,-2.0,31,32,-2.0,,,,49,46,6.0,61,96,-70.0,141,141,0.0,279,277,4.0,8.0,6.0,74.0,4.0
AnteriorInfarction_010,V4,1,AnteriorInfarction,-607,qR,1,0.0483,0,636,1,248,500,,,,,,,,,,1,2,-2.0,11,11,0.0,28,29,-2.0,,,,49,46,6.0,59,53,12.0,142,142,0.0,286,262,48.0,8.0,50.0,36.0,48.0
AnteriorInfarction_010,V6,1,AnteriorInfarction,-607,Rs,1,0.04,0,636,1,248,500,,,,,,,,,,1,2,-2.0,,,,20,20,0.0,27,28,-2.0,50,46,8.0,60,74,-28.0,144,144,0.0,288,273,30.0,10.0,32.0,58.0,30.0
AnteriorInfarction_010,V1,1,AnteriorInfarction,-607,rS,1,0.0613,0,636,1,248,500,,,,,,,,,,1,2,-2.0,,,,4,4,0.0,21,22,-2.0,49,46,6.0,54,47,14.0,151,151,0.0,291,269,44.0,8.0,46.0,30.0,44.0
AnteriorInfarction_010,V5,1,AnteriorInfarction,-607,qR,1,0.0274,0,636,1,248,500,,,,,,,,,,0,2,-4.0,7,7,0.0,24,24,0.0,,,,49,46,6.0,58,98,-80.0,148,148,0.0,293,251,84.0,10.0,88.0,164.0,84.0
AnteriorIschemia_001,V3,1,AnteriorIschemia,-613,qR,1,0.0783,0,638,1,242,500,,,,,,,,,,1,2,-2.0,8,8,0.0,24,25,-2.0,,,,46,55,-18.0,53,72,-38.0,112,112,0.0,177,167,20.0,-16.0,22.0,58.0,20.0
AnteriorIschemia_001,I,1,AnteriorIschemia,-613,RS,1,0.0665,0,638,1,242,500,,,,,,,,,,1,2,-2.0,,12,,7,23,-32.0,12,,,46,55,-18.0,47,55,-16.0,164,136,56.0,184,172,24.0,-16.0,26.0,40.0,-32.0
AnteriorIschemia_001,II,1,AnteriorIschemia,-613,R,1,0.0438,0,638,1,242,500,,,,,,,,,,1,2,-2.0,,,,16,23,-14.0,,,,47,55,-16.0,48,64,-32.0,142,142,0.0,181,175,12.0,-14.0,14.0,44.0,12.0
AnteriorIschemia_001,III,1,AnteriorIschemia,-613,R,1,0.1001,0,638,1,242,500,,,,,,,,,,2,2,0.0,,,,5,22,-34.0,,62,,48,55,-14.0,49,86,-74.0,144,144,0.0,180,200,-40.0,-14.0,-40.0,34.0,-40.0
AnteriorIschemia_001,aVR,1,AnteriorIschemia,-613,QS,1,0.0442,0,638,1,242,500,,,,,,,,,,1,2,-2.0,22,23,-2.0,,,,,,,45,55,-20.0,50,76,-52.0,141,141,0.0,181,172,18.0,-18.0,20.0,70.0,18.0
AnteriorIschemia_001,aVL,1,AnteriorIschemia,-613,qrS,1,0.0543,0,638,1,242,500,,,,,,,,,,1,2,-2.0,4,14,-20.0,6,26,-40.0,14,34,-40.0,46,55,-18.0,47,98,-102.0,146,147,-2.0,181,178,6.0,-16.0,8.0,108.0,8.0
AnteriorIschemia_001,aVF,1,AnteriorIschemia,-613,R,1,0.0656,0,638,1,242,500,,,,,,,,,,2,2,0.0,,,,16,22,-12.0,,,,51,55,-8.0,52,68,-32.0,143,143,0.0,178,171,14.0,-8.0,14.0,46.0,14.0
AnteriorIschemia_001,V1,1,AnteriorIschemia,-613,rS,1,0.0673,0,638,1,242,500,,,,,,,,,,1,2,-2.0,,,,7,7,0.0,20,19,2.0,44,55,-22.0,45,55,-20.0,135,135,0.0,181,171,20.0,-20.0,22.0,40.0,20.0
AnteriorIschemia_001,V2,1,AnteriorIschemia,-613,rS,1,0.0668,0,638,1,242,500,,,,,,,,,,1,2,-2.0,,19,,4,,,19,,,45,55,-20.0,46,55,-18.0,129,129,0.0,179,168,22.0,-18.0,24.0,40.0,22.0
AnteriorIschemia_001,V4,1,AnteriorIschemia,-613,qR,1,0.0661,0,638,1,242,500,,,,,,,,,,1,2,-2.0,7,8,-2.0,23,23,0.0,,,,48,55,-14.0,54,63,-18.0,128,129,-2.0,176,168,16.0,-12.0,18.0,34.0,18.0
AnteriorIschemia_001,V5,1,AnteriorIschemia,-613,qR,1,0.0431,0,638,1,242,500,,,,,,,,,,1,2,-2.0,7,7,0.0,22,22,0.0,,,,46,55,-18.0,54,87,-66.0,145,146,-2.0,184,172,24.0,-16.0,26.0,90.0,26.0
AnteriorIschemia_001,V6,1,AnteriorIschemia,-613,R,1,0.0251,0,638,1,242,500,,,,,,,,,,1,2,-2.0,,,,21,22,-2.0,,,,47,55,-16.0,49,109,-120.0,146,147,-2.0,186,190,-8.0,-14.0,-6.0,112.0,-6.0
AnteriorIschemia_002,aVR,1,AnteriorIschemia,-604,QS,1,0.0007,0,637,1,251,500,,,,,,,,,,2,2,0.0,32,32,0.0,,,,,,,54,55,-2.0,55,68,-26.0,144,144,0.0,200,194,12.0,-2.0,12.0,38.0,12.0
AnteriorIschemia_002,I,1,AnteriorIschemia,-604,R,1,0.0016,0,637,1,251,500,,,,,,,,,,2,2,0.0,,,,8,33,-50.0,,,,53,55,-4.0,54,60,-12.0,132,132,0.0,200,182,36.0,-4.0,36.0,48.0,36.0
AnteriorIschemia_002,II,1,AnteriorIschemia,-604,R,1,0.0002,0,637,1,251,500,,,,,,,,,,2,2,0.0,,,,11,32,-42.0,,70,,55,55,0.0,56,97,-82.0,146,146,0.0,199,199,0.0,0.0,0.0,82.0,0.0
AnteriorIschemia_002,III,1,AnteriorIschemia,-604,Rs,1,0.0008,0,637,1,251,500,,,,,,,,,,2,2,0.0,,,,11,12,-2.0,55,74,-38.0,55,55,0.0,56,120,-128.0,148,148,0.0,200,199,2.0,0.0,2.0,130.0,2.0
AnteriorIschemia_002,aVL,1,AnteriorIschemia,-604,QR,1,0.0009,0,637,1,251,500,,,,,,,,,,2,2,0.0,12,12,0.0,34,35,-2.0,,,,54,55,-2.0,55,72,-34.0,151,100,102.0,199,186,26.0,-2.0,26.0,60.0,-76.0
AnteriorIschemia_002,aVF,1,AnteriorIschemia,-604,Rs,1,0.0004,0,637,1,251,500,,,,,,,,,,2,2,0.0,,,,11,12,-2.0,55,72,-34.0,55,55,0.0,57,109,-104.0,147,147,0.0,200,183,34.0,0.0,34.0,138.0,34.0
AnteriorIschemia_002,V1,1,AnteriorIschemia,-604,rS,1,0.0019,0,637,1,251,500,,,,,,,,,,2,2,0.0,,,,7,12,-10.0,32,32,0.0,53,55,-4.0,54,55,-2.0,203,105,196.0,203,174,58.0,-4.0,58.0,60.0,-138.0
AnteriorIschemia_002,V2,1,AnteriorIschemia,-604,RS,1,0.001,0,637,1,251,500,,,,,,,,,,2,2,0.0,,,,11,12,-2.0,31,31,0.0,54,55,-2.0,55,55,0.0,204,126,156.0,204,178,52.0,-2.0,52.0,52.0,-104.0
AnteriorIschemia_002,V3,1,AnteriorIschemia,-604,RS,1,0.0014,0,637,1,251,500,,,,,,,,,,2,2,0.0,,31,,12,42,-60.0,31,,,54,55,-2.0,60,64,-8.0,203,109,188.0,203,179,48.0,-2.0,48.0,56.0,-140.0
AnteriorIschemia_002,V4,1,AnteriorIschemia,-604,R,1,0.0021,0,637,1,251,500,,,,,,,,,,2,2,0.0,,,,16,41,-50.0,,,,54,55,-2.0,59,79,-40.0,164,109,110.0,200,187,26.0,-2.0,26.0,66.0,-84.0
AnteriorIschemia_002,V5,1,AnteriorIschemia,-604,qR,1,0.0008,0,637,1,251,500,,,,,,,,,,2,2,0.0,9,9,0.0,31,31,0.0,,,,54,55,-2.0,59,101,-84.0,156,156,0.0,203,180,46.0,-2.0,46.0,130.0,46.0
AnteriorIschemia_002,V6,1,AnteriorIschemia,-604,qR,1,0.0004,0,637,1,251,500,,,,,,,,,,2,2,0.0,8,8,0.0,26,26,0.0,,79,,54,55,-2.0,56,113,-114.0,153,153,0.0,205,182,46.0,-2.0,46.0,160.0,46.0
AnteriorIschemia_003,I,1,AnteriorIschemia,-607,R,1,0.0334,0,627,1,248,500,,,,,,,,,,2,2,0.0,,,,8,25,-34.0,,,,47,42,10.0,48,88,-80.0,143,143,0.0,189,171,36.0,10.0,36.0,116.0,36.0
AnteriorIschemia_003,III,1,AnteriorIschemia,-607,RS,1,0.0412,0,627,1,248,500,,,,,,,,,,2,2,0.0,,,,10,19,-18.0,31,31,0.0,47,42,10.0,48,97,-98.0,143,144,-2.0,197,184,26.0,10.0,26.0,124.0,28.0
AnteriorIschemia_003,aVR,1,AnteriorIschemia,-607,QS,1,0.0107,0,627,1,248,500,,,,,,,,,,2,2,0.0,25,25,0.0,,,,,,,46,42,8.0,48,72,-48.0,143,143,0.0,195,181,28.0,8.0,28.0,76.0,28.0
AnteriorIschemia_003,aVL,1,AnteriorIschemia,-607,qR,1,0.0422,0,627,1,248,500,,,,,,,,,,2,2,0.0,10,10,0.0,31,31,0.0,,,,47,42,10.0,48,72,-48.0,143,144,-2.0,196,178,36.0,10.0,36.0,84.0,38.0
AnteriorIschemia_003,aVF,1,AnteriorIschemia,-607,Rs,1,0.0138,0,627,1,248,500,,,,,,,,,,2,2,0.0,,,,10,22,-24.0,31,32,-2.0,47,42,10.0,49,93,-88.0,143,144,-2.0,196,181,30.0,10.0,30.0,118.0,32.0
AnteriorIschemia_003,V1,1,AnteriorIschemia,-607,Qr,1,0.0567,0,627,1,248,500,,,,,,,,,,2,2,0.0,18,19,-2.0,34,34,0.0,,,,46,42,8.0,47,76,-58.0,115,115,0.0,196,170,52.0,8.0,52.0,110.0,52.0
AnteriorIschemia_003,V2,1,AnteriorIschemia,-607,QR,1,0.0746,0,627,1,248,500,,,,,,,,,,2,2,0.0,14,14,0.0,31,31,0.0,,,,46,42,8.0,47,87,-80.0,115,115,0.0,196,175,42.0,8.0,42.0,122.0,42.0
AnteriorIschemia_003,V3,1,AnteriorIschemia,-607,qR,1,0.0839,0,627,1,248,500,,,,,,,,,,2,2,0.0,9,9,0.0,28,28,0.0,,,,47,42,10.0,48,72,-48.0,194,112,164.0,194,174,40.0,10.0,40.0,88.0,-124.0
AnteriorIschemia_003,V4,1,AnteriorIschemia,-607,qR,1,0.0745,0,627,1,248,500,,,,,,,,,,2,2,0.0,8,9,-2.0,27,27,0.0,,,,47,42,10.0,48,80,-64.0,192,114,156.0,192,175,34.0,10.0,34.0,98.0,-122.0
AnteriorIschemia_003,V5,1,AnteriorIschemia,-607,qR,1,0.0281,0,627,1,248,500,,,,,,,,,,2,2,0.0,6,6,0.0,25,24,2.0,,,,47,42,10.0,49,119,-140.0,152,153,-2.0,195,176,38.0,10.0,38.0,178.0,40.0
AnteriorIschemia_003,V6,1,AnteriorIschemia,-607,Rs,1,0.0133,0,627,1,248,500,,,,,,,,,,2,2,0.0,,5,,20,24,-8.0,31,32,-2.0,47,42,10.0,48,72,-48.0,150,150,0.0,197,176,42.0,10.0,42.0,90.0,42.0
AnteriorIschemia_003,II,1,AnteriorIschemia,-607,R,1,0.0076,0,627,1,248,500,,,,,,,,,,2,2,0.0,,,,10,22,-24.0,,65,,47,42,10.0,48,71,-46.0,143,143,0.0,196,225,-58.0,10.0,-58.0,-12.0,-58.0
AnteriorIschemia_004,I,1,AnteriorIschemia,-605,R,1,0.0145,0,637,1,250,500,,,,,,,,,,1,2,-2.0,,,,8,29,-42.0,,,,56,57,-2.0,57,57,0.0,136,137,-2.0,186,172,28.0,0.0,30.0,28.0,30.0
AnteriorIschemia_004,II,1,AnteriorIschemia,-605,R,1,0.0047,0,637,1,250,500,,,,,,,,,,1,2,-2.0,,,,19,27,-16.0,,,,60,57,6.0,61,64,-6.0,143,143,0.0,192,181,22.0,8.0,24.0,28.0,22.0
AnteriorIschemia_004,III,1,AnteriorIschemia,-605,RS,1,0.0135,0,637,1,250,500,,,,,,,,,,1,2,-2.0,,,,5,18,-26.0,62,70,-16.0,62,57,10.0,63,117,-108.0,149,149,0.0,191,202,-22.0,12.0,-20.0,86.0,-22.0
AnteriorIschemia_004,aVR,1,AnteriorIschemia,-605,QS,1,0.0082,0,637,1,250,500,,,,,,,,,,1,2,-2.0,29,27,4.0,,,,,,,60,57,6.0,61,64,-6.0,141,141,0.0,186,172,28.0,8.0,30.0,34.0,28.0
AnteriorIschemia_004,aVL,1,AnteriorIschemia,-605,QRS,1,0.0225,0,637,1,250,500,,,,,,,,,,1,2,-2.0,5,17,-24.0,8,30,-44.0,17,,,60,57,6.0,61,57,8.0,156,104,104.0,187,181,12.0,8.0,14.0,4.0,-92.0
AnteriorIschemia_004,aVF,1,AnteriorIschemia,-605,Rs,1,0.0096,0,637,1,250,500,,,,,,,,,,1,2,-2.0,,,,6,19,-26.0,63,70,-14.0,63,57,12.0,64,98,-68.0,145,146,-2.0,189,178,22.0,14.0,24.0,90.0,24.0
AnteriorIschemia_004,V1,1,AnteriorIschemia,-605,rS,1,0.0218,0,637,1,250,500,,,,,,,,,,1,2,-2.0,,,,5,6,-2.0,22,22,0.0,50,57,-14.0,51,58,-14.0,121,121,0.0,186,189,-6.0,-12.0,-4.0,8.0,-6.0
AnteriorIschemia_004,V2,1,AnteriorIschemia,-605,rS,1,0.025,0,637,1,250,500,,,,,,,,,,1,2,-2.0,,,,5,12,-14.0,25,25,0.0,51,57,-12.0,52,64,-24.0,102,102,0.0,187,176,22.0,-10.0,24.0,46.0,22.0
AnteriorIschemia_004,V3,1,AnteriorIschemia,-605,QR,1,0.0149,0,637,1,250,500,,,,,,,,,,1,2,-2.0,9,10,-2.0,20,31,-22.0,,,,61,57,8.0,62,64,-4.0,151,101,100.0,185,182,6.0,10.0,8.0,10.0,-94.0
AnteriorIschemia_004,V4,1,AnteriorIschemia,-605,R,1,0.0065,0,637,1,250,500,,,,,,,,,,1,2,-2.0,,9,,30,30,0.0,,,,63,57,12.0,64,57,14.0,185,144,82.0,186,176,20.0,14.0,22.0,6.0,-62.0
AnteriorIschemia_004,V5,1,AnteriorIschemia,-605,R,1,0.0046,0,637,1,250,500,,,,,,,,,,1,2,-2.0,,7,,26,26,0.0,,,,62,57,10.0,63,94,-62.0,147,147,0.0,189,175,28.0,12.0,30.0,90.0,28.0
AnteriorIschemia_004,V6,1,AnteriorIschemia,-605,Rs,1,0.0048,0,637,1,250,500,,,,,,,,,,1,2,-2.0,,4,,20,20,0.0,30,31,-2.0,59,57,4.0,60,98,-76.0,145,145,0.0,188,175,26.0,6.0,28.0,102.0,26.0
AnteriorIschemia_005,aVR,1,AnteriorIschemia,-608,QS,1,0.084,0,643,1,247,500,,,,,,,,,,2,4,-4.0,23,24,-2.0,,,,,,,46,51,-10.0,47,51,-8.0,141,141,0.0,196,176,40.0,-6.0,44.0,48.0,40.0
AnteriorIschemia_005,I,1,AnteriorIschemia,-608,R,1,0.1266,0,643,1,247,500,,,,,,,,,,2,4,-4.0,,,,9,24,-30.0,,,,46,51,-10.0,47,51,-8.0,136,136,0.0,200,169,62.0,-6.0,66.0,70.0,62.0
AnteriorIschemia_005,II,1,AnteriorIschemia,-608,R,1,0.0702,0,643,1,247,500,,,,,,,,,,2,4,-4.0,,,,16,24,-16.0,,,,46,51,-10.0,48,70,-44.0,143,143,0.0,201,177,48.0,-6.0,52.0,92.0,48.0
AnteriorIschemia_005,III,1,AnteriorIschemia,-608,R,1,0.159,0,643,1,247,500,,,,,,,,,,2,4,-4.0,,,,6,23,-34.0,,67,,46,51,-10.0,47,102,-110.0,147,147,0.0,200,175,50.0,-6.0,54.0,160.0,50.0
AnteriorIschemia_005,aVL,1,AnteriorIschemia,-608,qrS,1,0.0995,0,643,1,247,500,,,,,,,,,,2,4,-4.0,5,6,-2.0,8,8,0.0,17,17,0.0,46,51,-10.0,47,51,-8.0,152,152,0.0,200,174,52.0,-6.0,56.0,60.0,52.0
AnteriorIschemia_005,aVF,1,AnteriorIschemia,-608,R,1,0.1184,0,643,1,247,500,,,,,,,,,,2,4,-4.0,,,,16,23,-14.0,,,,46,51,-10.0,48,68,-40.0,145,145,0.0,197,176,42.0,-6.0,46.0,82.0,42.0
AnteriorIschemia_005,V1,1,AnteriorIschemia,-608,rS,1,0.1045,0,643,1,247,500,,,,,,,,,,2,4,-4.0,,22,,4,33,-58.0,22,,,46,51,-10.0,47,58,-22.0,103,104,-2.0,196,167,58.0,-6.0,62.0,80.0,60.0
AnteriorIschemia_005,V2,1,AnteriorIschemia,-608,QR,1,0.1221,0,643,1,247,500,,,,,,,,,,2,4,-4.0,21,21,0.0,31,32,-2.0,,,,46,51,-10.0,47,51,-8.0,102,103,-2.0,192,176,32.0,-6.0,36.0,40.0,34.0
AnteriorIschemia_005,V3,1,AnteriorIschemia,-608,QR,1,0.1501,0,643,1,247,500,,,,,,,,,,2,4,-4.0,8,8,0.0,16,27,-22.0,,,,46,51,-10.0,48,57,-18.0,103,103,0.0,191,173,36.0,-6.0,40.0,54.0,36.0
AnteriorIschemia_005,V5,1,AnteriorIschemia,-608,qR,1,0.1265,0,643,1,247,500,,,,,,,,,,2,4,-4.0,6,7,-2.0,24,24,0.0,,,,46,51,-10.0,48,51,-6.0,146,146,0.0,199,175,48.0,-6.0,52.0,54.0,48.0
AnteriorIschemia_005,V6,1,AnteriorIschemia,-608,R,1,0.0762,0,643,1,247,500,,,,,,,,,,2,4,-4.0,,,,22,22,0.0,,33,,46,51,-10.0,48,100,-104.0,145,145,0.0,202,174,56.0,-6.0,60.0,160.0,56.0
AnteriorIschemia_005,V4,1,AnteriorIschemia,-608,qR,1,0.1535,0,643,1,247,500,,,,,,,,,,2,4,-4.0,8,8,0.0,27,28,-2.0,,,,46,51,-10.0,48,58,-20.0,194,105,178.0,194,181,26.0,-6.0,30.0,46.0,-152.0
AnteriorIschemia_006,aVR,1,AnteriorIschemia,-612,QS,1,0.029,0,628,1,243,500,,,,,,,,,,1,2,-2.0,24,24,0.0,,,,,,,45,59,-28.0,51,64,-26.0,139,139,0.0,187,175,24.0,-26.0,26.0,50.0,24.0
AnteriorIschemia_006,I,1,AnteriorIschemia,-612,R,1,0.0471,0,628,1,243,500,,,,,,,,,,1,2,-2.0,,,,8,24,-32.0,,,,47,59,-24.0,48,59,-22.0,135,135,0.0,187,167,40.0,-22.0,42.0,62.0,40.0
AnteriorIschemia_006,II,1,AnteriorIschemia,-612,R,1,0.0261,0,628,1,243,500,,,,,,,,,,1,2,-2.0,,,,10,25,-30.0,,,,47,59,-24.0,48,68,-40.0,141,141,0.0,184,176,16.0,-22.0,18.0,56.0,16.0
AnteriorIschemia_006,III,1,AnteriorIschemia,-612,Rs,1,0.0455,0,628,1,243,500,,,,,,,,,,1,2,-2.0,,,,10,10,0.0,21,68,-94.0,47,59,-24.0,48,111,-126.0,144,144,0.0,182,202,-40.0,-22.0,-38.0,86.0,-40.0
AnteriorIschemia_006,aVL,1,AnteriorIschemia,-612,qRs,1,0.0274,0,628,1,243,500,,,,,,,,,,1,2,-2.0,10,10,0.0,23,23,0.0,34,33,2.0,47,59,-24.0,48,59,-22.0,103,103,0.0,181,200,-38.0,-22.0,-36.0,-16.0,-38.0
AnteriorIschemia_006,aVF,1,AnteriorIschemia,-612,R,1,0.0307,0,628,1,243,500,,,,,,,,,,1,2,-2.0,,,,10,25,-30.0,,67,,46,59,-26.0,55,91,-72.0,142,142,0.0,180,182,-4.0,-24.0,-2.0,68.0,-4.0
AnteriorIschemia_006,V1,1,AnteriorIschemia,-612,rS,1,0.0342,0,628,1,243,500,,,,,,,,,,1,2,-2.0,,,,9,9,0.0,23,23,0.0,46,59,-26.0,47,60,-26.0,124,125,-2.0,184,168,32.0,-24.0,34.0,58.0,34.0
AnteriorIschemia_006,V2,1,AnteriorIschemia,-612,rS,1,0.041,0,628,1,243,500,,,,,,,,,,1,2,-2.0,,,,10,10,0.0,22,22,0.0,47,59,-24.0,48,64,-32.0,132,132,0.0,180,171,18.0,-22.0,20.0,50.0,18.0
AnteriorIschemia_006,V3,1,AnteriorIschemia,-612,RS,1,0.0527,0,628,1,243,500,,,,,,,,,,1,2,-2.0,,20,,11,30,-38.0,20,,,46,59,-26.0,55,59,-8.0,112,113,-2.0,179,168,22.0,-24.0,24.0,30.0,24.0
AnteriorIschemia_006,V4,1,AnteriorIschemia,-612,RS,1,0.0498,0,628,1,243,500,,,,,,,,,,1,2,-2.0,,19,,11,28,-34.0,19,,,47,59,-24.0,54,64,-20.0,112,112,0.0,180,176,8.0,-22.0,10.0,28.0,8.0
AnteriorIschemia_006,V5,1,AnteriorIschemia,-612,R,1,0.0331,0,628,1,243,500,,,,,,,,,,1,2,-2.0,,6,,25,25,0.0,,,,46,59,-26.0,52,79,-54.0,117,117,0.0,189,172,34.0,-24.0,36.0,88.0,34.0
AnteriorIschemia_006,V6,1,AnteriorIschemia,-612,R,1,0.0183,0,628,1,243,500,,,,,,,,,,1,2,-2.0,,5,,22,22,0.0,,,,47,59,-24.0,49,111,-124.0,147,148,-2.0,189,177,24.0,-22.0,26.0,148.0,26.0
AnteriorIschemia_007,V2,1,AnteriorIschemia,-610,qR,1,0.0131,0,638,1,245,500,,,,,,,,,,2,3,-2.0,9,9,0.0,26,26,0.0,,,,44,54,-20.0,45,62,-34.0,185,108,154.0,185,168,34.0,-18.0,36.0,68.0,-120.0
AnteriorIschemia_007,I,1,AnteriorIschemia,-610,rS,1,0.007,0,638,1,245,500,,,,,,,,,,2,3,-2.0,,11,,7,23,-32.0,11,,,45,54,-18.0,46,62,-32.0,144,144,0.0,181,168,26.0,-16.0,28.0,58.0,26.0
AnteriorIschemia_007,II,1,AnteriorIschemia,-610,R,1,0.0013,0,638,1,245,500,,,,,,,,,,2,3,-2.0,,,,20,21,-2.0,,,,43,54,-22.0,48,96,-96.0,142,143,-2.0,183,173,20.0,-20.0,22.0,116.0,22.0
AnteriorIschemia_007,III,1,AnteriorIschemia,-610,R,1,0.0162,0,638,1,245,500,,,,,,,,,,2,3,-2.0,,,,12,14,-4.0,,66,,45,54,-18.0,46,105,-118.0,142,142,0.0,185,175,20.0,-16.0,22.0,138.0,20.0
AnteriorIschemia_007,aVR,1,AnteriorIschemia,-610,QS,1,0.0014,0,638,1,245,500,,,,,,,,,,2,3,-2.0,22,23,-2.0,,,,,,,43,54,-22.0,48,83,-70.0,142,143,-2.0,185,172,26.0,-20.0,28.0,96.0,28.0
AnteriorIschemia_007,aVL,1,AnteriorIschemia,-610,QR,1,0.0079,0,638,1,245,500,,,,,,,,,,2,3,-2.0,11,11,0.0,22,23,-2.0,,,,45,54,-18.0,46,112,-132.0,142,142,0.0,185,172,26.0,-16.0,28.0,158.0,26.0
AnteriorIschemia_007,aVF,1,AnteriorIschemia,-610,R,1,0.0035,0,638,1,245,500,,,,,,,,,,2,3,-2.0,,,,17,17,0.0,,70,,43,54,-22.0,51,99,-96.0,142,142,0.0,182,177,10.0,-20.0,12.0,106.0,10.0
AnteriorIschemia_007,V1,1,AnteriorIschemia,-610,rS,1,0.0069,0,638,1,245,500,,,,,,,,,,2,3,-2.0,,20,,4,31,-54.0,20,,,44,54,-20.0,45,55,-20.0,111,111,0.0,185,175,20.0,-18.0,22.0,40.0,20.0
AnteriorIschemia_007,V3,1,AnteriorIschemia,-610,qR,1,0.0148,0,638,1,245,500,,,,,,,,,,2,3,-2.0,9,9,0.0,26,26,0.0,,,,43,54,-22.0,49,71,-44.0,183,109,148.0,183,168,30.0,-20.0,32.0,74.0,-118.0
AnteriorIschemia_007,V4,1,AnteriorIschemia,-610,qR,1,0.015,0,638,1,245,500,,,,,,,,,,2,3,-2.0,8,9,-2.0,24,24,0.0,,,,43,54,-22.0,48,75,-54.0,182,112,140.0,182,168,28.0,-20.0,30.0,82.0,-112.0
AnteriorIschemia_007,V5,1,AnteriorIschemia,-610,qR,1,0.0044,0,638,1,245,500,,,,,,,,,,2,3,-2.0,6,7,-2.0,21,21,0.0,,,,43,54,-22.0,50,101,-102.0,146,146,0.0,184,172,24.0,-20.0,26.0,126.0,24.0
AnteriorIschemia_007,V6,1,AnteriorIschemia,-610,R,1,0.0019,0,638,1,245,500,,,,,,,,,,2,3,-2.0,,6,,21,21,0.0,,93,,43,54,-22.0,48,115,-134.0,146,147,-2.0,186,171,30.0,-20.0,32.0,164.0,32.0
AnteriorIschemia_008,aVR,1,AnteriorIschemia,-610,QS,1,0.0376,0,636,1,245,500,,,,,,,,,,1,2,-2.0,24,25,-2.0,,,,,,,47,58,-22.0,55,64,-18.0,140,140,0.0,187,172,30.0,-20.0,32.0,48.0,30.0
AnteriorIschemia_008,II,1,AnteriorIschemia,-610,R,1,0.039,0,636,1,245,500,,,,,,,,,,1,2,-2.0,,,,24,24,0.0,,,,48,58,-20.0,54,64,-20.0,144,144,0.0,187,175,24.0,-18.0,26.0,44.0,24.0
AnteriorIschemia_008,III,1,AnteriorIschemia,-610,Rs,1,0.0766,0,636,1,245,500,,,,,,,,,,1,2,-2.0,,,,18,18,0.0,29,28,2.0,49,58,-18.0,57,101,-88.0,149,150,-2.0,185,176,18.0,-16.0,20.0,106.0,20.0
AnteriorIschemia_008,I,1,AnteriorIschemia,-610,R,1,0.0494,0,636,1,245,500,,,,,,,,,,1,2,-2.0,,,,25,25,0.0,,,,49,58,-18.0,51,62,-22.0,132,132,0.0,188,170,36.0,-16.0,38.0,58.0,36.0
AnteriorIschemia_008,aVL,1,AnteriorIschemia,-610,qR,1,0.0381,0,636,1,245,500,,,,,,,,,,1,2,-2.0,17,17,0.0,27,27,0.0,,,,49,58,-18.0,55,66,-22.0,155,104,102.0,184,173,22.0,-16.0,24.0,44.0,-80.0
AnteriorIschemia_008,aVF,1,AnteriorIschemia,-610,R,1,0.0474,0,636,1,245,500,,,,,,,,,,1,2,-2.0,,,,19,24,-10.0,,,,49,58,-18.0,59,102,-86.0,146,147,-2.0,183,178,10.0,-16.0,12.0,96.0,12.0
AnteriorIschemia_008,V1,1,AnteriorIschemia,-610,rS,1,0.0494,0,636,1,245,500,,,,,,,,,,1,2,-2.0,,,,7,8,-2.0,23,24,-2.0,48,58,-20.0,49,59,-20.0,135,136,-2.0,185,178,14.0,-18.0,16.0,34.0,16.0
AnteriorIschemia_008,V2,1,AnteriorIschemia,-610,rS,1,0.0656,0,636,1,245,500,,,,,,,,,,1,2,-2.0,,,,6,7,-2.0,23,24,-2.0,49,58,-18.0,50,60,-20.0,129,129,0.0,183,181,4.0,-16.0,6.0,24.0,4.0
AnteriorIschemia_008,V3,1,AnteriorIschemia,-610,rS,1,0.0746,0,636,1,245,500,,,,,,,,,,1,2,-2.0,,12,,5,26,-42.0,13,,,49,58,-18.0,58,66,-16.0,109,109,0.0,182,176,12.0,-16.0,14.0,28.0,12.0
AnteriorIschemia_008,V4,1,AnteriorIschemia,-610,qR,1,0.065,0,636,1,245,500,,,,,,,,,,1,2,-2.0,10,10,0.0,25,25,0.0,,,,49,58,-18.0,58,66,-16.0,110,111,-2.0,184,180,8.0,-16.0,10.0,24.0,10.0
AnteriorIschemia_008,V5,1,AnteriorIschemia,-610,qR,1,0.0326,0,636,1,245,500,,,,,,,,,,1,2,-2.0,7,8,-2.0,24,25,-2.0,,,,47,58,-22.0,56,66,-20.0,146,146,0.0,190,176,28.0,-20.0,30.0,48.0,28.0
AnteriorIschemia_008,V6,1,AnteriorIschemia,-610,qR,1,0.0203,0,636,1,245,500,,,,,,,,,,1,2,-2.0,7,7,0.0,23,23,0.0,,,,47,58,-22.0,53,91,-76.0,147,147,0.0,189,171,36.0,-20.0,38.0,112.0,36.0
AnteriorIschemia_009,V3,1,AnteriorIschemia,-612,rS,1,0.0434,0,639,1,243,500,,,,,,,,,,1,2,-2.0,,21,,5,31,-52.0,21,,,48,55,-14.0,59,59,0.0,112,112,0.0,180,169,22.0,-12.0,24.0,22.0,22.0
AnteriorIschemia_009,I,1,AnteriorIschemia,-612,R,1,0.0141,0,639,1,243,500,,,,,,,,,,1,2,-2.0,,,,25,26,-2.0,,,,48,55,-14.0,53,55,-4.0,128,129,-2.0,178,169,18.0,-12.0,20.0,22.0,20.0
AnteriorIschemia_009,II,1,AnteriorIschemia,-612,R,1,0.0116,0,639,1,243,500,,,,,,,,,,1,2,-2.0,,,,25,25,0.0,,,,48,55,-14.0,58,75,-34.0,143,143,0.0,185,169,32.0,-12.0,34.0,66.0,32.0
AnteriorIschemia_009,III,1,AnteriorIschemia,-612,rS,1,0.0218,0,639,1,243,500,,,,,,,,,,1,2,-2.0,,,,5,6,-2.0,27,27,0.0,48,55,-14.0,59,64,-10.0,147,103,88.0,196,169,54.0,-12.0,56.0,64.0,-34.0
AnteriorIschemia_009,aVR,1,AnteriorIschemia,-612,QS,1,0.0115,0,639,1,243,500,,,,,,,,,,1,2,-2.0,25,25,0.0,,,,,,,48,55,-14.0,58,64,-12.0,141,141,0.0,184,169,30.0,-12.0,32.0,42.0,30.0
AnteriorIschemia_009,aVL,1,AnteriorIschemia,-612,R,1,0.0152,0,639,1,243,500,,,,,,,,,,1,2,-2.0,,6,,12,27,-30.0,,,,48,55,-14.0,55,55,0.0,181,110,142.0,181,169,24.0,-12.0,26.0,24.0,-118.0
AnteriorIschemia_009,V4,1,AnteriorIschemia,-612,RS,1,0.0282,0,639,1,243,500,,,,,,,,,,1,2,-2.0,,20,,8,27,-38.0,20,,,48,55,-14.0,59,64,-10.0,129,130,-2.0,183,175,16.0,-12.0,18.0,26.0,18.0
AnteriorIschemia_009,V5,1,AnteriorIschemia,-612,R,1,0.0078,0,639,1,243,500,,,,,,,,,,1,2,-2.0,,,,26,26,0.0,,,,48,55,-14.0,59,70,-22.0,144,144,0.0,185,169,32.0,-12.0,34.0,54.0,32.0
AnteriorIschemia_009,V6,1,AnteriorIschemia,-612,R,1,0.0042,0,639,1,243,500,,,,,,,,,,1,2,-2.0,,,,22,22,0.0,,,,48,55,-14.0,58,93,-70.0,146,147,-2.0,186,169,34.0,-12.0,36.0,104.0,36.0
AnteriorIschemia_009,aVF,1,AnteriorIschemia,-612,RS,1,0.0109,0,639,1,243,500,,,,,,,,,,1,2,-2.0,,,,10,18,-16.0,28,29,-2.0,49,55,-12.0,61,64,-6.0,145,145,0.0,187,169,36.0,-10.0,38.0,42.0,36.0
AnteriorIschemia_009,V1,1,AnteriorIschemia,-612,rS,1,0.0289,0,639,1,243,500,,,,,,,,,,1,2,-2.0,,23,,4,,,23,,,49,55,-12.0,51,64,-26.0,97,98,-2.0,184,169,30.0,-10.0,32.0,56.0,32.0
AnteriorIschemia_009,V2,1,AnteriorIschemia,-612,rS,1,0.0357,0,639,1,243,500,,,,,,,,,,1,2,-2.0,,,,5,5,0.0,21,22,-2.0,47,55,-16.0,54,64,-20.0,110,110,0.0,181,169,24.0,-14.0,26.0,44.0,24.0
AnteriorIschemia_010,aVR,1,AnteriorIschemia,-607,QS,1,0.0157,0,637,1,248,500,,,,,,,,,,2,2,0.0,27,27,0.0,,,,,,,50,38,24.0,51,64,-26.0,141,141,0.0,182,174,16.0,24.0,16.0,42.0,16.0
AnteriorIschemia_010,I,1,AnteriorIschemia,-607,R,1,0.029,0,637,1,248,500,,,,,,,,,,2,2,0.0,,,,9,30,-42.0,,,,50,38,24.0,51,53,-4.0,134,134,0.0,186,174,24.0,24.0,24.0,28.0,24.0
AnteriorIschemia_010,II,1,AnteriorIschemia,-607,R,1,0.0094,0,637,1,248,500,,,,,,,,,,2,2,0.0,,,,8,27,-38.0,,,,50,38,24.0,51,70,-38.0,144,145,-2.0,182,174,16.0,24.0,16.0,54.0,18.0
AnteriorIschemia_010,III,1,AnteriorIschemia,-607,RS,1,0.0358,0,637,1,248,500,,,,,,,,,,2,2,0.0,,,,6,27,-42.0,33,34,-2.0,51,38,26.0,52,98,-92.0,150,150,0.0,183,174,18.0,26.0,18.0,110.0,18.0
AnteriorIschemia_010,aVL,1,AnteriorIschemia,-607,qRS,1,0.0165,0,637,1,248,500,,,,,,,,,,2,2,0.0,5,18,-26.0,10,31,-42.0,18,,,50,38,24.0,51,82,-62.0,155,104,102.0,183,174,18.0,24.0,18.0,80.0,-84.0
AnteriorIschemia_010,aVF,1,AnteriorIschemia,-607,Rs,1,0.0155,0,637,1,248,500,,,,,,,,,,2,2,0.0,,,,7,27,-40.0,49,,,49,38,22.0,56,68,-24.0,147,147,0.0,181,182,-2.0,22.0,-2.0,22.0,-2.0
AnteriorIschemia_010,V1,1,AnteriorIschemia,-607,rS,1,0.0187,0,637,1,248,500,,,,,,,,,,2,2,0.0,,21,,4,,,21,,,49,38,22.0,50,49,2.0,146,146,0.0,180,174,12.0,22.0,12.0,10.0,12.0
AnteriorIschemia_010,V2,1,AnteriorIschemia,-607,Qr,1,0.0262,0,637,1,248,500,,,,,,,,,,2,2,0.0,21,21,0.0,50,,,,,,50,38,24.0,51,64,-26.0,109,110,-2.0,180,174,12.0,24.0,12.0,38.0,14.0
AnteriorIschemia_010,V3,1,AnteriorIschemia,-607,QR,1,0.039,0,637,1,248,500,,,,,,,,,,2,2,0.0,18,19,-2.0,30,31,-2.0,,,,50,38,24.0,52,64,-24.0,179,107,144.0,179,174,10.0,24.0,10.0,34.0,-134.0
AnteriorIschemia_010,V6,1,AnteriorIschemia,-607,Rs,1,0.0127,0,637,1,248,500,,,,,,,,,,2,2,0.0,,,,20,20,0.0,29,29,0.0,50,38,24.0,51,95,-88.0,145,145,0.0,181,174,14.0,24.0,14.0,102.0,14.0
AnteriorIschemia_010,V4,1,AnteriorIschemia,-607,qR,1,0.0263,0,637,1,248,500,,,,,,,,,,2,2,0.0,10,11,-2.0,29,29,0.0,,,,50,38,24.0,52,64,-24.0,145,145,0.0,179,174,10.0,24.0,10.0,34.0,10.0
AnteriorIschemia_010,V5,1,AnteriorIschemia,-607,qR,1,0.0196,0,637,1,248,500,,,,,,,,,,2,2,0.0,7,7,0.0,24,24,0.0,,,,49,38,22.0,54,64,-20.0,147,148,-2.0,182,174,16.0,22.0,16.0,36.0,18.0
Healthy_001,V1,1,Healthy,-614,rS,1,0.0571,0,638,1,241,500,,,,,,,,,,2,2,0.0,,,,6,7,-2.0,19,19,0.0,46,44,4.0,47,50,-6.0,138,138,0.0,175,166,18.0,4.0,18.0,24.0,18.0
Healthy_001,I,1,Healthy,-614,R,1,0.051,0,638,1,241,500,,,,,,,,,,1,2,-2.0,,,,9,14,-10.0,,28,,46,44,4.0,51,94,-86.0,145,145,0.0,175,166,18.0,6.0,20.0,104.0,18.0
Healthy_001,II,1,Healthy,-614,R,1,0.032,0,638,1,241,500,,,,,,,,,,2,2,0.0,,,,22,22,0.0,,,,47,44,6.0,54,69,-30.0,143,144,-2.0,175,176,-2.0,6.0,-2.0,28.0,0.0
Healthy_001,III,1,Healthy,-614,R,1,0.0585,0,638,1,241,500,,,,,,,,,,2,2,0.0,,,,11,22,-22.0,,,,47,44,6.0,55,69,-28.0,141,141,0.0,174,181,-14.0,6.0,-14.0,14.0,-14.0
Healthy_001,aVR,1,Healthy,-614,QS,1,0.0346,0,638,1,241,500,,,,,,,,,,2,2,0.0,22,22,0.0,,,,,,,46,44,4.0,55,69,-28.0,144,144,0.0,174,175,-2.0,4.0,-2.0,26.0,-2.0
Healthy_001,aVL,1,Healthy,-614,qrS,1,0.046,0,638,1,241,500,,,,,,,,,,2,2,0.0,4,11,-14.0,7,14,-14.0,23,23,0.0,47,44,6.0,53,69,-32.0,134,135,-2.0,174,182,-16.0,6.0,-16.0,16.0,-14.0
Healthy_001,aVF,1,Healthy,-614,R,1,0.0392,0,638,1,241,500,,,,,,,,,,2,2,0.0,,,,11,22,-22.0,,,,48,44,8.0,57,69,-24.0,143,143,0.0,174,185,-22.0,8.0,-22.0,2.0,-22.0
Healthy_001,V2,1,Healthy,-614,rS,1,0.0756,0,638,1,241,500,,,,,,,,,,2,2,0.0,,22,,4,,,22,,,46,44,4.0,48,52,-8.0,137,138,-2.0,175,166,18.0,4.0,18.0,26.0,20.0
Healthy_001,V3,1,Healthy,-614,QR,1,0.0714,0,638,1,241,500,,,,,,,,,,2,2,0.0,9,9,0.0,20,20,0.0,,,,46,44,4.0,55,60,-10.0,137,137,0.0,174,166,16.0,4.0,16.0,26.0,16.0
Healthy_001,V5,1,Healthy,-614,qR,1,0.0322,0,638,1,241,500,,,,,,,,,,2,2,0.0,6,,,22,22,0.0,,,,47,44,6.0,56,101,-90.0,149,149,0.0,175,166,18.0,6.0,18.0,108.0,18.0
Healthy_001,V6,1,Healthy,-614,qR,1,0.0243,0,638,1,241,500,,,,,,,,,,2,2,0.0,5,,,21,22,-2.0,,,,46,44,4.0,55,69,-28.0,149,149,0.0,175,171,8.0,4.0,8.0,36.0,8.0
Healthy_001,V4,1,Healthy,-614,qR,1,0.0727,0,638,1,241,500,,,,,,,,,,2,2,0.0,8,8,0.0,21,22,-2.0,,,,47,44,6.0,56,69,-26.0,138,138,0.0,174,166,16.0,6.0,16.0,42.0,16.0
Healthy_002,V2,1,Healthy,-608,rS,1,0.1217,0,640,1,247,500,,,,,,,,,,2,2,0.0,,,,6,6,0.0,24,24,0.0,53,64,-22.0,59,72,-26.0,141,141,0.0,183,173,20.0,-22.0,20.0,46.0,20.0
Healthy_002,I,1,Healthy,-608,R,1,0.1237,0,640,1,247,500,,,,,,,,,,2,2,0.0,,,,16,16,0.0,,,,53,64,-22.0,58,72,-28.0,148,148,0.0,184,185,-2.0,-22.0,-2.0,26.0,-2.0
Healthy_002,II,1,Healthy,-608,R,1,0.0943,0,640,1,247,500,,,,,,,,,,2,2,0.0,,,,10,27,-34.0,,,,53,64,-22.0,61,72,-22.0,147,148,-2.0,185,187,-4.0,-22.0,-4.0,18.0,-2.0
Healthy_002,III,1,Healthy,-608,RS,1,0.1543,0,640,1,247,500,,,,,,,,,,2,2,0.0,,16,,10,27,-34.0,16,,,53,64,-22.0,59,72,-26.0,158,158,0.0,184,187,-6.0,-22.0,-6.0,20.0,-6.0
Healthy_002,aVR,1,Healthy,-608,QS,1,0.0992,0,640,1,247,500,,,,,,,,,,2,2,0.0,28,28,0.0,,,,,,,52,64,-24.0,62,72,-20.0,148,148,0.0,184,193,-18.0,-24.0,-18.0,2.0,-18.0
Healthy_002,aVL,1,Healthy,-608,qRs,1,0.0917,0,640,1,247,500,,,,,,,,,,2,2,0.0,9,9,0.0,16,16,0.0,37,38,-2.0,53,64,-22.0,60,72,-24.0,148,148,0.0,183,187,-8.0,-22.0,-8.0,16.0,-8.0
Healthy_002,aVF,1,Healthy,-608,Rs,1,0.1157,0,640,1,247,500,,,,,,,,,,2,2,0.0,,16,,10,27,-34.0,16,,,53,64,-22.0,63,72,-18.0,145,146,-2.0,184,193,-18.0,-22.0,-18.0,0.0,-16.0
Healthy_002,V1,1,Healthy,-608,rS,1,0.0944,0,640,1,247,500,,,,,,,,,,2,2,0.0,,,,6,6,0.0,25,25,0.0,52,64,-24.0,57,66,-18.0,140,140,0.0,184,181,6.0,-24.0,6.0,24.0,6.0
Healthy_002,V3,1,Healthy,-608,rS,1,0.1421,0,640,1,247,500,,,,,,,,,,2,2,0.0,,20,,5,,,20,,,53,64,-22.0,62,66,-8.0,140,141,-2.0,183,179,8.0,-22.0,8.0,16.0,10.0
Healthy_002,V4,1,Healthy,-608,QR,1,0.1573,0,640,1,247,500,,,,,,,,,,2,2,0.0,17,17,0.0,29,42,-26.0,,,,53,64,-22.0,63,72,-18.0,140,140,0.0,184,193,-18.0,-22.0,-18.0,0.0,-18.0
Healthy_002,V6,1,Healthy,-608,qR,1,0.1005,0,640,1,247,500,,,,,,,,,,2,2,0.0,7,8,-2.0,26,26,0.0,,,,53,64,-22.0,62,126,-128.0,156,156,0.0,184,176,16.0,-22.0,16.0,144.0,16.0
Healthy_002,V5,1,Healthy,-608,qR,1,0.1211,0,640,1,247,500,,,,,,,,,,2,2,0.0,9,9,0.0,28,28,0.0,,,,53,64,-22.0,64,72,-16.0,157,157,0.0,184,173,22.0,-22.0,22.0,38.0,22.0
Healthy_003,aVF,1,Healthy,-614,R,1,0.0006,0,628,1,241,500,,,,,,,,,,2,2,0.0,,,,9,21,-24.0,,,,51,47,8.0,65,73,-16.0,142,142,0.0,175,182,-14.0,8.0,-14.0,2.0,-14.0
Healthy_003,I,1,Healthy,-614,R,1,0.0009,0,628,1,241,500,,,,,,,,,,2,2,0.0,,,,7,24,-34.0,,,,50,47,6.0,64,73,-18.0,148,148,0.0,175,175,0.0,6.0,0.0,18.0,0.0
Healthy_003,II,1,Healthy,-614,R,1,0.0003,0,628,1,241,500,,,,,,,,,,2,2,0.0,,,,9,21,-24.0,,,,51,47,8.0,63,73,-20.0,144,144,0.0,176,178,-4.0,8.0,-4.0,16.0,-4.0
Healthy_003,III,1,Healthy,-614,R,1,0.0023,0,628,1,241,500,,,,,,,,,,2,2,0.0,,,,9,21,-24.0,,,,51,47,8.0,64,73,-18.0,139,139,0.0,175,179,-8.0,8.0,-8.0,10.0,-8.0
Healthy_003,aVR,1,Healthy,-614,QS,1,0.0004,0,628,1,241,500,,,,,,,,,,2,2,0.0,21,21,0.0,,,,,,,50,47,6.0,65,73,-16.0,145,146,-2.0,175,178,-6.0,6.0,-6.0,10.0,-4.0
Healthy_003,V1,1,Healthy,-614,rS,1,0.0022,0,628,1,241,500,,,,,,,,,,2,2,0.0,,21,,4,,,22,,,49,47,4.0,55,51,8.0,139,139,0.0,176,169,14.0,4.0,14.0,6.0,14.0
Healthy_003,V2,1,Healthy,-614,Qr,1,0.0051,0,628,1,241,500,,,,,,,,,,2,2,0.0,24,24,0.0,33,33,0.0,,,,49,47,4.0,61,56,10.0,139,139,0.0,176,169,14.0,4.0,14.0,4.0,14.0
Healthy_003,V3,1,Healthy,-614,qR,1,0.0048,0,628,1,241,500,,,,,,,,,,2,2,0.0,8,8,0.0,19,19,0.0,,,,50,47,6.0,65,70,-10.0,144,144,0.0,175,169,12.0,6.0,12.0,22.0,12.0
Healthy_003,V5,1,Healthy,-614,qR,1,0.0003,0,628,1,241,500,,,,,,,,,,2,2,0.0,6,6,0.0,24,24,0.0,,,,51,47,8.0,66,81,-30.0,153,153,0.0,176,169,14.0,8.0,14.0,44.0,14.0
Healthy_003,V6,1,Healthy,-614,qR,1,0.0002,0,628,1,241,500,,,,,,,,,,2,2,0.0,5,,,23,24,-2.0,,,,51,47,8.0,65,76,-22.0,152,152,0.0,175,169,12.0,8.0,12.0,34.0,12.0
Healthy_003,V4,1,Healthy,-614,qR,1,0.0025,0,628,1,241,500,,,,,,,,,,2,2,0.0,8,9,-2.0,21,22,-2.0,,,,50,47,6.0,65,73,-16.0,149,149,0.0,175,169,12.0,6.0,12.0,28.0,12.0
Healthy_003,aVL,1,Healthy,-614,QRs,1,0.0009,0,628,1,241,500,,,,,,,,,,2,2,0.0,9,9,0.0,15,15,0.0,20,,,52,47,10.0,65,73,-16.0,134,134,0.0,175,169,12.0,10.0,12.0,28.0,12.0
Healthy_004,V2,1,Healthy,-609,rS,1,0.0414,0,638,1,246,500,,,,,,,,,,1,2,-2.0,,22,,3,,,22,,,49,45,8.0,62,54,16.0,137,137,0.0,178,174,8.0,10.0,10.0,-8.0,8.0
Healthy_004,I,1,Healthy,-609,R,1,0.0265,0,638,1,246,500,,,,,,,,,,1,2,-2.0,,,,14,14,0.0,,,,54,45,18.0,63,64,-2.0,143,143,0.0,179,174,10.0,20.0,12.0,12.0,10.0
Healthy_004,aVF,1,Healthy,-609,R,1,0.0164,0,638,1,246,500,,,,,,,,,,1,2,-2.0,,13,,6,26,-40.0,,,,63,45,36.0,64,70,-12.0,148,148,0.0,177,174,6.0,38.0,8.0,18.0,6.0
Healthy_004,V1,1,Healthy,-609,rS,1,0.0289,0,638,1,246,500,,,,,,,,,,1,2,-2.0,,21,,4,,,20,,,48,45,6.0,61,48,26.0,139,139,0.0,178,174,8.0,8.0,10.0,-18.0,8.0
Healthy_004,V3,1,Healthy,-609,QR,1,0.037,0,638,1,246,500,,,,,,,,,,1,2,-2.0,10,10,0.0,26,26,0.0,,,,52,45,14.0,64,64,0.0,131,132,-2.0,177,174,6.0,16.0,8.0,6.0,8.0
Healthy_004,V4,1,Healthy,-609,qR,1,0.0278,0,638,1,246,500,,,,,,,,,,2,2,0.0,10,10,0.0,27,27,0.0,,,,56,45,22.0,64,64,0.0,177,146,62.0,177,174,6.0,22.0,6.0,6.0,-56.0
Healthy_004,II,1,Healthy,-609,R,1,0.0139,0,638,1,246,500,,,,,,,,,,1,2,-2.0,,,,9,26,-34.0,,,,55,45,20.0,63,64,-2.0,144,145,-2.0,179,174,10.0,22.0,12.0,12.0,12.0
Healthy_004,III,1,Healthy,-609,rS,1,0.0335,0,638,1,246,500,,,,,,,,,,1,2,-2.0,,14,,5,26,-42.0,13,,,60,45,30.0,62,64,-4.0,155,155,0.0,178,174,8.0,32.0,10.0,12.0,8.0
Healthy_004,aVR,1,Healthy,-609,QS,1,0.0195,0,638,1,246,500,,,,,,,,,,1,2,-2.0,25,25,0.0,,,,,,,55,45,20.0,64,64,0.0,144,144,0.0,178,174,8.0,22.0,10.0,8.0,8.0
Healthy_004,aVL,1,Healthy,-609,Rs,1,0.0204,0,638,1,246,500,,,,,,,,,,1,2,-2.0,,,,14,14,0.0,26,27,-2.0,58,45,26.0,64,64,0.0,142,143,-2.0,177,174,6.0,28.0,8.0,6.0,8.0
Healthy_004,V5,1,Healthy,-609,R,1,0.0158,0,638,1,246,500,,,,,,,,,,1,2,-2.0,,,,25,25,0.0,,,,55,45,20.0,64,64,0.0,150,150,0.0,178,174,8.0,22.0,10.0,8.0,8.0
Healthy_004,V6,1,Healthy,-609,R,1,0.0142,0,638,1,246,500,,,,,,,,,,1,2,-2.0,,,,21,21,0.0,,30,,55,45,20.0,63,64,-2.0,147,147,0.0,178,174,8.0,22.0,10.0,10.0,8.0
Healthy_005,aVF,1,Healthy,-614,R,1,0.0052,0,627,1,241,500,,,,,,,,,,2,2,0.0,,,,6,23,-34.0,,,,48,37,22.0,60,71,-22.0,146,146,0.0,175,185,-20.0,22.0,-20.0,2.0,-20.0
Healthy_005,I,1,Healthy,-614,R,1,0.0052,0,627,1,241,500,,,,,,,,,,2,2,0.0,,,,14,14,0.0,,,,48,37,22.0,55,72,-34.0,142,142,0.0,176,169,14.0,22.0,14.0,48.0,14.0
Healthy_005,II,1,Healthy,-614,R,1,0.0041,0,627,1,241,500,,,,,,,,,,2,2,0.0,,,,22,23,-2.0,,,,48,37,22.0,58,71,-26.0,145,145,0.0,176,172,8.0,22.0,8.0,34.0,8.0
Healthy_005,aVR,1,Healthy,-614,QS,1,0.0038,0,627,1,241,500,,,,,,,,,,2,2,0.0,22,23,-2.0,,,,,,,48,37,22.0,59,71,-24.0,143,144,-2.0,175,175,0.0,22.0,0.0,24.0,2.0
Healthy_005,aVL,1,Healthy,-614,Rs,1,0.0061,0,627,1,241,500,,,,,,,,,,2,2,0.0,,,,13,14,-2.0,23,24,-2.0,48,37,22.0,58,96,-76.0,157,158,-2.0,175,180,-10.0,22.0,-10.0,66.0,-8.0
Healthy_005,V1,1,Healthy,-614,QS,1,0.0129,0,627,1,241,500,,,,,,,,,,2,2,0.0,21,21,0.0,,,,,,,48,37,22.0,50,50,0.0,139,140,-2.0,176,169,14.0,22.0,14.0,14.0,16.0
Healthy_005,V2,1,Healthy,-614,QS,1,0.0152,0,627,1,241,500,,,,,,,,,,2,2,0.0,21,21,0.0,,,,,,,47,37,20.0,54,51,6.0,140,140,0.0,177,169,16.0,20.0,16.0,10.0,16.0
Healthy_005,V3,1,Healthy,-614,qRs,1,0.0234,0,627,1,241,500,,,,,,,,,,2,2,0.0,9,9,0.0,15,15,0.0,21,21,0.0,48,37,22.0,57,60,-6.0,141,142,-2.0,175,178,-6.0,22.0,-6.0,0.0,-4.0
Healthy_005,III,1,Healthy,-614,RS,1,0.017,0,627,1,241,500,,,,,,,,,,2,2,0.0,,13,,5,23,-36.0,9,,,48,37,22.0,58,71,-26.0,150,151,-2.0,176,169,14.0,22.0,14.0,40.0,16.0
Healthy_005,V4,1,Healthy,-614,qR,1,0.018,0,627,1,241,500,,,,,,,,,,2,2,0.0,8,8,0.0,15,28,-26.0,,,,48,37,22.0,59,71,-24.0,149,149,0.0,175,169,12.0,22.0,12.0,36.0,12.0
Healthy_005,V5,1,Healthy,-614,R,1,0.0015,0,627,1,241,500,,,,,,,,,,2,2,0.0,,,,23,23,0.0,,,,48,37,22.0,60,71,-22.0,150,150,0.0,176,169,14.0,22.0,14.0,36.0,14.0
Healthy_005,V6,1,Healthy,-614,R,1,0.001,0,627,1,241,500,,,,,,,,,,2,2,0.0,,,,21,21,0.0,,,,48,37,22.0,59,71,-24.0,148,148,0.0,176,169,14.0,22.0,14.0,38.0,14.0
Healthy_006,V1,1,Healthy,-613,rS,1,0.0394,0,638,1,242,500,,,,,,,,,,1,2,-2.0,,,,8,8,0.0,21,22,-2.0,48,39,18.0,58,44,28.0,137,138,-2.0,177,166,22.0,20.0,24.0,-6.0,24.0
Healthy_006,I,1,Healthy,-613,R,1,0.038,0,638,1,242,500,,,,,,,,,,1,2,-2.0,,,,14,14,0.0,,,,50,39,22.0,59,67,-16.0,145,145,0.0,176,166,20.0,24.0,22.0,36.0,20.0
Healthy_006,II,1,Healthy,-613,R,1,0.0377,0,638,1,242,500,,,,,,,,,,1,2,-2.0,,,,10,24,-28.0,,,,49,39,20.0,59,67,-16.0,142,142,0.0,177,174,6.0,22.0,8.0,22.0,6.0
Healthy_006,III,1,Healthy,-613,rS,1,0.0635,0,638,1,242,500,,,,,,,,,,1,2,-2.0,,14,,5,25,-40.0,14,,,49,39,20.0,60,67,-14.0,131,131,0.0,177,174,6.0,22.0,8.0,20.0,6.0
Healthy_006,aVR,1,Healthy,-613,QS,1,0.0401,0,638,1,242,500,,,,,,,,,,1,2,-2.0,23,23,0.0,,,,,,,49,39,20.0,61,67,-12.0,143,144,-2.0,175,179,-8.0,22.0,-6.0,4.0,-6.0
Healthy_006,aVL,1,Healthy,-613,rS,1,0.0415,0,638,1,242,500,,,,,,,,,,1,2,-2.0,,,,7,14,-14.0,25,25,0.0,50,39,22.0,61,98,-74.0,146,146,0.0,175,166,18.0,24.0,20.0,92.0,18.0
Healthy_006,aVF,1,Healthy,-613,Rs,1,0.0445,0,638,1,242,500,,,,,,,,,,1,2,-2.0,,14,,10,24,-28.0,14,,,50,39,22.0,60,67,-14.0,138,139,-2.0,176,182,-12.0,24.0,-10.0,2.0,-10.0
Healthy_006,V2,1,Healthy,-613,rS,1,0.0585,0,638,1,242,500,,,,,,,,,,1,2,-2.0,,,,5,5,0.0,21,22,-2.0,48,39,18.0,59,53,12.0,138,138,0.0,176,166,20.0,20.0,22.0,8.0,20.0
Healthy_006,V3,1,Healthy,-613,rS,1,0.057,0,638,1,242,500,,,,,,,,,,1,2,-2.0,,22,,4,31,-54.0,21,,,49,39,20.0,61,55,12.0,136,137,-2.0,175,166,18.0,22.0,20.0,6.0,20.0
Healthy_006,V4,1,Healthy,-613,RS,1,0.0657,0,638,1,242,500,,,,,,,,,,1,2,-2.0,,14,,4,28,-48.0,13,,,49,39,20.0,62,62,0.0,134,134,0.0,175,200,-50.0,22.0,-48.0,-50.0,-50.0
Healthy_006,V6,1,Healthy,-613,R,1,0.0196,0,638,1,242,500,,,,,,,,,,1,2,-2.0,,,,22,22,0.0,,,,50,39,22.0,60,68,-16.0,149,149,0.0,177,167,20.0,24.0,22.0,36.0,20.0
Healthy_006,V5,1,Healthy,-613,R,1,0.0284,0,638,1,242,500,,,,,,,,,,1,2,-2.0,,,,17,24,-14.0,,,,50,39,22.0,61,67,-12.0,152,152,0.0,177,166,22.0,24.0,24.0,34.0,22.0
Healthy_007,III,1,Healthy,-615,R,1,0.0102,0,640,1,240,500,,,,,,,,,,2,3,-2.0,,,,10,18,-16.0,,,,53,60,-14.0,62,74,-24.0,140,140,0.0,173,172,2.0,-12.0,4.0,26.0,2.0
Healthy_007,I,1,Healthy,-615,RS,1,0.004,0,640,1,240,500,,,,,,,,,,2,3,-2.0,,11,,7,21,-28.0,10,,,52,60,-16.0,62,94,-64.0,147,148,-2.0,174,168,12.0,-14.0,14.0,76.0,14.0
Healthy_007,II,1,Healthy,-615,R,1,0.002,0,640,1,240,500,,,,,,,,,,2,3,-2.0,,,,19,20,-2.0,,,,52,60,-16.0,62,76,-28.0,143,144,-2.0,174,168,12.0,-14.0,14.0,40.0,14.0
Healthy_007,aVR,1,Healthy,-615,QS,1,0.0019,0,640,1,240,500,,,,,,,,,,2,3,-2.0,20,20,0.0,,,,,,,51,60,-18.0,63,74,-22.0,145,145,0.0,173,172,2.0,-16.0,4.0,24.0,2.0
Healthy_007,aVL,1,Healthy,-615,QRs,1,0.0057,0,640,1,240,500,,,,,,,,,,2,3,-2.0,10,11,-2.0,22,22,0.0,28,28,0.0,54,60,-12.0,63,70,-14.0,136,136,0.0,173,168,10.0,-10.0,12.0,24.0,10.0
Healthy_007,V2,1,Healthy,-615,Qr,1,0.0263,0,640,1,240,500,,,,,,,,,,2,3,-2.0,10,10,0.0,24,24,0.0,,,,49,60,-22.0,59,72,-26.0,139,139,0.0,174,174,0.0,-20.0,2.0,26.0,0.0
Healthy_007,V3,1,Healthy,-615,QR,1,0.0269,0,640,1,240,500,,,,,,,,,,2,3,-2.0,9,10,-2.0,23,24,-2.0,,,,52,60,-16.0,63,74,-22.0,144,144,0.0,173,168,10.0,-14.0,12.0,32.0,10.0
Healthy_007,V4,1,Healthy,-615,qR,1,0.0103,0,640,1,240,500,,,,,,,,,,2,3,-2.0,9,9,0.0,20,20,0.0,,,,53,60,-14.0,63,100,-74.0,149,148,2.0,173,168,10.0,-12.0,12.0,84.0,8.0
Healthy_007,V5,1,Healthy,-615,qR,1,0.0015,0,640,1,240,500,,,,,,,,,,2,3,-2.0,6,,,20,20,0.0,,,,52,60,-16.0,63,96,-66.0,148,148,0.0,174,168,12.0,-14.0,14.0,78.0,12.0
Healthy_007,V6,1,Healthy,-615,qR,1,0.0011,0,640,1,240,500,,,,,,,,,,2,3,-2.0,6,,,21,21,0.0,,,,51,60,-18.0,63,101,-76.0,149,149,0.0,174,168,12.0,-16.0,14.0,88.0,12.0
Healthy_007,V1,1,Healthy,-615,QS,1,0.0096,0,640,1,240,500,,,,,,,,,,2,3,-2.0,18,18,0.0,,32,,,,,48,60,-24.0,59,74,-30.0,138,138,0.0,174,172,4.0,-22.0,6.0,34.0,4.0
Healthy_007,aVF,1,Healthy,-615,R,1,0.0033,0,640,1,240,500,,,,,,,,,,2,3,-2.0,,,,10,19,-18.0,,,,56,60,-8.0,63,74,-22.0,142,142,0.0,173,168,10.0,-6.0,12.0,32.0,10.0
Healthy_008,II,1,Healthy,-613,R,1,0.0041,0,637,1,242,500,,,,,,,,,,1,2,-2.0,,,,8,23,-30.0,,,,47,47,0.0,58,72,-28.0,145,146,-2.0,176,171,10.0,2.0,12.0,38.0,12.0
Healthy_008,III,1,Healthy,-613,rS,1,0.0057,0,637,1,242,500,,,,,,,,,,1,2,-2.0,,14,,5,22,-34.0,13,,,47,47,0.0,59,82,-46.0,155,155,0.0,177,171,12.0,2.0,14.0,58.0,12.0
Healthy_008,aVR,1,Healthy,-613,QS,1,0.005,0,637,1,242,500,,,,,,,,,,1,2,-2.0,23,23,0.0,,,,,,,47,47,0.0,59,72,-26.0,144,144,0.0,176,182,-12.0,2.0,-10.0,14.0,-12.0
Healthy_008,aVL,1,Healthy,-613,Rs,1,0.004,0,637,1,242,500,,,,,,,,,,1,2,-2.0,,,,14,14,0.0,19,20,-2.0,47,47,0.0,59,90,-62.0,142,143,-2.0,175,171,8.0,2.0,10.0,70.0,10.0
Healthy_008,aVF,1,Healthy,-613,rS,1,0.0034,0,637,1,242,500,,,,,,,,,,1,2,-2.0,,14,,6,22,-32.0,13,,,47,47,0.0,60,70,-20.0,149,149,0.0,175,175,0.0,2.0,2.0,20.0,0.0
Healthy_008,V1,1,Healthy,-613,rS,1,0.0082,0,637,1,242,500,,,,,,,,,,1,2,-2.0,,21,,6,,,21,,,46,47,-2.0,56,47,18.0,137,137,0.0,176,171,10.0,0.0,12.0,-8.0,10.0
Healthy_008,V2,1,Healthy,-613,rS,1,0.0127,0,637,1,242,500,,,,,,,,,,1,2,-2.0,,16,,4,,,16,,,46,47,-2.0,57,55,4.0,137,137,0.0,176,182,-12.0,0.0,-10.0,-16.0,-12.0
Healthy_008,V3,1,Healthy,-613,QR,1,0.0147,0,637,1,242,500,,,,,,,,,,1,2,-2.0,13,14,-2.0,23,30,-14.0,,,,47,47,0.0,59,62,-6.0,135,135,0.0,175,171,8.0,2.0,10.0,14.0,8.0
Healthy_008,V4,1,Healthy,-613,qR,1,0.0121,0,637,1,242,500,,,,,,,,,,1,2,-2.0,12,11,2.0,23,23,0.0,,,,47,47,0.0,59,70,-22.0,134,134,0.0,175,175,0.0,2.0,2.0,22.0,0.0
Healthy_008,V5,1,Healthy,-613,qR,1,0.0023,0,637,1,242,500,,,,,,,,,,1,2,-2.0,8,8,0.0,23,23,0.0,,,,47,47,0.0,59,96,-74.0,150,150,0.0,176,171,10.0,2.0,12.0,84.0,10.0
Healthy_008,V6,1,Healthy,-613,qR,1,0.0021,0,637,1,242,500,,,,,,,,,,1,2,-2.0,6,,,22,23,-2.0,,,,47,47,0.0,59,87,-56.0,149,149,0.0,176,171,10.0,2.0,12.0,66.0,10.0
Healthy_008,I,1,Healthy,-613,R,1,0.0093,0,637,1,242,500,,,,,,,,,,1,2,-2.0,,,,14,14,0.0,,,,47,47,0.0,58,68,-20.0,143,144,-2.0,175,171,8.0,2.0,10.0,28.0,10.0
Healthy_009,V2,1,Healthy,-613,rS,1,0.0181,0,639,1,242,500,,,,,,,,,,1,2,-2.0,,21,,5,,,21,,,47,43,8.0,56,48,16.0,136,136,0.0,178,179,-2.0,10.0,0.0,-18.0,-2.0
Healthy_009,I,1,Healthy,-613,R,1,0.0141,0,639,1,242,500,,,,,,,,,,1,2,-2.0,,,,15,23,-16.0,,,,49,43,12.0,56,76,-40.0,145,146,-2.0,179,168,22.0,14.0,24.0,62.0,24.0
Healthy_009,II,1,Healthy,-613,R,1,0.0168,0,639,1,242,500,,,,,,,,,,1,2,-2.0,,12,,6,23,-34.0,,,,49,43,12.0,58,68,-20.0,143,144,-2.0,178,174,8.0,14.0,10.0,28.0,10.0
Healthy_009,III,1,Healthy,-613,rS,1,0.0247,0,639,1,242,500,,,,,,,,,,1,2,-2.0,,15,,5,,,15,,,48,43,10.0,58,72,-28.0,147,147,0.0,179,168,22.0,12.0,24.0,50.0,22.0
Healthy_009,aVR,1,Healthy,-613,QS,1,0.017,0,639,1,242,500,,,,,,,,,,1,2,-2.0,23,23,0.0,,,,,,,49,43,12.0,58,72,-28.0,145,145,0.0,177,178,-2.0,14.0,0.0,26.0,-2.0
Healthy_009,aVL,1,Healthy,-613,R,1,0.0135,0,639,1,242,500,,,,,,,,,,1,2,-2.0,,,,15,15,0.0,,,,49,43,12.0,58,85,-54.0,146,146,0.0,178,168,20.0,14.0,22.0,74.0,20.0
Healthy_009,aVF,1,Healthy,-613,rS,1,0.0118,0,639,1,242,500,,,,,,,,,,1,2,-2.0,,15,,5,24,-38.0,14,,,49,43,12.0,59,72,-26.0,135,135,0.0,177,175,4.0,14.0,6.0,30.0,4.0
Healthy_009,V1,1,Healthy,-613,rS,1,0.0169,0,639,1,242,500,,,,,,,,,,1,2,-2.0,,,,8,7,2.0,22,22,0.0,47,43,8.0,54,52,4.0,134,134,0.0,179,168,22.0,10.0,24.0,18.0,22.0
Healthy_009,V3,1,Healthy,-613,rS,1,0.0202,0,639,1,242,500,,,,,,,,,,1,2,-2.0,,21,,4,31,-54.0,20,,,48,43,10.0,59,59,0.0,136,136,0.0,176,170,12.0,12.0,14.0,12.0,12.0
Healthy_009,V4,1,Healthy,-613,rS,1,0.0274,0,639,1,242,500,,,,,,,,,,1,2,-2.0,,17,,4,27,-46.0,16,,,48,43,10.0,60,60,0.0,136,136,0.0,177,165,24.0,12.0,26.0,24.0,24.0
Healthy_009,V5,1,Healthy,-613,qR,1,0.0036,0,639,1,242,500,,,,,,,,,,1,2,-2.0,12,12,0.0,24,25,-2.0,,,,49,43,12.0,59,72,-26.0,145,146,-2.0,179,172,14.0,14.0,16.0,40.0,16.0
Healthy_009,V6,1,Healthy,-613,qR,1,0.0029,0,639,1,242,500,,,,,,,,,,1,2,-2.0,7,7,0.0,22,23,-2.0,,,,49,43,12.0,58,81,-46.0,149,149,0.0,179,168,22.0,14.0,24.0,68.0,22.0
Healthy_010,V1,1,Healthy,-615,rS,1,0.0082,0,644,1,240,500,,,,,,,,,,2,2,0.0,,21,,4,,,21,,,49,50,-2.0,62,51,22.0,142,142,0.0,178,173,10.0,-2.0,10.0,-12.0,10.0
Healthy_010,I,1,Healthy,-615,R,1,0.0068,0,644,1,240,500,,,,,,,,,,2,2,0.0,,,,14,14,0.0,,,,51,50,2.0,62,72,-20.0,142,142,0.0,181,176,10.0,2.0,10.0,30.0,10.0
Healthy_010,II,1,Healthy,-615,R,1,0.006,0,644,1,240,500,,,,,,,,,,2,2,0.0,,,,7,27,-40.0,,,,51,50,2.0,61,72,-22.0,146,146,0.0,179,184,-10.0,2.0,-10.0,12.0,-10.0
Healthy_010,III,1,Healthy,-615,rS,1,0.0111,0,644,1,240,500,,,,,,,,,,2,2,0.0,,13,,5,27,-44.0,13,,,51,50,2.0,63,76,-26.0,156,156,0.0,178,182,-8.0,2.0,-8.0,18.0,-8.0
Healthy_010,aVR,1,Healthy,-615,QS,1,0.0079,0,644,1,240,500,,,,,,,,,,2,2,0.0,22,22,0.0,,,,,,,51,50,2.0,63,72,-18.0,143,144,-2.0,178,185,-14.0,2.0,-14.0,4.0,-12.0
Healthy_010,aVL,1,Healthy,-615,Rs,1,0.0055,0,644,1,240,500,,,,,,,,,,2,2,0.0,,,,13,14,-2.0,27,27,0.0,52,50,4.0,64,87,-46.0,140,140,0.0,178,175,6.0,4.0,6.0,52.0,6.0
Healthy_010,aVF,1,Healthy,-615,rS,1,0.0045,0,644,1,240,500,,,,,,,,,,2,2,0.0,,13,,6,27,-42.0,13,,,51,50,2.0,64,72,-16.0,151,152,-2.0,177,179,-4.0,2.0,-4.0,12.0,-2.0
Healthy_010,V2,1,Healthy,-615,QS,1,0.0103,0,644,1,240,500,,,,,,,,,,2,2,0.0,19,19,0.0,,,,,,,50,50,0.0,63,50,26.0,139,140,-2.0,178,173,10.0,0.0,10.0,-16.0,12.0
Healthy_010,V3,1,Healthy,-615,Qr,1,0.0105,0,644,1,240,500,,,,,,,,,,2,2,0.0,14,14,0.0,29,34,-10.0,,,,50,50,0.0,65,68,-6.0,136,136,0.0,177,172,10.0,0.0,10.0,16.0,10.0
Healthy_010,V5,1,Healthy,-615,qR,1,0.0057,0,644,1,240,500,,,,,,,,,,2,2,0.0,8,7,2.0,23,23,0.0,,,,51,50,2.0,63,83,-40.0,150,150,0.0,179,173,12.0,2.0,12.0,52.0,12.0
Healthy_010,V6,1,Healthy,-615,Rs,1,0.0043,0,644,1,240,500,,,,,,,,,,2,2,0.0,,,,20,20,0.0,29,29,0.0,51,50,2.0,62,72,-20.0,147,147,0.0,179,173,12.0,2.0,12.0,32.0,12.0
Healthy_010,V4,1,Healthy,-615,qR,1,0.0145,0,644,1,240,500,,,,,,,,,,2,2,0.0,12,13,-2.0,28,28,0.0,,,,51,50,2.0,64,68,-8.0,146,146,0.0,177,173,8.0,2.0,8.0,16.0,8.0
InferiorInfarction_001,aVR,1,InferiorInfarction,-614,QS,1,0.0001,0,626,1,241,500,,,,,,,,,,2,2,0.0,23,23,0.0,,,,,,,50,50,0.0,51,109,-116.0,171,171,0.0,258,279,-42.0,0.0,-42.0,74.0,-42.0
InferiorInfarction_001,I,1,InferiorInfarction,-614,Rs,1,0.0001,0,626,1,241,500,,,,,,,,,,2,2,0.0,,11,,7,14,-14.0,50,18,64.0,50,50,0.0,51,103,-104.0,162,162,0.0,260,286,-52.0,0.0,-52.0,52.0,-52.0
InferiorInfarction_001,II,1,InferiorInfarction,-614,R,1,0.0,0,626,1,241,500,,,,,,,,,,2,2,0.0,,,,11,23,-24.0,,,,49,50,-2.0,50,119,-138.0,173,173,0.0,262,281,-38.0,-2.0,-38.0,100.0,-38.0
InferiorInfarction_001,III,1,InferiorInfarction,-614,QR,1,0.0,0,626,1,241,500,,,,,,,,,,2,2,0.0,6,6,0.0,11,23,-24.0,,,,50,50,0.0,51,103,-104.0,175,175,0.0,257,258,-2.0,0.0,-2.0,102.0,-2.0
InferiorInfarction_001,aVL,1,InferiorInfarction,-614,rS,1,0.0,0,626,1,241,500,,,,,,,,,,2,2,0.0,,,,6,6,0.0,23,23,0.0,50,50,0.0,51,89,-76.0,177,177,0.0,253,261,-16.0,0.0,-16.0,60.0,-16.0
InferiorInfarction_001,aVF,1,InferiorInfarction,-614,qR,1,0.0,0,626,1,241,500,,,,,,,,,,2,2,0.0,6,,,11,23,-24.0,,,,50,50,0.0,51,101,-100.0,174,174,0.0,259,266,-14.0,0.0,-14.0,86.0,-14.0
InferiorInfarction_001,V1,1,InferiorInfarction,-614,rS,1,0.0,0,626,1,241,500,,,,,,,,,,2,2,0.0,,,,6,7,-2.0,19,19,0.0,50,50,0.0,51,51,0.0,139,140,-2.0,254,255,-2.0,0.0,-2.0,-2.0,0.0
InferiorInfarction_001,V2,1,InferiorInfarction,-614,rS,1,0.0,0,626,1,241,500,,,,,,,,,,2,2,0.0,,24,,5,,,24,,,50,50,0.0,51,51,0.0,139,139,0.0,250,263,-26.0,0.0,-26.0,-26.0,-26.0
InferiorInfarction_001,V3,1,InferiorInfarction,-614,qRs,1,0.0,0,626,1,241,500,,,,,,,,,,2,2,0.0,9,9,0.0,20,20,0.0,28,28,0.0,52,50,4.0,53,51,4.0,138,139,-2.0,249,255,-12.0,4.0,-12.0,-16.0,-10.0
InferiorInfarction_001,V4,1,InferiorInfarction,-614,qRs,1,0.0,0,626,1,241,500,,,,,,,,,,2,2,0.0,8,8,0.0,21,22,-2.0,33,,,52,50,4.0,53,51,4.0,140,141,-2.0,248,251,-6.0,4.0,-6.0,-10.0,-4.0
InferiorInfarction_001,V5,1,InferiorInfarction,-614,qR,1,0.0,0,626,1,241,500,,,,,,,,,,2,2,0.0,7,,,27,27,0.0,,,,50,50,0.0,51,51,0.0,169,169,0.0,258,277,-38.0,0.0,-38.0,-38.0,-38.0
InferiorInfarction_001,V6,1,InferiorInfarction,-614,Rs,1,0.0001,0,626,1,241,500,,,,,,,,,,2,2,0.0,,,,29,29,0.0,50,,,50,50,0.0,51,91,-80.0,145,145,0.0,260,281,-42.0,0.0,-42.0,38.0,-42.0
InferiorInfarction_002,V6,1,InferiorInfarction,-604,qRs,1,0.009,0,642,1,251,500,,,,,,,,,,2,2,0.0,9,9,0.0,36,35,2.0,60,,,60,57,6.0,61,62,-2.0,144,144,0.0,259,291,-64.0,6.0,-64.0,-62.0,-64.0
InferiorInfarction_002,I,1,InferiorInfarction,-604,R,1,0.0103,0,642,1,251,500,,,,,,,,,,2,2,0.0,,,,9,16,-14.0,,72,,59,57,4.0,60,87,-54.0,144,145,-2.0,257,286,-58.0,4.0,-58.0,-4.0,-56.0
InferiorInfarction_002,III,1,InferiorInfarction,-604,qR,1,0.0143,0,642,1,251,500,,,,,,,,,,2,2,0.0,8,16,-16.0,27,28,-2.0,,,,60,57,6.0,61,75,-28.0,140,141,-2.0,281,277,8.0,6.0,8.0,36.0,10.0
InferiorInfarction_002,aVR,1,InferiorInfarction,-604,QS,1,0.008,0,642,1,251,500,,,,,,,,,,2,2,0.0,31,32,-2.0,,,,,,,60,57,6.0,61,76,-30.0,151,151,0.0,256,294,-76.0,6.0,-76.0,-46.0,-76.0
InferiorInfarction_002,aVL,1,InferiorInfarction,-604,RS,1,0.0087,0,642,1,251,500,,,,,,,,,,2,2,0.0,,,,8,16,-16.0,26,27,-2.0,60,57,6.0,61,94,-66.0,142,142,0.0,261,283,-44.0,6.0,-44.0,22.0,-44.0
InferiorInfarction_002,aVF,1,InferiorInfarction,-604,QR,1,0.0066,0,642,1,251,500,,,,,,,,,,2,2,0.0,7,8,-2.0,12,31,-38.0,,,,60,57,6.0,61,101,-80.0,158,183,-50.0,269,279,-20.0,6.0,-20.0,60.0,30.0
InferiorInfarction_002,V1,1,InferiorInfarction,-604,rS,1,0.0107,0,642,1,251,500,,,,,,,,,,2,2,0.0,,,,7,7,0.0,31,31,0.0,58,57,2.0,59,68,-18.0,142,143,-2.0,256,277,-42.0,2.0,-42.0,-24.0,-40.0
InferiorInfarction_002,V2,1,InferiorInfarction,-604,rS,1,0.0216,0,642,1,251,500,,,,,,,,,,2,2,0.0,,,,7,7,0.0,31,31,0.0,59,57,4.0,60,64,-8.0,142,143,-2.0,254,281,-54.0,4.0,-54.0,-46.0,-52.0
InferiorInfarction_002,V3,1,InferiorInfarction,-604,rS,1,0.0268,0,642,1,251,500,,,,,,,,,,2,2,0.0,,,,6,6,0.0,32,32,0.0,60,57,6.0,61,58,6.0,142,142,0.0,253,282,-58.0,6.0,-58.0,-64.0,-58.0
InferiorInfarction_002,V4,1,InferiorInfarction,-604,QrS,1,0.0171,0,642,1,251,500,,,,,,,,,,2,2,0.0,17,17,0.0,28,,,35,,,60,57,6.0,61,74,-26.0,142,142,0.0,254,283,-58.0,6.0,-58.0,-32.0,-58.0
InferiorInfarction_002,V5,1,InferiorInfarction,-604,qR,1,0.0077,0,642,1,251,500,,,,,,,,,,2,2,0.0,11,11,0.0,31,30,2.0,,,,60,57,6.0,61,64,-6.0,159,160,-2.0,259,251,16.0,6.0,16.0,22.0,18.0
InferiorInfarction_002,II,1,InferiorInfarction,-604,R,1,0.005,0,642,1,251,500,,,,,,,,,,2,2,0.0,,,,12,32,-40.0,,,,59,57,4.0,60,68,-16.0,156,182,-52.0,276,238,76.0,4.0,76.0,92.0,128.0
InferiorInfarction_003,V2,1,InferiorInfarction,-614,rS,1,0.0004,0,628,1,241,500,,,,,,,,,,1,2,-2.0,,25,,4,,,25,,,54,51,6.0,55,55,0.0,140,140,0.0,252,267,-30.0,8.0,-28.0,-30.0,-30.0
InferiorInfarction_003,I,1,InferiorInfarction,-614,R,1,0.0017,0,628,1,241,500,,,,,,,,,,1,2,-2.0,,,,7,30,-46.0,,,,54,51,6.0,55,64,-18.0,172,173,-2.0,259,281,-44.0,8.0,-42.0,-26.0,-42.0
InferiorInfarction_003,II,1,InferiorInfarction,-614,R,1,0.0002,0,628,1,241,500,,,,,,,,,,1,2,-2.0,,,,9,21,-24.0,,64,,54,51,6.0,55,98,-86.0,173,173,0.0,260,275,-30.0,8.0,-28.0,56.0,-30.0
InferiorInfarction_003,III,1,InferiorInfarction,-614,R,1,0.0002,0,628,1,241,500,,,,,,,,,,1,2,-2.0,,,,9,21,-24.0,,,,55,51,8.0,56,66,-20.0,143,143,0.0,256,243,26.0,10.0,28.0,46.0,26.0
InferiorInfarction_003,aVR,1,InferiorInfarction,-614,QS,1,0.0002,0,628,1,241,500,,,,,,,,,,1,2,-2.0,21,21,0.0,,,,,,,54,51,6.0,55,82,-54.0,173,173,0.0,260,279,-38.0,8.0,-36.0,16.0,-38.0
InferiorInfarction_003,aVL,1,InferiorInfarction,-614,rS,1,0.0003,0,628,1,241,500,,,,,,,,,,1,2,-2.0,,21,,6,33,-54.0,20,,,55,51,8.0,56,54,4.0,142,142,0.0,258,269,-22.0,10.0,-20.0,-26.0,-22.0
InferiorInfarction_003,aVF,1,InferiorInfarction,-614,R,1,0.0,0,628,1,241,500,,,,,,,,,,1,2,-2.0,,,,9,21,-24.0,,,,55,51,8.0,56,55,2.0,143,174,-62.0,259,262,-6.0,10.0,-4.0,-8.0,56.0
InferiorInfarction_003,V1,1,InferiorInfarction,-614,rS,1,0.0002,0,628,1,241,500,,,,,,,,,,1,2,-2.0,,,,5,5,0.0,22,21,2.0,54,51,6.0,55,55,0.0,140,140,0.0,258,255,6.0,8.0,8.0,6.0,6.0
InferiorInfarction_003,V3,1,InferiorInfarction,-614,qRs,1,0.0002,0,628,1,241,500,,,,,,,,,,1,2,-2.0,8,8,0.0,19,19,0.0,37,37,0.0,56,51,10.0,57,80,-46.0,144,144,0.0,250,251,-2.0,12.0,0.0,44.0,-2.0
InferiorInfarction_003,V4,1,InferiorInfarction,-614,qRs,1,0.0002,0,628,1,241,500,,,,,,,,,,1,2,-2.0,8,8,0.0,21,22,-2.0,39,,,56,51,10.0,57,81,-48.0,148,148,0.0,251,253,-4.0,12.0,-2.0,44.0,-4.0
InferiorInfarction_003,V5,1,InferiorInfarction,-614,qR,1,0.0002,0,628,1,241,500,,,,,,,,,,1,2,-2.0,8,8,0.0,30,30,0.0,,,,55,51,8.0,56,70,-28.0,143,143,0.0,260,275,-30.0,10.0,-28.0,-2.0,-30.0
InferiorInfarction_003,V6,1,InferiorInfarction,-614,qRs,1,0.0001,0,628,1,241,500,,,,,,,,,,1,2,-2.0,5,6,-2.0,32,32,0.0,54,,,54,51,6.0,55,55,0.0,145,145,0.0,262,269,-14.0,8.0,-12.0,-14.0,-14.0
InferiorInfarction_004,V6,1,InferiorInfarction,-609,Rs,1,0.0004,0,622,1,246,500,,,,,,,,,,2,2,0.0,,,,33,33,0.0,52,,,52,48,8.0,53,55,-4.0,168,168,0.0,261,275,-28.0,8.0,-28.0,-24.0,-28.0
InferiorInfarction_004,I,1,InferiorInfarction,-609,R,1,0.0003,0,622,1,246,500,,,,,,,,,,2,2,0.0,,,,14,14,0.0,,62,,51,48,6.0,52,93,-82.0,141,141,0.0,264,281,-34.0,6.0,-34.0,48.0,-34.0
InferiorInfarction_004,II,1,InferiorInfarction,-609,R,1,0.0007,0,622,1,246,500,,,,,,,,,,2,2,0.0,,,,26,27,-2.0,,64,,51,48,6.0,52,103,-102.0,176,176,0.0,264,269,-10.0,6.0,-10.0,92.0,-10.0
InferiorInfarction_004,III,1,InferiorInfarction,-609,qR,1,0.0006,0,622,1,246,500,,,,,,,,,,2,2,0.0,7,7,0.0,26,26,0.0,,,,52,48,8.0,53,48,10.0,139,139,0.0,256,254,4.0,8.0,4.0,-6.0,4.0
InferiorInfarction_004,aVR,1,InferiorInfarction,-609,QS,1,0.0004,0,622,1,246,500,,,,,,,,,,2,2,0.0,27,27,0.0,,,,,,,51,48,6.0,52,51,2.0,144,176,-64.0,262,279,-34.0,6.0,-34.0,-36.0,30.0
InferiorInfarction_004,aVL,1,InferiorInfarction,-609,RS,1,0.0004,0,622,1,246,500,,,,,,,,,,2,2,0.0,,,,8,14,-12.0,25,26,-2.0,52,48,8.0,53,50,6.0,140,140,0.0,262,277,-30.0,8.0,-30.0,-36.0,-30.0
InferiorInfarction_004,aVF,1,InferiorInfarction,-609,qR,1,0.0005,0,622,1,246,500,,,,,,,,,,2,2,0.0,7,7,0.0,26,26,0.0,,,,52,48,8.0,53,66,-26.0,176,176,0.0,257,253,8.0,8.0,8.0,34.0,8.0
InferiorInfarction_004,V1,1,InferiorInfarction,-609,rS,1,0.0006,0,622,1,246,500,,,,,,,,,,2,2,0.0,,21,,4,,,21,,,51,48,6.0,52,50,4.0,142,142,0.0,256,268,-24.0,6.0,-24.0,-28.0,-24.0
InferiorInfarction_004,V2,1,InferiorInfarction,-609,QS,1,0.0003,0,622,1,246,500,,,,,,,,,,2,2,0.0,25,25,0.0,,,,,,,52,48,8.0,53,50,6.0,140,140,0.0,249,263,-28.0,8.0,-28.0,-34.0,-28.0
InferiorInfarction_004,V3,1,InferiorInfarction,-609,QRS,1,0.0017,0,622,1,246,500,,,,,,,,,,2,2,0.0,10,10,0.0,24,23,2.0,33,33,0.0,52,48,8.0,53,50,6.0,138,139,-2.0,251,275,-48.0,8.0,-48.0,-54.0,-46.0
InferiorInfarction_004,V4,1,InferiorInfarction,-609,qRs,1,0.0009,0,622,1,246,500,,,,,,,,,,2,2,0.0,9,10,-2.0,26,26,0.0,39,35,8.0,52,48,8.0,53,50,6.0,144,144,0.0,251,266,-30.0,8.0,-30.0,-36.0,-30.0
InferiorInfarction_004,V5,1,InferiorInfarction,-609,R,1,0.0003,0,622,1,246,500,,,,,,,,,,2,2,0.0,,,,32,32,0.0,,,,52,48,8.0,53,50,6.0,138,139,-2.0,258,277,-38.0,8.0,-38.0,-44.0,-36.0
InferiorInfarction_005,aVF,1,InferiorInfarction,-608,R,1,0.0001,0,621,1,247,500,,,,,,,,,,2,2,0.0,,8,,23,23,0.0,,,,51,48,6.0,52,101,-98.0,172,173,-2.0,258,269,-22.0,6.0,-22.0,76.0,-20.0
InferiorInfarction_005,I,1,InferiorInfarction,-608,R,1,0.0002,0,621,1,247,500,,,,,,,,,,2,2,0.0,,,,10,32,-44.0,,64,,50,48,4.0,51,107,-112.0,247,171,152.0,258,275,-34.0,4.0,-34.0,78.0,-186.0
InferiorInfarction_005,II,1,InferiorInfarction,-608,R,1,0.0005,0,621,1,247,500,,,,,,,,,,2,2,0.0,,,,23,23,0.0,,,,50,48,4.0,51,105,-108.0,172,172,0.0,257,275,-36.0,4.0,-36.0,72.0,-36.0
InferiorInfarction_005,III,1,InferiorInfarction,-608,qR,1,0.0003,0,621,1,247,500,,,,,,,,,,2,2,0.0,8,8,0.0,23,23,0.0,,,,51,48,6.0,52,50,4.0,150,151,-2.0,255,248,14.0,6.0,14.0,10.0,16.0
InferiorInfarction_005,aVR,1,InferiorInfarction,-608,QS,1,0.0008,0,621,1,247,500,,,,,,,,,,2,2,0.0,24,23,2.0,,,,,,,51,48,6.0,52,53,-2.0,172,172,0.0,257,275,-36.0,6.0,-36.0,-34.0,-36.0
InferiorInfarction_005,aVL,1,InferiorInfarction,-608,RS,1,0.0001,0,621,1,247,500,,,,,,,,,,2,2,0.0,,,,9,8,2.0,23,22,2.0,52,48,8.0,53,53,0.0,151,152,-2.0,253,265,-24.0,8.0,-24.0,-24.0,-22.0
InferiorInfarction_005,V1,1,InferiorInfarction,-608,rS,1,0.0021,0,621,1,247,500,,,,,,,,,,2,2,0.0,,,,6,6,0.0,23,23,0.0,50,48,4.0,51,55,-8.0,141,141,0.0,255,268,-26.0,4.0,-26.0,-18.0,-26.0
InferiorInfarction_005,V2,1,InferiorInfarction,-608,rS,1,0.0033,0,621,1,247,500,,,,,,,,,,2,2,0.0,,24,,6,,,24,,,50,48,4.0,51,50,2.0,141,141,0.0,251,268,-34.0,4.0,-34.0,-36.0,-34.0
InferiorInfarction_005,V3,1,InferiorInfarction,-608,qRS,1,0.0032,0,621,1,247,500,,,,,,,,,,2,2,0.0,9,9,0.0,15,15,0.0,25,25,0.0,51,48,6.0,52,50,4.0,142,142,0.0,251,267,-32.0,6.0,-32.0,-36.0,-32.0
InferiorInfarction_005,V4,1,InferiorInfarction,-608,qRs,1,0.0027,0,621,1,247,500,,,,,,,,,,2,2,0.0,8,9,-2.0,15,15,0.0,37,37,0.0,52,48,8.0,53,54,-2.0,146,147,-2.0,252,269,-34.0,8.0,-34.0,-32.0,-32.0
InferiorInfarction_005,V5,1,InferiorInfarction,-608,R,1,0.0009,0,621,1,247,500,,,,,,,,,,2,2,0.0,,,,31,30,2.0,,,,51,48,6.0,52,50,4.0,142,142,0.0,262,275,-26.0,6.0,-26.0,-30.0,-26.0
InferiorInfarction_005,V6,1,InferiorInfarction,-608,Rs,1,0.001,0,621,1,247,500,,,,,,,,,,2,2,0.0,,,,31,32,-2.0,51,,,51,48,6.0,52,55,-6.0,146,146,0.0,263,273,-20.0,6.0,-20.0,-14.0,-20.0
InferiorInfarction_006,V6,1,InferiorInfarction,-611,Rs,1,0.0003,0,626,1,244,500,,,,,,,,,,1,2,-2.0,,,,28,28,0.0,52,,,52,48,8.0,53,49,8.0,167,167,0.0,262,274,-24.0,10.0,-22.0,-32.0,-24.0
InferiorInfarction_006,I,1,InferiorInfarction,-611,R,1,0.0005,0,626,1,244,500,,,,,,,,,,1,2,-2.0,,,,14,14,0.0,,,,52,48,8.0,53,49,8.0,144,144,0.0,261,277,-32.0,10.0,-30.0,-40.0,-32.0
InferiorInfarction_006,II,1,InferiorInfarction,-611,R,1,0.0001,0,626,1,244,500,,,,,,,,,,1,2,-2.0,,,,10,24,-28.0,,,,52,48,8.0,53,49,8.0,173,173,0.0,265,270,-10.0,10.0,-8.0,-18.0,-10.0
InferiorInfarction_006,III,1,InferiorInfarction,-611,rS,1,0.0003,0,626,1,244,500,,,,,,,,,,1,2,-2.0,,14,,9,24,-30.0,14,,,53,48,10.0,54,49,10.0,173,173,0.0,262,264,-4.0,12.0,-2.0,-14.0,-4.0
InferiorInfarction_006,aVR,1,InferiorInfarction,-611,QS,1,0.0002,0,626,1,244,500,,,,,,,,,,1,2,-2.0,24,24,0.0,,,,,,,52,48,8.0,53,49,8.0,142,142,0.0,257,273,-32.0,10.0,-30.0,-40.0,-32.0
InferiorInfarction_006,aVL,1,InferiorInfarction,-611,rS,1,0.0001,0,626,1,244,500,,,,,,,,,,1,2,-2.0,,,,7,14,-14.0,24,24,0.0,53,48,10.0,54,49,10.0,147,147,0.0,254,265,-22.0,12.0,-20.0,-32.0,-22.0
InferiorInfarction_006,aVF,1,InferiorInfarction,-611,R,1,0.0003,0,626,1,244,500,,,,,,,,,,1,2,-2.0,,14,,10,24,-28.0,,,,53,48,10.0,54,55,-2.0,173,173,0.0,258,260,-4.0,12.0,-2.0,-2.0,-4.0
InferiorInfarction_006,V1,1,InferiorInfarction,-611,rS,1,0.0001,0,626,1,244,500,,,,,,,,,,1,2,-2.0,,,,8,8,0.0,22,22,0.0,52,48,8.0,53,49,8.0,140,140,0.0,253,271,-36.0,10.0,-34.0,-44.0,-36.0
InferiorInfarction_006,V2,1,InferiorInfarction,-611,rS,1,0.0003,0,626,1,244,500,,,,,,,,,,1,2,-2.0,,,,5,5,0.0,21,22,-2.0,52,48,8.0,53,49,8.0,140,140,0.0,249,265,-32.0,10.0,-30.0,-40.0,-32.0
InferiorInfarction_006,V3,1,InferiorInfarction,-611,rS,1,0.0005,0,626,1,244,500,,,,,,,,,,1,2,-2.0,,,,4,5,-2.0,26,25,2.0,54,48,12.0,55,49,12.0,139,139,0.0,248,267,-38.0,14.0,-36.0,-50.0,-38.0
InferiorInfarction_006,V4,1,InferiorInfarction,-611,rS,1,0.0004,0,626,1,244,500,,,,,,,,,,1,2,-2.0,,8,,4,17,-26.0,33,33,0.0,54,48,12.0,55,49,12.0,139,139,0.0,249,274,-50.0,14.0,-48.0,-62.0,-50.0
InferiorInfarction_006,V5,1,InferiorInfarction,-611,R,1,0.0014,0,626,1,244,500,,,,,,,,,,1,2,-2.0,,,,17,24,-14.0,,,,54,48,12.0,55,49,12.0,137,137,0.0,250,242,16.0,14.0,18.0,4.0,16.0
InferiorInfarction_007,V2,1,InferiorInfarction,-612,Qrs,1,0.0024,0,629,1,243,500,,,,,,,,,,3,2,2.0,11,11,0.0,23,24,-2.0,29,28,2.0,49,48,2.0,50,49,2.0,140,140,0.0,243,273,-60.0,0.0,-62.0,-62.0,-60.0
InferiorInfarction_007,I,1,InferiorInfarction,-612,RS,1,0.0028,0,629,1,243,500,,,,,,,,,,3,2,2.0,,11,,7,29,-44.0,11,,,49,48,2.0,50,49,2.0,142,142,0.0,244,275,-62.0,0.0,-64.0,-64.0,-62.0
InferiorInfarction_007,II,1,InferiorInfarction,-612,R,1,0.0007,0,629,1,243,500,,,,,,,,,,3,2,2.0,,,,20,20,0.0,,,,49,48,2.0,50,49,2.0,172,172,0.0,246,273,-54.0,0.0,-56.0,-56.0,-54.0
InferiorInfarction_007,III,1,InferiorInfarction,-612,qR,1,0.0009,0,629,1,243,500,,,,,,,,,,3,2,2.0,6,,,19,19,0.0,,,,49,48,2.0,50,49,2.0,148,148,0.0,247,259,-24.0,0.0,-26.0,-26.0,-24.0
InferiorInfarction_007,aVR,1,InferiorInfarction,-612,QS,1,0.0006,0,629,1,243,500,,,,,,,,,,3,2,2.0,23,24,-2.0,,,,,,,49,48,2.0,50,50,0.0,172,172,0.0,245,269,-48.0,0.0,-50.0,-48.0,-48.0
InferiorInfarction_007,aVF,1,InferiorInfarction,-612,qR,1,0.0008,0,629,1,243,500,,,,,,,,,,3,2,2.0,6,,,19,20,-2.0,,,,49,48,2.0,50,49,2.0,172,172,0.0,245,273,-56.0,0.0,-58.0,-58.0,-56.0
InferiorInfarction_007,V1,1,InferiorInfarction,-612,QS,1,0.001,0,629,1,243,500,,,,,,,,,,3,2,2.0,18,19,-2.0,,,,,,,49,48,2.0,50,49,2.0,139,139,0.0,243,267,-48.0,0.0,-50.0,-50.0,-48.0
InferiorInfarction_007,V3,1,InferiorInfarction,-612,qRs,1,0.0018,0,629,1,243,500,,,,,,,,,,3,2,2.0,10,10,0.0,23,23,0.0,35,36,-2.0,50,48,4.0,51,49,4.0,142,143,-2.0,245,263,-36.0,2.0,-38.0,-40.0,-34.0
InferiorInfarction_007,V4,1,InferiorInfarction,-612,qR,1,0.001,0,629,1,243,500,,,,,,,,,,3,2,2.0,9,10,-2.0,23,23,0.0,,,,50,48,4.0,51,49,4.0,150,150,0.0,246,260,-28.0,2.0,-30.0,-32.0,-28.0
InferiorInfarction_007,V5,1,InferiorInfarction,-612,qR,1,0.0012,0,629,1,243,500,,,,,,,,,,3,2,2.0,9,9,0.0,24,28,-8.0,,,,49,48,2.0,50,49,2.0,141,141,0.0,247,269,-44.0,0.0,-46.0,-46.0,-44.0
InferiorInfarction_007,V6,1,InferiorInfarction,-612,qR,1,0.0019,0,629,1,243,500,,,,,,,,,,3,2,2.0,10,10,0.0,28,28,0.0,,,,49,48,2.0,50,49,2.0,141,142,-2.0,247,269,-44.0,0.0,-46.0,-46.0,-42.0
InferiorInfarction_007,aVL,1,InferiorInfarction,-612,rS,1,0.0,0,629,1,243,500,,,,,,,,,,3,2,2.0,,17,,7,37,-60.0,17,,,50,48,4.0,51,49,4.0,146,146,0.0,245,226,38.0,2.0,36.0,34.0,38.0
InferiorInfarction_008,II,1,InferiorInfarction,-612,R,1,0.0,0,623,1,243,500,,,,,,,,,,1,2,-2.0,,,,10,23,-26.0,,,,50,50,0.0,51,62,-22.0,173,174,-2.0,267,265,4.0,2.0,6.0,26.0,6.0
InferiorInfarction_008,I,1,InferiorInfarction,-612,R,1,0.0,0,623,1,243,500,,,,,,,,,,1,2,-2.0,,,,7,14,-14.0,,,,50,50,0.0,51,66,-30.0,142,142,0.0,260,267,-14.0,2.0,-12.0,16.0,-14.0
InferiorInfarction_008,III,1,InferiorInfarction,-612,qR,1,0.0,0,623,1,243,500,,,,,,,,,,2,2,0.0,13,14,-2.0,23,24,-2.0,,,,51,50,2.0,52,59,-14.0,141,141,0.0,271,246,50.0,2.0,50.0,64.0,50.0
InferiorInfarction_008,aVR,1,InferiorInfarction,-612,QS,1,0.0,0,623,1,243,500,,,,,,,,,,1,2,-2.0,23,23,0.0,,,,,,,50,50,0.0,51,62,-22.0,174,174,0.0,256,269,-26.0,2.0,-24.0,-4.0,-26.0
InferiorInfarction_008,aVL,1,InferiorInfarction,-612,RS,1,0.0,0,623,1,243,500,,,,,,,,,,2,2,0.0,,10,,7,14,-14.0,23,24,-2.0,51,50,2.0,52,83,-62.0,141,142,-2.0,261,255,12.0,2.0,12.0,74.0,14.0
InferiorInfarction_008,aVF,1,InferiorInfarction,-612,qR,1,0.0,0,623,1,243,500,,,,,,,,,,2,2,0.0,13,14,-2.0,23,23,0.0,,,,51,50,2.0,52,55,-6.0,173,173,0.0,269,253,32.0,2.0,32.0,38.0,32.0
InferiorInfarction_008,V1,1,InferiorInfarction,-612,rS,1,0.0,0,623,1,243,500,,,,,,,,,,2,2,0.0,,,,6,7,-2.0,21,21,0.0,50,50,0.0,51,51,0.0,140,140,0.0,255,251,8.0,0.0,8.0,8.0,8.0
InferiorInfarction_008,V2,1,InferiorInfarction,-612,rS,1,0.0,0,623,1,243,500,,,,,,,,,,1,2,-2.0,,16,,5,,,16,,,51,50,2.0,52,51,2.0,139,139,0.0,252,248,8.0,4.0,10.0,6.0,8.0
InferiorInfarction_008,V3,1,InferiorInfarction,-612,QRs,1,0.0001,0,623,1,243,500,,,,,,,,,,2,2,0.0,13,14,-2.0,22,22,0.0,34,34,0.0,51,50,2.0,52,51,2.0,138,138,0.0,253,269,-32.0,2.0,-32.0,-34.0,-32.0
InferiorInfarction_008,V4,1,InferiorInfarction,-612,qRs,1,0.0,0,623,1,243,500,,,,,,,,,,1,2,-2.0,11,11,0.0,23,23,0.0,38,39,-2.0,52,50,4.0,53,51,4.0,139,139,0.0,256,257,-2.0,6.0,0.0,-6.0,-2.0
InferiorInfarction_008,V5,1,InferiorInfarction,-612,qR,1,0.0,0,623,1,243,500,,,,,,,,,,1,2,-2.0,9,9,0.0,23,23,0.0,,,,51,50,2.0,52,51,2.0,173,173,0.0,258,238,40.0,4.0,42.0,38.0,40.0
InferiorInfarction_008,V6,1,InferiorInfarction,-612,qR,1,0.0,0,623,1,243,500,,,,,,,,,,1,2,-2.0,8,,,30,31,-2.0,,,,51,50,2.0,52,51,2.0,144,144,0.0,256,275,-38.0,4.0,-36.0,-40.0,-38.0
InferiorInfarction_009,V1,1,InferiorInfarction,-611,rS,1,0.0194,0,638,1,244,500,,,,,,,,,,1,2,-2.0,,,,8,7,2.0,24,24,0.0,50,46,8.0,51,50,2.0,140,140,0.0,249,268,-38.0,10.0,-36.0,-40.0,-38.0
InferiorInfarction_009,I,1,InferiorInfarction,-611,R,1,0.0325,0,638,1,244,500,,,,,,,,,,1,2,-2.0,,,,15,27,-24.0,,66,,50,46,8.0,51,94,-86.0,144,144,0.0,250,275,-50.0,10.0,-48.0,36.0,-50.0
InferiorInfarction_009,II,1,InferiorInfarction,-611,R,1,0.0212,0,638,1,244,500,,,,,,,,,,1,2,-2.0,,,,9,25,-32.0,,68,,50,46,8.0,51,97,-92.0,173,173,0.0,250,279,-58.0,10.0,-56.0,34.0,-58.0
InferiorInfarction_009,III,1,InferiorInfarction,-611,Qrs,1,0.0186,0,638,1,244,500,,,,,,,,,,1,2,-2.0,14,15,-2.0,20,19,2.0,30,30,0.0,51,46,10.0,52,92,-80.0,143,143,0.0,250,260,-20.0,12.0,-18.0,60.0,-20.0
InferiorInfarction_009,aVR,1,InferiorInfarction,-611,QS,1,0.0358,0,638,1,244,500,,,,,,,,,,1,2,-2.0,25,25,0.0,,,,,,,51,46,10.0,52,52,0.0,144,145,-2.0,250,275,-50.0,12.0,-48.0,-50.0,-48.0
InferiorInfarction_009,aVL,1,InferiorInfarction,-611,R,1,0.0182,0,638,1,244,500,,,,,,,,,,1,2,-2.0,,,,15,15,0.0,,19,,51,46,10.0,52,72,-40.0,143,144,-2.0,249,273,-48.0,12.0,-46.0,-8.0,-46.0
InferiorInfarction_009,aVF,1,InferiorInfarction,-611,qR,1,0.0141,0,638,1,244,500,,,,,,,,,,1,2,-2.0,14,14,0.0,25,25,0.0,,,,51,46,10.0,52,50,4.0,172,172,0.0,249,260,-22.0,12.0,-20.0,-26.0,-22.0
InferiorInfarction_009,V2,1,InferiorInfarction,-611,rS,1,0.0283,0,638,1,244,500,,,,,,,,,,1,2,-2.0,,,,8,7,2.0,24,23,2.0,50,46,8.0,51,50,2.0,140,140,0.0,249,268,-38.0,10.0,-36.0,-40.0,-38.0
InferiorInfarction_009,V3,1,InferiorInfarction,-611,rS,1,0.0358,0,638,1,244,500,,,,,,,,,,1,2,-2.0,,22,,4,,,22,,,51,46,10.0,52,50,4.0,139,140,-2.0,247,269,-44.0,12.0,-42.0,-48.0,-42.0
InferiorInfarction_009,V4,1,InferiorInfarction,-611,rS,1,0.0349,0,638,1,244,500,,,,,,,,,,1,2,-2.0,,14,,4,25,-42.0,35,35,0.0,52,46,12.0,53,70,-34.0,140,140,0.0,247,273,-52.0,14.0,-50.0,-18.0,-52.0
InferiorInfarction_009,V5,1,InferiorInfarction,-611,qR,1,0.0221,0,638,1,244,500,,,,,,,,,,1,2,-2.0,7,,,24,25,-2.0,,,,51,46,10.0,52,72,-40.0,147,147,0.0,252,172,160.0,12.0,162.0,200.0,160.0
InferiorInfarction_009,V6,1,InferiorInfarction,-611,qR,1,0.0281,0,638,1,244,500,,,,,,,,,,1,2,-2.0,7,7,0.0,25,25,0.0,,,,51,46,10.0,52,68,-32.0,170,171,-2.0,249,273,-48.0,12.0,-46.0,-16.0,-46.0
InferiorInfarction_010,aVR,1,InferiorInfarction,-608,QS,1,0.0049,0,639,1,247,500,,,,,,,,,,3,2,2.0,28,28,0.0,,,,,,,50,46,8.0,51,48,6.0,175,175,0.0,255,275,-40.0,6.0,-42.0,-46.0,-40.0
InferiorInfarction_010,I,1,InferiorInfarction,-608,R,1,0.0055,0,639,1,247,500,,,,,,,,,,3,2,2.0,,,,13,32,-38.0,,,,49,46,6.0,50,64,-28.0,139,139,0.0,257,275,-36.0,4.0,-38.0,-8.0,-36.0
InferiorInfarction_010,II,1,InferiorInfarction,-608,qR,1,0.0027,0,639,1,247,500,,,,,,,,,,3,2,2.0,12,13,-2.0,27,27,0.0,,,,49,46,6.0,50,48,4.0,175,176,-2.0,255,273,-36.0,4.0,-38.0,-40.0,-34.0
InferiorInfarction_010,III,1,InferiorInfarction,-608,qR,1,0.0027,0,639,1,247,500,,,,,,,,,,3,2,2.0,13,13,0.0,26,27,-2.0,,,,50,46,8.0,51,48,6.0,139,139,0.0,260,277,-34.0,6.0,-36.0,-40.0,-34.0
InferiorInfarction_010,aVL,1,InferiorInfarction,-608,RS,1,0.0013,0,639,1,247,500,,,,,,,,,,3,2,2.0,,,,13,13,0.0,24,24,0.0,51,46,10.0,52,83,-62.0,139,139,0.0,256,255,2.0,8.0,0.0,64.0,2.0
InferiorInfarction_010,aVF,1,InferiorInfarction,-608,qR,1,0.002,0,639,1,247,500,,,,,,,,,,3,2,2.0,12,13,-2.0,27,27,0.0,,,,50,46,8.0,51,48,6.0,139,139,0.0,255,269,-28.0,6.0,-30.0,-34.0,-28.0
InferiorInfarction_010,V1,1,InferiorInfarction,-608,QS,1,0.0065,0,639,1,247,500,,,,,,,,,,3,2,2.0,26,27,-2.0,,,,,,,49,46,6.0,50,48,4.0,142,143,-2.0,252,269,-34.0,4.0,-36.0,-38.0,-32.0
InferiorInfarction_010,V2,1,InferiorInfarction,-608,QS,1,0.0055,0,639,1,247,500,,,,,,,,,,3,2,2.0,26,26,0.0,,,,,,,49,46,6.0,50,48,4.0,141,141,0.0,252,263,-22.0,4.0,-24.0,-26.0,-22.0
InferiorInfarction_010,V3,1,InferiorInfarction,-608,Qr,1,0.0115,0,639,1,247,500,,,,,,,,,,3,2,2.0,14,14,0.0,51,,,,,,51,46,10.0,52,48,8.0,140,140,0.0,252,269,-34.0,8.0,-36.0,-42.0,-34.0
InferiorInfarction_010,V4,1,InferiorInfarction,-608,QRs,1,0.0115,0,639,1,247,500,,,,,,,,,,3,2,2.0,12,13,-2.0,29,29,0.0,38,38,0.0,51,46,10.0,52,80,-56.0,141,141,0.0,251,273,-44.0,8.0,-46.0,12.0,-44.0
InferiorInfarction_010,V5,1,InferiorInfarction,-608,qR,1,0.0072,0,639,1,247,500,,,,,,,,,,3,2,2.0,9,10,-2.0,30,30,0.0,,,,51,46,10.0,52,51,2.0,141,141,0.0,255,275,-40.0,8.0,-42.0,-42.0,-40.0
InferiorInfarction_010,V6,1,InferiorInfarction,-608,Rs,1,0.0059,0,639,1,247,500,,,,,,,,,,3,2,2.0,,,,31,32,-2.0,50,,,50,46,8.0,51,54,-6.0,145,145,0.0,255,275,-40.0,6.0,-42.0,-34.0,-40.0
InferiorIschemia_001,aVF,1,InferiorIschemia,-614,qR,1,0.0142,0,642,1,241,500,,,,,,,,,,2,2,0.0,6,,,11,23,-24.0,,,,43,40,6.0,45,53,-16.0,275,119,312.0,275,180,190.0,6.0,190.0,206.0,-122.0
InferiorIschemia_001,I,1,InferiorIschemia,-614,R,1,0.0114,0,642,1,241,500,,,,,,,,,,2,2,0.0,,11,,7,14,-14.0,,18,,42,40,4.0,43,62,-38.0,165,116,98.0,208,172,72.0,4.0,72.0,110.0,-26.0
InferiorIschemia_001,II,1,InferiorIschemia,-614,R,1,0.0074,0,642,1,241,500,,,,,,,,,,2,2,0.0,,,,23,23,0.0,,,,43,40,6.0,44,53,-18.0,274,119,310.0,274,175,198.0,6.0,198.0,216.0,-112.0
InferiorIschemia_001,III,1,InferiorIschemia,-614,QR,1,0.0252,0,642,1,241,500,,,,,,,,,,2,2,0.0,6,,,11,23,-24.0,,,,43,40,6.0,44,54,-20.0,276,122,308.0,276,179,194.0,6.0,194.0,214.0,-114.0
InferiorIschemia_001,aVR,1,InferiorIschemia,-614,QS,1,0.0094,0,642,1,241,500,,,,,,,,,,2,2,0.0,22,22,0.0,,,,,,,43,40,6.0,44,59,-30.0,275,119,312.0,275,181,188.0,6.0,188.0,218.0,-124.0
InferiorIschemia_001,aVL,1,InferiorIschemia,-614,rS,1,0.0118,0,642,1,241,500,,,,,,,,,,1,2,-2.0,,,,6,6,0.0,23,23,0.0,43,40,6.0,44,59,-30.0,210,133,154.0,210,183,54.0,8.0,56.0,84.0,-100.0
InferiorIschemia_001,V1,1,InferiorIschemia,-614,rS,1,0.0218,0,642,1,241,500,,,,,,,,,,2,2,0.0,,,,6,7,-2.0,19,19,0.0,42,40,4.0,43,59,-32.0,140,140,0.0,185,174,22.0,4.0,22.0,54.0,22.0
InferiorIschemia_001,V2,1,InferiorIschemia,-614,rS,1,0.0248,0,642,1,241,500,,,,,,,,,,1,2,-2.0,,24,,5,,,23,,,43,40,6.0,44,57,-26.0,139,139,0.0,180,172,16.0,8.0,18.0,42.0,16.0
InferiorIschemia_001,V6,1,InferiorIschemia,-614,R,1,0.008,0,642,1,241,500,,,,,,,,,,2,2,0.0,,,,28,28,0.0,,,,42,40,4.0,43,41,4.0,287,101,372.0,287,167,240.0,4.0,240.0,236.0,-132.0
InferiorIschemia_001,V3,1,InferiorIschemia,-614,qRs,1,0.0273,0,642,1,241,500,,,,,,,,,,2,2,0.0,9,9,0.0,20,20,0.0,27,,,43,40,6.0,44,59,-30.0,139,139,0.0,178,167,22.0,6.0,22.0,52.0,22.0
InferiorIschemia_001,V4,1,InferiorIschemia,-614,qR,1,0.0218,0,642,1,241,500,,,,,,,,,,2,2,0.0,8,8,0.0,21,22,-2.0,,,,43,40,6.0,44,59,-30.0,140,141,-2.0,182,167,30.0,6.0,30.0,60.0,32.0
InferiorIschemia_001,V5,1,InferiorIschemia,-614,qR,1,0.01,0,642,1,241,500,,,,,,,,,,2,2,0.0,7,,,24,24,0.0,,,,43,40,6.0,44,59,-30.0,221,114,214.0,221,167,108.0,6.0,108.0,138.0,-106.0
InferiorIschemia_002,I,1,InferiorIschemia,-604,R,1,0.0213,0,643,1,251,500,,,,,,,,,,2,2,0.0,,,,16,16,0.0,,,,53,51,4.0,54,57,-6.0,141,141,0.0,190,183,14.0,4.0,14.0,20.0,14.0
InferiorIschemia_002,II,1,InferiorIschemia,-604,R,1,0.0181,0,643,1,251,500,,,,,,,,,,2,2,0.0,,7,,12,32,-40.0,,,,54,51,6.0,55,69,-28.0,196,122,148.0,196,184,24.0,6.0,24.0,52.0,-124.0
InferiorIschemia_002,III,1,InferiorIschemia,-604,qR,1,0.0375,0,643,1,251,500,,,,,,,,,,2,2,0.0,15,16,-2.0,28,28,0.0,,,,54,51,6.0,55,69,-28.0,142,104,76.0,196,183,26.0,6.0,26.0,54.0,-50.0
InferiorIschemia_002,aVR,1,InferiorIschemia,-604,QS,1,0.0177,0,643,1,251,500,,,,,,,,,,2,2,0.0,31,32,-2.0,,,,,,,55,51,8.0,56,69,-26.0,136,136,0.0,190,185,10.0,8.0,10.0,36.0,10.0
InferiorIschemia_002,aVL,1,InferiorIschemia,-604,RS,1,0.0197,0,643,1,251,500,,,,,,,,,,2,2,0.0,,,,9,16,-14.0,27,27,0.0,54,51,6.0,55,101,-92.0,141,141,0.0,193,182,22.0,6.0,22.0,114.0,22.0
InferiorIschemia_002,aVF,1,InferiorIschemia,-604,qR,1,0.0292,0,643,1,251,500,,,,,,,,,,2,2,0.0,15,16,-2.0,31,31,0.0,,,,54,51,6.0,55,54,2.0,195,108,174.0,195,187,16.0,6.0,16.0,14.0,-158.0
InferiorIschemia_002,V1,1,InferiorIschemia,-604,rS,1,0.037,0,643,1,251,500,,,,,,,,,,2,2,0.0,,,,7,7,0.0,31,31,0.0,53,51,4.0,54,76,-44.0,144,144,0.0,185,172,26.0,4.0,26.0,70.0,26.0
InferiorIschemia_002,V2,1,InferiorIschemia,-604,rS,1,0.0316,0,643,1,251,500,,,,,,,,,,2,2,0.0,,,,7,7,0.0,31,31,0.0,53,51,4.0,54,72,-36.0,143,144,-2.0,183,172,22.0,4.0,22.0,58.0,24.0
InferiorIschemia_002,V3,1,InferiorIschemia,-604,rS,1,0.0385,0,643,1,251,500,,,,,,,,,,2,2,0.0,,,,6,7,-2.0,32,32,0.0,54,51,6.0,59,69,-20.0,143,143,0.0,180,178,4.0,6.0,4.0,24.0,4.0
InferiorIschemia_002,V4,1,InferiorIschemia,-604,Qrs,1,0.0352,0,643,1,251,500,,,,,,,,,,2,2,0.0,17,17,0.0,28,42,-28.0,35,,,55,51,8.0,56,74,-36.0,143,143,0.0,181,185,-8.0,8.0,-8.0,28.0,-8.0
InferiorIschemia_002,V5,1,InferiorIschemia,-604,qR,1,0.0179,0,643,1,251,500,,,,,,,,,,2,2,0.0,10,11,-2.0,31,31,0.0,,,,55,51,8.0,56,69,-26.0,138,159,-42.0,191,191,0.0,8.0,0.0,26.0,42.0
InferiorIschemia_002,V6,1,InferiorIschemia,-604,qR,1,0.0133,0,643,1,251,500,,,,,,,,,,2,2,0.0,11,10,2.0,35,36,-2.0,,,,54,51,6.0,55,55,0.0,145,92,106.0,196,185,22.0,6.0,22.0,22.0,-84.0
InferiorIschemia_003,aVR,1,InferiorIschemia,-614,QS,1,0.0042,0,628,1,241,500,,,,,,,,,,1,2,-2.0,21,21,0.0,,,,,,,44,43,2.0,45,57,-24.0,184,124,120.0,184,180,8.0,4.0,10.0,32.0,-112.0
InferiorIschemia_003,I,1,InferiorIschemia,-614,R,1,0.0047,0,628,1,241,500,,,,,,,,,,1,2,-2.0,,,,7,28,-42.0,,,,44,43,2.0,45,49,-8.0,185,118,134.0,185,169,32.0,4.0,34.0,40.0,-102.0
InferiorIschemia_003,II,1,InferiorIschemia,-614,R,1,0.0018,0,628,1,241,500,,,,,,,,,,1,2,-2.0,,,,9,21,-24.0,,,,43,43,0.0,44,50,-12.0,189,126,126.0,189,179,20.0,2.0,22.0,32.0,-106.0
InferiorIschemia_003,III,1,InferiorIschemia,-614,R,1,0.0056,0,628,1,241,500,,,,,,,,,,1,2,-2.0,,,,9,21,-24.0,,,,44,43,2.0,45,57,-24.0,142,143,-2.0,183,175,16.0,4.0,18.0,40.0,18.0
InferiorIschemia_003,aVL,1,InferiorIschemia,-614,rS,1,0.0039,0,628,1,241,500,,,,,,,,,,1,2,-2.0,,21,,6,31,-50.0,21,,,44,43,2.0,45,62,-34.0,147,147,0.0,183,180,6.0,4.0,8.0,40.0,6.0
InferiorIschemia_003,aVF,1,InferiorIschemia,-614,R,1,0.0032,0,628,1,241,500,,,,,,,,,,1,2,-2.0,,,,9,21,-24.0,,,,44,43,2.0,45,57,-24.0,134,134,0.0,182,178,8.0,4.0,10.0,32.0,8.0
InferiorIschemia_003,V1,1,InferiorIschemia,-614,rS,1,0.0108,0,628,1,241,500,,,,,,,,,,1,2,-2.0,,,,5,5,0.0,22,21,2.0,44,43,2.0,45,64,-38.0,141,141,0.0,184,178,12.0,4.0,14.0,50.0,12.0
InferiorIschemia_003,V2,1,InferiorIschemia,-614,rS,1,0.0139,0,628,1,241,500,,,,,,,,,,1,2,-2.0,,9,,4,19,-30.0,25,25,0.0,44,43,2.0,45,66,-42.0,141,141,0.0,181,176,10.0,4.0,12.0,52.0,10.0
InferiorIschemia_003,V3,1,InferiorIschemia,-614,qRs,1,0.017,0,628,1,241,500,,,,,,,,,,1,2,-2.0,8,8,0.0,19,19,0.0,31,,,44,43,2.0,45,68,-46.0,144,144,0.0,178,169,18.0,4.0,20.0,64.0,18.0
InferiorIschemia_003,V4,1,InferiorIschemia,-614,qR,1,0.0125,0,628,1,241,500,,,,,,,,,,1,2,-2.0,8,8,0.0,21,22,-2.0,,,,45,43,4.0,46,80,-68.0,147,148,-2.0,180,172,16.0,6.0,18.0,84.0,18.0
InferiorIschemia_003,V6,1,InferiorIschemia,-614,qR,1,0.0033,0,628,1,241,500,,,,,,,,,,1,2,-2.0,6,6,0.0,30,31,-2.0,,,,44,43,2.0,45,47,-4.0,152,100,104.0,194,169,50.0,4.0,52.0,54.0,-54.0
InferiorIschemia_003,V5,1,InferiorIschemia,-614,qR,1,0.0053,0,628,1,241,500,,,,,,,,,,1,2,-2.0,7,8,-2.0,29,30,-2.0,,,,44,43,2.0,45,57,-24.0,193,113,160.0,193,169,48.0,4.0,50.0,72.0,-112.0
InferiorIschemia_004,aVR,1,InferiorIschemia,-609,QS,1,0.0088,0,642,1,246,500,,,,,,,,,,1,2,-2.0,27,27,0.0,,,,,,,44,44,0.0,45,49,-8.0,183,128,110.0,183,175,16.0,2.0,18.0,24.0,-94.0
InferiorIschemia_004,II,1,InferiorIschemia,-609,R,1,0.0069,0,642,1,246,500,,,,,,,,,,1,2,-2.0,,,,10,27,-34.0,,,,44,44,0.0,45,54,-18.0,183,118,130.0,183,176,14.0,2.0,16.0,32.0,-116.0
InferiorIschemia_004,III,1,InferiorIschemia,-609,qR,1,0.02,0,642,1,246,500,,,,,,,,,,1,2,-2.0,13,14,-2.0,26,26,0.0,,,,44,44,0.0,45,48,-6.0,139,85,108.0,182,175,14.0,2.0,16.0,20.0,-94.0
InferiorIschemia_004,aVL,1,InferiorIschemia,-609,RS,1,0.0116,0,642,1,246,500,,,,,,,,,,1,2,-2.0,,,,8,14,-12.0,25,26,-2.0,44,44,0.0,45,78,-66.0,138,138,0.0,183,179,8.0,2.0,10.0,74.0,8.0
InferiorIschemia_004,aVF,1,InferiorIschemia,-609,qR,1,0.0103,0,642,1,246,500,,,,,,,,,,1,2,-2.0,7,,,26,26,0.0,,,,44,44,0.0,45,49,-8.0,182,102,160.0,182,177,10.0,2.0,12.0,18.0,-150.0
InferiorIschemia_004,V1,1,InferiorIschemia,-609,rS,1,0.0307,0,642,1,246,500,,,,,,,,,,1,2,-2.0,,,,4,5,-2.0,21,21,0.0,44,44,0.0,45,60,-30.0,143,144,-2.0,183,175,16.0,2.0,18.0,46.0,18.0
InferiorIschemia_004,V2,1,InferiorIschemia,-609,rS,1,0.0248,0,642,1,246,500,,,,,,,,,,1,2,-2.0,,25,,3,,,25,,,44,44,0.0,45,61,-32.0,142,142,0.0,182,175,14.0,2.0,16.0,46.0,14.0
InferiorIschemia_004,V3,1,InferiorIschemia,-609,QRs,1,0.0218,0,642,1,246,500,,,,,,,,,,1,2,-2.0,10,10,0.0,24,25,-2.0,33,33,0.0,44,44,0.0,46,65,-38.0,141,141,0.0,180,175,10.0,2.0,12.0,48.0,10.0
InferiorIschemia_004,V4,1,InferiorIschemia,-609,qR,1,0.0201,0,642,1,246,500,,,,,,,,,,1,2,-2.0,9,10,-2.0,26,26,0.0,,,,44,44,0.0,45,97,-104.0,80,152,-144.0,181,175,12.0,2.0,14.0,116.0,156.0
InferiorIschemia_004,V5,1,InferiorIschemia,-609,R,1,0.0128,0,642,1,246,500,,,,,,,,,,1,2,-2.0,,,,31,31,0.0,,,,44,44,0.0,45,87,-84.0,184,117,134.0,184,175,18.0,2.0,20.0,102.0,-116.0
InferiorIschemia_004,I,1,InferiorIschemia,-609,R,1,0.0139,0,642,1,246,500,,,,,,,,,,1,2,-2.0,,,,14,14,0.0,,,,44,44,0.0,45,46,-2.0,135,136,-2.0,183,175,16.0,2.0,18.0,18.0,18.0
InferiorIschemia_004,V6,1,InferiorIschemia,-609,R,1,0.0086,0,642,1,246,500,,,,,,,,,,1,2,-2.0,,,,32,32,0.0,,,,44,44,0.0,45,46,-2.0,185,100,170.0,185,175,20.0,2.0,22.0,22.0,-150.0
InferiorIschemia_005,III,1,InferiorIschemia,-611,qR,1,0.0304,0,624,1,244,500,,,,,,,,,,2,2,0.0,8,8,0.0,23,23,0.0,,,,42,40,4.0,43,44,-2.0,175,150,50.0,175,168,14.0,4.0,14.0,16.0,-36.0
InferiorIschemia_005,I,1,InferiorIschemia,-611,R,1,0.0124,0,624,1,244,500,,,,,,,,,,2,2,0.0,,,,11,11,0.0,,,,42,40,4.0,43,59,-32.0,129,129,0.0,176,168,16.0,4.0,16.0,48.0,16.0
InferiorIschemia_005,II,1,InferiorIschemia,-611,R,1,0.0125,0,624,1,244,500,,,,,,,,,,2,2,0.0,,,,23,23,0.0,,,,42,40,4.0,43,44,-2.0,176,124,104.0,176,168,16.0,4.0,16.0,18.0,-88.0
InferiorIschemia_005,aVR,1,InferiorIschemia,-611,QS,1,0.017,0,624,1,244,500,,,,,,,,,,2,2,0.0,23,23,0.0,,,,,,,42,40,4.0,43,46,-6.0,175,127,96.0,175,176,-2.0,4.0,-2.0,4.0,-98.0
InferiorIschemia_005,aVL,1,InferiorIschemia,-611,RS,1,0.0154,0,624,1,244,500,,,,,,,,,,2,2,0.0,,,,10,11,-2.0,23,23,0.0,42,40,4.0,43,42,2.0,151,152,-2.0,175,176,-2.0,4.0,-2.0,-4.0,0.0
InferiorIschemia_005,aVF,1,InferiorIschemia,-611,R,1,0.0195,0,624,1,244,500,,,,,,,,,,2,2,0.0,,8,,23,23,0.0,,,,42,40,4.0,43,49,-12.0,175,121,108.0,175,174,2.0,4.0,2.0,14.0,-106.0
InferiorIschemia_005,V1,1,InferiorIschemia,-611,rS,1,0.0445,0,624,1,244,500,,,,,,,,,,2,2,0.0,,,,6,6,0.0,21,21,0.0,42,40,4.0,43,62,-38.0,142,143,-2.0,175,168,14.0,4.0,14.0,52.0,16.0
InferiorIschemia_005,V2,1,InferiorIschemia,-611,rS,1,0.0436,0,624,1,244,500,,,,,,,,,,2,2,0.0,,24,,6,,,24,,,42,40,4.0,43,70,-54.0,142,142,0.0,175,168,14.0,4.0,14.0,68.0,14.0
InferiorIschemia_005,V3,1,InferiorIschemia,-611,qRs,1,0.0459,0,624,1,244,500,,,,,,,,,,2,2,0.0,9,9,0.0,15,15,0.0,25,25,0.0,43,40,6.0,44,72,-56.0,143,144,-2.0,174,179,-10.0,6.0,-10.0,46.0,-8.0
InferiorIschemia_005,V4,1,InferiorIschemia,-611,qR,1,0.0354,0,624,1,244,500,,,,,,,,,,2,2,0.0,8,8,0.0,15,15,0.0,,,,43,40,6.0,44,94,-100.0,147,147,0.0,174,168,12.0,6.0,12.0,112.0,12.0
InferiorIschemia_005,V6,1,InferiorIschemia,-611,R,1,0.0247,0,624,1,244,500,,,,,,,,,,2,2,0.0,,,,13,29,-32.0,,,,42,40,4.0,43,49,-12.0,176,103,146.0,176,175,2.0,4.0,2.0,14.0,-144.0
InferiorIschemia_005,V5,1,InferiorIschemia,-611,R,1,0.0318,0,624,1,244,500,,,,,,,,,,2,2,0.0,,,,15,30,-30.0,,,,42,40,4.0,43,49,-12.0,175,112,126.0,175,168,14.0,4.0,14.0,26.0,-112.0
InferiorIschemia_006,aVR,1,InferiorIschemia,-611,QS,1,0.0273,0,626,1,244,500,,,,,,,,,,1,2,-2.0,24,24,0.0,,,,,,,47,39,16.0,48,51,-6.0,132,132,0.0,177,175,4.0,18.0,6.0,10.0,4.0
InferiorIschemia_006,II,1,InferiorIschemia,-611,R,1,0.0285,0,626,1,244,500,,,,,,,,,,1,2,-2.0,,,,10,24,-28.0,,,,47,39,16.0,48,51,-6.0,178,126,104.0,178,177,2.0,18.0,4.0,8.0,-102.0
InferiorIschemia_006,III,1,InferiorIschemia,-611,rS,1,0.0615,0,626,1,244,500,,,,,,,,,,1,2,-2.0,,14,,9,24,-30.0,14,,,47,39,16.0,48,55,-14.0,176,112,128.0,176,178,-4.0,18.0,-2.0,10.0,-132.0
InferiorIschemia_006,aVL,1,InferiorIschemia,-611,rS,1,0.0272,0,626,1,244,500,,,,,,,,,,1,2,-2.0,,,,7,14,-14.0,24,24,0.0,46,39,14.0,47,41,12.0,138,87,102.0,177,166,22.0,16.0,24.0,10.0,-80.0
InferiorIschemia_006,aVF,1,InferiorIschemia,-611,R,1,0.053,0,626,1,244,500,,,,,,,,,,1,2,-2.0,,14,,10,25,-30.0,,,,48,39,18.0,49,55,-12.0,176,118,116.0,176,176,0.0,20.0,2.0,12.0,-116.0
InferiorIschemia_006,V1,1,InferiorIschemia,-611,rS,1,0.0524,0,626,1,244,500,,,,,,,,,,1,2,-2.0,,,,8,8,0.0,22,22,0.0,44,39,10.0,45,59,-28.0,142,142,0.0,176,176,0.0,12.0,2.0,28.0,0.0
InferiorIschemia_006,V2,1,InferiorIschemia,-611,rS,1,0.0456,0,626,1,244,500,,,,,,,,,,1,2,-2.0,,,,5,8,-6.0,21,22,-2.0,45,39,12.0,46,55,-18.0,141,141,0.0,176,181,-10.0,14.0,-8.0,8.0,-10.0
InferiorIschemia_006,V3,1,InferiorIschemia,-611,rS,1,0.0449,0,626,1,244,500,,,,,,,,,,1,2,-2.0,,,,4,5,-2.0,21,21,0.0,49,39,20.0,50,66,-32.0,140,141,-2.0,174,168,12.0,22.0,14.0,44.0,14.0
InferiorIschemia_006,V4,1,InferiorIschemia,-611,RS,1,0.0541,0,626,1,244,500,,,,,,,,,,1,2,-2.0,,8,,4,24,-40.0,33,33,0.0,48,39,18.0,49,72,-46.0,141,141,0.0,175,167,16.0,20.0,18.0,62.0,16.0
InferiorIschemia_006,V5,1,InferiorIschemia,-611,R,1,0.044,0,626,1,244,500,,,,,,,,,,1,2,-2.0,,,,17,24,-14.0,,,,47,39,16.0,48,76,-56.0,177,119,116.0,177,168,18.0,18.0,20.0,74.0,-98.0
InferiorIschemia_006,V6,1,InferiorIschemia,-611,R,1,0.0387,0,626,1,244,500,,,,,,,,,,1,2,-2.0,,,,27,27,0.0,,,,47,39,16.0,48,51,-6.0,178,101,154.0,178,166,24.0,18.0,26.0,30.0,-130.0
InferiorIschemia_006,I,1,InferiorIschemia,-611,R,1,0.0295,0,626,1,244,500,,,,,,,,,,1,2,-2.0,,,,14,14,0.0,,,,45,39,12.0,46,51,-10.0,135,135,0.0,177,166,22.0,14.0,24.0,32.0,22.0
InferiorIschemia_007,III,1,InferiorIschemia,-612,qR,1,0.005,0,629,1,243,500,,,,,,,,,,3,3,0.0,7,7,0.0,19,20,-2.0,,,,44,43,2.0,45,52,-14.0,145,146,-2.0,179,167,24.0,2.0,24.0,38.0,26.0
InferiorIschemia_007,II,1,InferiorIschemia,-612,qR,1,0.0022,0,629,1,243,500,,,,,,,,,,3,3,0.0,6,,,20,24,-8.0,,,,44,43,2.0,45,52,-14.0,192,107,170.0,192,167,50.0,2.0,50.0,64.0,-120.0
InferiorIschemia_007,V3,1,InferiorIschemia,-612,qRs,1,0.02,0,629,1,243,500,,,,,,,,,,3,3,0.0,10,10,0.0,23,23,0.0,35,,,44,43,2.0,46,101,-110.0,143,144,-2.0,176,167,18.0,2.0,18.0,128.0,20.0
InferiorIschemia_007,I,1,InferiorIschemia,-612,RS,1,0.0046,0,629,1,243,500,,,,,,,,,,3,3,0.0,,11,,7,24,-34.0,11,,,44,43,2.0,45,52,-14.0,149,103,92.0,180,167,26.0,2.0,26.0,40.0,-66.0
InferiorIschemia_007,aVR,1,InferiorIschemia,-612,QS,1,0.0046,0,629,1,243,500,,,,,,,,,,3,3,0.0,23,24,-2.0,,,,,,,44,43,2.0,45,52,-14.0,187,105,164.0,187,167,40.0,2.0,40.0,54.0,-124.0
InferiorIschemia_007,aVL,1,InferiorIschemia,-612,rS,1,0.0043,0,629,1,243,500,,,,,,,,,,3,3,0.0,,,,7,7,0.0,18,18,0.0,44,43,2.0,45,52,-14.0,147,147,0.0,179,167,24.0,2.0,24.0,38.0,24.0
InferiorIschemia_007,aVF,1,InferiorIschemia,-612,qR,1,0.0035,0,629,1,243,500,,,,,,,,,,3,3,0.0,7,7,0.0,20,20,0.0,,,,45,43,4.0,46,52,-12.0,179,109,140.0,179,167,24.0,4.0,24.0,36.0,-116.0
InferiorIschemia_007,V1,1,InferiorIschemia,-612,QS,1,0.0133,0,629,1,243,500,,,,,,,,,,3,3,0.0,19,19,0.0,,,,,,,44,43,2.0,45,52,-14.0,140,141,-2.0,181,167,28.0,2.0,28.0,42.0,30.0
InferiorIschemia_007,V2,1,InferiorIschemia,-612,Qrs,1,0.0192,0,629,1,243,500,,,,,,,,,,3,3,0.0,10,11,-2.0,22,23,-2.0,28,28,0.0,44,43,2.0,45,52,-14.0,141,141,0.0,179,167,24.0,2.0,24.0,38.0,24.0
InferiorIschemia_007,V4,1,InferiorIschemia,-612,qR,1,0.0132,0,629,1,243,500,,,,,,,,,,3,3,0.0,9,10,-2.0,23,23,0.0,,,,45,43,4.0,46,52,-12.0,97,98,-2.0,177,167,20.0,4.0,20.0,32.0,22.0
InferiorIschemia_007,V5,1,InferiorIschemia,-612,qR,1,0.0059,0,629,1,243,500,,,,,,,,,,3,3,0.0,10,10,0.0,24,25,-2.0,,,,45,43,4.0,46,52,-12.0,200,104,192.0,200,167,66.0,4.0,66.0,78.0,-126.0
InferiorIschemia_007,V6,1,InferiorIschemia,-612,qR,1,0.0038,0,629,1,243,500,,,,,,,,,,3,3,0.0,10,10,0.0,27,27,0.0,,,,44,43,2.0,45,52,-14.0,145,101,88.0,209,167,84.0,2.0,84.0,98.0,-4.0
InferiorIschemia_008,I,1,InferiorIschemia,-612,R,1,0.0015,0,637,1,243,500,,,,,,,,,,2,2,0.0,,,,14,14,0.0,,,,46,41,10.0,47,53,-12.0,135,135,0.0,190,171,38.0,10.0,38.0,50.0,38.0
InferiorIschemia_008,aVR,1,InferiorIschemia,-612,QS,1,0.0009,0,637,1,243,500,,,,,,,,,,1,2,-2.0,23,23,0.0,,,,,,,45,41,8.0,53,53,0.0,188,129,118.0,188,175,26.0,10.0,28.0,26.0,-92.0
InferiorIschemia_008,V3,1,InferiorIschemia,-612,QRs,1,0.0046,0,637,1,243,500,,,,,,,,,,2,2,0.0,13,14,-2.0,22,22,0.0,34,,,45,41,8.0,55,64,-18.0,139,139,0.0,182,171,22.0,8.0,22.0,40.0,22.0
InferiorIschemia_008,V4,1,InferiorIschemia,-612,qR,1,0.0026,0,637,1,243,500,,,,,,,,,,1,2,-2.0,11,11,0.0,23,23,0.0,,,,45,41,8.0,54,66,-24.0,139,139,0.0,184,171,26.0,10.0,28.0,50.0,26.0
InferiorIschemia_008,II,1,InferiorIschemia,-612,R,1,0.0006,0,637,1,243,500,,,,,,,,,,1,2,-2.0,,,,23,23,0.0,,,,46,41,10.0,51,53,-4.0,187,117,140.0,187,171,32.0,12.0,34.0,36.0,-108.0
InferiorIschemia_008,III,1,InferiorIschemia,-612,QR,1,0.0017,0,637,1,243,500,,,,,,,,,,1,2,-2.0,13,14,-2.0,23,23,0.0,,,,46,41,10.0,51,53,-4.0,140,79,122.0,186,171,30.0,12.0,32.0,34.0,-92.0
InferiorIschemia_008,aVL,1,InferiorIschemia,-612,RS,1,0.0016,0,637,1,243,500,,,,,,,,,,1,2,-2.0,,,,13,14,-2.0,23,24,-2.0,45,41,8.0,50,53,-6.0,138,138,0.0,187,171,32.0,10.0,34.0,38.0,32.0
InferiorIschemia_008,aVF,1,InferiorIschemia,-612,qR,1,0.0008,0,637,1,243,500,,,,,,,,,,1,2,-2.0,13,14,-2.0,23,23,0.0,,,,46,41,10.0,56,53,6.0,184,106,156.0,184,171,26.0,12.0,28.0,20.0,-130.0
InferiorIschemia_008,V1,1,InferiorIschemia,-612,rS,1,0.0053,0,637,1,243,500,,,,,,,,,,2,2,0.0,,,,6,7,-2.0,21,21,0.0,46,41,10.0,47,53,-12.0,141,141,0.0,186,171,30.0,10.0,30.0,42.0,30.0
InferiorIschemia_008,V2,1,InferiorIschemia,-612,rS,1,0.0058,0,637,1,243,500,,,,,,,,,,1,2,-2.0,,16,,5,,,16,,,44,41,6.0,50,53,-6.0,140,140,0.0,185,171,28.0,8.0,30.0,34.0,28.0
InferiorIschemia_008,V5,1,InferiorIschemia,-612,qR,1,0.0008,0,637,1,243,500,,,,,,,,,,2,2,0.0,8,9,-2.0,23,23,0.0,,,,46,41,10.0,54,53,2.0,188,112,152.0,188,171,34.0,10.0,34.0,32.0,-118.0
InferiorIschemia_008,V6,1,InferiorIschemia,-612,qR,1,0.0008,0,637,1,243,500,,,,,,,,,,1,2,-2.0,7,8,-2.0,29,30,-2.0,,,,45,41,8.0,52,53,-2.0,189,101,176.0,189,171,36.0,10.0,38.0,38.0,-140.0
InferiorIschemia_009,I,1,InferiorIschemia,-611,R,1,0.0243,0,638,1,244,500,,,,,,,,,,1,2,-2.0,,,,15,25,-20.0,,,,43,39,8.0,51,76,-50.0,138,138,0.0,185,168,34.0,10.0,36.0,84.0,34.0
InferiorIschemia_009,V3,1,InferiorIschemia,-611,rS,1,0.0311,0,638,1,244,500,,,,,,,,,,1,2,-2.0,,17,,4,,,21,,,46,39,14.0,59,68,-18.0,141,141,0.0,176,175,2.0,16.0,4.0,20.0,2.0
InferiorIschemia_009,V4,1,InferiorIschemia,-611,rS,1,0.0279,0,638,1,244,500,,,,,,,,,,1,2,-2.0,,14,,4,26,-44.0,14,35,-42.0,45,39,12.0,58,62,-8.0,141,141,0.0,177,168,18.0,14.0,20.0,26.0,18.0
InferiorIschemia_009,V5,1,InferiorIschemia,-611,qR,1,0.0229,0,638,1,244,500,,,,,,,,,,1,2,-2.0,11,11,0.0,24,25,-2.0,,,,45,39,12.0,58,70,-24.0,146,146,0.0,183,168,30.0,14.0,32.0,54.0,30.0
InferiorIschemia_009,II,1,InferiorIschemia,-611,R,1,0.013,0,638,1,244,500,,,,,,,,,,1,2,-2.0,,,,9,25,-32.0,,,,46,39,14.0,56,55,2.0,183,120,126.0,183,168,30.0,16.0,32.0,28.0,-96.0
InferiorIschemia_009,III,1,InferiorIschemia,-611,Qrs,1,0.0576,0,638,1,244,500,,,,,,,,,,1,2,-2.0,14,15,-2.0,20,19,2.0,29,29,0.0,44,39,10.0,56,55,2.0,141,141,0.0,181,168,26.0,12.0,28.0,24.0,26.0
InferiorIschemia_009,aVR,1,InferiorIschemia,-611,QS,1,0.0128,0,638,1,244,500,,,,,,,,,,1,2,-2.0,25,25,0.0,,,,,,,44,39,10.0,56,55,2.0,134,134,0.0,181,168,26.0,12.0,28.0,24.0,26.0
InferiorIschemia_009,aVL,1,InferiorIschemia,-611,R,1,0.0252,0,638,1,244,500,,,,,,,,,,1,2,-2.0,,,,14,15,-2.0,,41,,43,39,8.0,55,55,0.0,139,139,0.0,181,168,26.0,10.0,28.0,26.0,26.0
InferiorIschemia_009,aVF,1,InferiorIschemia,-611,qR,1,0.026,0,638,1,244,500,,,,,,,,,,1,2,-2.0,14,14,0.0,25,25,0.0,,,,44,39,10.0,58,55,6.0,180,92,176.0,180,168,24.0,12.0,26.0,18.0,-152.0
InferiorIschemia_009,V1,1,InferiorIschemia,-611,rS,1,0.0453,0,638,1,244,500,,,,,,,,,,1,2,-2.0,,,,8,9,-2.0,24,24,0.0,44,39,10.0,50,55,-10.0,142,143,-2.0,179,168,22.0,12.0,24.0,32.0,24.0
InferiorIschemia_009,V2,1,InferiorIschemia,-611,rS,1,0.033,0,638,1,244,500,,,,,,,,,,1,2,-2.0,,,,5,7,-4.0,23,23,0.0,46,39,14.0,57,55,4.0,142,142,0.0,177,168,18.0,16.0,20.0,14.0,18.0
InferiorIschemia_009,V6,1,InferiorIschemia,-611,qR,1,0.0181,0,638,1,244,500,,,,,,,,,,1,2,-2.0,8,8,0.0,24,24,0.0,,,,44,39,10.0,55,55,0.0,185,103,164.0,185,168,34.0,12.0,36.0,34.0,-130.0
InferiorIschemia_010,aVR,1,InferiorIschemia,-608,QS,1,0.0102,0,642,1,247,500,,,,,,,,,,2,2,0.0,28,28,0.0,,,,,,,45,42,6.0,46,53,-14.0,199,127,144.0,199,171,56.0,6.0,56.0,70.0,-88.0
InferiorIschemia_010,I,1,InferiorIschemia,-608,R,1,0.0149,0,642,1,247,500,,,,,,,,,,2,2,0.0,,,,13,33,-40.0,,,,44,42,4.0,45,53,-16.0,134,134,0.0,202,171,62.0,4.0,62.0,78.0,62.0
InferiorIschemia_010,aVL,1,InferiorIschemia,-608,RS,1,0.0072,0,642,1,247,500,,,,,,,,,,2,2,0.0,,,,13,13,0.0,24,25,-2.0,44,42,4.0,45,52,-14.0,137,137,0.0,191,175,32.0,4.0,32.0,46.0,32.0
InferiorIschemia_010,aVF,1,InferiorIschemia,-608,qR,1,0.0059,0,642,1,247,500,,,,,,,,,,2,2,0.0,12,13,-2.0,27,27,0.0,,,,45,42,6.0,46,53,-14.0,141,71,140.0,190,187,6.0,6.0,6.0,20.0,-134.0
InferiorIschemia_010,V1,1,InferiorIschemia,-608,rS,1,0.0197,0,642,1,247,500,,,,,,,,,,2,2,0.0,,26,,5,,,26,,,44,42,4.0,45,60,-30.0,144,144,0.0,187,171,32.0,4.0,32.0,62.0,32.0
InferiorIschemia_010,V2,1,InferiorIschemia,-608,QS,1,0.0155,0,642,1,247,500,,,,,,,,,,2,2,0.0,26,26,0.0,,,,,,,44,42,4.0,45,53,-16.0,142,142,0.0,185,177,16.0,4.0,16.0,32.0,16.0
InferiorIschemia_010,V3,1,InferiorIschemia,-608,QS,1,0.019,0,642,1,247,500,,,,,,,,,,2,2,0.0,13,13,0.0,,,,,,,45,42,6.0,47,65,-36.0,141,142,-2.0,183,171,24.0,6.0,24.0,60.0,26.0
InferiorIschemia_010,V4,1,InferiorIschemia,-608,QR,1,0.0148,0,642,1,247,500,,,,,,,,,,2,2,0.0,12,13,-2.0,29,29,0.0,,,,44,42,4.0,46,44,4.0,144,76,136.0,188,171,34.0,4.0,34.0,30.0,-102.0
InferiorIschemia_010,V5,1,InferiorIschemia,-608,qR,1,0.0069,0,642,1,247,500,,,,,,,,,,2,2,0.0,9,10,-2.0,30,30,0.0,,,,45,42,6.0,46,69,-46.0,143,144,-2.0,200,171,58.0,6.0,58.0,104.0,60.0
InferiorIschemia_010,V6,1,InferiorIschemia,-608,R,1,0.0056,0,642,1,247,500,,,,,,,,,,2,2,0.0,,,,32,32,0.0,,,,45,42,6.0,46,47,-2.0,150,99,102.0,201,171,60.0,6.0,60.0,62.0,-42.0
InferiorIschemia_010,II,1,InferiorIschemia,-608,qR,1,0.0057,0,642,1,247,500,,,,,,,,,,2,2,0.0,12,13,-2.0,27,28,-2.0,,,,45,42,6.0,46,53,-14.0,199,111,176.0,199,171,56.0,6.0,56.0,70.0,-120.0
InferiorIschemia_010,III,1,InferiorIschemia,-608,qR,1,0.0078,0,642,1,247,500,,,,,,,,,,2,2,0.0,12,13,-2.0,26,27,-2.0,,,,45,42,6.0,46,53,-14.0,139,139,0.0,192,171,42.0,6.0,42.0,56.0,42.0
AnteriorInfarction_001,I,1,AnteriorInfarction,-613,RS,1,0.1158,0,638,1,242,500,,,,,,,,,,1,0,2.0,,13,,7,30,-46.0,12,,,49,42,14.0,50,46,8.0,162,161,2.0,286,249,74.0,12.0,72.0,66.0,72.0
AnteriorInfarction_001,III,1,AnteriorInfarction,-613,rS,1,0.1189,0,638,1,242,500,,,,,,,,,,1,0,2.0,,,,5,16,-22.0,30,30,0.0,50,42,16.0,52,46,12.0,143,143,0.0,283,251,64.0,14.0,62.0,52.0,64.0
AnteriorInfarction_001,aVR,1,AnteriorInfarction,-613,QS,1,0.1119,0,638,1,242,500,,,,,,,,,,1,0,2.0,23,23,0.0,,,,,,,50,42,16.0,52,76,-48.0,140,140,0.0,283,255,56.0,14.0,54.0,104.0,56.0
AnteriorInfarction_001,aVL,1,AnteriorInfarction,-613,QRs,1,0.1108,0,638,1,242,500,,,,,,,,,,1,0,2.0,14,14,0.0,30,30,0.0,44,,,50,42,16.0,51,46,10.0,145,145,0.0,283,252,62.0,14.0,60.0,52.0,62.0
AnteriorInfarction_001,aVF,1,AnteriorInfarction,-613,Rs,1,0.0779,0,638,1,242,500,,,,,,,,,,1,0,2.0,,,,16,23,-14.0,30,30,0.0,49,42,14.0,56,46,20.0,142,143,-2.0,281,234,94.0,12.0,92.0,74.0,96.0
AnteriorInfarction_001,V2,1,AnteriorInfarction,-613,rS,1,0.1429,0,638,1,242,500,,,,,,,,,,1,0,2.0,,,,4,5,-2.0,19,19,0.0,49,42,14.0,50,56,-12.0,140,140,0.0,271,262,18.0,12.0,16.0,30.0,18.0
AnteriorInfarction_001,V3,1,AnteriorInfarction,-613,qRs,1,0.105,0,638,1,242,500,,,,,,,,,,1,0,2.0,8,8,0.0,25,25,0.0,50,,,50,42,16.0,58,139,-162.0,156,156,0.0,274,269,10.0,14.0,8.0,172.0,10.0
AnteriorInfarction_001,V4,1,AnteriorInfarction,-613,qR,1,0.0861,0,638,1,242,500,,,,,,,,,,1,0,2.0,7,8,-2.0,23,23,0.0,,,,49,42,14.0,60,46,28.0,130,133,-6.0,281,253,56.0,12.0,54.0,28.0,62.0
AnteriorInfarction_001,V5,1,AnteriorInfarction,-613,qR,1,0.0974,0,638,1,242,500,,,,,,,,,,1,0,2.0,7,7,0.0,22,22,0.0,,,,49,42,14.0,59,96,-74.0,152,152,0.0,283,251,64.0,12.0,62.0,138.0,64.0
AnteriorInfarction_001,V6,1,AnteriorInfarction,-613,R,1,0.0895,0,638,1,242,500,,,,,,,,,,1,0,2.0,,5,,21,22,-2.0,,,,50,42,16.0,52,46,12.0,147,147,0.0,287,252,70.0,14.0,68.0,58.0,70.0
AnteriorInfarction_001,II,1,AnteriorInfarction,-613,R,1,0.0831,0,638,1,242,500,,,,,,,,,,1,0,2.0,,,,23,23,0.0,,,,50,42,16.0,51,46,10.0,142,142,0.0,281,172,218.0,14.0,216.0,208.0,218.0
AnteriorInfarction_001,V1,1,AnteriorInfarction,-613,rS,1,0.1372,0,638,1,242,500,,,,,,,,,,1,0,2.0,,,,7,7,0.0,20,20,0.0,48,42,12.0,49,46,6.0,141,142,-2.0,277,262,30.0,10.0,28.0,24.0,32.0
AnteriorInfarction_002,V1,1,AnteriorInfarction,-603,rS,1,0.0642,0,636,1,252,500,,,,,,,,,,0,2,-4.0,,,,7,12,-10.0,33,33,0.0,59,57,4.0,78,66,24.0,153,153,0.0,299,277,44.0,8.0,48.0,20.0,44.0
AnteriorInfarction_002,I,1,AnteriorInfarction,-603,R,1,0.0653,0,636,1,252,500,,,,,,,,,,0,2,-4.0,,,,8,34,-52.0,,,,60,57,6.0,82,143,-122.0,172,172,0.0,298,277,42.0,10.0,46.0,164.0,42.0
AnteriorInfarction_002,II,1,AnteriorInfarction,-603,R,1,0.0455,0,636,1,252,500,,,,,,,,,,0,2,-4.0,,,,11,12,-2.0,,,,61,57,8.0,83,61,44.0,145,145,0.0,291,281,20.0,12.0,24.0,-24.0,20.0
AnteriorInfarction_002,III,1,AnteriorInfarction,-603,RS,1,0.0705,0,636,1,252,500,,,,,,,,,,0,2,-4.0,,,,11,12,-2.0,35,35,0.0,60,57,6.0,85,61,48.0,146,147,-2.0,297,281,32.0,10.0,36.0,-16.0,34.0
AnteriorInfarction_002,aVR,1,AnteriorInfarction,-603,QS,1,0.0414,0,636,1,252,500,,,,,,,,,,0,2,-4.0,32,32,0.0,,,,,,,60,57,6.0,81,78,6.0,144,144,0.0,289,263,52.0,10.0,56.0,46.0,52.0
AnteriorInfarction_002,aVL,1,AnteriorInfarction,-603,qRs,1,0.0541,0,636,1,252,500,,,,,,,,,,0,2,-4.0,12,12,0.0,35,35,0.0,60,56,8.0,60,57,6.0,85,61,48.0,149,149,0.0,295,283,24.0,10.0,28.0,-24.0,24.0
AnteriorInfarction_002,aVF,1,AnteriorInfarction,-603,Rs,1,0.0474,0,636,1,252,500,,,,,,,,,,0,2,-4.0,,,,11,12,-2.0,35,36,-2.0,60,57,6.0,86,61,50.0,145,146,-2.0,289,279,20.0,10.0,24.0,-30.0,22.0
AnteriorInfarction_002,V2,1,AnteriorInfarction,-603,RS,1,0.0595,0,636,1,252,500,,,,,,,,,,0,2,-4.0,,,,7,12,-10.0,33,33,0.0,60,57,6.0,81,65,32.0,151,151,0.0,292,282,20.0,10.0,24.0,-12.0,20.0
AnteriorInfarction_002,V3,1,AnteriorInfarction,-603,RS,1,0.0294,0,636,1,252,500,,,,,,,,,,0,2,-4.0,,,,7,12,-10.0,33,34,-2.0,60,57,6.0,87,155,-136.0,176,176,0.0,290,283,14.0,10.0,18.0,150.0,14.0
AnteriorInfarction_002,V4,1,AnteriorInfarction,-603,R,1,0.0355,0,636,1,252,500,,,,,,,,,,0,2,-4.0,,8,,4,42,-76.0,,,,60,57,6.0,87,61,52.0,239,161,156.0,291,282,18.0,10.0,22.0,-34.0,-138.0
AnteriorInfarction_002,V5,1,AnteriorInfarction,-603,qR,1,0.0356,0,636,1,252,500,,,,,,,,,,0,2,-4.0,9,9,0.0,32,32,0.0,,,,60,57,6.0,86,61,50.0,158,156,4.0,280,275,10.0,10.0,14.0,-40.0,6.0
AnteriorInfarction_002,V6,1,AnteriorInfarction,-603,qR,1,0.045,0,636,1,252,500,,,,,,,,,,0,2,-4.0,8,8,0.0,26,26,0.0,,,,61,57,8.0,83,61,44.0,153,153,0.0,265,277,-24.0,12.0,-20.0,-68.0,-24.0
