record_id,lead,beat_id,disease_class,crop_start,qrs_pattern_pred,order_ok_pred,p_head_prob,seg_emits_p,qrs_anchor,anchor_in_qrs,window_end,read_end,p_onset_pred,p_onset_true,p_onset_err_ms,p_peak_pred,p_peak_true,p_peak_err_ms,p_offset_pred,p_offset_true,p_offset_err_ms,qrs_onset_pred,qrs_onset_true,qrs_onset_err_ms,q_peak_pred,q_peak_true,q_peak_err_ms,r_peak_pred,r_peak_true,r_peak_err_ms,s_peak_pred,s_peak_true,s_peak_err_ms,qrs_offset_pred,qrs_offset_true,qrs_offset_err_ms,t_onset_pred,t_onset_true,t_onset_err_ms,t_peak_pred,t_peak_true,t_peak_err_ms,t_offset_pred,t_offset_true,t_offset_err_ms,qrs_duration_err_ms,qt_interval_err_ms,t_duration_err_ms,t_peak_to_end_err_ms
AnteriorInfarction_003,V3,1,AnteriorInfarction,-606,qR,1,0.0,0,628,1,249,500,,,,,,,,,,2,4,-4.0,8,9,-2.0,31,31,0.0,,,,48,44,8.0,63,49,28.0,162,162,0.0,252,248,8.0,12.0,12.0,-20.0,8.0
AnteriorInfarction_003,I,1,AnteriorInfarction,-606,R,1,0.0,0,628,1,249,500,,,,,,,,,,2,4,-4.0,,,,7,25,-36.0,,,,49,44,10.0,69,68,2.0,141,141,0.0,252,251,2.0,14.0,6.0,0.0,2.0
AnteriorInfarction_003,II,1,AnteriorInfarction,-606,R,1,0.0,0,628,1,249,500,,,,,,,,,,2,4,-4.0,,,,10,24,-28.0,,,,48,44,8.0,67,68,-2.0,142,143,-2.0,252,252,0.0,12.0,4.0,2.0,2.0
AnteriorInfarction_003,III,1,AnteriorInfarction,-606,RS,1,0.0,0,628,1,249,500,,,,,,,,,,2,4,-4.0,,,,10,17,-14.0,31,31,0.0,50,44,12.0,65,49,32.0,143,143,0.0,252,250,4.0,16.0,8.0,-28.0,4.0
AnteriorInfarction_003,aVR,1,AnteriorInfarction,-606,QS,1,0.0,0,628,1,249,500,,,,,,,,,,2,4,-4.0,24,24,0.0,,,,,,,48,44,8.0,69,49,40.0,142,142,0.0,254,180,148.0,12.0,152.0,108.0,148.0
AnteriorInfarction_003,V1,1,AnteriorInfarction,-606,rS,1,0.0,0,628,1,249,500,,,,,,,,,,2,4,-4.0,,20,,6,36,-60.0,20,48,-56.0,47,44,6.0,60,68,-16.0,147,148,-2.0,252,271,-38.0,10.0,-34.0,-22.0,-36.0
AnteriorInfarction_003,V2,1,AnteriorInfarction,-606,qRs,1,0.0,0,628,1,249,500,,,,,,,,,,2,4,-4.0,13,14,-2.0,31,31,0.0,48,50,-4.0,48,44,8.0,60,87,-54.0,162,163,-2.0,252,257,-10.0,12.0,-6.0,44.0,-8.0
AnteriorInfarction_003,V4,1,AnteriorInfarction,-606,qR,1,0.0,0,628,1,249,500,,,,,,,,,,2,4,-4.0,8,8,0.0,28,28,0.0,,,,49,44,10.0,67,49,36.0,140,140,0.0,250,220,60.0,14.0,64.0,24.0,60.0
AnteriorInfarction_003,V5,1,AnteriorInfarction,-606,qR,1,0.0,0,628,1,249,500,,,,,,,,,,2,4,-4.0,6,6,0.0,24,24,0.0,,,,49,44,10.0,69,100,-62.0,154,154,0.0,254,278,-48.0,14.0,-44.0,14.0,-48.0
AnteriorInfarction_003,V6,1,AnteriorInfarction,-606,qRs,1,0.0,0,628,1,249,500,,,,,,,,,,2,4,-4.0,6,6,0.0,24,24,0.0,32,32,0.0,48,44,8.0,68,79,-22.0,149,149,0.0,254,227,54.0,12.0,58.0,76.0,54.0
AnteriorInfarction_003,aVL,1,AnteriorInfarction,-606,qR,1,0.0,0,628,1,249,500,,,,,,,,,,2,4,-4.0,14,14,0.0,30,30,0.0,,,,49,44,10.0,65,49,32.0,144,144,0.0,251,250,2.0,14.0,6.0,-30.0,2.0
AnteriorInfarction_003,aVF,1,AnteriorInfarction,-606,Rs,1,0.0,0,628,1,249,500,,,,,,,,,,2,4,-4.0,,,,10,24,-28.0,31,31,0.0,49,44,10.0,67,49,36.0,143,143,0.0,252,249,6.0,14.0,10.0,-30.0,6.0
AnteriorInfarction_004,V1,1,AnteriorInfarction,-604,rS,1,0.0003,0,637,1,251,500,,,,,,,,,,2,2,0.0,,,,5,6,-2.0,21,21,0.0,44,46,-4.0,53,46,14.0,151,152,-2.0,260,270,-20.0,-4.0,-20.0,-34.0,-18.0
AnteriorInfarction_004,I,1,AnteriorInfarction,-604,R,1,0.0005,0,637,1,251,500,,,,,,,,,,2,2,0.0,,,,8,30,-44.0,,51,,48,46,4.0,59,97,-76.0,139,169,-60.0,270,252,36.0,4.0,36.0,112.0,96.0
AnteriorInfarction_004,II,1,AnteriorInfarction,-604,R,1,0.0,0,637,1,251,500,,,,,,,,,,2,2,0.0,,,,20,20,0.0,,,,45,46,-2.0,60,68,-16.0,142,143,-2.0,262,173,178.0,-2.0,178.0,194.0,180.0
AnteriorInfarction_004,III,1,AnteriorInfarction,-604,rS,1,0.0003,0,637,1,251,500,,,,,,,,,,2,2,0.0,,,,5,18,-26.0,34,33,2.0,47,46,2.0,60,51,18.0,147,147,0.0,260,269,-18.0,2.0,-18.0,-36.0,-18.0
AnteriorInfarction_004,aVR,1,AnteriorInfarction,-604,QS,1,0.0001,0,637,1,251,500,,,,,,,,,,2,2,0.0,29,30,-2.0,,,,,,,47,46,2.0,62,75,-26.0,141,141,0.0,266,251,30.0,2.0,30.0,56.0,30.0
AnteriorInfarction_004,aVL,1,AnteriorInfarction,-604,QRS,1,0.0002,0,637,1,251,500,,,,,,,,,,1,2,-2.0,5,5,0.0,8,30,-44.0,47,51,-8.0,47,46,2.0,58,100,-84.0,154,154,0.0,260,265,-10.0,4.0,-8.0,74.0,-10.0
AnteriorInfarction_004,aVF,1,AnteriorInfarction,-604,RS,1,0.0,0,637,1,251,500,,,,,,,,,,2,2,0.0,,,,6,19,-26.0,35,36,-2.0,47,46,2.0,62,74,-24.0,144,144,0.0,261,250,22.0,2.0,22.0,46.0,22.0
AnteriorInfarction_004,V2,1,AnteriorInfarction,-604,rS,1,0.0002,0,637,1,251,500,,,,,,,,,,1,2,-2.0,,,,4,12,-16.0,26,26,0.0,46,46,0.0,54,53,2.0,154,155,-2.0,262,262,0.0,2.0,2.0,-2.0,2.0
AnteriorInfarction_004,V3,1,AnteriorInfarction,-604,QR,1,0.0001,0,637,1,251,500,,,,,,,,,,2,2,0.0,9,10,-2.0,20,32,-24.0,,,,47,46,2.0,59,87,-56.0,143,175,-64.0,256,255,2.0,2.0,2.0,58.0,66.0
AnteriorInfarction_004,V4,1,AnteriorInfarction,-604,R,1,0.0001,0,637,1,251,500,,,,,,,,,,2,2,0.0,,7,,31,31,0.0,,,,48,46,4.0,63,59,8.0,176,170,12.0,258,251,14.0,4.0,14.0,6.0,2.0
AnteriorInfarction_004,V5,1,AnteriorInfarction,-604,R,1,0.0,0,637,1,251,500,,,,,,,,,,2,2,0.0,,7,,26,26,0.0,,,,48,46,4.0,59,94,-70.0,148,148,0.0,276,251,50.0,4.0,50.0,120.0,50.0
AnteriorInfarction_004,V6,1,AnteriorInfarction,-604,Rs,1,0.0001,0,637,1,251,500,,,,,,,,,,2,2,0.0,,4,,20,20,0.0,30,31,-2.0,48,46,4.0,60,62,-4.0,144,144,0.0,276,251,50.0,4.0,50.0,54.0,50.0
AnteriorInfarction_005,V3,1,AnteriorInfarction,-605,QRs,1,0.0,0,638,1,250,500,,,,,,,,,,3,5,-4.0,8,8,0.0,17,31,-28.0,49,,,49,48,2.0,61,89,-56.0,146,146,0.0,252,266,-28.0,6.0,-24.0,28.0,-28.0
AnteriorInfarction_005,I,1,AnteriorInfarction,-605,R,1,0.0,0,638,1,250,500,,,,,,,,,,2,5,-6.0,,,,10,26,-32.0,,,,49,48,2.0,60,72,-24.0,137,137,0.0,251,250,2.0,8.0,8.0,26.0,2.0
AnteriorInfarction_005,II,1,AnteriorInfarction,-605,R,1,0.0,0,638,1,250,500,,,,,,,,,,2,5,-6.0,,,,16,24,-16.0,,44,,48,48,0.0,61,50,22.0,142,142,0.0,253,267,-28.0,6.0,-22.0,-50.0,-28.0
AnteriorInfarction_005,III,1,AnteriorInfarction,-605,RS,1,0.0,0,638,1,250,500,,,,,,,,,,2,5,-6.0,,,,6,17,-22.0,31,31,0.0,49,48,2.0,61,70,-18.0,147,148,-2.0,254,234,40.0,8.0,46.0,58.0,42.0
AnteriorInfarction_005,aVR,1,AnteriorInfarction,-605,QS,1,0.0,0,638,1,250,500,,,,,,,,,,3,5,-4.0,24,24,0.0,,,,,,,49,48,2.0,61,66,-10.0,140,140,0.0,257,255,4.0,6.0,8.0,14.0,4.0
AnteriorInfarction_005,aVL,1,AnteriorInfarction,-605,qrS,1,0.0,0,638,1,250,500,,,,,,,,,,2,5,-6.0,5,18,-26.0,8,31,-46.0,17,,,49,48,2.0,60,50,20.0,153,153,0.0,249,263,-28.0,8.0,-22.0,-48.0,-28.0
AnteriorInfarction_005,aVF,1,AnteriorInfarction,-605,R,1,0.0,0,638,1,250,500,,,,,,,,,,2,5,-6.0,,,,16,24,-16.0,,38,,49,48,2.0,61,52,18.0,144,144,0.0,254,262,-16.0,8.0,-10.0,-34.0,-16.0
AnteriorInfarction_005,V1,1,AnteriorInfarction,-605,rS,1,0.0,0,638,1,250,500,,,,,,,,,,2,5,-6.0,,23,,5,33,-56.0,23,48,-50.0,50,48,4.0,59,100,-82.0,137,137,0.0,253,269,-32.0,10.0,-26.0,50.0,-32.0
AnteriorInfarction_005,V2,1,AnteriorInfarction,-605,qRs,1,0.0,0,638,1,250,500,,,,,,,,,,2,5,-6.0,22,22,0.0,31,31,0.0,50,53,-6.0,50,48,4.0,59,87,-56.0,142,142,0.0,253,274,-42.0,10.0,-36.0,14.0,-42.0
AnteriorInfarction_005,V4,1,AnteriorInfarction,-605,qR,1,0.0,0,638,1,250,500,,,,,,,,,,2,5,-6.0,8,8,0.0,29,29,0.0,,,,49,48,2.0,61,58,6.0,144,145,-2.0,251,263,-24.0,8.0,-18.0,-30.0,-22.0
AnteriorInfarction_005,V5,1,AnteriorInfarction,-605,qR,1,0.0,0,638,1,250,500,,,,,,,,,,2,5,-6.0,6,7,-2.0,24,25,-2.0,,,,49,48,2.0,61,101,-80.0,172,172,0.0,261,254,14.0,8.0,20.0,94.0,14.0
AnteriorInfarction_005,V6,1,AnteriorInfarction,-605,R,1,0.0,0,638,1,250,500,,,,,,,,,,2,5,-6.0,,,,21,22,-2.0,,,,48,48,0.0,60,52,16.0,143,143,0.0,259,263,-8.0,6.0,-2.0,-24.0,-8.0
AnteriorInfarction_006,V5,1,AnteriorInfarction,-611,R,1,0.0,0,627,1,244,500,,,,,,,,,,2,2,0.0,,,,26,26,0.0,,,,42,43,-2.0,56,98,-84.0,169,169,0.0,260,259,2.0,-2.0,2.0,86.0,2.0
AnteriorInfarction_006,I,1,AnteriorInfarction,-611,R,1,0.0,0,627,1,244,500,,,,,,,,,,2,2,0.0,,,,8,29,-42.0,,48,,43,43,0.0,57,102,-90.0,168,168,0.0,256,255,2.0,0.0,2.0,92.0,2.0
AnteriorInfarction_006,II,1,AnteriorInfarction,-611,R,1,0.0,0,627,1,244,500,,,,,,,,,,2,2,0.0,,,,10,25,-30.0,,,,42,43,-2.0,59,69,-20.0,140,141,-2.0,255,259,-8.0,-2.0,-8.0,12.0,-6.0
AnteriorInfarction_006,III,1,AnteriorInfarction,-611,RS,1,0.0,0,627,1,244,500,,,,,,,,,,2,2,0.0,,,,10,10,0.0,29,29,0.0,43,43,0.0,59,50,18.0,142,142,0.0,253,248,10.0,0.0,10.0,-8.0,10.0
AnteriorInfarction_006,aVR,1,AnteriorInfarction,-611,QS,1,0.0,0,627,1,244,500,,,,,,,,,,2,2,0.0,25,25,0.0,,,,,,,42,43,-2.0,59,62,-6.0,140,140,0.0,260,253,14.0,-2.0,14.0,20.0,14.0
AnteriorInfarction_006,aVL,1,AnteriorInfarction,-611,qRs,1,0.0,0,627,1,244,500,,,,,,,,,,2,2,0.0,10,10,0.0,23,29,-12.0,43,,,43,43,0.0,55,91,-72.0,146,146,0.0,253,254,-2.0,0.0,-2.0,70.0,-2.0
AnteriorInfarction_006,aVF,1,AnteriorInfarction,-611,Rs,1,0.0,0,627,1,244,500,,,,,,,,,,2,2,0.0,,,,10,10,0.0,29,29,0.0,42,43,-2.0,60,50,20.0,141,141,0.0,254,252,4.0,-2.0,4.0,-16.0,4.0
AnteriorInfarction_006,V1,1,AnteriorInfarction,-611,rS,1,0.0,0,627,1,244,500,,,,,,,,,,2,2,0.0,,,,9,9,0.0,23,24,-2.0,42,43,-2.0,51,54,-6.0,148,148,0.0,255,266,-22.0,-2.0,-22.0,-16.0,-22.0
AnteriorInfarction_006,V2,1,AnteriorInfarction,-611,rS,1,0.0,0,627,1,244,500,,,,,,,,,,2,2,0.0,,,,10,11,-2.0,21,21,0.0,43,43,0.0,52,48,8.0,143,143,0.0,255,267,-24.0,0.0,-24.0,-32.0,-24.0
AnteriorInfarction_006,V3,1,AnteriorInfarction,-611,RS,1,0.0,0,627,1,244,500,,,,,,,,,,2,2,0.0,,,,11,11,0.0,20,21,-2.0,42,43,-2.0,57,70,-26.0,158,158,0.0,252,243,18.0,-2.0,18.0,44.0,18.0
AnteriorInfarction_006,V4,1,AnteriorInfarction,-611,RS,1,0.0,0,627,1,244,500,,,,,,,,,,2,2,0.0,,19,,11,27,-32.0,19,,,42,43,-2.0,59,93,-68.0,154,154,0.0,254,248,12.0,-2.0,12.0,80.0,12.0
AnteriorInfarction_006,V6,1,AnteriorInfarction,-611,R,1,0.0,0,627,1,244,500,,,,,,,,,,2,2,0.0,,5,,22,22,0.0,,,,42,43,-2.0,58,72,-28.0,147,147,0.0,261,247,28.0,-2.0,28.0,56.0,28.0
AnteriorInfarction_007,V3,1,AnteriorInfarction,-608,qR,1,0.0,0,637,1,247,500,,,,,,,,,,2,3,-2.0,9,9,0.0,27,27,0.0,,,,48,43,10.0,60,50,20.0,141,142,-2.0,248,262,-28.0,12.0,-26.0,-48.0,-26.0
AnteriorInfarction_007,I,1,AnteriorInfarction,-608,qR,1,0.0,0,637,1,247,500,,,,,,,,,,2,3,-2.0,11,11,0.0,23,23,0.0,,,,48,43,10.0,59,48,22.0,165,165,0.0,245,250,-10.0,12.0,-8.0,-32.0,-10.0
AnteriorInfarction_007,II,1,AnteriorInfarction,-608,R,1,0.0,0,637,1,247,500,,,,,,,,,,2,3,-2.0,,,,18,22,-8.0,,,,48,43,10.0,59,70,-22.0,141,141,0.0,245,170,150.0,12.0,152.0,172.0,150.0
AnteriorInfarction_007,III,1,AnteriorInfarction,-608,Rs,1,0.0,0,637,1,247,500,,,,,,,,,,2,3,-2.0,,,,14,14,0.0,29,29,0.0,48,43,10.0,59,50,18.0,141,141,0.0,246,251,-10.0,12.0,-8.0,-28.0,-10.0
AnteriorInfarction_007,aVR,1,AnteriorInfarction,-608,QS,1,0.0,0,637,1,247,500,,,,,,,,,,2,3,-2.0,23,23,0.0,,,,,,,48,43,10.0,60,70,-20.0,141,141,0.0,247,250,-6.0,12.0,-4.0,14.0,-6.0
AnteriorInfarction_007,aVL,1,AnteriorInfarction,-608,QRs,1,0.0,0,637,1,247,500,,,,,,,,,,2,3,-2.0,11,11,0.0,23,28,-10.0,48,,,48,43,10.0,58,94,-72.0,141,142,-2.0,242,250,-16.0,12.0,-14.0,56.0,-14.0
AnteriorInfarction_007,aVF,1,AnteriorInfarction,-608,R,1,0.0,0,637,1,247,500,,,,,,,,,,2,3,-2.0,,,,17,17,0.0,,31,,48,43,10.0,60,70,-20.0,141,141,0.0,250,262,-24.0,12.0,-22.0,-4.0,-24.0
AnteriorInfarction_007,V1,1,AnteriorInfarction,-608,rS,1,0.0,0,637,1,247,500,,,,,,,,,,2,3,-2.0,,22,,4,33,-58.0,21,,,48,43,10.0,57,48,18.0,149,149,0.0,252,269,-34.0,12.0,-32.0,-52.0,-34.0
AnteriorInfarction_007,V2,1,AnteriorInfarction,-608,qRs,1,0.0,0,637,1,247,500,,,,,,,,,,2,3,-2.0,10,10,0.0,28,29,-2.0,47,,,47,43,8.0,57,87,-60.0,142,143,-2.0,252,269,-34.0,10.0,-32.0,26.0,-32.0
AnteriorInfarction_007,V5,1,AnteriorInfarction,-608,qR,1,0.0,0,637,1,247,500,,,,,,,,,,2,3,-2.0,7,7,0.0,21,21,0.0,,,,49,43,12.0,59,78,-38.0,145,145,0.0,248,168,160.0,14.0,162.0,198.0,160.0
AnteriorInfarction_007,V6,1,AnteriorInfarction,-608,qR,1,0.0,0,637,1,247,500,,,,,,,,,,2,3,-2.0,6,7,-2.0,21,21,0.0,,,,49,43,12.0,59,50,18.0,145,145,0.0,252,257,-10.0,14.0,-8.0,-28.0,-10.0
AnteriorInfarction_007,V4,1,AnteriorInfarction,-608,qR,1,0.0,0,637,1,247,500,,,,,,,,,,2,3,-2.0,9,9,0.0,25,25,0.0,,,,48,43,10.0,60,50,20.0,140,140,0.0,250,265,-30.0,12.0,-28.0,-50.0,-30.0
AnteriorInfarction_008,V2,1,AnteriorInfarction,-610,rS,1,0.0004,0,637,1,245,500,,,,,,,,,,1,2,-2.0,,,,6,7,-2.0,23,24,-2.0,45,46,-2.0,53,52,2.0,144,144,0.0,255,254,2.0,0.0,4.0,0.0,2.0
AnteriorInfarction_008,I,1,AnteriorInfarction,-610,R,1,0.0003,0,637,1,245,500,,,,,,,,,,2,2,0.0,,,,28,28,0.0,,,,50,46,8.0,59,100,-82.0,166,167,-2.0,254,252,4.0,8.0,4.0,86.0,6.0
AnteriorInfarction_008,II,1,AnteriorInfarction,-610,R,1,0.0001,0,637,1,245,500,,,,,,,,,,1,2,-2.0,,,,24,25,-2.0,,,,44,46,-4.0,59,68,-18.0,143,143,0.0,254,246,16.0,-2.0,18.0,34.0,16.0
AnteriorInfarction_008,III,1,AnteriorInfarction,-610,rS,1,0.0001,0,637,1,245,500,,,,,,,,,,1,2,-2.0,,,,10,18,-16.0,30,30,0.0,48,46,4.0,59,52,14.0,147,147,0.0,254,250,8.0,6.0,10.0,-6.0,8.0
AnteriorInfarction_008,aVR,1,AnteriorInfarction,-610,QS,1,0.0003,0,637,1,245,500,,,,,,,,,,1,2,-2.0,25,25,0.0,,,,,,,45,46,-2.0,62,62,0.0,141,141,0.0,257,263,-12.0,0.0,-10.0,-12.0,-12.0
AnteriorInfarction_008,aVF,1,AnteriorInfarction,-610,RS,1,0.0001,0,637,1,245,500,,,,,,,,,,1,2,-2.0,,,,10,19,-18.0,30,31,-2.0,46,46,0.0,61,52,18.0,144,145,-2.0,254,252,4.0,2.0,6.0,-14.0,6.0
AnteriorInfarction_008,V3,1,AnteriorInfarction,-610,rS,1,0.0002,0,637,1,245,500,,,,,,,,,,1,2,-2.0,,12,,4,27,-46.0,12,,,44,46,-4.0,58,52,12.0,157,157,0.0,252,267,-30.0,-2.0,-28.0,-42.0,-30.0
AnteriorInfarction_008,V4,1,AnteriorInfarction,-610,qR,1,0.0,0,637,1,245,500,,,,,,,,,,2,2,0.0,10,10,0.0,26,26,0.0,,,,45,46,-2.0,62,100,-76.0,157,157,0.0,253,246,14.0,-2.0,14.0,90.0,14.0
AnteriorInfarction_008,V5,1,AnteriorInfarction,-610,qR,1,0.0,0,637,1,245,500,,,,,,,,,,2,2,0.0,8,8,0.0,25,25,0.0,,,,44,46,-4.0,57,100,-86.0,168,168,0.0,261,251,20.0,-4.0,20.0,106.0,20.0
AnteriorInfarction_008,V6,1,AnteriorInfarction,-610,qR,1,0.0,0,637,1,245,500,,,,,,,,,,1,2,-2.0,7,7,0.0,23,23,0.0,,,,45,46,-2.0,59,75,-32.0,146,146,0.0,260,246,28.0,0.0,30.0,60.0,28.0
AnteriorInfarction_008,aVL,1,AnteriorInfarction,-610,qRs,1,0.0002,0,637,1,245,500,,,,,,,,,,1,2,-2.0,16,17,-2.0,29,29,0.0,46,,,46,46,0.0,57,52,10.0,152,153,-2.0,253,261,-16.0,2.0,-14.0,-26.0,-14.0
AnteriorInfarction_008,V1,1,AnteriorInfarction,-610,rS,1,0.0005,0,637,1,245,500,,,,,,,,,,1,2,-2.0,,,,7,8,-2.0,24,24,0.0,43,46,-6.0,52,52,0.0,146,146,0.0,255,262,-14.0,-4.0,-12.0,-14.0,-14.0
AnteriorInfarction_009,V1,1,AnteriorInfarction,-612,rS,1,0.0,0,640,1,243,500,,,,,,,,,,1,2,-2.0,,,,5,9,-8.0,24,24,0.0,44,49,-10.0,50,54,-8.0,160,160,0.0,246,250,-8.0,-8.0,-6.0,0.0,-8.0
AnteriorInfarction_009,I,1,AnteriorInfarction,-612,R,1,0.0,0,640,1,243,500,,,,,,,,,,1,2,-2.0,,,,27,27,0.0,,,,45,49,-8.0,62,99,-74.0,168,168,0.0,248,251,-6.0,-6.0,-4.0,68.0,-6.0
AnteriorInfarction_009,II,1,AnteriorInfarction,-612,R,1,0.0,0,640,1,243,500,,,,,,,,,,1,2,-2.0,,,,10,25,-30.0,,35,,44,49,-10.0,67,71,-8.0,142,142,0.0,246,248,-4.0,-8.0,-2.0,4.0,-4.0
AnteriorInfarction_009,III,1,AnteriorInfarction,-612,rS,1,0.0,0,640,1,243,500,,,,,,,,,,1,2,-2.0,,,,5,6,-2.0,29,30,-2.0,45,49,-8.0,60,92,-64.0,143,143,0.0,247,252,-10.0,-6.0,-8.0,54.0,-10.0
AnteriorInfarction_009,aVR,1,AnteriorInfarction,-612,QS,1,0.0,0,640,1,243,500,,,,,,,,,,1,2,-2.0,26,26,0.0,,,,,,,45,49,-8.0,71,64,14.0,142,142,0.0,248,251,-6.0,-6.0,-4.0,-20.0,-6.0
AnteriorInfarction_009,aVL,1,AnteriorInfarction,-612,R,1,0.0,0,640,1,243,500,,,,,,,,,,1,2,-2.0,,,,29,29,0.0,,,,45,49,-8.0,60,96,-72.0,167,167,0.0,246,248,-4.0,-6.0,-2.0,68.0,-4.0
AnteriorInfarction_009,aVF,1,AnteriorInfarction,-612,rS,1,0.0,0,640,1,243,500,,,,,,,,,,1,2,-2.0,,,,9,17,-16.0,30,30,0.0,45,49,-8.0,63,87,-48.0,143,143,0.0,246,243,6.0,-6.0,8.0,54.0,6.0
AnteriorInfarction_009,V2,1,AnteriorInfarction,-612,rS,1,0.0,0,640,1,243,500,,,,,,,,,,1,2,-2.0,,,,5,8,-6.0,22,22,0.0,44,49,-10.0,49,54,-10.0,140,140,0.0,246,250,-8.0,-8.0,-6.0,2.0,-8.0
AnteriorInfarction_009,V3,1,AnteriorInfarction,-612,rS,1,0.0,0,640,1,243,500,,,,,,,,,,1,2,-2.0,,,,8,8,0.0,21,22,-2.0,44,49,-10.0,57,56,2.0,138,138,0.0,245,222,46.0,-8.0,48.0,44.0,46.0
AnteriorInfarction_009,V4,1,AnteriorInfarction,-612,RS,1,0.0,0,640,1,243,500,,,,,,,,,,1,2,-2.0,,21,,8,28,-40.0,21,,,45,49,-8.0,62,64,-4.0,138,138,0.0,245,246,-2.0,-6.0,0.0,2.0,-2.0
AnteriorInfarction_009,V5,1,AnteriorInfarction,-612,R,1,0.0,0,640,1,243,500,,,,,,,,,,1,2,-2.0,,,,26,26,0.0,,,,45,49,-8.0,60,81,-42.0,144,145,-2.0,249,170,158.0,-6.0,160.0,200.0,160.0
AnteriorInfarction_009,V6,1,AnteriorInfarction,-612,Rs,1,0.0,0,640,1,243,500,,,,,,,,,,1,2,-2.0,,,,22,22,0.0,34,34,0.0,44,49,-10.0,62,70,-16.0,145,146,-2.0,248,237,22.0,-8.0,24.0,38.0,24.0
AnteriorInfarction_010,V2,1,AnteriorInfarction,-607,rS,1,0.0019,0,636,1,248,500,,,,,,,,,,2,2,0.0,,,,4,4,0.0,22,23,-2.0,51,46,10.0,52,48,8.0,153,153,0.0,248,292,-88.0,10.0,-88.0,-96.0,-88.0
AnteriorInfarction_010,I,1,AnteriorInfarction,-607,R,1,0.0002,0,636,1,248,500,,,,,,,,,,2,2,0.0,,,,10,30,-40.0,,,,50,46,8.0,57,93,-72.0,165,165,0.0,263,252,22.0,8.0,22.0,94.0,22.0
AnteriorInfarction_010,II,1,AnteriorInfarction,-607,R,1,0.0001,0,636,1,248,500,,,,,,,,,,2,2,0.0,,,,8,21,-26.0,,,,51,46,10.0,58,76,-36.0,143,143,0.0,255,271,-32.0,10.0,-32.0,4.0,-32.0
AnteriorInfarction_010,III,1,AnteriorInfarction,-607,rS,1,0.0003,0,636,1,248,500,,,,,,,,,,2,2,0.0,,,,6,19,-26.0,32,32,0.0,50,46,8.0,58,83,-50.0,148,148,0.0,256,251,10.0,8.0,10.0,60.0,10.0
AnteriorInfarction_010,aVR,1,AnteriorInfarction,-607,QS,1,0.0001,0,636,1,248,500,,,,,,,,,,2,2,0.0,28,29,-2.0,,,,,,,49,46,6.0,58,70,-24.0,141,141,0.0,268,253,30.0,6.0,30.0,54.0,30.0
AnteriorInfarction_010,aVL,1,AnteriorInfarction,-607,qRS,1,0.0002,0,636,1,248,500,,,,,,,,,,2,2,0.0,5,6,-2.0,10,32,-44.0,49,,,49,46,6.0,55,98,-86.0,154,155,-2.0,252,252,0.0,6.0,0.0,86.0,2.0
AnteriorInfarction_010,aVF,1,AnteriorInfarction,-607,RS,1,0.0,0,636,1,248,500,,,,,,,,,,2,2,0.0,,,,7,20,-26.0,33,33,0.0,50,46,8.0,59,72,-26.0,145,145,0.0,260,251,18.0,8.0,18.0,44.0,18.0
AnteriorInfarction_010,V3,1,AnteriorInfarction,-607,QR,1,0.0008,0,636,1,248,500,,,,,,,,,,2,2,0.0,20,21,-2.0,31,32,-2.0,,,,53,46,14.0,54,96,-84.0,141,141,0.0,244,277,-66.0,14.0,-66.0,18.0,-66.0
AnteriorInfarction_010,V4,1,AnteriorInfarction,-607,qR,1,0.0003,0,636,1,248,500,,,,,,,,,,2,2,0.0,11,11,0.0,28,29,-2.0,,,,50,46,8.0,59,53,12.0,142,142,0.0,267,262,10.0,8.0,10.0,-2.0,10.0
AnteriorInfarction_010,V6,1,AnteriorInfarction,-607,Rs,1,0.0002,0,636,1,248,500,,,,,,,,,,2,2,0.0,,,,20,20,0.0,27,28,-2.0,50,46,8.0,56,74,-36.0,144,144,0.0,279,273,12.0,8.0,12.0,48.0,12.0
AnteriorInfarction_010,V1,1,AnteriorInfarction,-607,rS,1,0.0008,0,636,1,248,500,,,,,,,,,,2,2,0.0,,,,4,4,0.0,21,22,-2.0,50,46,8.0,51,47,8.0,151,151,0.0,250,269,-38.0,8.0,-38.0,-46.0,-38.0
AnteriorInfarction_010,V5,1,AnteriorInfarction,-607,qR,1,0.0001,0,636,1,248,500,,,,,,,,,,2,2,0.0,7,7,0.0,24,24,0.0,,,,51,46,10.0,53,98,-90.0,148,148,0.0,287,251,72.0,10.0,72.0,162.0,72.0
AnteriorIschemia_001,V3,1,AnteriorIschemia,-613,qR,1,0.0011,0,638,1,242,500,,,,,,,,,,2,2,0.0,8,8,0.0,24,25,-2.0,,,,51,55,-8.0,52,72,-40.0,112,112,0.0,175,167,16.0,-8.0,16.0,56.0,16.0
AnteriorIschemia_001,I,1,AnteriorIschemia,-613,RS,1,0.0004,0,638,1,242,500,,,,,,,,,,2,2,0.0,,12,,7,23,-32.0,12,,,52,55,-6.0,53,55,-4.0,164,136,56.0,174,172,4.0,-6.0,4.0,8.0,-52.0
AnteriorIschemia_001,II,1,AnteriorIschemia,-613,R,1,0.0001,0,638,1,242,500,,,,,,,,,,2,2,0.0,,,,16,23,-14.0,,,,53,55,-4.0,55,64,-18.0,142,142,0.0,175,175,0.0,-4.0,0.0,18.0,0.0
AnteriorIschemia_001,III,1,AnteriorIschemia,-613,RS,1,0.0007,0,638,1,242,500,,,,,,,,,,2,2,0.0,,,,5,22,-34.0,54,62,-16.0,54,55,-2.0,55,86,-62.0,144,144,0.0,176,200,-48.0,-2.0,-48.0,14.0,-48.0
AnteriorIschemia_001,aVR,1,AnteriorIschemia,-613,QS,1,0.0002,0,638,1,242,500,,,,,,,,,,2,2,0.0,22,23,-2.0,,,,,,,52,55,-6.0,57,76,-38.0,141,141,0.0,177,172,10.0,-6.0,10.0,48.0,10.0
AnteriorIschemia_001,aVL,1,AnteriorIschemia,-613,qrS,1,0.0003,0,638,1,242,500,,,,,,,,,,2,2,0.0,4,14,-20.0,6,26,-40.0,14,34,-40.0,51,55,-8.0,52,98,-92.0,146,147,-2.0,175,178,-6.0,-8.0,-6.0,86.0,-4.0
AnteriorIschemia_001,aVF,1,AnteriorIschemia,-613,R,1,0.0003,0,638,1,242,500,,,,,,,,,,2,2,0.0,,,,16,22,-12.0,,,,53,55,-4.0,58,68,-20.0,143,143,0.0,175,171,8.0,-4.0,8.0,28.0,8.0
AnteriorIschemia_001,V1,1,AnteriorIschemia,-613,rS,1,0.0007,0,638,1,242,500,,,,,,,,,,2,2,0.0,,,,7,7,0.0,20,19,2.0,49,55,-12.0,50,55,-10.0,135,135,0.0,175,171,8.0,-12.0,8.0,18.0,8.0
AnteriorIschemia_001,V2,1,AnteriorIschemia,-613,rS,1,0.0009,0,638,1,242,500,,,,,,,,,,2,2,0.0,,19,,4,,,19,,,49,55,-12.0,50,55,-10.0,129,129,0.0,175,168,14.0,-12.0,14.0,24.0,14.0
AnteriorIschemia_001,V4,1,AnteriorIschemia,-613,qR,1,0.0008,0,638,1,242,500,,,,,,,,,,2,2,0.0,7,8,-2.0,23,23,0.0,,,,53,55,-4.0,55,63,-16.0,128,129,-2.0,174,168,12.0,-4.0,12.0,28.0,14.0
AnteriorIschemia_001,V5,1,AnteriorIschemia,-613,R,1,0.0002,0,638,1,242,500,,,,,,,,,,2,2,0.0,,7,,22,22,0.0,,,,53,55,-4.0,54,87,-66.0,145,146,-2.0,177,172,10.0,-4.0,10.0,76.0,12.0
AnteriorIschemia_001,V6,1,AnteriorIschemia,-613,R,1,0.0001,0,638,1,242,500,,,,,,,,,,2,2,0.0,,,,21,22,-2.0,,,,53,55,-4.0,55,109,-108.0,146,147,-2.0,176,190,-28.0,-4.0,-28.0,80.0,-26.0
AnteriorIschemia_002,aVR,1,AnteriorIschemia,-604,QS,1,0.0,0,637,1,251,500,,,,,,,,,,2,2,0.0,32,32,0.0,,,,,,,52,55,-6.0,69,68,2.0,144,144,0.0,189,194,-10.0,-6.0,-10.0,-12.0,-10.0
AnteriorIschemia_002,I,1,AnteriorIschemia,-604,R,1,0.0,0,637,1,251,500,,,,,,,,,,2,2,0.0,,,,8,33,-50.0,,,,52,55,-6.0,67,60,14.0,186,132,108.0,186,182,8.0,-6.0,8.0,-6.0,-100.0
AnteriorIschemia_002,II,1,AnteriorIschemia,-604,R,1,0.0,0,637,1,251,500,,,,,,,,,,2,2,0.0,,,,11,32,-42.0,,70,,51,55,-8.0,68,97,-58.0,146,146,0.0,186,199,-26.0,-8.0,-26.0,32.0,-26.0
AnteriorIschemia_002,III,1,AnteriorIschemia,-604,Rs,1,0.0,0,637,1,251,500,,,,,,,,,,2,2,0.0,,,,11,12,-2.0,52,74,-44.0,52,55,-6.0,67,120,-106.0,148,148,0.0,187,199,-24.0,-6.0,-24.0,82.0,-24.0
AnteriorIschemia_002,aVL,1,AnteriorIschemia,-604,QR,1,0.0,0,637,1,251,500,,,,,,,,,,2,2,0.0,12,12,0.0,34,35,-2.0,,,,51,55,-8.0,62,72,-20.0,151,100,102.0,185,186,-2.0,-8.0,-2.0,18.0,-104.0
AnteriorIschemia_002,aVF,1,AnteriorIschemia,-604,Rs,1,0.0,0,637,1,251,500,,,,,,,,,,2,2,0.0,,,,11,12,-2.0,52,72,-40.0,52,55,-6.0,71,109,-76.0,147,147,0.0,187,183,8.0,-6.0,8.0,84.0,8.0
AnteriorIschemia_002,V1,1,AnteriorIschemia,-604,rS,1,0.0,0,637,1,251,500,,,,,,,,,,2,2,0.0,,,,7,12,-10.0,32,32,0.0,52,55,-6.0,60,55,10.0,177,105,144.0,189,174,30.0,-6.0,30.0,20.0,-114.0
AnteriorIschemia_002,V2,1,AnteriorIschemia,-604,RS,1,0.0,0,637,1,251,500,,,,,,,,,,2,2,0.0,,,,11,12,-2.0,31,31,0.0,52,55,-6.0,62,55,14.0,192,126,132.0,192,178,28.0,-6.0,28.0,14.0,-104.0
AnteriorIschemia_002,V3,1,AnteriorIschemia,-604,RS,1,0.0,0,637,1,251,500,,,,,,,,,,2,2,0.0,,31,,12,42,-60.0,31,,,52,55,-6.0,70,64,12.0,195,109,172.0,195,179,32.0,-6.0,32.0,20.0,-140.0
AnteriorIschemia_002,V4,1,AnteriorIschemia,-604,R,1,0.0,0,637,1,251,500,,,,,,,,,,2,2,0.0,,,,16,41,-50.0,,,,52,55,-6.0,71,79,-16.0,164,109,110.0,189,187,4.0,-6.0,4.0,20.0,-106.0
AnteriorIschemia_002,V5,1,AnteriorIschemia,-604,qR,1,0.0,0,637,1,251,500,,,,,,,,,,2,2,0.0,9,9,0.0,31,31,0.0,,,,52,55,-6.0,68,101,-66.0,156,156,0.0,190,180,20.0,-6.0,20.0,86.0,20.0
AnteriorIschemia_002,V6,1,AnteriorIschemia,-604,qR,1,0.0,0,637,1,251,500,,,,,,,,,,2,2,0.0,8,8,0.0,26,26,0.0,,79,,52,55,-6.0,69,113,-88.0,153,153,0.0,188,182,12.0,-6.0,12.0,100.0,12.0
AnteriorIschemia_003,I,1,AnteriorIschemia,-607,R,1,0.0,0,627,1,248,500,,,,,,,,,,2,2,0.0,,,,8,25,-34.0,,,,60,42,36.0,62,88,-52.0,143,143,0.0,175,171,8.0,36.0,8.0,60.0,8.0
AnteriorIschemia_003,III,1,AnteriorIschemia,-607,RS,1,0.0,0,627,1,248,500,,,,,,,,,,2,2,0.0,,,,10,19,-18.0,31,31,0.0,61,42,38.0,62,97,-70.0,143,144,-2.0,175,184,-18.0,38.0,-18.0,52.0,-16.0
AnteriorIschemia_003,aVR,1,AnteriorIschemia,-607,QS,1,0.0,0,627,1,248,500,,,,,,,,,,2,2,0.0,25,25,0.0,,,,,,,60,42,36.0,65,72,-14.0,143,143,0.0,177,181,-8.0,36.0,-8.0,6.0,-8.0
AnteriorIschemia_003,aVL,1,AnteriorIschemia,-607,qR,1,0.0,0,627,1,248,500,,,,,,,,,,2,2,0.0,10,10,0.0,31,31,0.0,,,,60,42,36.0,61,72,-22.0,143,144,-2.0,175,178,-6.0,36.0,-6.0,16.0,-4.0
AnteriorIschemia_003,aVF,1,AnteriorIschemia,-607,Rs,1,0.0,0,627,1,248,500,,,,,,,,,,2,2,0.0,,,,10,22,-24.0,31,32,-2.0,60,42,36.0,65,93,-56.0,143,144,-2.0,176,181,-10.0,36.0,-10.0,46.0,-8.0
AnteriorIschemia_003,V1,1,AnteriorIschemia,-607,Qr,1,0.0,0,627,1,248,500,,,,,,,,,,2,2,0.0,18,19,-2.0,34,34,0.0,,,,58,42,32.0,59,76,-34.0,115,115,0.0,175,170,10.0,32.0,10.0,44.0,10.0
AnteriorIschemia_003,V2,1,AnteriorIschemia,-607,QR,1,0.0001,0,627,1,248,500,,,,,,,,,,2,2,0.0,14,14,0.0,31,31,0.0,,,,58,42,32.0,59,87,-56.0,115,115,0.0,176,175,2.0,32.0,2.0,58.0,2.0
AnteriorIschemia_003,V3,1,AnteriorIschemia,-607,qR,1,0.0002,0,627,1,248,500,,,,,,,,,,2,2,0.0,9,9,0.0,28,28,0.0,,,,61,42,38.0,62,72,-20.0,112,112,0.0,176,174,4.0,38.0,4.0,24.0,4.0
AnteriorIschemia_003,V4,1,AnteriorIschemia,-607,qR,1,0.0001,0,627,1,248,500,,,,,,,,,,2,2,0.0,8,9,-2.0,27,27,0.0,,,,59,42,34.0,64,80,-32.0,114,114,0.0,175,175,0.0,34.0,0.0,32.0,0.0
AnteriorIschemia_003,V5,1,AnteriorIschemia,-607,qR,1,0.0,0,627,1,248,500,,,,,,,,,,2,2,0.0,6,6,0.0,25,24,2.0,,,,61,42,38.0,63,119,-112.0,152,153,-2.0,176,176,0.0,38.0,0.0,112.0,2.0
AnteriorIschemia_003,V6,1,AnteriorIschemia,-607,Rs,1,0.0,0,627,1,248,500,,,,,,,,,,2,2,0.0,,5,,20,24,-8.0,31,32,-2.0,61,42,38.0,63,72,-18.0,150,150,0.0,176,176,0.0,38.0,0.0,18.0,0.0
AnteriorIschemia_003,II,1,AnteriorIschemia,-607,Rs,1,0.0,0,627,1,248,500,,,,,,,,,,2,2,0.0,,,,10,22,-24.0,61,65,-8.0,61,42,38.0,63,71,-16.0,143,143,0.0,176,225,-98.0,38.0,-98.0,-82.0,-98.0
AnteriorIschemia_004,I,1,AnteriorIschemia,-605,R,1,0.0,0,637,1,250,500,,,,,,,,,,2,2,0.0,,,,8,29,-42.0,,,,43,57,-28.0,59,57,4.0,136,137,-2.0,180,172,16.0,-28.0,16.0,12.0,18.0
AnteriorIschemia_004,II,1,AnteriorIschemia,-605,R,1,0.0,0,637,1,250,500,,,,,,,,,,2,2,0.0,,,,19,27,-16.0,,,,43,57,-28.0,61,64,-6.0,143,143,0.0,182,181,2.0,-28.0,2.0,8.0,2.0
AnteriorIschemia_004,III,1,AnteriorIschemia,-605,RS,1,0.0001,0,637,1,250,500,,,,,,,,,,2,2,0.0,,,,5,18,-26.0,59,70,-22.0,59,57,4.0,60,117,-114.0,149,149,0.0,182,202,-40.0,4.0,-40.0,74.0,-40.0
AnteriorIschemia_004,aVR,1,AnteriorIschemia,-605,QS,1,0.0,0,637,1,250,500,,,,,,,,,,2,2,0.0,29,27,4.0,,,,,,,43,57,-28.0,61,64,-6.0,141,141,0.0,182,172,20.0,-28.0,20.0,26.0,20.0
AnteriorIschemia_004,aVL,1,AnteriorIschemia,-605,qRS,1,0.0001,0,637,1,250,500,,,,,,,,,,2,2,0.0,5,17,-24.0,8,30,-44.0,17,,,56,57,-2.0,57,57,0.0,156,104,104.0,180,181,-2.0,-2.0,-2.0,-2.0,-106.0
AnteriorIschemia_004,aVF,1,AnteriorIschemia,-605,Rs,1,0.0,0,637,1,250,500,,,,,,,,,,2,2,0.0,,,,6,19,-26.0,61,70,-18.0,61,57,8.0,62,98,-72.0,145,146,-2.0,181,178,6.0,8.0,6.0,78.0,8.0
AnteriorIschemia_004,V1,1,AnteriorIschemia,-605,rS,1,0.0001,0,637,1,250,500,,,,,,,,,,2,2,0.0,,,,5,6,-2.0,22,22,0.0,43,57,-28.0,44,58,-28.0,121,121,0.0,180,189,-18.0,-28.0,-18.0,10.0,-18.0
AnteriorIschemia_004,V2,1,AnteriorIschemia,-605,rS,1,0.0001,0,637,1,250,500,,,,,,,,,,2,2,0.0,,,,5,12,-14.0,25,25,0.0,52,57,-10.0,53,64,-22.0,102,102,0.0,181,176,10.0,-10.0,10.0,32.0,10.0
AnteriorIschemia_004,V3,1,AnteriorIschemia,-605,QR,1,0.0001,0,637,1,250,500,,,,,,,,,,2,2,0.0,9,10,-2.0,20,31,-22.0,,,,59,57,4.0,60,64,-8.0,151,101,100.0,179,182,-6.0,4.0,-6.0,2.0,-106.0
AnteriorIschemia_004,V4,1,AnteriorIschemia,-605,R,1,0.0,0,637,1,250,500,,,,,,,,,,2,2,0.0,,9,,30,30,0.0,,,,61,57,8.0,62,57,10.0,180,144,72.0,180,176,8.0,8.0,8.0,-2.0,-64.0
AnteriorIschemia_004,V5,1,AnteriorIschemia,-605,R,1,0.0,0,637,1,250,500,,,,,,,,,,2,2,0.0,,7,,26,26,0.0,,,,60,57,6.0,61,94,-66.0,147,147,0.0,182,175,14.0,6.0,14.0,80.0,14.0
AnteriorIschemia_004,V6,1,AnteriorIschemia,-605,Rs,1,0.0,0,637,1,250,500,,,,,,,,,,2,2,0.0,,4,,20,20,0.0,30,31,-2.0,43,57,-28.0,60,98,-76.0,145,145,0.0,181,175,12.0,-28.0,12.0,88.0,12.0
AnteriorIschemia_005,aVR,1,AnteriorIschemia,-608,QS,1,0.0016,0,643,1,247,500,,,,,,,,,,3,4,-2.0,23,24,-2.0,,,,,,,45,51,-12.0,63,51,24.0,141,141,0.0,184,176,16.0,-10.0,18.0,-8.0,16.0
AnteriorIschemia_005,I,1,AnteriorIschemia,-608,R,1,0.0035,0,643,1,247,500,,,,,,,,,,3,4,-2.0,,,,9,24,-30.0,,,,45,51,-12.0,57,51,12.0,136,136,0.0,180,169,22.0,-10.0,24.0,10.0,22.0
AnteriorIschemia_005,II,1,AnteriorIschemia,-608,R,1,0.001,0,643,1,247,500,,,,,,,,,,3,4,-2.0,,,,16,24,-16.0,,,,45,51,-12.0,65,70,-10.0,143,143,0.0,185,177,16.0,-10.0,18.0,26.0,16.0
AnteriorIschemia_005,III,1,AnteriorIschemia,-608,Rs,1,0.004,0,643,1,247,500,,,,,,,,,,3,4,-2.0,,,,6,23,-34.0,47,67,-40.0,47,51,-8.0,59,102,-86.0,147,147,0.0,206,175,62.0,-6.0,64.0,148.0,62.0
AnteriorIschemia_005,aVL,1,AnteriorIschemia,-608,qrS,1,0.0025,0,643,1,247,500,,,,,,,,,,3,4,-2.0,5,6,-2.0,8,8,0.0,17,17,0.0,46,51,-10.0,54,51,6.0,152,152,0.0,184,174,20.0,-8.0,22.0,14.0,20.0
AnteriorIschemia_005,aVF,1,AnteriorIschemia,-608,R,1,0.0018,0,643,1,247,500,,,,,,,,,,3,4,-2.0,,,,16,23,-14.0,,,,46,51,-10.0,65,68,-6.0,145,145,0.0,183,176,14.0,-8.0,16.0,20.0,14.0
AnteriorIschemia_005,V1,1,AnteriorIschemia,-608,Qr,1,0.0045,0,643,1,247,500,,,,,,,,,,3,4,-2.0,22,22,0.0,33,33,0.0,,,,46,51,-10.0,51,58,-14.0,103,104,-2.0,182,167,30.0,-8.0,32.0,44.0,32.0
AnteriorIschemia_005,V2,1,AnteriorIschemia,-608,QR,1,0.0054,0,643,1,247,500,,,,,,,,,,3,4,-2.0,21,21,0.0,31,32,-2.0,,,,46,51,-10.0,52,51,2.0,102,103,-2.0,190,176,28.0,-8.0,30.0,26.0,30.0
AnteriorIschemia_005,V3,1,AnteriorIschemia,-608,QR,1,0.0068,0,643,1,247,500,,,,,,,,,,3,4,-2.0,8,8,0.0,16,27,-22.0,,,,45,51,-12.0,57,57,0.0,194,103,182.0,194,173,42.0,-10.0,44.0,42.0,-140.0
AnteriorIschemia_005,V5,1,AnteriorIschemia,-608,R,1,0.004,0,643,1,247,500,,,,,,,,,,3,4,-2.0,,7,,24,24,0.0,,,,45,51,-12.0,61,51,20.0,146,146,0.0,191,175,32.0,-10.0,34.0,12.0,32.0
AnteriorIschemia_005,V6,1,AnteriorIschemia,-608,R,1,0.0015,0,643,1,247,500,,,,,,,,,,2,4,-4.0,,,,22,22,0.0,,33,,45,51,-12.0,63,100,-74.0,145,145,0.0,191,174,34.0,-8.0,38.0,108.0,34.0
AnteriorIschemia_005,V4,1,AnteriorIschemia,-608,qR,1,0.0054,0,643,1,247,500,,,,,,,,,,3,4,-2.0,8,8,0.0,27,28,-2.0,,,,45,51,-12.0,65,58,14.0,186,105,162.0,186,181,10.0,-10.0,12.0,-4.0,-152.0
AnteriorIschemia_006,aVR,1,AnteriorIschemia,-612,QS,1,0.0001,0,628,1,243,500,,,,,,,,,,2,2,0.0,24,24,0.0,,,,,,,46,59,-26.0,56,64,-16.0,139,139,0.0,176,175,2.0,-26.0,2.0,18.0,2.0
AnteriorIschemia_006,I,1,AnteriorIschemia,-612,R,1,0.0003,0,628,1,243,500,,,,,,,,,,2,2,0.0,,,,8,24,-32.0,,,,48,59,-22.0,54,59,-10.0,135,135,0.0,173,167,12.0,-22.0,12.0,22.0,12.0
AnteriorIschemia_006,II,1,AnteriorIschemia,-612,R,1,0.0001,0,628,1,243,500,,,,,,,,,,2,2,0.0,,,,10,25,-30.0,,,,47,59,-24.0,55,68,-26.0,141,141,0.0,174,176,-4.0,-24.0,-4.0,22.0,-4.0
AnteriorIschemia_006,III,1,AnteriorIschemia,-612,Rs,1,0.0003,0,628,1,243,500,,,,,,,,,,2,2,0.0,,,,10,10,0.0,21,68,-94.0,48,59,-22.0,55,111,-112.0,144,144,0.0,174,202,-56.0,-22.0,-56.0,56.0,-56.0
AnteriorIschemia_006,aVL,1,AnteriorIschemia,-612,qRs,1,0.0002,0,628,1,243,500,,,,,,,,,,2,2,0.0,10,10,0.0,23,23,0.0,34,33,2.0,48,59,-22.0,49,59,-20.0,103,103,0.0,173,200,-54.0,-22.0,-54.0,-34.0,-54.0
AnteriorIschemia_006,aVF,1,AnteriorIschemia,-612,R,1,0.0002,0,628,1,243,500,,,,,,,,,,2,2,0.0,,,,10,25,-30.0,,67,,49,59,-20.0,56,91,-70.0,142,142,0.0,174,182,-16.0,-20.0,-16.0,54.0,-16.0
AnteriorIschemia_006,V1,1,AnteriorIschemia,-612,rS,1,0.0004,0,628,1,243,500,,,,,,,,,,2,2,0.0,,,,9,9,0.0,23,23,0.0,48,59,-22.0,49,60,-22.0,124,125,-2.0,174,168,12.0,-22.0,12.0,34.0,14.0
AnteriorIschemia_006,V2,1,AnteriorIschemia,-612,rS,1,0.0005,0,628,1,243,500,,,,,,,,,,2,2,0.0,,,,10,10,0.0,22,22,0.0,48,59,-22.0,49,64,-30.0,132,132,0.0,173,171,4.0,-22.0,4.0,34.0,4.0
AnteriorIschemia_006,V3,1,AnteriorIschemia,-612,RS,1,0.0007,0,628,1,243,500,,,,,,,,,,2,2,0.0,,20,,11,30,-38.0,20,,,49,59,-20.0,54,59,-10.0,112,113,-2.0,173,168,10.0,-20.0,10.0,20.0,12.0
AnteriorIschemia_006,V4,1,AnteriorIschemia,-612,RS,1,0.0005,0,628,1,243,500,,,,,,,,,,2,2,0.0,,19,,11,28,-34.0,19,,,48,59,-22.0,56,64,-16.0,112,112,0.0,172,176,-8.0,-22.0,-8.0,8.0,-8.0
AnteriorIschemia_006,V5,1,AnteriorIschemia,-612,R,1,0.0002,0,628,1,243,500,,,,,,,,,,2,2,0.0,,6,,25,25,0.0,,,,50,59,-18.0,52,79,-54.0,117,117,0.0,175,172,6.0,-18.0,6.0,60.0,6.0
AnteriorIschemia_006,V6,1,AnteriorIschemia,-612,R,1,0.0001,0,628,1,243,500,,,,,,,,,,2,2,0.0,,5,,22,22,0.0,,,,50,59,-18.0,52,111,-118.0,147,148,-2.0,175,177,-4.0,-18.0,-4.0,114.0,-2.0
AnteriorIschemia_007,V2,1,AnteriorIschemia,-610,qR,1,0.0,0,638,1,245,500,,,,,,,,,,2,3,-2.0,9,9,0.0,26,26,0.0,,,,50,54,-8.0,51,62,-22.0,174,108,132.0,174,168,12.0,-6.0,14.0,34.0,-120.0
AnteriorIschemia_007,I,1,AnteriorIschemia,-610,rS,1,0.0,0,638,1,245,500,,,,,,,,,,2,3,-2.0,,11,,7,23,-32.0,11,,,52,54,-4.0,57,62,-10.0,173,144,58.0,173,168,10.0,-2.0,12.0,20.0,-48.0
AnteriorIschemia_007,II,1,AnteriorIschemia,-610,R,1,0.0,0,638,1,245,500,,,,,,,,,,2,3,-2.0,,,,20,21,-2.0,,,,50,54,-8.0,60,96,-72.0,142,143,-2.0,175,173,4.0,-6.0,6.0,76.0,6.0
AnteriorIschemia_007,III,1,AnteriorIschemia,-610,Rs,1,0.0,0,638,1,245,500,,,,,,,,,,2,3,-2.0,,,,12,14,-4.0,51,66,-30.0,51,54,-6.0,57,105,-96.0,142,142,0.0,175,175,0.0,-4.0,2.0,96.0,0.0
AnteriorIschemia_007,aVR,1,AnteriorIschemia,-610,QS,1,0.0,0,638,1,245,500,,,,,,,,,,2,3,-2.0,22,23,-2.0,,,,,,,51,54,-6.0,60,83,-46.0,142,143,-2.0,175,172,6.0,-4.0,8.0,52.0,8.0
AnteriorIschemia_007,aVL,1,AnteriorIschemia,-610,QR,1,0.0,0,638,1,245,500,,,,,,,,,,2,3,-2.0,11,11,0.0,22,23,-2.0,,,,51,54,-6.0,53,112,-118.0,142,142,0.0,174,172,4.0,-4.0,6.0,122.0,4.0
AnteriorIschemia_007,aVF,1,AnteriorIschemia,-610,R,1,0.0,0,638,1,245,500,,,,,,,,,,2,3,-2.0,,,,17,17,0.0,,70,,51,54,-6.0,61,99,-76.0,142,142,0.0,174,177,-6.0,-4.0,-4.0,70.0,-6.0
AnteriorIschemia_007,V1,1,AnteriorIschemia,-610,rS,1,0.0,0,638,1,245,500,,,,,,,,,,2,3,-2.0,,20,,4,31,-54.0,20,,,50,54,-8.0,51,55,-8.0,111,111,0.0,175,175,0.0,-6.0,2.0,8.0,0.0
AnteriorIschemia_007,V3,1,AnteriorIschemia,-610,qR,1,0.0,0,638,1,245,500,,,,,,,,,,2,3,-2.0,9,9,0.0,26,26,0.0,,,,49,54,-10.0,56,71,-30.0,174,109,130.0,174,168,12.0,-8.0,14.0,42.0,-118.0
AnteriorIschemia_007,V4,1,AnteriorIschemia,-610,qR,1,0.0,0,638,1,245,500,,,,,,,,,,2,3,-2.0,8,9,-2.0,24,24,0.0,,,,50,54,-8.0,59,75,-32.0,174,112,124.0,174,168,12.0,-6.0,14.0,44.0,-112.0
AnteriorIschemia_007,V5,1,AnteriorIschemia,-610,qR,1,0.0,0,638,1,245,500,,,,,,,,,,2,3,-2.0,6,7,-2.0,21,21,0.0,,,,50,54,-8.0,60,101,-82.0,146,146,0.0,176,172,8.0,-6.0,10.0,90.0,8.0
AnteriorIschemia_007,V6,1,AnteriorIschemia,-610,R,1,0.0,0,638,1,245,500,,,,,,,,,,2,3,-2.0,,6,,21,21,0.0,,93,,51,54,-6.0,60,115,-110.0,146,147,-2.0,177,171,12.0,-4.0,14.0,122.0,14.0
AnteriorIschemia_008,aVR,1,AnteriorIschemia,-610,QS,1,0.0001,0,636,1,245,500,,,,,,,,,,2,2,0.0,24,25,-2.0,,,,,,,55,58,-6.0,60,64,-8.0,140,140,0.0,181,172,18.0,-6.0,18.0,26.0,18.0
AnteriorIschemia_008,II,1,AnteriorIschemia,-610,R,1,0.0001,0,636,1,245,500,,,,,,,,,,2,2,0.0,,,,24,24,0.0,,,,57,58,-2.0,59,64,-10.0,144,144,0.0,178,175,6.0,-2.0,6.0,16.0,6.0
AnteriorIschemia_008,III,1,AnteriorIschemia,-610,RS,1,0.0005,0,636,1,245,500,,,,,,,,,,2,2,0.0,,,,18,18,0.0,29,28,2.0,57,58,-2.0,59,101,-84.0,149,150,-2.0,177,176,2.0,-2.0,2.0,86.0,4.0
AnteriorIschemia_008,I,1,AnteriorIschemia,-610,R,1,0.0002,0,636,1,245,500,,,,,,,,,,2,2,0.0,,,,25,25,0.0,,,,55,58,-6.0,57,62,-10.0,132,132,0.0,177,170,14.0,-6.0,14.0,24.0,14.0
AnteriorIschemia_008,aVL,1,AnteriorIschemia,-610,qR,1,0.0002,0,636,1,245,500,,,,,,,,,,2,2,0.0,17,17,0.0,27,27,0.0,,,,55,58,-6.0,56,66,-20.0,155,104,102.0,175,173,4.0,-6.0,4.0,24.0,-98.0
AnteriorIschemia_008,aVF,1,AnteriorIschemia,-610,Rs,1,0.0001,0,636,1,245,500,,,,,,,,,,2,2,0.0,,,,19,24,-10.0,58,,,58,58,0.0,60,102,-84.0,146,147,-2.0,177,178,-2.0,0.0,-2.0,82.0,0.0
AnteriorIschemia_008,V1,1,AnteriorIschemia,-610,rS,1,0.0004,0,636,1,245,500,,,,,,,,,,2,2,0.0,,,,7,8,-2.0,23,24,-2.0,53,58,-10.0,54,59,-10.0,135,136,-2.0,177,178,-2.0,-10.0,-2.0,8.0,0.0
AnteriorIschemia_008,V2,1,AnteriorIschemia,-610,rS,1,0.001,0,636,1,245,500,,,,,,,,,,2,2,0.0,,,,6,7,-2.0,23,24,-2.0,52,58,-12.0,53,60,-14.0,129,129,0.0,176,181,-10.0,-12.0,-10.0,4.0,-10.0
AnteriorIschemia_008,V3,1,AnteriorIschemia,-610,qR,1,0.0011,0,636,1,245,500,,,,,,,,,,2,2,0.0,13,12,2.0,26,26,0.0,,,,56,58,-4.0,57,66,-18.0,109,109,0.0,177,176,2.0,-4.0,2.0,20.0,2.0
AnteriorIschemia_008,V4,1,AnteriorIschemia,-610,qR,1,0.0007,0,636,1,245,500,,,,,,,,,,2,2,0.0,10,10,0.0,25,25,0.0,,,,57,58,-2.0,59,66,-14.0,110,111,-2.0,176,180,-8.0,-2.0,-8.0,6.0,-6.0
AnteriorIschemia_008,V5,1,AnteriorIschemia,-610,qR,1,0.0001,0,636,1,245,500,,,,,,,,,,2,2,0.0,7,8,-2.0,24,25,-2.0,,,,57,58,-2.0,58,66,-16.0,146,146,0.0,179,176,6.0,-2.0,6.0,22.0,6.0
AnteriorIschemia_008,V6,1,AnteriorIschemia,-610,qR,1,0.0,0,636,1,245,500,,,,,,,,,,2,2,0.0,7,7,0.0,23,23,0.0,,,,57,58,-2.0,58,91,-66.0,147,147,0.0,178,171,14.0,-2.0,14.0,80.0,14.0
AnteriorIschemia_009,V3,1,AnteriorIschemia,-612,rS,1,0.0002,0,639,1,243,500,,,,,,,,,,1,2,-2.0,,21,,5,31,-52.0,21,,,51,55,-8.0,56,59,-6.0,112,112,0.0,176,169,14.0,-6.0,16.0,20.0,14.0
AnteriorIschemia_009,I,1,AnteriorIschemia,-612,R,1,0.0001,0,639,1,243,500,,,,,,,,,,1,2,-2.0,,,,25,26,-2.0,,,,49,55,-12.0,57,55,4.0,128,129,-2.0,174,169,10.0,-10.0,12.0,6.0,12.0
AnteriorIschemia_009,II,1,AnteriorIschemia,-612,R,1,0.0,0,639,1,243,500,,,,,,,,,,1,2,-2.0,,,,25,25,0.0,,,,49,55,-12.0,60,75,-30.0,143,143,0.0,175,169,12.0,-10.0,14.0,42.0,12.0
AnteriorIschemia_009,III,1,AnteriorIschemia,-612,rS,1,0.0003,0,639,1,243,500,,,,,,,,,,1,2,-2.0,,,,5,6,-2.0,27,27,0.0,50,55,-10.0,59,64,-10.0,147,103,88.0,176,169,14.0,-8.0,16.0,24.0,-74.0
AnteriorIschemia_009,aVR,1,AnteriorIschemia,-612,QS,1,0.0,0,639,1,243,500,,,,,,,,,,1,2,-2.0,25,25,0.0,,,,,,,49,55,-12.0,59,64,-10.0,141,141,0.0,178,169,18.0,-10.0,20.0,28.0,18.0
AnteriorIschemia_009,aVL,1,AnteriorIschemia,-612,R,1,0.0001,0,639,1,243,500,,,,,,,,,,1,2,-2.0,,6,,12,27,-30.0,,,,50,55,-10.0,52,55,-6.0,174,110,128.0,174,169,10.0,-8.0,12.0,16.0,-118.0
AnteriorIschemia_009,V4,1,AnteriorIschemia,-612,RS,1,0.0001,0,639,1,243,500,,,,,,,,,,1,2,-2.0,,20,,8,27,-38.0,20,,,49,55,-12.0,61,64,-6.0,129,130,-2.0,176,175,2.0,-10.0,4.0,8.0,4.0
AnteriorIschemia_009,V5,1,AnteriorIschemia,-612,R,1,0.0,0,639,1,243,500,,,,,,,,,,1,2,-2.0,,,,26,26,0.0,,,,49,55,-12.0,59,70,-22.0,144,144,0.0,179,169,20.0,-10.0,22.0,42.0,20.0
AnteriorIschemia_009,V6,1,AnteriorIschemia,-612,R,1,0.0,0,639,1,243,500,,,,,,,,,,1,2,-2.0,,,,22,22,0.0,,,,49,55,-12.0,59,93,-68.0,146,147,-2.0,177,169,16.0,-10.0,18.0,84.0,18.0
AnteriorIschemia_009,aVF,1,AnteriorIschemia,-612,RS,1,0.0001,0,639,1,243,500,,,,,,,,,,1,2,-2.0,,,,10,18,-16.0,28,29,-2.0,51,55,-8.0,61,64,-6.0,145,145,0.0,175,169,12.0,-6.0,14.0,18.0,12.0
AnteriorIschemia_009,V1,1,AnteriorIschemia,-612,rS,1,0.0002,0,639,1,243,500,,,,,,,,,,1,2,-2.0,,23,,4,,,23,,,49,55,-12.0,50,64,-28.0,97,98,-2.0,176,169,14.0,-10.0,16.0,42.0,16.0
AnteriorIschemia_009,V2,1,AnteriorIschemia,-612,rS,1,0.0002,0,639,1,243,500,,,,,,,,,,1,2,-2.0,,,,5,5,0.0,21,22,-2.0,49,55,-12.0,50,64,-28.0,110,110,0.0,176,169,14.0,-10.0,16.0,42.0,14.0
AnteriorIschemia_010,aVR,1,AnteriorIschemia,-607,QS,1,0.0,0,637,1,248,500,,,,,,,,,,2,2,0.0,27,27,0.0,,,,,,,62,38,48.0,67,64,6.0,141,141,0.0,182,174,16.0,48.0,16.0,10.0,16.0
AnteriorIschemia_010,I,1,AnteriorIschemia,-607,R,1,0.0001,0,637,1,248,500,,,,,,,,,,2,2,0.0,,,,9,30,-42.0,,,,62,38,48.0,63,53,20.0,134,134,0.0,181,174,14.0,48.0,14.0,-6.0,14.0
AnteriorIschemia_010,II,1,AnteriorIschemia,-607,R,1,0.0,0,637,1,248,500,,,,,,,,,,2,2,0.0,,,,8,27,-38.0,,,,63,38,50.0,65,70,-10.0,144,145,-2.0,181,174,14.0,50.0,14.0,24.0,16.0
AnteriorIschemia_010,III,1,AnteriorIschemia,-607,RS,1,0.0002,0,637,1,248,500,,,,,,,,,,2,2,0.0,,,,6,27,-42.0,63,34,58.0,63,38,50.0,64,98,-68.0,150,150,0.0,182,174,16.0,50.0,16.0,84.0,16.0
AnteriorIschemia_010,aVL,1,AnteriorIschemia,-607,qRS,1,0.0,0,637,1,248,500,,,,,,,,,,2,2,0.0,5,18,-26.0,10,31,-42.0,18,,,61,38,46.0,62,82,-40.0,155,104,102.0,181,174,14.0,46.0,14.0,54.0,-88.0
AnteriorIschemia_010,aVF,1,AnteriorIschemia,-607,RS,1,0.0,0,637,1,248,500,,,,,,,,,,2,2,0.0,,,,7,27,-40.0,62,,,62,38,48.0,67,68,-2.0,147,147,0.0,180,182,-4.0,48.0,-4.0,-2.0,-4.0
AnteriorIschemia_010,V1,1,AnteriorIschemia,-607,rS,1,0.0,0,637,1,248,500,,,,,,,,,,2,2,0.0,,21,,4,,,21,,,58,38,40.0,59,49,20.0,146,146,0.0,180,174,12.0,40.0,12.0,-8.0,12.0
AnteriorIschemia_010,V2,1,AnteriorIschemia,-607,Qr,1,0.0001,0,637,1,248,500,,,,,,,,,,2,2,0.0,21,21,0.0,57,,,,,,57,38,38.0,58,64,-12.0,109,110,-2.0,181,174,14.0,38.0,14.0,26.0,16.0
AnteriorIschemia_010,V3,1,AnteriorIschemia,-607,QR,1,0.0001,0,637,1,248,500,,,,,,,,,,2,2,0.0,18,19,-2.0,30,31,-2.0,,,,62,38,48.0,63,64,-2.0,107,107,0.0,182,174,16.0,48.0,16.0,18.0,16.0
AnteriorIschemia_010,V6,1,AnteriorIschemia,-607,Rs,1,0.0,0,637,1,248,500,,,,,,,,,,2,2,0.0,,,,20,20,0.0,29,29,0.0,63,38,50.0,65,95,-60.0,145,145,0.0,180,174,12.0,50.0,12.0,72.0,12.0
AnteriorIschemia_010,V4,1,AnteriorIschemia,-607,qR,1,0.0,0,637,1,248,500,,,,,,,,,,2,2,0.0,10,11,-2.0,29,29,0.0,,,,62,38,48.0,68,64,8.0,145,145,0.0,180,174,12.0,48.0,12.0,4.0,12.0
AnteriorIschemia_010,V5,1,AnteriorIschemia,-607,qR,1,0.0,0,637,1,248,500,,,,,,,,,,2,2,0.0,7,7,0.0,24,24,0.0,,,,63,38,50.0,65,64,2.0,147,148,-2.0,181,174,14.0,50.0,14.0,12.0,16.0
Healthy_001,V1,1,Healthy,-614,rS,1,0.0006,0,638,1,241,500,,,,,,,,,,2,2,0.0,,,,6,7,-2.0,19,19,0.0,46,44,4.0,47,50,-6.0,138,138,0.0,174,166,16.0,4.0,16.0,22.0,16.0
Healthy_001,I,1,Healthy,-614,R,1,0.0003,0,638,1,241,500,,,,,,,,,,2,2,0.0,,,,9,14,-10.0,,28,,46,44,4.0,56,94,-76.0,145,145,0.0,174,166,16.0,4.0,16.0,92.0,16.0
Healthy_001,II,1,Healthy,-614,R,1,0.0001,0,638,1,241,500,,,,,,,,,,2,2,0.0,,,,22,22,0.0,,,,46,44,4.0,58,69,-22.0,143,144,-2.0,175,176,-2.0,4.0,-2.0,20.0,0.0
Healthy_001,III,1,Healthy,-614,R,1,0.0005,0,638,1,241,500,,,,,,,,,,2,2,0.0,,,,11,22,-22.0,,,,46,44,4.0,58,69,-22.0,141,141,0.0,174,181,-14.0,4.0,-14.0,8.0,-14.0
Healthy_001,aVR,1,Healthy,-614,QS,1,0.0001,0,638,1,241,500,,,,,,,,,,2,2,0.0,22,22,0.0,,,,,,,45,44,2.0,59,69,-20.0,144,144,0.0,175,175,0.0,2.0,0.0,20.0,0.0
Healthy_001,aVL,1,Healthy,-614,qrS,1,0.0003,0,638,1,241,500,,,,,,,,,,2,2,0.0,4,11,-14.0,7,14,-14.0,23,23,0.0,46,44,4.0,55,69,-28.0,134,135,-2.0,174,182,-16.0,4.0,-16.0,12.0,-14.0
Healthy_001,aVF,1,Healthy,-614,R,1,0.0001,0,638,1,241,500,,,,,,,,,,2,2,0.0,,,,11,22,-22.0,,,,46,44,4.0,60,69,-18.0,143,143,0.0,174,185,-22.0,4.0,-22.0,-4.0,-22.0
Healthy_001,V2,1,Healthy,-614,rS,1,0.001,0,638,1,241,500,,,,,,,,,,2,2,0.0,,22,,4,,,22,,,47,44,6.0,48,52,-8.0,137,138,-2.0,175,166,18.0,6.0,18.0,26.0,20.0
Healthy_001,V3,1,Healthy,-614,QR,1,0.001,0,638,1,241,500,,,,,,,,,,2,2,0.0,9,9,0.0,20,20,0.0,,,,46,44,4.0,55,60,-10.0,137,137,0.0,174,166,16.0,4.0,16.0,26.0,16.0
Healthy_001,V5,1,Healthy,-614,qR,1,0.0001,0,638,1,241,500,,,,,,,,,,2,2,0.0,6,,,22,22,0.0,,,,45,44,2.0,58,101,-86.0,149,149,0.0,175,166,18.0,2.0,18.0,104.0,18.0
Healthy_001,V6,1,Healthy,-614,qR,1,0.0001,0,638,1,241,500,,,,,,,,,,2,2,0.0,5,,,21,22,-2.0,,,,45,44,2.0,58,69,-22.0,149,149,0.0,176,171,10.0,2.0,10.0,32.0,10.0
Healthy_001,V4,1,Healthy,-614,qR,1,0.0005,0,638,1,241,500,,,,,,,,,,2,2,0.0,8,8,0.0,21,22,-2.0,,,,45,44,2.0,59,69,-20.0,138,138,0.0,174,166,16.0,2.0,16.0,36.0,16.0
Healthy_002,V2,1,Healthy,-608,rS,1,0.0066,0,640,1,247,500,,,,,,,,,,2,2,0.0,,,,6,6,0.0,24,24,0.0,52,64,-24.0,53,72,-38.0,141,141,0.0,182,173,18.0,-24.0,18.0,56.0,18.0
Healthy_002,I,1,Healthy,-608,R,1,0.0034,0,640,1,247,500,,,,,,,,,,2,2,0.0,,,,16,16,0.0,,,,51,64,-26.0,66,72,-12.0,148,148,0.0,182,185,-6.0,-26.0,-6.0,6.0,-6.0
Healthy_002,II,1,Healthy,-608,R,1,0.0022,0,640,1,247,500,,,,,,,,,,2,2,0.0,,,,10,27,-34.0,,,,51,64,-26.0,68,72,-8.0,147,148,-2.0,182,187,-10.0,-26.0,-10.0,-2.0,-8.0
Healthy_002,III,1,Healthy,-608,RS,1,0.0045,0,640,1,247,500,,,,,,,,,,2,2,0.0,,16,,10,27,-34.0,16,,,52,64,-24.0,67,72,-10.0,158,158,0.0,182,187,-10.0,-24.0,-10.0,0.0,-10.0
Healthy_002,aVR,1,Healthy,-608,QS,1,0.0023,0,640,1,247,500,,,,,,,,,,2,2,0.0,28,28,0.0,,,,,,,51,64,-26.0,68,72,-8.0,148,148,0.0,183,193,-20.0,-26.0,-20.0,-12.0,-20.0
Healthy_002,aVL,1,Healthy,-608,qRs,1,0.0016,0,640,1,247,500,,,,,,,,,,2,2,0.0,9,9,0.0,16,16,0.0,37,38,-2.0,51,64,-26.0,64,72,-16.0,148,148,0.0,182,187,-10.0,-26.0,-10.0,6.0,-10.0
Healthy_002,aVF,1,Healthy,-608,Rs,1,0.0029,0,640,1,247,500,,,,,,,,,,2,2,0.0,,16,,10,27,-34.0,16,,,51,64,-26.0,70,72,-4.0,145,146,-2.0,182,193,-22.0,-26.0,-22.0,-18.0,-20.0
Healthy_002,V1,1,Healthy,-608,rS,1,0.0041,0,640,1,247,500,,,,,,,,,,2,2,0.0,,,,6,6,0.0,25,25,0.0,52,64,-24.0,53,66,-26.0,140,140,0.0,182,181,2.0,-24.0,2.0,28.0,2.0
Healthy_002,V3,1,Healthy,-608,rS,1,0.0079,0,640,1,247,500,,,,,,,,,,2,2,0.0,,20,,5,,,20,,,51,64,-26.0,63,66,-6.0,140,141,-2.0,181,179,4.0,-26.0,4.0,10.0,6.0
Healthy_002,V4,1,Healthy,-608,QR,1,0.0054,0,640,1,247,500,,,,,,,,,,2,2,0.0,17,17,0.0,29,42,-26.0,,,,51,64,-26.0,68,72,-8.0,140,140,0.0,181,193,-24.0,-26.0,-24.0,-16.0,-24.0
Healthy_002,V6,1,Healthy,-608,qR,1,0.0022,0,640,1,247,500,,,,,,,,,,2,2,0.0,7,8,-2.0,26,26,0.0,,,,51,64,-26.0,68,126,-116.0,156,156,0.0,183,176,14.0,-26.0,14.0,130.0,14.0
Healthy_002,V5,1,Healthy,-608,qR,1,0.0034,0,640,1,247,500,,,,,,,,,,2,2,0.0,9,9,0.0,28,28,0.0,,,,52,64,-24.0,67,72,-10.0,157,157,0.0,183,173,20.0,-24.0,20.0,30.0,20.0
Healthy_003,aVF,1,Healthy,-614,R,1,0.0,0,628,1,241,500,,,,,,,,,,2,2,0.0,,,,9,21,-24.0,,,,48,47,2.0,65,73,-16.0,142,142,0.0,176,182,-12.0,2.0,-12.0,4.0,-12.0
Healthy_003,I,1,Healthy,-614,R,1,0.0,0,628,1,241,500,,,,,,,,,,2,2,0.0,,,,7,24,-34.0,,,,48,47,2.0,64,73,-18.0,148,148,0.0,176,175,2.0,2.0,2.0,20.0,2.0
Healthy_003,II,1,Healthy,-614,R,1,0.0,0,628,1,241,500,,,,,,,,,,2,2,0.0,,,,9,21,-24.0,,,,47,47,0.0,65,73,-16.0,144,144,0.0,177,178,-2.0,0.0,-2.0,14.0,-2.0
Healthy_003,III,1,Healthy,-614,R,1,0.0,0,628,1,241,500,,,,,,,,,,2,2,0.0,,,,9,21,-24.0,,,,48,47,2.0,64,73,-18.0,139,139,0.0,176,179,-6.0,2.0,-6.0,12.0,-6.0
Healthy_003,aVR,1,Healthy,-614,QS,1,0.0,0,628,1,241,500,,,,,,,,,,2,2,0.0,21,21,0.0,,,,,,,47,47,0.0,65,73,-16.0,145,146,-2.0,177,178,-2.0,0.0,-2.0,14.0,0.0
Healthy_003,V1,1,Healthy,-614,rS,1,0.0,0,628,1,241,500,,,,,,,,,,2,2,0.0,,21,,4,,,22,,,48,47,2.0,49,51,-4.0,139,139,0.0,176,169,14.0,2.0,14.0,18.0,14.0
Healthy_003,V2,1,Healthy,-614,Qr,1,0.0,0,628,1,241,500,,,,,,,,,,2,2,0.0,24,24,0.0,33,33,0.0,,,,48,47,2.0,49,56,-14.0,139,139,0.0,177,169,16.0,2.0,16.0,30.0,16.0
Healthy_003,V3,1,Healthy,-614,qR,1,0.0,0,628,1,241,500,,,,,,,,,,2,2,0.0,8,8,0.0,19,19,0.0,,,,48,47,2.0,59,70,-22.0,144,144,0.0,176,169,14.0,2.0,14.0,36.0,14.0
Healthy_003,V5,1,Healthy,-614,qR,1,0.0,0,628,1,241,500,,,,,,,,,,2,2,0.0,6,6,0.0,24,24,0.0,,,,47,47,0.0,65,81,-32.0,153,153,0.0,177,169,16.0,0.0,16.0,48.0,16.0
Healthy_003,V6,1,Healthy,-614,qR,1,0.0,0,628,1,241,500,,,,,,,,,,2,2,0.0,5,,,23,24,-2.0,,,,47,47,0.0,65,76,-22.0,152,152,0.0,177,169,16.0,0.0,16.0,38.0,16.0
Healthy_003,V4,1,Healthy,-614,qR,1,0.0,0,628,1,241,500,,,,,,,,,,2,2,0.0,8,9,-2.0,21,22,-2.0,,,,47,47,0.0,65,73,-16.0,149,149,0.0,175,169,12.0,0.0,12.0,28.0,12.0
Healthy_003,aVL,1,Healthy,-614,QRs,1,0.0,0,628,1,241,500,,,,,,,,,,2,2,0.0,9,9,0.0,15,15,0.0,20,,,47,47,0.0,63,73,-20.0,134,134,0.0,176,169,14.0,0.0,14.0,34.0,14.0
Healthy_004,V2,1,Healthy,-609,QS,1,0.0003,0,638,1,246,500,,,,,,,,,,2,2,0.0,22,22,0.0,,,,,,,52,45,14.0,53,54,-2.0,137,137,0.0,177,174,6.0,14.0,6.0,8.0,6.0
Healthy_004,I,1,Healthy,-609,R,1,0.0,0,638,1,246,500,,,,,,,,,,2,2,0.0,,,,14,14,0.0,,,,56,45,22.0,62,64,-4.0,143,143,0.0,177,174,6.0,22.0,6.0,10.0,6.0
Healthy_004,aVF,1,Healthy,-609,R,1,0.0,0,638,1,246,500,,,,,,,,,,2,2,0.0,,13,,6,26,-40.0,,,,59,45,28.0,64,70,-12.0,148,148,0.0,176,174,4.0,28.0,4.0,16.0,4.0
Healthy_004,V1,1,Healthy,-609,rS,1,0.0003,0,638,1,246,500,,,,,,,,,,2,2,0.0,,21,,4,,,20,,,52,45,14.0,53,48,10.0,139,139,0.0,177,174,6.0,14.0,6.0,-4.0,6.0
Healthy_004,V3,1,Healthy,-609,QR,1,0.0002,0,638,1,246,500,,,,,,,,,,2,2,0.0,10,10,0.0,26,26,0.0,,,,54,45,18.0,61,64,-6.0,131,132,-2.0,176,174,4.0,18.0,4.0,10.0,6.0
Healthy_004,V4,1,Healthy,-609,qR,1,0.0001,0,638,1,246,500,,,,,,,,,,2,2,0.0,10,10,0.0,27,27,0.0,,,,54,45,18.0,63,64,-2.0,146,146,0.0,176,174,4.0,18.0,4.0,6.0,4.0
Healthy_004,II,1,Healthy,-609,R,1,0.0,0,638,1,246,500,,,,,,,,,,2,2,0.0,,,,9,26,-34.0,,,,57,45,24.0,63,64,-2.0,144,145,-2.0,177,174,6.0,24.0,6.0,8.0,8.0
Healthy_004,III,1,Healthy,-609,rS,1,0.0001,0,638,1,246,500,,,,,,,,,,2,2,0.0,,14,,5,26,-42.0,13,,,58,45,26.0,63,64,-2.0,155,155,0.0,177,174,6.0,26.0,6.0,8.0,6.0
Healthy_004,aVR,1,Healthy,-609,QS,1,0.0,0,638,1,246,500,,,,,,,,,,2,2,0.0,25,25,0.0,,,,,,,56,45,22.0,63,64,-2.0,144,144,0.0,177,174,6.0,22.0,6.0,8.0,6.0
Healthy_004,aVL,1,Healthy,-609,Rs,1,0.0001,0,638,1,246,500,,,,,,,,,,2,2,0.0,,,,14,14,0.0,26,27,-2.0,54,45,18.0,61,64,-6.0,142,143,-2.0,177,174,6.0,18.0,6.0,12.0,8.0
Healthy_004,V5,1,Healthy,-609,R,1,0.0,0,638,1,246,500,,,,,,,,,,2,2,0.0,,,,25,25,0.0,,,,56,45,22.0,61,64,-6.0,150,150,0.0,177,174,6.0,22.0,6.0,12.0,6.0
Healthy_004,V6,1,Healthy,-609,R,1,0.0,0,638,1,246,500,,,,,,,,,,2,2,0.0,,,,21,21,0.0,,30,,57,45,24.0,63,64,-2.0,147,147,0.0,177,174,6.0,24.0,6.0,8.0,6.0
Healthy_005,aVF,1,Healthy,-614,R,1,0.0,0,627,1,241,500,,,,,,,,,,2,2,0.0,,,,6,23,-34.0,,,,49,37,24.0,59,71,-24.0,146,146,0.0,176,185,-18.0,24.0,-18.0,6.0,-18.0
Healthy_005,I,1,Healthy,-614,R,1,0.0,0,627,1,241,500,,,,,,,,,,2,2,0.0,,,,14,14,0.0,,,,48,37,22.0,57,72,-30.0,142,142,0.0,175,169,12.0,22.0,12.0,42.0,12.0
Healthy_005,II,1,Healthy,-614,R,1,0.0,0,627,1,241,500,,,,,,,,,,2,2,0.0,,,,22,23,-2.0,,,,48,37,22.0,58,71,-26.0,145,145,0.0,176,172,8.0,22.0,8.0,34.0,8.0
Healthy_005,aVR,1,Healthy,-614,QS,1,0.0,0,627,1,241,500,,,,,,,,,,2,2,0.0,22,23,-2.0,,,,,,,47,37,20.0,59,71,-24.0,143,144,-2.0,176,175,2.0,20.0,2.0,26.0,4.0
Healthy_005,aVL,1,Healthy,-614,Rs,1,0.0,0,627,1,241,500,,,,,,,,,,2,2,0.0,,,,13,14,-2.0,23,24,-2.0,47,37,20.0,56,96,-80.0,157,158,-2.0,176,180,-8.0,20.0,-8.0,72.0,-6.0
Healthy_005,V1,1,Healthy,-614,QS,1,0.0,0,627,1,241,500,,,,,,,,,,2,2,0.0,21,21,0.0,,,,,,,48,37,22.0,49,50,-2.0,139,140,-2.0,176,169,14.0,22.0,14.0,16.0,16.0
Healthy_005,V2,1,Healthy,-614,QS,1,0.0001,0,627,1,241,500,,,,,,,,,,2,2,0.0,21,21,0.0,,,,,,,48,37,22.0,50,51,-2.0,140,140,0.0,176,169,14.0,22.0,14.0,16.0,14.0
Healthy_005,V3,1,Healthy,-614,qRs,1,0.0002,0,627,1,241,500,,,,,,,,,,2,2,0.0,9,9,0.0,15,15,0.0,21,21,0.0,47,37,20.0,57,60,-6.0,141,142,-2.0,176,178,-4.0,20.0,-4.0,2.0,-2.0
Healthy_005,III,1,Healthy,-614,RS,1,0.0,0,627,1,241,500,,,,,,,,,,2,2,0.0,,13,,5,23,-36.0,9,,,46,37,18.0,58,71,-26.0,150,151,-2.0,176,169,14.0,18.0,14.0,40.0,16.0
Healthy_005,V4,1,Healthy,-614,qR,1,0.0001,0,627,1,241,500,,,,,,,,,,2,2,0.0,8,8,0.0,15,28,-26.0,,,,46,37,18.0,59,71,-24.0,149,149,0.0,175,169,12.0,18.0,12.0,36.0,12.0
Healthy_005,V5,1,Healthy,-614,R,1,0.0,0,627,1,241,500,,,,,,,,,,2,2,0.0,,,,23,23,0.0,,,,47,37,20.0,58,71,-26.0,150,150,0.0,176,169,14.0,20.0,14.0,40.0,14.0
Healthy_005,V6,1,Healthy,-614,R,1,0.0,0,627,1,241,500,,,,,,,,,,2,2,0.0,,,,21,21,0.0,,,,47,37,20.0,59,71,-24.0,148,148,0.0,176,169,14.0,20.0,14.0,38.0,14.0
Healthy_006,V1,1,Healthy,-613,rS,1,0.0021,0,638,1,242,500,,,,,,,,,,1,2,-2.0,,,,8,8,0.0,21,22,-2.0,48,39,18.0,49,44,10.0,137,138,-2.0,175,166,18.0,20.0,20.0,8.0,20.0
Healthy_006,I,1,Healthy,-613,R,1,0.0011,0,638,1,242,500,,,,,,,,,,1,2,-2.0,,,,14,14,0.0,,,,46,39,14.0,60,67,-14.0,145,145,0.0,175,166,18.0,16.0,20.0,32.0,18.0
Healthy_006,II,1,Healthy,-613,R,1,0.0007,0,638,1,242,500,,,,,,,,,,1,2,-2.0,,,,10,24,-28.0,,,,46,39,14.0,62,67,-10.0,142,142,0.0,175,174,2.0,16.0,4.0,12.0,2.0
Healthy_006,III,1,Healthy,-613,rS,1,0.0028,0,638,1,242,500,,,,,,,,,,1,2,-2.0,,14,,5,25,-40.0,14,,,46,39,14.0,61,67,-12.0,131,131,0.0,175,174,2.0,16.0,4.0,14.0,2.0
Healthy_006,aVR,1,Healthy,-613,QS,1,0.0007,0,638,1,242,500,,,,,,,,,,1,2,-2.0,23,23,0.0,,,,,,,46,39,14.0,62,67,-10.0,143,144,-2.0,175,179,-8.0,16.0,-6.0,2.0,-6.0
Healthy_006,aVL,1,Healthy,-613,rS,1,0.0014,0,638,1,242,500,,,,,,,,,,1,2,-2.0,,,,7,14,-14.0,25,25,0.0,46,39,14.0,59,98,-78.0,146,146,0.0,175,166,18.0,16.0,20.0,96.0,18.0
Healthy_006,aVF,1,Healthy,-613,Rs,1,0.0011,0,638,1,242,500,,,,,,,,,,1,2,-2.0,,14,,10,24,-28.0,14,,,46,39,14.0,62,67,-10.0,138,139,-2.0,175,182,-14.0,16.0,-12.0,-4.0,-12.0
Healthy_006,V2,1,Healthy,-613,rS,1,0.0037,0,638,1,242,500,,,,,,,,,,1,2,-2.0,,,,5,5,0.0,21,22,-2.0,47,39,16.0,48,53,-10.0,138,138,0.0,175,166,18.0,18.0,20.0,28.0,18.0
Healthy_006,V3,1,Healthy,-613,rS,1,0.0037,0,638,1,242,500,,,,,,,,,,1,2,-2.0,,22,,4,31,-54.0,21,,,46,39,14.0,59,55,8.0,136,137,-2.0,174,166,16.0,16.0,18.0,8.0,18.0
Healthy_006,V4,1,Healthy,-613,RS,1,0.0026,0,638,1,242,500,,,,,,,,,,1,2,-2.0,,14,,4,28,-48.0,13,,,46,39,14.0,62,62,0.0,134,134,0.0,173,200,-54.0,16.0,-52.0,-54.0,-54.0
Healthy_006,V6,1,Healthy,-613,R,1,0.0003,0,638,1,242,500,,,,,,,,,,1,2,-2.0,,,,22,22,0.0,,,,46,39,14.0,62,68,-12.0,149,149,0.0,175,167,16.0,16.0,18.0,28.0,16.0
Healthy_006,V5,1,Healthy,-613,R,1,0.0007,0,638,1,242,500,,,,,,,,,,1,2,-2.0,,,,17,24,-14.0,,,,46,39,14.0,61,67,-12.0,152,152,0.0,175,166,18.0,16.0,20.0,30.0,18.0
Healthy_007,III,1,Healthy,-615,R,1,0.0,0,640,1,240,500,,,,,,,,,,2,3,-2.0,,,,10,18,-16.0,,,,48,60,-24.0,60,74,-28.0,140,140,0.0,174,172,4.0,-22.0,6.0,32.0,4.0
Healthy_007,I,1,Healthy,-615,RS,1,0.0,0,640,1,240,500,,,,,,,,,,2,3,-2.0,,11,,7,21,-28.0,10,,,48,60,-24.0,61,94,-66.0,147,148,-2.0,173,168,10.0,-22.0,12.0,76.0,12.0
Healthy_007,II,1,Healthy,-615,R,1,0.0,0,640,1,240,500,,,,,,,,,,2,3,-2.0,,,,19,20,-2.0,,,,48,60,-24.0,62,76,-28.0,143,144,-2.0,174,168,12.0,-22.0,14.0,40.0,14.0
Healthy_007,aVR,1,Healthy,-615,QS,1,0.0,0,640,1,240,500,,,,,,,,,,2,3,-2.0,20,20,0.0,,,,,,,47,60,-26.0,63,74,-22.0,145,145,0.0,174,172,4.0,-24.0,6.0,26.0,4.0
Healthy_007,aVL,1,Healthy,-615,QRs,1,0.0,0,640,1,240,500,,,,,,,,,,2,3,-2.0,10,11,-2.0,22,22,0.0,28,28,0.0,48,60,-24.0,59,70,-22.0,136,136,0.0,174,168,12.0,-22.0,14.0,34.0,12.0
Healthy_007,V2,1,Healthy,-615,Qr,1,0.0002,0,640,1,240,500,,,,,,,,,,2,3,-2.0,10,10,0.0,24,24,0.0,,,,48,60,-24.0,49,72,-46.0,139,139,0.0,174,174,0.0,-22.0,2.0,46.0,0.0
Healthy_007,V3,1,Healthy,-615,QR,1,0.0001,0,640,1,240,500,,,,,,,,,,2,3,-2.0,9,10,-2.0,23,24,-2.0,,,,50,60,-20.0,57,74,-34.0,144,144,0.0,173,168,10.0,-18.0,12.0,44.0,10.0
Healthy_007,V4,1,Healthy,-615,qR,1,0.0,0,640,1,240,500,,,,,,,,,,2,3,-2.0,9,9,0.0,20,20,0.0,,,,48,60,-24.0,62,100,-76.0,149,148,2.0,173,168,10.0,-22.0,12.0,86.0,8.0
Healthy_007,V5,1,Healthy,-615,qR,1,0.0,0,640,1,240,500,,,,,,,,,,2,3,-2.0,6,,,20,20,0.0,,,,48,60,-24.0,61,96,-70.0,148,148,0.0,174,168,12.0,-22.0,14.0,82.0,12.0
Healthy_007,V6,1,Healthy,-615,qR,1,0.0,0,640,1,240,500,,,,,,,,,,2,3,-2.0,6,,,21,21,0.0,,,,48,60,-24.0,62,101,-78.0,149,149,0.0,174,168,12.0,-22.0,14.0,90.0,12.0
Healthy_007,V1,1,Healthy,-615,QS,1,0.0,0,640,1,240,500,,,,,,,,,,2,3,-2.0,18,18,0.0,,32,,,,,46,60,-28.0,47,74,-54.0,138,138,0.0,174,172,4.0,-26.0,6.0,58.0,4.0
Healthy_007,aVF,1,Healthy,-615,R,1,0.0,0,640,1,240,500,,,,,,,,,,2,3,-2.0,,,,10,19,-18.0,,,,51,60,-18.0,62,74,-24.0,142,142,0.0,173,168,10.0,-16.0,12.0,34.0,10.0
Healthy_008,II,1,Healthy,-613,R,1,0.0,0,637,1,242,500,,,,,,,,,,2,2,0.0,,,,8,23,-30.0,,,,58,47,22.0,59,72,-26.0,145,146,-2.0,175,171,8.0,22.0,8.0,34.0,10.0
Healthy_008,III,1,Healthy,-613,rS,1,0.0,0,637,1,242,500,,,,,,,,,,2,2,0.0,,14,,5,22,-34.0,13,,,58,47,22.0,59,82,-46.0,155,155,0.0,175,171,8.0,22.0,8.0,54.0,8.0
Healthy_008,aVR,1,Healthy,-613,QS,1,0.0,0,637,1,242,500,,,,,,,,,,2,2,0.0,23,23,0.0,,,,,,,58,47,22.0,59,72,-26.0,144,144,0.0,175,182,-14.0,22.0,-14.0,12.0,-14.0
Healthy_008,aVL,1,Healthy,-613,Rs,1,0.0,0,637,1,242,500,,,,,,,,,,2,2,0.0,,,,14,14,0.0,19,20,-2.0,56,47,18.0,57,90,-66.0,142,143,-2.0,174,171,6.0,18.0,6.0,72.0,8.0
Healthy_008,aVF,1,Healthy,-613,rS,1,0.0,0,637,1,242,500,,,,,,,,,,2,2,0.0,,14,,6,22,-32.0,13,,,59,47,24.0,60,70,-20.0,149,149,0.0,174,175,-2.0,24.0,-2.0,18.0,-2.0
Healthy_008,V1,1,Healthy,-613,rS,1,0.0001,0,637,1,242,500,,,,,,,,,,2,2,0.0,,21,,6,,,21,,,52,47,10.0,53,47,12.0,137,137,0.0,175,171,8.0,10.0,8.0,-4.0,8.0
Healthy_008,V2,1,Healthy,-613,rS,1,0.0001,0,637,1,242,500,,,,,,,,,,2,2,0.0,,16,,4,,,16,,,52,47,10.0,53,55,-4.0,137,137,0.0,175,182,-14.0,10.0,-14.0,-10.0,-14.0
Healthy_008,V3,1,Healthy,-613,QR,1,0.0001,0,637,1,242,500,,,,,,,,,,2,2,0.0,13,14,-2.0,23,30,-14.0,,,,56,47,18.0,57,62,-10.0,135,135,0.0,174,171,6.0,18.0,6.0,16.0,6.0
Healthy_008,V4,1,Healthy,-613,qR,1,0.0,0,637,1,242,500,,,,,,,,,,2,2,0.0,12,11,2.0,23,23,0.0,,,,57,47,20.0,59,70,-22.0,134,134,0.0,174,175,-2.0,20.0,-2.0,20.0,-2.0
Healthy_008,V5,1,Healthy,-613,qR,1,0.0,0,637,1,242,500,,,,,,,,,,2,2,0.0,8,8,0.0,23,23,0.0,,,,56,47,18.0,58,96,-76.0,150,150,0.0,175,171,8.0,18.0,8.0,84.0,8.0
Healthy_008,V6,1,Healthy,-613,qR,1,0.0,0,637,1,242,500,,,,,,,,,,2,2,0.0,6,,,22,23,-2.0,,,,54,47,14.0,59,87,-56.0,149,149,0.0,175,171,8.0,14.0,8.0,64.0,8.0
Healthy_008,I,1,Healthy,-613,R,1,0.0,0,637,1,242,500,,,,,,,,,,2,2,0.0,,,,14,14,0.0,,,,57,47,20.0,58,68,-20.0,143,144,-2.0,174,171,6.0,20.0,6.0,26.0,8.0
Healthy_009,V2,1,Healthy,-613,rS,1,0.0005,0,639,1,242,500,,,,,,,,,,1,2,-2.0,,21,,5,,,21,,,48,43,10.0,49,48,2.0,136,136,0.0,176,179,-6.0,12.0,-4.0,-8.0,-6.0
Healthy_009,I,1,Healthy,-613,R,1,0.0002,0,639,1,242,500,,,,,,,,,,1,2,-2.0,,,,15,23,-16.0,,,,46,43,6.0,58,76,-36.0,145,146,-2.0,175,168,14.0,8.0,16.0,50.0,16.0
Healthy_009,II,1,Healthy,-613,R,1,0.0003,0,639,1,242,500,,,,,,,,,,1,2,-2.0,,12,,6,23,-34.0,,,,46,43,6.0,59,68,-18.0,143,144,-2.0,176,174,4.0,8.0,6.0,22.0,6.0
Healthy_009,III,1,Healthy,-613,rS,1,0.0007,0,639,1,242,500,,,,,,,,,,1,2,-2.0,,15,,5,,,15,,,46,43,6.0,58,72,-28.0,147,147,0.0,176,168,16.0,8.0,18.0,44.0,16.0
Healthy_009,aVR,1,Healthy,-613,QS,1,0.0002,0,639,1,242,500,,,,,,,,,,1,2,-2.0,23,23,0.0,,,,,,,46,43,6.0,59,72,-26.0,145,145,0.0,177,178,-2.0,8.0,0.0,24.0,-2.0
Healthy_009,aVL,1,Healthy,-613,R,1,0.0003,0,639,1,242,500,,,,,,,,,,1,2,-2.0,,,,15,15,0.0,,,,46,43,6.0,57,85,-56.0,146,146,0.0,176,168,16.0,8.0,18.0,72.0,16.0
Healthy_009,aVF,1,Healthy,-613,rS,1,0.0002,0,639,1,242,500,,,,,,,,,,1,2,-2.0,,15,,5,24,-38.0,14,,,46,43,6.0,60,72,-24.0,135,135,0.0,175,175,0.0,8.0,2.0,24.0,0.0
Healthy_009,V1,1,Healthy,-613,rS,1,0.0006,0,639,1,242,500,,,,,,,,,,1,2,-2.0,,,,8,7,2.0,22,22,0.0,48,43,10.0,49,52,-6.0,134,134,0.0,176,168,16.0,12.0,18.0,22.0,16.0
Healthy_009,V3,1,Healthy,-613,rS,1,0.0004,0,639,1,242,500,,,,,,,,,,1,2,-2.0,,21,,4,31,-54.0,20,,,47,43,8.0,55,59,-8.0,136,136,0.0,175,170,10.0,10.0,12.0,18.0,10.0
Healthy_009,V4,1,Healthy,-613,rS,1,0.0004,0,639,1,242,500,,,,,,,,,,1,2,-2.0,,17,,4,27,-46.0,16,,,46,43,6.0,59,60,-2.0,136,136,0.0,175,165,20.0,8.0,22.0,22.0,20.0
Healthy_009,V5,1,Healthy,-613,qR,1,0.0001,0,639,1,242,500,,,,,,,,,,1,2,-2.0,12,12,0.0,24,25,-2.0,,,,46,43,6.0,59,72,-26.0,145,146,-2.0,177,172,10.0,8.0,12.0,36.0,12.0
Healthy_009,V6,1,Healthy,-613,qR,1,0.0001,0,639,1,242,500,,,,,,,,,,1,2,-2.0,7,7,0.0,22,23,-2.0,,,,46,43,6.0,59,81,-44.0,149,149,0.0,177,168,18.0,8.0,20.0,62.0,18.0
Healthy_010,V1,1,Healthy,-615,rS,1,0.0001,0,644,1,240,500,,,,,,,,,,2,2,0.0,,21,,4,,,21,,,54,50,8.0,55,51,8.0,142,142,0.0,176,173,6.0,8.0,6.0,-2.0,6.0
Healthy_010,I,1,Healthy,-615,R,1,0.0,0,644,1,240,500,,,,,,,,,,2,2,0.0,,,,14,14,0.0,,,,53,50,6.0,64,72,-16.0,142,142,0.0,177,176,2.0,6.0,2.0,18.0,2.0
Healthy_010,II,1,Healthy,-615,R,1,0.0,0,644,1,240,500,,,,,,,,,,2,2,0.0,,,,7,27,-40.0,,,,53,50,6.0,65,72,-14.0,146,146,0.0,177,184,-14.0,6.0,-14.0,0.0,-14.0
Healthy_010,III,1,Healthy,-615,rS,1,0.0,0,644,1,240,500,,,,,,,,,,2,2,0.0,,13,,5,27,-44.0,13,,,52,50,4.0,64,76,-24.0,156,156,0.0,177,182,-10.0,4.0,-10.0,14.0,-10.0
Healthy_010,aVR,1,Healthy,-615,QS,1,0.0,0,644,1,240,500,,,,,,,,,,2,2,0.0,22,22,0.0,,,,,,,52,50,4.0,66,72,-12.0,143,144,-2.0,178,185,-14.0,4.0,-14.0,-2.0,-12.0
Healthy_010,aVL,1,Healthy,-615,Rs,1,0.0,0,644,1,240,500,,,,,,,,,,2,2,0.0,,,,13,14,-2.0,27,27,0.0,53,50,6.0,59,87,-56.0,140,140,0.0,177,175,4.0,6.0,4.0,60.0,4.0
Healthy_010,aVF,1,Healthy,-615,rS,1,0.0,0,644,1,240,500,,,,,,,,,,2,2,0.0,,13,,6,27,-42.0,13,,,63,50,26.0,65,72,-14.0,151,152,-2.0,177,179,-4.0,26.0,-4.0,10.0,-2.0
Healthy_010,V2,1,Healthy,-615,QS,1,0.0001,0,644,1,240,500,,,,,,,,,,2,2,0.0,19,19,0.0,,,,,,,53,50,6.0,54,50,8.0,139,140,-2.0,177,173,8.0,6.0,8.0,0.0,10.0
Healthy_010,V3,1,Healthy,-615,Qr,1,0.0,0,644,1,240,500,,,,,,,,,,2,2,0.0,14,14,0.0,29,34,-10.0,,,,54,50,8.0,62,68,-12.0,136,136,0.0,176,172,8.0,8.0,8.0,20.0,8.0
Healthy_010,V5,1,Healthy,-615,qR,1,0.0,0,644,1,240,500,,,,,,,,,,2,2,0.0,8,7,2.0,23,23,0.0,,,,53,50,6.0,62,83,-42.0,150,150,0.0,177,173,8.0,6.0,8.0,50.0,8.0
Healthy_010,V6,1,Healthy,-615,Rs,1,0.0,0,644,1,240,500,,,,,,,,,,2,2,0.0,,,,20,20,0.0,29,29,0.0,53,50,6.0,65,72,-14.0,147,147,0.0,177,173,8.0,6.0,8.0,22.0,8.0
Healthy_010,V4,1,Healthy,-615,qR,1,0.0,0,644,1,240,500,,,,,,,,,,2,2,0.0,12,13,-2.0,28,28,0.0,,,,52,50,4.0,66,68,-4.0,146,146,0.0,176,173,6.0,4.0,6.0,10.0,6.0
InferiorInfarction_001,aVR,1,InferiorInfarction,-614,QS,1,0.0,0,626,1,241,500,,,,,,,,,,2,2,0.0,23,23,0.0,,,,,,,50,50,0.0,51,109,-116.0,171,171,0.0,256,279,-46.0,0.0,-46.0,70.0,-46.0
InferiorInfarction_001,I,1,InferiorInfarction,-614,Rs,1,0.0,0,626,1,241,500,,,,,,,,,,2,2,0.0,,11,,7,14,-14.0,50,18,64.0,50,50,0.0,51,103,-104.0,162,162,0.0,256,286,-60.0,0.0,-60.0,44.0,-60.0
InferiorInfarction_001,II,1,InferiorInfarction,-614,R,1,0.0,0,626,1,241,500,,,,,,,,,,2,2,0.0,,,,11,23,-24.0,,,,50,50,0.0,51,119,-136.0,173,173,0.0,254,281,-54.0,0.0,-54.0,82.0,-54.0
InferiorInfarction_001,III,1,InferiorInfarction,-614,QR,1,0.0,0,626,1,241,500,,,,,,,,,,2,2,0.0,6,6,0.0,11,23,-24.0,,,,50,50,0.0,51,103,-104.0,175,175,0.0,255,258,-6.0,0.0,-6.0,98.0,-6.0
InferiorInfarction_001,aVL,1,InferiorInfarction,-614,rS,1,0.0,0,626,1,241,500,,,,,,,,,,2,2,0.0,,,,6,6,0.0,23,23,0.0,49,50,-2.0,50,89,-78.0,177,177,0.0,253,261,-16.0,-2.0,-16.0,62.0,-16.0
InferiorInfarction_001,aVF,1,InferiorInfarction,-614,qR,1,0.0,0,626,1,241,500,,,,,,,,,,2,2,0.0,6,,,11,23,-24.0,,,,51,50,2.0,52,101,-98.0,174,174,0.0,255,266,-22.0,2.0,-22.0,76.0,-22.0
InferiorInfarction_001,V1,1,InferiorInfarction,-614,RS,1,0.0,0,626,1,241,500,,,,,,,,,,1,2,-2.0,,,,6,7,-2.0,19,19,0.0,49,50,-2.0,50,51,-2.0,139,140,-2.0,251,255,-8.0,0.0,-6.0,-6.0,-6.0
InferiorInfarction_001,V2,1,InferiorInfarction,-614,rS,1,0.0,0,626,1,241,500,,,,,,,,,,2,2,0.0,,24,,5,,,24,,,49,50,-2.0,50,51,-2.0,139,139,0.0,250,263,-26.0,-2.0,-26.0,-24.0,-26.0
InferiorInfarction_001,V3,1,InferiorInfarction,-614,qRs,1,0.0,0,626,1,241,500,,,,,,,,,,2,2,0.0,9,9,0.0,20,20,0.0,28,28,0.0,50,50,0.0,52,51,2.0,138,139,-2.0,249,255,-12.0,0.0,-12.0,-14.0,-10.0
InferiorInfarction_001,V4,1,InferiorInfarction,-614,qRs,1,0.0,0,626,1,241,500,,,,,,,,,,2,2,0.0,8,8,0.0,21,22,-2.0,33,,,51,50,2.0,52,51,2.0,140,141,-2.0,249,251,-4.0,2.0,-4.0,-6.0,-2.0
InferiorInfarction_001,V5,1,InferiorInfarction,-614,qR,1,0.0,0,626,1,241,500,,,,,,,,,,2,2,0.0,7,,,27,27,0.0,,,,50,50,0.0,51,51,0.0,169,169,0.0,255,277,-44.0,0.0,-44.0,-44.0,-44.0
InferiorInfarction_001,V6,1,InferiorInfarction,-614,Rs,1,0.0,0,626,1,241,500,,,,,,,,,,2,2,0.0,,,,29,29,0.0,50,,,50,50,0.0,52,91,-78.0,145,145,0.0,258,281,-46.0,0.0,-46.0,32.0,-46.0
InferiorInfarction_002,V6,1,InferiorInfarction,-604,qRs,1,0.0,0,642,1,251,500,,,,,,,,,,2,2,0.0,9,9,0.0,36,35,2.0,58,,,58,57,2.0,59,62,-6.0,144,144,0.0,261,291,-60.0,2.0,-60.0,-54.0,-60.0
InferiorInfarction_002,I,1,InferiorInfarction,-604,R,1,0.0,0,642,1,251,500,,,,,,,,,,2,2,0.0,,,,9,16,-14.0,,72,,57,57,0.0,58,87,-58.0,144,145,-2.0,259,286,-54.0,0.0,-54.0,4.0,-52.0
InferiorInfarction_002,III,1,InferiorInfarction,-604,qR,1,0.0001,0,642,1,251,500,,,,,,,,,,2,2,0.0,8,16,-16.0,27,28,-2.0,,,,55,57,-4.0,56,75,-38.0,140,141,-2.0,262,277,-30.0,-4.0,-30.0,8.0,-28.0
InferiorInfarction_002,aVR,1,InferiorInfarction,-604,QS,1,0.0,0,642,1,251,500,,,,,,,,,,2,2,0.0,31,32,-2.0,,,,,,,57,57,0.0,58,76,-36.0,151,151,0.0,260,294,-68.0,0.0,-68.0,-32.0,-68.0
InferiorInfarction_002,aVL,1,InferiorInfarction,-604,RS,1,0.0,0,642,1,251,500,,,,,,,,,,2,2,0.0,,,,8,16,-16.0,26,27,-2.0,55,57,-4.0,56,94,-76.0,142,142,0.0,259,283,-48.0,-4.0,-48.0,28.0,-48.0
InferiorInfarction_002,aVF,1,InferiorInfarction,-604,QR,1,0.0,0,642,1,251,500,,,,,,,,,,2,2,0.0,7,8,-2.0,12,31,-38.0,,,,57,57,0.0,58,101,-86.0,182,183,-2.0,262,279,-34.0,0.0,-34.0,52.0,-32.0
InferiorInfarction_002,V1,1,InferiorInfarction,-604,rS,1,0.0,0,642,1,251,500,,,,,,,,,,2,2,0.0,,,,7,7,0.0,31,31,0.0,55,57,-4.0,56,68,-24.0,142,143,-2.0,256,277,-42.0,-4.0,-42.0,-18.0,-40.0
InferiorInfarction_002,V2,1,InferiorInfarction,-604,rS,1,0.0002,0,642,1,251,500,,,,,,,,,,2,2,0.0,,,,7,7,0.0,31,31,0.0,55,57,-4.0,56,64,-16.0,142,143,-2.0,256,281,-50.0,-4.0,-50.0,-34.0,-48.0
InferiorInfarction_002,V3,1,InferiorInfarction,-604,rS,1,0.0002,0,642,1,251,500,,,,,,,,,,2,2,0.0,,,,6,6,0.0,32,32,0.0,56,57,-2.0,57,58,-2.0,142,142,0.0,255,282,-54.0,-2.0,-54.0,-52.0,-54.0
InferiorInfarction_002,V4,1,InferiorInfarction,-604,QrS,1,0.0,0,642,1,251,500,,,,,,,,,,2,2,0.0,17,17,0.0,28,,,35,,,57,57,0.0,58,74,-32.0,142,142,0.0,256,283,-54.0,0.0,-54.0,-22.0,-54.0
InferiorInfarction_002,V5,1,InferiorInfarction,-604,qR,1,0.0,0,642,1,251,500,,,,,,,,,,2,2,0.0,11,11,0.0,31,30,2.0,,,,56,57,-2.0,57,64,-14.0,138,160,-44.0,258,251,14.0,-2.0,14.0,28.0,58.0
InferiorInfarction_002,II,1,InferiorInfarction,-604,R,1,0.0,0,642,1,251,500,,,,,,,,,,2,2,0.0,,,,12,32,-40.0,,,,57,57,0.0,58,68,-20.0,156,182,-52.0,257,238,38.0,0.0,38.0,58.0,90.0
InferiorInfarction_003,V2,1,InferiorInfarction,-614,rS,1,0.0,0,628,1,241,500,,,,,,,,,,1,2,-2.0,,25,,4,,,25,,,53,51,4.0,54,55,-2.0,140,140,0.0,248,267,-38.0,6.0,-36.0,-36.0,-38.0
InferiorInfarction_003,I,1,InferiorInfarction,-614,R,1,0.0,0,628,1,241,500,,,,,,,,,,1,2,-2.0,,,,7,30,-46.0,,,,55,51,8.0,56,64,-16.0,172,173,-2.0,252,281,-58.0,10.0,-56.0,-42.0,-56.0
InferiorInfarction_003,II,1,InferiorInfarction,-614,R,1,0.0,0,628,1,241,500,,,,,,,,,,1,2,-2.0,,,,9,21,-24.0,,64,,54,51,6.0,55,98,-86.0,173,173,0.0,251,275,-48.0,8.0,-46.0,38.0,-48.0
InferiorInfarction_003,III,1,InferiorInfarction,-614,R,1,0.0,0,628,1,241,500,,,,,,,,,,1,2,-2.0,,,,9,21,-24.0,,,,55,51,8.0,56,66,-20.0,143,143,0.0,251,243,16.0,10.0,18.0,36.0,16.0
InferiorInfarction_003,aVR,1,InferiorInfarction,-614,QS,1,0.0,0,628,1,241,500,,,,,,,,,,1,2,-2.0,21,21,0.0,,,,,,,55,51,8.0,56,82,-52.0,173,173,0.0,255,279,-48.0,10.0,-46.0,4.0,-48.0
InferiorInfarction_003,aVL,1,InferiorInfarction,-614,rS,1,0.0,0,628,1,241,500,,,,,,,,,,1,2,-2.0,,21,,6,33,-54.0,20,,,53,51,4.0,54,54,0.0,142,142,0.0,251,269,-36.0,6.0,-34.0,-36.0,-36.0
InferiorInfarction_003,aVF,1,InferiorInfarction,-614,R,1,0.0,0,628,1,241,500,,,,,,,,,,1,2,-2.0,,,,9,21,-24.0,,,,55,51,8.0,56,55,2.0,143,174,-62.0,251,262,-22.0,10.0,-20.0,-24.0,40.0
InferiorInfarction_003,V1,1,InferiorInfarction,-614,rS,1,0.0,0,628,1,241,500,,,,,,,,,,1,2,-2.0,,,,5,5,0.0,22,21,2.0,53,51,4.0,54,55,-2.0,140,140,0.0,248,255,-14.0,6.0,-12.0,-12.0,-14.0
InferiorInfarction_003,V3,1,InferiorInfarction,-614,qRs,1,0.0,0,628,1,241,500,,,,,,,,,,2,2,0.0,8,8,0.0,19,19,0.0,37,37,0.0,53,51,4.0,59,80,-42.0,144,144,0.0,249,251,-4.0,4.0,-4.0,38.0,-4.0
InferiorInfarction_003,V4,1,InferiorInfarction,-614,qRs,1,0.0,0,628,1,241,500,,,,,,,,,,1,2,-2.0,8,8,0.0,21,22,-2.0,39,,,54,51,6.0,59,81,-44.0,148,148,0.0,249,253,-8.0,8.0,-6.0,36.0,-8.0
InferiorInfarction_003,V5,1,InferiorInfarction,-614,qR,1,0.0,0,628,1,241,500,,,,,,,,,,1,2,-2.0,8,8,0.0,30,30,0.0,,,,54,51,6.0,55,70,-30.0,143,143,0.0,254,275,-42.0,8.0,-40.0,-12.0,-42.0
InferiorInfarction_003,V6,1,InferiorInfarction,-614,qRs,1,0.0,0,628,1,241,500,,,,,,,,,,1,2,-2.0,5,6,-2.0,32,32,0.0,55,,,55,51,8.0,56,55,2.0,145,145,0.0,254,269,-30.0,10.0,-28.0,-32.0,-30.0
InferiorInfarction_004,V6,1,InferiorInfarction,-609,Rs,1,0.0,0,622,1,246,500,,,,,,,,,,2,2,0.0,,,,33,33,0.0,51,,,51,48,6.0,53,55,-4.0,168,168,0.0,254,275,-42.0,6.0,-42.0,-38.0,-42.0
InferiorInfarction_004,I,1,InferiorInfarction,-609,R,1,0.0,0,622,1,246,500,,,,,,,,,,2,2,0.0,,,,14,14,0.0,,62,,51,48,6.0,52,93,-82.0,141,141,0.0,253,281,-56.0,6.0,-56.0,26.0,-56.0
InferiorInfarction_004,II,1,InferiorInfarction,-609,R,1,0.0,0,622,1,246,500,,,,,,,,,,2,2,0.0,,,,26,27,-2.0,,64,,51,48,6.0,52,103,-102.0,176,176,0.0,250,269,-38.0,6.0,-38.0,64.0,-38.0
InferiorInfarction_004,III,1,InferiorInfarction,-609,qR,1,0.0,0,622,1,246,500,,,,,,,,,,2,2,0.0,7,7,0.0,26,26,0.0,,,,50,48,4.0,51,48,6.0,139,139,0.0,251,254,-6.0,4.0,-6.0,-12.0,-6.0
InferiorInfarction_004,aVR,1,InferiorInfarction,-609,QS,1,0.0,0,622,1,246,500,,,,,,,,,,2,2,0.0,27,27,0.0,,,,,,,51,48,6.0,52,51,2.0,144,176,-64.0,254,279,-50.0,6.0,-50.0,-52.0,14.0
InferiorInfarction_004,aVL,1,InferiorInfarction,-609,RS,1,0.0,0,622,1,246,500,,,,,,,,,,2,2,0.0,,,,8,14,-12.0,25,26,-2.0,50,48,4.0,51,50,2.0,140,140,0.0,252,277,-50.0,4.0,-50.0,-52.0,-50.0
InferiorInfarction_004,aVF,1,InferiorInfarction,-609,qR,1,0.0,0,622,1,246,500,,,,,,,,,,2,2,0.0,7,7,0.0,26,26,0.0,,,,51,48,6.0,52,66,-28.0,176,176,0.0,249,253,-8.0,6.0,-8.0,20.0,-8.0
InferiorInfarction_004,V1,1,InferiorInfarction,-609,rS,1,0.0,0,622,1,246,500,,,,,,,,,,2,2,0.0,,21,,4,,,21,,,49,48,2.0,50,50,0.0,142,142,0.0,249,268,-38.0,2.0,-38.0,-38.0,-38.0
InferiorInfarction_004,V2,1,InferiorInfarction,-609,QS,1,0.0,0,622,1,246,500,,,,,,,,,,2,2,0.0,25,25,0.0,,,,,,,50,48,4.0,51,50,2.0,140,140,0.0,248,263,-30.0,4.0,-30.0,-32.0,-30.0
InferiorInfarction_004,V3,1,InferiorInfarction,-609,QRS,1,0.0,0,622,1,246,500,,,,,,,,,,2,2,0.0,10,10,0.0,24,23,2.0,33,33,0.0,51,48,6.0,53,50,6.0,138,139,-2.0,249,275,-52.0,6.0,-52.0,-58.0,-50.0
InferiorInfarction_004,V4,1,InferiorInfarction,-609,qRs,1,0.0,0,622,1,246,500,,,,,,,,,,2,2,0.0,9,10,-2.0,26,26,0.0,39,35,8.0,50,48,4.0,55,50,10.0,144,144,0.0,248,266,-36.0,4.0,-36.0,-46.0,-36.0
InferiorInfarction_004,V5,1,InferiorInfarction,-609,R,1,0.0,0,622,1,246,500,,,,,,,,,,2,2,0.0,,,,32,32,0.0,,,,51,48,6.0,52,50,4.0,138,139,-2.0,253,277,-48.0,6.0,-48.0,-52.0,-46.0
InferiorInfarction_005,aVF,1,InferiorInfarction,-608,R,1,0.0,0,621,1,247,500,,,,,,,,,,2,2,0.0,,8,,23,23,0.0,,,,51,48,6.0,52,101,-98.0,172,173,-2.0,255,269,-28.0,6.0,-28.0,70.0,-26.0
InferiorInfarction_005,I,1,InferiorInfarction,-608,R,1,0.0,0,621,1,247,500,,,,,,,,,,2,2,0.0,,,,10,32,-44.0,,64,,51,48,6.0,52,107,-110.0,247,171,152.0,256,275,-38.0,6.0,-38.0,72.0,-190.0
InferiorInfarction_005,II,1,InferiorInfarction,-608,R,1,0.0,0,621,1,247,500,,,,,,,,,,2,2,0.0,,,,23,23,0.0,,,,51,48,6.0,52,105,-106.0,172,172,0.0,255,275,-40.0,6.0,-40.0,66.0,-40.0
InferiorInfarction_005,III,1,InferiorInfarction,-608,qR,1,0.0,0,621,1,247,500,,,,,,,,,,2,2,0.0,8,8,0.0,23,23,0.0,,,,50,48,4.0,51,50,2.0,173,151,44.0,252,248,8.0,4.0,8.0,6.0,-36.0
InferiorInfarction_005,aVR,1,InferiorInfarction,-608,QS,1,0.0,0,621,1,247,500,,,,,,,,,,2,2,0.0,24,23,2.0,,,,,,,51,48,6.0,52,53,-2.0,172,172,0.0,257,275,-36.0,6.0,-36.0,-34.0,-36.0
InferiorInfarction_005,aVL,1,InferiorInfarction,-608,RS,1,0.0,0,621,1,247,500,,,,,,,,,,2,2,0.0,,,,9,8,2.0,23,22,2.0,50,48,4.0,51,53,-4.0,151,152,-2.0,254,265,-22.0,4.0,-22.0,-18.0,-20.0
InferiorInfarction_005,V1,1,InferiorInfarction,-608,rS,1,0.0,0,621,1,247,500,,,,,,,,,,2,2,0.0,,,,6,6,0.0,23,23,0.0,49,48,2.0,50,55,-10.0,141,141,0.0,250,268,-36.0,2.0,-36.0,-26.0,-36.0
InferiorInfarction_005,V2,1,InferiorInfarction,-608,rS,1,0.0,0,621,1,247,500,,,,,,,,,,2,2,0.0,,24,,6,,,24,,,49,48,2.0,50,50,0.0,141,141,0.0,249,268,-38.0,2.0,-38.0,-38.0,-38.0
InferiorInfarction_005,V3,1,InferiorInfarction,-608,qRS,1,0.0,0,621,1,247,500,,,,,,,,,,2,2,0.0,9,9,0.0,15,15,0.0,25,25,0.0,49,48,2.0,54,50,8.0,142,142,0.0,248,267,-38.0,2.0,-38.0,-46.0,-38.0
InferiorInfarction_005,V4,1,InferiorInfarction,-608,qRs,1,0.0,0,621,1,247,500,,,,,,,,,,2,2,0.0,8,9,-2.0,15,15,0.0,37,37,0.0,50,48,4.0,55,54,2.0,146,147,-2.0,250,269,-38.0,4.0,-38.0,-40.0,-36.0
InferiorInfarction_005,V5,1,InferiorInfarction,-608,R,1,0.0,0,621,1,247,500,,,,,,,,,,2,2,0.0,,,,31,30,2.0,,,,51,48,6.0,53,50,6.0,142,142,0.0,260,275,-30.0,6.0,-30.0,-36.0,-30.0
InferiorInfarction_005,V6,1,InferiorInfarction,-608,Rs,1,0.0,0,621,1,247,500,,,,,,,,,,2,2,0.0,,,,31,32,-2.0,50,,,50,48,4.0,55,55,0.0,146,146,0.0,263,273,-20.0,4.0,-20.0,-20.0,-20.0
InferiorInfarction_006,V6,1,InferiorInfarction,-611,Rs,1,0.0,0,626,1,244,500,,,,,,,,,,1,2,-2.0,,,,28,28,0.0,50,,,50,48,4.0,51,49,4.0,167,167,0.0,256,274,-36.0,6.0,-34.0,-40.0,-36.0
InferiorInfarction_006,I,1,InferiorInfarction,-611,R,1,0.0,0,626,1,244,500,,,,,,,,,,1,2,-2.0,,,,14,14,0.0,,,,50,48,4.0,51,49,4.0,144,144,0.0,252,277,-50.0,6.0,-48.0,-54.0,-50.0
InferiorInfarction_006,II,1,InferiorInfarction,-611,R,1,0.0,0,626,1,244,500,,,,,,,,,,1,2,-2.0,,,,10,24,-28.0,,,,50,48,4.0,51,49,4.0,173,173,0.0,251,270,-38.0,6.0,-36.0,-42.0,-38.0
InferiorInfarction_006,III,1,InferiorInfarction,-611,rS,1,0.0,0,626,1,244,500,,,,,,,,,,1,2,-2.0,,14,,9,24,-30.0,14,,,49,48,2.0,50,49,2.0,173,173,0.0,254,264,-20.0,4.0,-18.0,-22.0,-20.0
InferiorInfarction_006,aVR,1,InferiorInfarction,-611,QS,1,0.0,0,626,1,244,500,,,,,,,,,,1,2,-2.0,24,24,0.0,,,,,,,51,48,6.0,52,49,6.0,142,142,0.0,253,273,-40.0,8.0,-38.0,-46.0,-40.0
InferiorInfarction_006,aVL,1,InferiorInfarction,-611,rS,1,0.0,0,626,1,244,500,,,,,,,,,,1,2,-2.0,,,,7,14,-14.0,24,24,0.0,49,48,2.0,50,49,2.0,147,147,0.0,251,265,-28.0,4.0,-26.0,-30.0,-28.0
InferiorInfarction_006,aVF,1,InferiorInfarction,-611,R,1,0.0,0,626,1,244,500,,,,,,,,,,1,2,-2.0,,14,,10,24,-28.0,,,,50,48,4.0,51,55,-8.0,173,173,0.0,252,260,-16.0,6.0,-14.0,-8.0,-16.0
InferiorInfarction_006,V1,1,InferiorInfarction,-611,rS,1,0.0,0,626,1,244,500,,,,,,,,,,1,2,-2.0,,,,8,8,0.0,22,22,0.0,49,48,2.0,50,49,2.0,140,140,0.0,249,271,-44.0,4.0,-42.0,-46.0,-44.0
InferiorInfarction_006,V2,1,InferiorInfarction,-611,rS,1,0.0,0,626,1,244,500,,,,,,,,,,1,2,-2.0,,,,5,5,0.0,21,22,-2.0,50,48,4.0,51,49,4.0,140,140,0.0,249,265,-32.0,6.0,-30.0,-36.0,-32.0
InferiorInfarction_006,V3,1,InferiorInfarction,-611,rS,1,0.0,0,626,1,244,500,,,,,,,,,,1,2,-2.0,,,,4,5,-2.0,26,25,2.0,51,48,6.0,53,49,8.0,139,139,0.0,248,267,-38.0,8.0,-36.0,-46.0,-38.0
InferiorInfarction_006,V4,1,InferiorInfarction,-611,rS,1,0.0,0,626,1,244,500,,,,,,,,,,1,2,-2.0,,8,,4,17,-26.0,33,33,0.0,50,48,4.0,55,49,12.0,139,139,0.0,249,274,-50.0,6.0,-48.0,-62.0,-50.0
InferiorInfarction_006,V5,1,InferiorInfarction,-611,R,1,0.0001,0,626,1,244,500,,,,,,,,,,1,2,-2.0,,,,17,24,-14.0,,,,51,48,6.0,52,49,6.0,137,137,0.0,248,242,12.0,8.0,14.0,6.0,12.0
InferiorInfarction_007,V2,1,InferiorInfarction,-612,QrS,1,0.0,0,629,1,243,500,,,,,,,,,,2,2,0.0,11,11,0.0,23,24,-2.0,29,28,2.0,49,48,2.0,50,49,2.0,140,140,0.0,244,273,-58.0,2.0,-58.0,-60.0,-58.0
InferiorInfarction_007,I,1,InferiorInfarction,-612,RS,1,0.0,0,629,1,243,500,,,,,,,,,,2,2,0.0,,11,,7,29,-44.0,11,,,49,48,2.0,50,49,2.0,142,142,0.0,244,275,-62.0,2.0,-62.0,-64.0,-62.0
InferiorInfarction_007,II,1,InferiorInfarction,-612,R,1,0.0,0,629,1,243,500,,,,,,,,,,2,2,0.0,,,,20,20,0.0,,,,50,48,4.0,51,49,4.0,172,172,0.0,246,273,-54.0,4.0,-54.0,-58.0,-54.0
InferiorInfarction_007,III,1,InferiorInfarction,-612,qR,1,0.0,0,629,1,243,500,,,,,,,,,,2,2,0.0,6,,,19,19,0.0,,,,50,48,4.0,51,49,4.0,148,148,0.0,246,259,-26.0,4.0,-26.0,-30.0,-26.0
InferiorInfarction_007,aVR,1,InferiorInfarction,-612,QS,1,0.0,0,629,1,243,500,,,,,,,,,,2,2,0.0,23,24,-2.0,,,,,,,49,48,2.0,51,50,2.0,172,172,0.0,247,269,-44.0,2.0,-44.0,-46.0,-44.0
InferiorInfarction_007,aVF,1,InferiorInfarction,-612,qR,1,0.0,0,629,1,243,500,,,,,,,,,,2,2,0.0,6,,,19,20,-2.0,,,,50,48,4.0,51,49,4.0,172,172,0.0,247,273,-52.0,4.0,-52.0,-56.0,-52.0
InferiorInfarction_007,V1,1,InferiorInfarction,-612,rS,1,0.0,0,629,1,243,500,,,,,,,,,,2,2,0.0,,19,,5,,,18,,,49,48,2.0,50,49,2.0,139,139,0.0,244,267,-46.0,2.0,-46.0,-48.0,-46.0
InferiorInfarction_007,V3,1,InferiorInfarction,-612,QRs,1,0.0,0,629,1,243,500,,,,,,,,,,2,2,0.0,10,10,0.0,23,23,0.0,35,36,-2.0,49,48,2.0,54,49,10.0,142,143,-2.0,244,263,-38.0,2.0,-38.0,-48.0,-36.0
InferiorInfarction_007,V4,1,InferiorInfarction,-612,qR,1,0.0,0,629,1,243,500,,,,,,,,,,2,2,0.0,9,10,-2.0,23,23,0.0,,,,49,48,2.0,55,49,12.0,150,150,0.0,244,260,-32.0,2.0,-32.0,-44.0,-32.0
InferiorInfarction_007,V5,1,InferiorInfarction,-612,qR,1,0.0,0,629,1,243,500,,,,,,,,,,2,2,0.0,9,9,0.0,24,28,-8.0,,,,49,48,2.0,50,49,2.0,141,141,0.0,248,269,-42.0,2.0,-42.0,-44.0,-42.0
InferiorInfarction_007,V6,1,InferiorInfarction,-612,qR,1,0.0,0,629,1,243,500,,,,,,,,,,2,2,0.0,10,10,0.0,28,28,0.0,,,,49,48,2.0,50,49,2.0,141,142,-2.0,249,269,-40.0,2.0,-40.0,-42.0,-38.0
InferiorInfarction_007,aVL,1,InferiorInfarction,-612,rS,1,0.0,0,629,1,243,500,,,,,,,,,,2,2,0.0,,17,,7,37,-60.0,17,,,50,48,4.0,51,49,4.0,146,146,0.0,244,226,36.0,4.0,36.0,32.0,36.0
InferiorInfarction_008,II,1,InferiorInfarction,-612,R,1,0.0,0,623,1,243,500,,,,,,,,,,2,2,0.0,,,,10,23,-26.0,,,,52,50,4.0,53,62,-18.0,173,174,-2.0,251,265,-28.0,4.0,-28.0,-10.0,-26.0
InferiorInfarction_008,I,1,InferiorInfarction,-612,R,1,0.0,0,623,1,243,500,,,,,,,,,,2,2,0.0,,,,7,14,-14.0,,,,52,50,4.0,53,66,-26.0,142,142,0.0,251,267,-32.0,4.0,-32.0,-6.0,-32.0
InferiorInfarction_008,III,1,InferiorInfarction,-612,qR,1,0.0,0,623,1,243,500,,,,,,,,,,2,2,0.0,13,14,-2.0,23,24,-2.0,,,,52,50,4.0,53,59,-12.0,141,141,0.0,252,246,12.0,4.0,12.0,24.0,12.0
InferiorInfarction_008,aVR,1,InferiorInfarction,-612,QS,1,0.0,0,623,1,243,500,,,,,,,,,,2,2,0.0,23,23,0.0,,,,,,,53,50,6.0,54,62,-16.0,143,174,-62.0,254,269,-30.0,6.0,-30.0,-14.0,32.0
InferiorInfarction_008,aVL,1,InferiorInfarction,-612,RS,1,0.0,0,623,1,243,500,,,,,,,,,,2,2,0.0,,10,,7,14,-14.0,23,24,-2.0,52,50,4.0,53,83,-60.0,141,142,-2.0,250,255,-10.0,4.0,-10.0,50.0,-8.0
InferiorInfarction_008,aVF,1,InferiorInfarction,-612,qR,1,0.0,0,623,1,243,500,,,,,,,,,,2,2,0.0,13,14,-2.0,23,23,0.0,,,,53,50,6.0,54,55,-2.0,173,173,0.0,251,253,-4.0,6.0,-4.0,-2.0,-4.0
InferiorInfarction_008,V1,1,InferiorInfarction,-612,rS,1,0.0,0,623,1,243,500,,,,,,,,,,2,2,0.0,,,,6,7,-2.0,21,21,0.0,51,50,2.0,52,51,2.0,140,140,0.0,248,251,-6.0,2.0,-6.0,-8.0,-6.0
InferiorInfarction_008,V2,1,InferiorInfarction,-612,rS,1,0.0,0,623,1,243,500,,,,,,,,,,2,2,0.0,,16,,5,,,16,,,51,50,2.0,52,51,2.0,139,139,0.0,248,248,0.0,2.0,0.0,-2.0,0.0
InferiorInfarction_008,V3,1,InferiorInfarction,-612,QRs,1,0.0,0,623,1,243,500,,,,,,,,,,2,2,0.0,13,14,-2.0,22,22,0.0,34,34,0.0,53,50,6.0,54,51,6.0,138,138,0.0,249,269,-40.0,6.0,-40.0,-46.0,-40.0
InferiorInfarction_008,V4,1,InferiorInfarction,-612,qRs,1,0.0,0,623,1,243,500,,,,,,,,,,2,2,0.0,11,11,0.0,23,23,0.0,38,39,-2.0,53,50,6.0,54,51,6.0,139,139,0.0,249,257,-16.0,6.0,-16.0,-22.0,-16.0
InferiorInfarction_008,V5,1,InferiorInfarction,-612,qR,1,0.0,0,623,1,243,500,,,,,,,,,,2,2,0.0,9,9,0.0,23,23,0.0,,,,52,50,4.0,53,51,4.0,173,173,0.0,252,238,28.0,4.0,28.0,24.0,28.0
InferiorInfarction_008,V6,1,InferiorInfarction,-612,qRs,1,0.0,0,623,1,243,500,,,,,,,,,,2,2,0.0,8,,,30,31,-2.0,53,,,53,50,6.0,54,51,6.0,144,144,0.0,255,275,-40.0,6.0,-40.0,-46.0,-40.0
InferiorInfarction_009,V1,1,InferiorInfarction,-611,rS,1,0.0004,0,638,1,244,500,,,,,,,,,,1,2,-2.0,,,,8,7,2.0,24,24,0.0,48,46,4.0,49,50,-2.0,140,140,0.0,249,268,-38.0,6.0,-36.0,-36.0,-38.0
InferiorInfarction_009,I,1,InferiorInfarction,-611,R,1,0.0002,0,638,1,244,500,,,,,,,,,,1,2,-2.0,,,,15,27,-24.0,,66,,50,46,8.0,51,94,-86.0,144,144,0.0,250,275,-50.0,10.0,-48.0,36.0,-50.0
InferiorInfarction_009,II,1,InferiorInfarction,-611,R,1,0.0002,0,638,1,244,500,,,,,,,,,,1,2,-2.0,,,,9,25,-32.0,,68,,49,46,6.0,50,97,-94.0,173,173,0.0,250,279,-58.0,8.0,-56.0,36.0,-58.0
InferiorInfarction_009,III,1,InferiorInfarction,-611,Qrs,1,0.0001,0,638,1,244,500,,,,,,,,,,1,2,-2.0,14,15,-2.0,20,19,2.0,30,30,0.0,48,46,4.0,49,92,-86.0,143,143,0.0,250,260,-20.0,6.0,-18.0,66.0,-20.0
InferiorInfarction_009,aVR,1,InferiorInfarction,-611,QS,1,0.0004,0,638,1,244,500,,,,,,,,,,1,2,-2.0,25,25,0.0,,,,,,,50,46,8.0,52,52,0.0,144,145,-2.0,252,275,-46.0,10.0,-44.0,-46.0,-44.0
InferiorInfarction_009,aVL,1,InferiorInfarction,-611,R,1,0.0002,0,638,1,244,500,,,,,,,,,,1,2,-2.0,,,,15,15,0.0,,19,,48,46,4.0,49,72,-46.0,143,144,-2.0,249,273,-48.0,6.0,-46.0,-2.0,-46.0
InferiorInfarction_009,aVF,1,InferiorInfarction,-611,qR,1,0.0001,0,638,1,244,500,,,,,,,,,,1,2,-2.0,14,14,0.0,25,25,0.0,,,,49,46,6.0,50,50,0.0,172,172,0.0,250,260,-20.0,8.0,-18.0,-20.0,-20.0
InferiorInfarction_009,V2,1,InferiorInfarction,-611,rS,1,0.0007,0,638,1,244,500,,,,,,,,,,1,2,-2.0,,,,8,7,2.0,24,23,2.0,48,46,4.0,49,50,-2.0,140,140,0.0,248,268,-40.0,6.0,-38.0,-38.0,-40.0
InferiorInfarction_009,V3,1,InferiorInfarction,-611,rS,1,0.0007,0,638,1,244,500,,,,,,,,,,1,2,-2.0,,22,,4,,,22,,,50,46,8.0,51,50,2.0,139,140,-2.0,247,269,-44.0,10.0,-42.0,-46.0,-42.0
InferiorInfarction_009,V4,1,InferiorInfarction,-611,rS,1,0.0006,0,638,1,244,500,,,,,,,,,,1,2,-2.0,,14,,4,25,-42.0,35,35,0.0,50,46,8.0,52,70,-36.0,140,140,0.0,248,273,-50.0,10.0,-48.0,-14.0,-50.0
InferiorInfarction_009,V5,1,InferiorInfarction,-611,qR,1,0.0001,0,638,1,244,500,,,,,,,,,,1,2,-2.0,7,,,24,25,-2.0,,,,49,46,6.0,50,72,-44.0,147,147,0.0,250,172,156.0,8.0,158.0,200.0,156.0
InferiorInfarction_009,V6,1,InferiorInfarction,-611,qR,1,0.0003,0,638,1,244,500,,,,,,,,,,1,2,-2.0,7,7,0.0,25,25,0.0,,,,51,46,10.0,52,68,-32.0,170,171,-2.0,252,273,-42.0,12.0,-40.0,-10.0,-40.0
InferiorInfarction_010,aVR,1,InferiorInfarction,-608,QS,1,0.0,0,639,1,247,500,,,,,,,,,,3,2,2.0,28,28,0.0,,,,,,,50,46,8.0,51,48,6.0,175,175,0.0,254,275,-42.0,6.0,-44.0,-48.0,-42.0
InferiorInfarction_010,I,1,InferiorInfarction,-608,R,1,0.0,0,639,1,247,500,,,,,,,,,,2,2,0.0,,,,13,32,-38.0,,,,50,46,8.0,51,64,-26.0,139,139,0.0,253,275,-44.0,8.0,-44.0,-18.0,-44.0
InferiorInfarction_010,II,1,InferiorInfarction,-608,qR,1,0.0,0,639,1,247,500,,,,,,,,,,3,2,2.0,12,13,-2.0,27,27,0.0,,,,49,46,6.0,50,48,4.0,175,176,-2.0,251,273,-44.0,4.0,-46.0,-48.0,-42.0
InferiorInfarction_010,III,1,InferiorInfarction,-608,qR,1,0.0,0,639,1,247,500,,,,,,,,,,3,2,2.0,13,13,0.0,26,27,-2.0,,,,48,46,4.0,49,48,2.0,139,139,0.0,254,277,-46.0,2.0,-48.0,-48.0,-46.0
InferiorInfarction_010,aVL,1,InferiorInfarction,-608,RS,1,0.0,0,639,1,247,500,,,,,,,,,,3,2,2.0,,,,13,13,0.0,24,24,0.0,49,46,6.0,50,83,-66.0,139,139,0.0,251,255,-8.0,4.0,-10.0,58.0,-8.0
InferiorInfarction_010,aVF,1,InferiorInfarction,-608,qR,1,0.0,0,639,1,247,500,,,,,,,,,,3,2,2.0,12,13,-2.0,27,27,0.0,,,,50,46,8.0,51,48,6.0,139,139,0.0,252,269,-34.0,6.0,-36.0,-40.0,-34.0
InferiorInfarction_010,V1,1,InferiorInfarction,-608,rS,1,0.0,0,639,1,247,500,,,,,,,,,,2,2,0.0,,27,,4,,,26,,,48,46,4.0,49,48,2.0,142,143,-2.0,249,269,-40.0,4.0,-40.0,-42.0,-38.0
InferiorInfarction_010,V2,1,InferiorInfarction,-608,QS,1,0.0,0,639,1,247,500,,,,,,,,,,3,2,2.0,26,26,0.0,,,,,,,48,46,4.0,49,48,2.0,141,141,0.0,248,263,-30.0,2.0,-32.0,-32.0,-30.0
InferiorInfarction_010,V3,1,InferiorInfarction,-608,Qr,1,0.0001,0,639,1,247,500,,,,,,,,,,3,2,2.0,14,14,0.0,49,,,,,,49,46,6.0,50,48,4.0,140,140,0.0,248,269,-42.0,4.0,-44.0,-46.0,-42.0
InferiorInfarction_010,V4,1,InferiorInfarction,-608,QRs,1,0.0001,0,639,1,247,500,,,,,,,,,,2,2,0.0,12,13,-2.0,29,29,0.0,38,38,0.0,50,46,8.0,51,80,-58.0,141,141,0.0,248,273,-50.0,8.0,-50.0,8.0,-50.0
InferiorInfarction_010,V5,1,InferiorInfarction,-608,qR,1,0.0,0,639,1,247,500,,,,,,,,,,2,2,0.0,9,10,-2.0,30,30,0.0,,,,50,46,8.0,51,51,0.0,141,141,0.0,255,275,-40.0,8.0,-40.0,-40.0,-40.0
InferiorInfarction_010,V6,1,InferiorInfarction,-608,Rs,1,0.0,0,639,1,247,500,,,,,,,,,,2,2,0.0,,,,31,32,-2.0,50,,,50,46,8.0,52,54,-4.0,145,145,0.0,256,275,-38.0,8.0,-38.0,-34.0,-38.0
InferiorIschemia_001,aVF,1,InferiorIschemia,-614,qR,1,0.0,0,642,1,241,500,,,,,,,,,,2,2,0.0,6,,,11,23,-24.0,,,,42,40,4.0,49,53,-8.0,177,119,116.0,177,180,-6.0,4.0,-6.0,2.0,-122.0
InferiorIschemia_001,I,1,InferiorIschemia,-614,R,1,0.0,0,642,1,241,500,,,,,,,,,,2,2,0.0,,11,,7,14,-14.0,,18,,42,40,4.0,48,62,-28.0,165,116,98.0,175,172,6.0,4.0,6.0,34.0,-92.0
InferiorIschemia_001,II,1,InferiorIschemia,-614,R,1,0.0,0,642,1,241,500,,,,,,,,,,2,2,0.0,,,,23,23,0.0,,,,43,40,6.0,45,53,-16.0,177,119,116.0,177,175,4.0,6.0,4.0,20.0,-112.0
InferiorIschemia_001,III,1,InferiorIschemia,-614,QR,1,0.0001,0,642,1,241,500,,,,,,,,,,2,2,0.0,6,,,11,23,-24.0,,,,42,40,4.0,48,54,-12.0,176,122,108.0,176,179,-6.0,4.0,-6.0,6.0,-114.0
InferiorIschemia_001,aVR,1,InferiorIschemia,-614,QS,1,0.0,0,642,1,241,500,,,,,,,,,,2,2,0.0,22,22,0.0,,,,,,,42,40,4.0,48,59,-22.0,177,119,116.0,177,181,-8.0,4.0,-8.0,14.0,-124.0
InferiorIschemia_001,aVL,1,InferiorIschemia,-614,rS,1,0.0,0,642,1,241,500,,,,,,,,,,2,2,0.0,,,,6,6,0.0,23,23,0.0,43,40,6.0,45,59,-28.0,175,133,84.0,175,183,-16.0,6.0,-16.0,12.0,-100.0
InferiorIschemia_001,V1,1,InferiorIschemia,-614,rS,1,0.0001,0,642,1,241,500,,,,,,,,,,2,2,0.0,,,,6,7,-2.0,19,19,0.0,43,40,6.0,50,59,-18.0,140,140,0.0,174,174,0.0,6.0,0.0,18.0,0.0
InferiorIschemia_001,V2,1,InferiorIschemia,-614,rS,1,0.0002,0,642,1,241,500,,,,,,,,,,2,2,0.0,,24,,5,,,23,,,43,40,6.0,51,57,-12.0,139,139,0.0,174,172,4.0,6.0,4.0,16.0,4.0
InferiorIschemia_001,V6,1,InferiorIschemia,-614,R,1,0.0,0,642,1,241,500,,,,,,,,,,2,2,0.0,,,,28,28,0.0,,,,43,40,6.0,44,41,6.0,177,101,152.0,177,167,20.0,6.0,20.0,14.0,-132.0
InferiorIschemia_001,V3,1,InferiorIschemia,-614,qRs,1,0.0002,0,642,1,241,500,,,,,,,,,,2,2,0.0,9,9,0.0,20,20,0.0,27,,,43,40,6.0,55,59,-8.0,139,139,0.0,173,167,12.0,6.0,12.0,20.0,12.0
InferiorIschemia_001,V4,1,InferiorIschemia,-614,qR,1,0.0001,0,642,1,241,500,,,,,,,,,,2,2,0.0,8,8,0.0,21,22,-2.0,,,,42,40,4.0,52,59,-14.0,140,141,-2.0,173,167,12.0,4.0,12.0,26.0,14.0
InferiorIschemia_001,V5,1,InferiorIschemia,-614,qR,1,0.0,0,642,1,241,500,,,,,,,,,,2,2,0.0,7,,,24,24,0.0,,,,42,40,4.0,47,59,-24.0,176,114,124.0,176,167,18.0,4.0,18.0,42.0,-106.0
InferiorIschemia_002,I,1,InferiorIschemia,-604,R,1,0.0003,0,643,1,251,500,,,,,,,,,,2,2,0.0,,,,16,16,0.0,,,,52,51,2.0,57,57,0.0,141,141,0.0,178,183,-10.0,2.0,-10.0,-10.0,-10.0
InferiorIschemia_002,II,1,InferiorIschemia,-604,R,1,0.0002,0,643,1,251,500,,,,,,,,,,2,2,0.0,,7,,12,32,-40.0,,,,52,51,2.0,54,69,-30.0,179,122,114.0,179,184,-10.0,2.0,-10.0,20.0,-124.0
InferiorIschemia_002,III,1,InferiorIschemia,-604,qR,1,0.0014,0,643,1,251,500,,,,,,,,,,2,2,0.0,15,16,-2.0,28,28,0.0,,,,52,51,2.0,53,69,-32.0,142,104,76.0,179,183,-8.0,2.0,-8.0,24.0,-84.0
InferiorIschemia_002,aVR,1,InferiorIschemia,-604,QS,1,0.0002,0,643,1,251,500,,,,,,,,,,2,2,0.0,31,32,-2.0,,,,,,,51,51,0.0,58,69,-22.0,136,136,0.0,179,185,-12.0,0.0,-12.0,10.0,-12.0
InferiorIschemia_002,aVL,1,InferiorIschemia,-604,RS,1,0.0005,0,643,1,251,500,,,,,,,,,,2,2,0.0,,,,9,16,-14.0,27,27,0.0,52,51,2.0,53,101,-96.0,141,141,0.0,179,182,-6.0,2.0,-6.0,90.0,-6.0
InferiorIschemia_002,aVF,1,InferiorIschemia,-604,qR,1,0.0006,0,643,1,251,500,,,,,,,,,,2,2,0.0,15,16,-2.0,31,31,0.0,,,,51,51,0.0,57,54,6.0,179,108,142.0,179,187,-16.0,0.0,-16.0,-22.0,-158.0
InferiorIschemia_002,V1,1,InferiorIschemia,-604,rS,1,0.0019,0,643,1,251,500,,,,,,,,,,2,2,0.0,,,,7,7,0.0,31,31,0.0,53,51,4.0,55,76,-42.0,144,144,0.0,178,172,12.0,4.0,12.0,54.0,12.0
InferiorIschemia_002,V2,1,InferiorIschemia,-604,rS,1,0.0019,0,643,1,251,500,,,,,,,,,,2,2,0.0,,,,7,7,0.0,31,31,0.0,52,51,2.0,58,72,-28.0,143,144,-2.0,178,172,12.0,2.0,12.0,40.0,14.0
InferiorIschemia_002,V3,1,InferiorIschemia,-604,rS,1,0.002,0,643,1,251,500,,,,,,,,,,2,2,0.0,,,,6,7,-2.0,32,32,0.0,52,51,2.0,66,69,-6.0,143,143,0.0,178,178,0.0,2.0,0.0,6.0,0.0
InferiorIschemia_002,V4,1,InferiorIschemia,-604,Qrs,1,0.0013,0,643,1,251,500,,,,,,,,,,2,2,0.0,17,17,0.0,28,42,-28.0,35,,,52,51,2.0,62,74,-24.0,143,143,0.0,177,185,-16.0,2.0,-16.0,8.0,-16.0
InferiorIschemia_002,V5,1,InferiorIschemia,-604,qR,1,0.0003,0,643,1,251,500,,,,,,,,,,2,2,0.0,10,11,-2.0,31,31,0.0,,,,53,51,4.0,55,69,-28.0,138,159,-42.0,179,191,-24.0,4.0,-24.0,4.0,18.0
InferiorIschemia_002,V6,1,InferiorIschemia,-604,qR,1,0.0002,0,643,1,251,500,,,,,,,,,,2,2,0.0,11,10,2.0,35,36,-2.0,,,,52,51,2.0,54,55,-2.0,145,92,106.0,180,185,-10.0,2.0,-10.0,-8.0,-116.0
InferiorIschemia_003,aVR,1,InferiorIschemia,-614,QS,1,0.0,0,628,1,241,500,,,,,,,,,,1,2,-2.0,21,21,0.0,,,,,,,44,43,2.0,49,57,-16.0,176,124,104.0,176,180,-8.0,4.0,-6.0,8.0,-112.0
InferiorIschemia_003,I,1,InferiorIschemia,-614,R,1,0.0,0,628,1,241,500,,,,,,,,,,1,2,-2.0,,,,7,28,-42.0,,,,45,43,4.0,47,49,-4.0,176,118,116.0,176,169,14.0,6.0,16.0,18.0,-102.0
InferiorIschemia_003,II,1,InferiorIschemia,-614,R,1,0.0,0,628,1,241,500,,,,,,,,,,1,2,-2.0,,,,9,21,-24.0,,,,44,43,2.0,46,50,-8.0,176,126,100.0,176,179,-6.0,4.0,-4.0,2.0,-106.0
InferiorIschemia_003,III,1,InferiorIschemia,-614,R,1,0.0,0,628,1,241,500,,,,,,,,,,1,2,-2.0,,,,9,21,-24.0,,,,44,43,2.0,46,57,-22.0,142,143,-2.0,176,175,2.0,4.0,4.0,24.0,4.0
InferiorIschemia_003,aVL,1,InferiorIschemia,-614,rS,1,0.0,0,628,1,241,500,,,,,,,,,,1,2,-2.0,,21,,6,31,-50.0,21,,,44,43,2.0,45,62,-34.0,147,147,0.0,176,180,-8.0,4.0,-6.0,26.0,-8.0
InferiorIschemia_003,aVF,1,InferiorIschemia,-614,R,1,0.0,0,628,1,241,500,,,,,,,,,,1,2,-2.0,,,,9,21,-24.0,,,,43,43,0.0,50,57,-14.0,134,134,0.0,175,178,-6.0,2.0,-4.0,8.0,-6.0
InferiorIschemia_003,V1,1,InferiorIschemia,-614,rS,1,0.0001,0,628,1,241,500,,,,,,,,,,1,2,-2.0,,,,5,5,0.0,22,21,2.0,44,43,2.0,53,64,-22.0,141,141,0.0,176,178,-4.0,4.0,-2.0,18.0,-4.0
InferiorIschemia_003,V2,1,InferiorIschemia,-614,rS,1,0.0002,0,628,1,241,500,,,,,,,,,,1,2,-2.0,,9,,4,19,-30.0,25,25,0.0,44,43,2.0,56,66,-20.0,141,141,0.0,176,176,0.0,4.0,2.0,20.0,0.0
InferiorIschemia_003,V3,1,InferiorIschemia,-614,qRs,1,0.0001,0,628,1,241,500,,,,,,,,,,1,2,-2.0,8,8,0.0,19,19,0.0,31,,,44,43,2.0,65,68,-6.0,144,144,0.0,175,169,12.0,4.0,14.0,18.0,12.0
InferiorIschemia_003,V4,1,InferiorIschemia,-614,qR,1,0.0001,0,628,1,241,500,,,,,,,,,,1,2,-2.0,8,8,0.0,21,22,-2.0,,,,44,43,2.0,60,80,-40.0,147,148,-2.0,174,172,4.0,4.0,6.0,44.0,6.0
InferiorIschemia_003,V6,1,InferiorIschemia,-614,qR,1,0.0,0,628,1,241,500,,,,,,,,,,1,2,-2.0,6,6,0.0,30,31,-2.0,,,,44,43,2.0,45,47,-4.0,152,100,104.0,176,169,14.0,4.0,16.0,18.0,-90.0
InferiorIschemia_003,V5,1,InferiorIschemia,-614,qR,1,0.0,0,628,1,241,500,,,,,,,,,,1,2,-2.0,7,8,-2.0,29,30,-2.0,,,,44,43,2.0,50,57,-14.0,176,113,126.0,176,169,14.0,4.0,16.0,28.0,-112.0
InferiorIschemia_004,aVR,1,InferiorIschemia,-609,QS,1,0.0,0,642,1,246,500,,,,,,,,,,1,2,-2.0,27,27,0.0,,,,,,,44,44,0.0,46,49,-6.0,183,128,110.0,183,175,16.0,2.0,18.0,22.0,-94.0
InferiorIschemia_004,II,1,InferiorIschemia,-609,R,1,0.0,0,642,1,246,500,,,,,,,,,,2,2,0.0,,,,10,27,-34.0,,,,44,44,0.0,45,54,-18.0,182,118,128.0,182,176,12.0,0.0,12.0,30.0,-116.0
InferiorIschemia_004,III,1,InferiorIschemia,-609,qR,1,0.0005,0,642,1,246,500,,,,,,,,,,1,2,-2.0,13,14,-2.0,26,26,0.0,,,,44,44,0.0,45,48,-6.0,139,85,108.0,182,175,14.0,2.0,16.0,20.0,-94.0
InferiorIschemia_004,aVL,1,InferiorIschemia,-609,RS,1,0.0002,0,642,1,246,500,,,,,,,,,,1,2,-2.0,,,,8,14,-12.0,25,26,-2.0,44,44,0.0,45,78,-66.0,138,138,0.0,181,179,4.0,2.0,6.0,70.0,4.0
InferiorIschemia_004,aVF,1,InferiorIschemia,-609,qR,1,0.0001,0,642,1,246,500,,,,,,,,,,2,2,0.0,7,,,26,26,0.0,,,,44,44,0.0,46,49,-6.0,181,102,158.0,181,177,8.0,0.0,8.0,14.0,-150.0
InferiorIschemia_004,V1,1,InferiorIschemia,-609,rS,1,0.0005,0,642,1,246,500,,,,,,,,,,1,2,-2.0,,,,4,5,-2.0,21,21,0.0,44,44,0.0,52,60,-16.0,143,144,-2.0,182,175,14.0,2.0,16.0,30.0,16.0
InferiorIschemia_004,V2,1,InferiorIschemia,-609,rS,1,0.0004,0,642,1,246,500,,,,,,,,,,1,2,-2.0,,25,,3,,,25,,,44,44,0.0,55,61,-12.0,142,142,0.0,182,175,14.0,2.0,16.0,26.0,14.0
InferiorIschemia_004,V3,1,InferiorIschemia,-609,QRs,1,0.0002,0,642,1,246,500,,,,,,,,,,1,2,-2.0,10,10,0.0,24,25,-2.0,33,33,0.0,44,44,0.0,57,65,-16.0,141,141,0.0,180,175,10.0,2.0,12.0,26.0,10.0
InferiorIschemia_004,V4,1,InferiorIschemia,-609,qR,1,0.0002,0,642,1,246,500,,,,,,,,,,1,2,-2.0,9,10,-2.0,26,26,0.0,,,,43,44,-2.0,50,97,-94.0,151,152,-2.0,179,175,8.0,0.0,10.0,102.0,10.0
InferiorIschemia_004,V5,1,InferiorIschemia,-609,R,1,0.0001,0,642,1,246,500,,,,,,,,,,1,2,-2.0,,,,31,31,0.0,,,,45,44,2.0,46,87,-82.0,183,117,132.0,183,175,16.0,4.0,18.0,98.0,-116.0
InferiorIschemia_004,I,1,InferiorIschemia,-609,R,1,0.0001,0,642,1,246,500,,,,,,,,,,1,2,-2.0,,,,14,14,0.0,,,,44,44,0.0,45,46,-2.0,135,136,-2.0,181,175,12.0,2.0,14.0,14.0,14.0
InferiorIschemia_004,V6,1,InferiorIschemia,-609,R,1,0.0,0,642,1,246,500,,,,,,,,,,1,2,-2.0,,,,32,32,0.0,,,,44,44,0.0,45,46,-2.0,183,100,166.0,183,175,16.0,2.0,18.0,18.0,-150.0
InferiorIschemia_005,III,1,InferiorIschemia,-611,qR,1,0.0005,0,624,1,244,500,,,,,,,,,,2,2,0.0,8,8,0.0,23,23,0.0,,,,43,40,6.0,44,44,0.0,150,150,0.0,174,168,12.0,6.0,12.0,12.0,12.0
InferiorIschemia_005,I,1,InferiorIschemia,-611,R,1,0.0,0,624,1,244,500,,,,,,,,,,2,2,0.0,,,,11,11,0.0,,,,43,40,6.0,44,59,-30.0,129,129,0.0,174,168,12.0,6.0,12.0,42.0,12.0
InferiorIschemia_005,II,1,InferiorIschemia,-611,R,1,0.0,0,624,1,244,500,,,,,,,,,,2,2,0.0,,,,23,23,0.0,,,,43,40,6.0,44,44,0.0,174,124,100.0,174,168,12.0,6.0,12.0,12.0,-88.0
InferiorIschemia_005,aVR,1,InferiorIschemia,-611,QS,1,0.0001,0,624,1,244,500,,,,,,,,,,2,2,0.0,23,23,0.0,,,,,,,43,40,6.0,44,46,-4.0,175,127,96.0,175,176,-2.0,6.0,-2.0,2.0,-98.0
InferiorIschemia_005,aVL,1,InferiorIschemia,-611,RS,1,0.0002,0,624,1,244,500,,,,,,,,,,2,2,0.0,,,,10,11,-2.0,23,23,0.0,42,40,4.0,43,42,2.0,151,152,-2.0,174,176,-4.0,4.0,-4.0,-6.0,-2.0
InferiorIschemia_005,aVF,1,InferiorIschemia,-611,R,1,0.0001,0,624,1,244,500,,,,,,,,,,2,2,0.0,,8,,23,23,0.0,,,,43,40,6.0,44,49,-10.0,174,121,106.0,174,174,0.0,6.0,0.0,10.0,-106.0
InferiorIschemia_005,V1,1,InferiorIschemia,-611,rS,1,0.0012,0,624,1,244,500,,,,,,,,,,2,2,0.0,,,,6,6,0.0,21,21,0.0,42,40,4.0,50,62,-24.0,142,143,-2.0,174,168,12.0,4.0,12.0,36.0,14.0
InferiorIschemia_005,V2,1,InferiorIschemia,-611,rS,1,0.0015,0,624,1,244,500,,,,,,,,,,2,2,0.0,,24,,6,,,24,,,42,40,4.0,51,70,-38.0,142,142,0.0,174,168,12.0,4.0,12.0,50.0,12.0
InferiorIschemia_005,V3,1,InferiorIschemia,-611,qRs,1,0.0011,0,624,1,244,500,,,,,,,,,,2,2,0.0,9,9,0.0,15,15,0.0,25,25,0.0,42,40,4.0,65,72,-14.0,143,144,-2.0,174,179,-10.0,4.0,-10.0,4.0,-8.0
InferiorIschemia_005,V4,1,InferiorIschemia,-611,qR,1,0.0005,0,624,1,244,500,,,,,,,,,,2,2,0.0,8,8,0.0,15,15,0.0,,,,42,40,4.0,47,94,-94.0,147,147,0.0,173,168,10.0,4.0,10.0,104.0,10.0
InferiorIschemia_005,V6,1,InferiorIschemia,-611,R,1,0.0001,0,624,1,244,500,,,,,,,,,,2,2,0.0,,,,13,29,-32.0,,,,43,40,6.0,44,49,-10.0,175,103,144.0,175,175,0.0,6.0,0.0,10.0,-144.0
InferiorIschemia_005,V5,1,InferiorIschemia,-611,R,1,0.0002,0,624,1,244,500,,,,,,,,,,2,2,0.0,,,,15,30,-30.0,,,,43,40,6.0,44,49,-10.0,175,112,126.0,175,168,14.0,6.0,14.0,24.0,-112.0
InferiorIschemia_006,aVR,1,InferiorIschemia,-611,QS,1,0.0004,0,626,1,244,500,,,,,,,,,,1,2,-2.0,24,24,0.0,,,,,,,44,39,10.0,56,51,10.0,132,132,0.0,175,175,0.0,12.0,2.0,-10.0,0.0
InferiorIschemia_006,II,1,InferiorIschemia,-611,R,1,0.0005,0,626,1,244,500,,,,,,,,,,1,2,-2.0,,,,10,24,-28.0,,,,43,39,8.0,51,51,0.0,175,126,98.0,175,177,-4.0,10.0,-2.0,-4.0,-102.0
InferiorIschemia_006,III,1,InferiorIschemia,-611,rS,1,0.0039,0,626,1,244,500,,,,,,,,,,1,2,-2.0,,14,,9,24,-30.0,14,,,44,39,10.0,53,55,-4.0,175,112,126.0,175,178,-6.0,12.0,-4.0,-2.0,-132.0
InferiorIschemia_006,aVL,1,InferiorIschemia,-611,rS,1,0.0007,0,626,1,244,500,,,,,,,,,,1,2,-2.0,,,,7,14,-14.0,24,24,0.0,45,39,12.0,47,41,12.0,138,87,102.0,174,166,16.0,14.0,18.0,4.0,-86.0
InferiorIschemia_006,aVF,1,InferiorIschemia,-611,R,1,0.0016,0,626,1,244,500,,,,,,,,,,1,2,-2.0,,14,,10,25,-30.0,,,,43,39,8.0,60,55,10.0,174,118,112.0,174,176,-4.0,10.0,-2.0,-14.0,-116.0
InferiorIschemia_006,V1,1,InferiorIschemia,-611,rS,1,0.0031,0,626,1,244,500,,,,,,,,,,1,2,-2.0,,,,8,8,0.0,22,22,0.0,44,39,10.0,50,59,-18.0,142,142,0.0,174,176,-4.0,12.0,-2.0,14.0,-4.0
InferiorIschemia_006,V2,1,InferiorIschemia,-611,rS,1,0.0027,0,626,1,244,500,,,,,,,,,,1,2,-2.0,,,,5,8,-6.0,21,22,-2.0,44,39,10.0,52,55,-6.0,141,141,0.0,174,181,-14.0,12.0,-12.0,-8.0,-14.0
InferiorIschemia_006,V3,1,InferiorIschemia,-611,rS,1,0.0019,0,626,1,244,500,,,,,,,,,,1,2,-2.0,,,,4,5,-2.0,21,21,0.0,45,39,12.0,60,66,-12.0,140,141,-2.0,173,168,10.0,14.0,12.0,22.0,12.0
InferiorIschemia_006,V4,1,InferiorIschemia,-611,RS,1,0.0018,0,626,1,244,500,,,,,,,,,,1,2,-2.0,,8,,4,24,-40.0,33,33,0.0,44,39,10.0,59,72,-26.0,141,141,0.0,173,167,12.0,12.0,14.0,38.0,12.0
InferiorIschemia_006,V5,1,InferiorIschemia,-611,R,1,0.0012,0,626,1,244,500,,,,,,,,,,1,2,-2.0,,,,17,24,-14.0,,,,46,39,14.0,48,76,-56.0,175,119,112.0,175,168,14.0,16.0,16.0,70.0,-98.0
InferiorIschemia_006,V6,1,InferiorIschemia,-611,R,1,0.0008,0,626,1,244,500,,,,,,,,,,1,2,-2.0,,,,27,27,0.0,,,,44,39,10.0,49,51,-4.0,175,101,148.0,175,166,18.0,12.0,20.0,22.0,-130.0
InferiorIschemia_006,I,1,InferiorIschemia,-611,R,1,0.0005,0,626,1,244,500,,,,,,,,,,1,2,-2.0,,,,14,14,0.0,,,,44,39,10.0,54,51,6.0,135,135,0.0,174,166,16.0,12.0,18.0,10.0,16.0
InferiorIschemia_007,III,1,InferiorIschemia,-612,qR,1,0.0,0,629,1,243,500,,,,,,,,,,2,3,-2.0,7,7,0.0,19,20,-2.0,,,,43,43,0.0,48,52,-8.0,145,146,-2.0,174,167,14.0,2.0,16.0,22.0,16.0
InferiorIschemia_007,II,1,InferiorIschemia,-612,qR,1,0.0,0,629,1,243,500,,,,,,,,,,2,3,-2.0,6,,,20,24,-8.0,,,,44,43,2.0,45,52,-14.0,175,107,136.0,175,167,16.0,4.0,18.0,30.0,-120.0
InferiorIschemia_007,V3,1,InferiorIschemia,-612,qRs,1,0.0001,0,629,1,243,500,,,,,,,,,,2,3,-2.0,10,10,0.0,23,23,0.0,35,,,43,43,0.0,62,101,-78.0,143,144,-2.0,173,167,12.0,2.0,14.0,90.0,14.0
InferiorIschemia_007,I,1,InferiorIschemia,-612,RS,1,0.0,0,629,1,243,500,,,,,,,,,,2,3,-2.0,,11,,7,24,-34.0,11,,,43,43,0.0,48,52,-8.0,149,103,92.0,174,167,14.0,2.0,16.0,22.0,-78.0
InferiorIschemia_007,aVR,1,InferiorIschemia,-612,QS,1,0.0,0,629,1,243,500,,,,,,,,,,2,3,-2.0,23,24,-2.0,,,,,,,42,43,-2.0,47,52,-10.0,176,105,142.0,176,167,18.0,0.0,20.0,28.0,-124.0
InferiorIschemia_007,aVL,1,InferiorIschemia,-612,rS,1,0.0,0,629,1,243,500,,,,,,,,,,2,3,-2.0,,,,7,7,0.0,18,18,0.0,44,43,2.0,45,52,-14.0,147,147,0.0,174,167,14.0,4.0,16.0,28.0,14.0
InferiorIschemia_007,aVF,1,InferiorIschemia,-612,qR,1,0.0,0,629,1,243,500,,,,,,,,,,2,3,-2.0,7,7,0.0,20,20,0.0,,,,43,43,0.0,49,52,-6.0,174,109,130.0,174,167,14.0,2.0,16.0,20.0,-116.0
InferiorIschemia_007,V1,1,InferiorIschemia,-612,rS,1,0.0,0,629,1,243,500,,,,,,,,,,2,3,-2.0,,19,,5,,,19,,,43,43,0.0,53,52,2.0,140,141,-2.0,174,167,14.0,2.0,16.0,12.0,16.0
InferiorIschemia_007,V2,1,InferiorIschemia,-612,Qrs,1,0.0001,0,629,1,243,500,,,,,,,,,,2,3,-2.0,10,11,-2.0,22,23,-2.0,28,28,0.0,44,43,2.0,56,52,8.0,141,141,0.0,174,167,14.0,4.0,16.0,6.0,14.0
InferiorIschemia_007,V4,1,InferiorIschemia,-612,qR,1,0.0,0,629,1,243,500,,,,,,,,,,2,3,-2.0,9,10,-2.0,23,23,0.0,,,,43,43,0.0,58,52,12.0,147,98,98.0,173,167,12.0,2.0,14.0,0.0,-86.0
InferiorIschemia_007,V5,1,InferiorIschemia,-612,qR,1,0.0,0,629,1,243,500,,,,,,,,,,2,3,-2.0,10,10,0.0,24,25,-2.0,,,,42,43,-2.0,48,52,-8.0,148,104,88.0,176,167,18.0,0.0,20.0,26.0,-70.0
InferiorIschemia_007,V6,1,InferiorIschemia,-612,qR,1,0.0,0,629,1,243,500,,,,,,,,,,2,3,-2.0,10,10,0.0,27,27,0.0,,,,43,43,0.0,44,52,-16.0,145,101,88.0,177,167,20.0,2.0,22.0,36.0,-68.0
InferiorIschemia_008,I,1,InferiorIschemia,-612,R,1,0.0,0,637,1,243,500,,,,,,,,,,2,2,0.0,,,,14,14,0.0,,,,44,41,6.0,45,53,-16.0,135,135,0.0,179,171,16.0,6.0,16.0,32.0,16.0
InferiorIschemia_008,aVR,1,InferiorIschemia,-612,QS,1,0.0,0,637,1,243,500,,,,,,,,,,2,2,0.0,23,23,0.0,,,,,,,44,41,6.0,46,53,-14.0,181,129,104.0,181,175,12.0,6.0,12.0,26.0,-92.0
InferiorIschemia_008,V3,1,InferiorIschemia,-612,QRs,1,0.0,0,637,1,243,500,,,,,,,,,,2,2,0.0,13,14,-2.0,22,22,0.0,34,,,46,41,10.0,57,64,-14.0,139,139,0.0,177,171,12.0,10.0,12.0,26.0,12.0
InferiorIschemia_008,V4,1,InferiorIschemia,-612,qR,1,0.0,0,637,1,243,500,,,,,,,,,,2,2,0.0,11,11,0.0,23,23,0.0,,,,44,41,6.0,56,66,-20.0,139,139,0.0,177,171,12.0,6.0,12.0,32.0,12.0
InferiorIschemia_008,II,1,InferiorIschemia,-612,R,1,0.0,0,637,1,243,500,,,,,,,,,,2,2,0.0,,,,23,23,0.0,,,,43,41,4.0,44,53,-18.0,180,117,126.0,180,171,18.0,4.0,18.0,36.0,-108.0
InferiorIschemia_008,III,1,InferiorIschemia,-612,QR,1,0.0,0,637,1,243,500,,,,,,,,,,2,2,0.0,13,14,-2.0,23,23,0.0,,,,43,41,4.0,44,53,-18.0,140,79,122.0,179,171,16.0,4.0,16.0,34.0,-106.0
InferiorIschemia_008,aVL,1,InferiorIschemia,-612,RS,1,0.0,0,637,1,243,500,,,,,,,,,,2,2,0.0,,,,13,14,-2.0,23,24,-2.0,42,41,2.0,43,53,-20.0,138,138,0.0,179,171,16.0,2.0,16.0,36.0,16.0
InferiorIschemia_008,aVF,1,InferiorIschemia,-612,qR,1,0.0,0,637,1,243,500,,,,,,,,,,2,2,0.0,13,14,-2.0,23,23,0.0,,,,43,41,4.0,44,53,-18.0,179,106,146.0,179,171,16.0,4.0,16.0,34.0,-130.0
InferiorIschemia_008,V1,1,InferiorIschemia,-612,rS,1,0.0,0,637,1,243,500,,,,,,,,,,2,2,0.0,,,,6,7,-2.0,21,21,0.0,48,41,14.0,49,53,-8.0,141,141,0.0,179,171,16.0,14.0,16.0,24.0,16.0
InferiorIschemia_008,V2,1,InferiorIschemia,-612,rS,1,0.0,0,637,1,243,500,,,,,,,,,,2,2,0.0,,16,,5,,,16,,,47,41,12.0,54,53,2.0,140,140,0.0,178,171,14.0,12.0,14.0,12.0,14.0
InferiorIschemia_008,V5,1,InferiorIschemia,-612,qR,1,0.0,0,637,1,243,500,,,,,,,,,,2,2,0.0,8,9,-2.0,23,23,0.0,,,,45,41,8.0,46,53,-14.0,181,112,138.0,181,171,20.0,8.0,20.0,34.0,-118.0
InferiorIschemia_008,V6,1,InferiorIschemia,-612,qR,1,0.0,0,637,1,243,500,,,,,,,,,,2,2,0.0,7,8,-2.0,29,30,-2.0,,,,43,41,4.0,44,53,-18.0,181,101,160.0,181,171,20.0,4.0,20.0,38.0,-140.0
InferiorIschemia_009,I,1,InferiorIschemia,-611,R,1,0.0002,0,638,1,244,500,,,,,,,,,,1,2,-2.0,,,,15,25,-20.0,,,,42,39,6.0,48,76,-56.0,138,138,0.0,177,168,18.0,8.0,20.0,74.0,18.0
InferiorIschemia_009,V3,1,InferiorIschemia,-611,rS,1,0.0006,0,638,1,244,500,,,,,,,,,,1,2,-2.0,,17,,4,,,21,,,42,39,6.0,60,68,-16.0,141,141,0.0,175,175,0.0,8.0,2.0,16.0,0.0
InferiorIschemia_009,V4,1,InferiorIschemia,-611,rS,1,0.0004,0,638,1,244,500,,,,,,,,,,1,2,-2.0,,14,,4,26,-44.0,14,35,-42.0,42,39,6.0,58,62,-8.0,141,141,0.0,175,168,14.0,8.0,16.0,22.0,14.0
InferiorIschemia_009,V5,1,InferiorIschemia,-611,qR,1,0.0002,0,638,1,244,500,,,,,,,,,,1,2,-2.0,11,11,0.0,24,25,-2.0,,,,42,39,6.0,47,70,-46.0,146,146,0.0,178,168,20.0,8.0,22.0,66.0,20.0
InferiorIschemia_009,II,1,InferiorIschemia,-611,R,1,0.0,0,638,1,244,500,,,,,,,,,,1,2,-2.0,,,,9,25,-32.0,,,,43,39,8.0,45,55,-20.0,178,120,116.0,178,168,20.0,10.0,22.0,40.0,-96.0
InferiorIschemia_009,III,1,InferiorIschemia,-611,Qrs,1,0.0014,0,638,1,244,500,,,,,,,,,,1,2,-2.0,14,15,-2.0,20,19,2.0,29,29,0.0,43,39,8.0,44,55,-22.0,141,141,0.0,179,168,22.0,10.0,24.0,44.0,22.0
InferiorIschemia_009,aVR,1,InferiorIschemia,-611,QS,1,0.0001,0,638,1,244,500,,,,,,,,,,1,2,-2.0,25,25,0.0,,,,,,,42,39,6.0,48,55,-14.0,134,134,0.0,178,168,20.0,8.0,22.0,34.0,20.0
InferiorIschemia_009,aVL,1,InferiorIschemia,-611,R,1,0.0006,0,638,1,244,500,,,,,,,,,,1,2,-2.0,,,,14,15,-2.0,,41,,43,39,8.0,44,55,-22.0,139,139,0.0,177,168,18.0,10.0,20.0,40.0,18.0
InferiorIschemia_009,aVF,1,InferiorIschemia,-611,qR,1,0.0002,0,638,1,244,500,,,,,,,,,,1,2,-2.0,14,14,0.0,25,25,0.0,,,,41,39,4.0,47,55,-16.0,178,92,172.0,178,168,20.0,6.0,22.0,36.0,-152.0
InferiorIschemia_009,V1,1,InferiorIschemia,-611,rS,1,0.0013,0,638,1,244,500,,,,,,,,,,1,2,-2.0,,,,8,9,-2.0,24,24,0.0,42,39,6.0,51,55,-8.0,142,143,-2.0,177,168,18.0,8.0,20.0,26.0,20.0
InferiorIschemia_009,V2,1,InferiorIschemia,-611,rS,1,0.0012,0,638,1,244,500,,,,,,,,,,1,2,-2.0,,,,5,7,-4.0,23,23,0.0,43,39,8.0,55,55,0.0,142,142,0.0,176,168,16.0,10.0,18.0,16.0,16.0
InferiorIschemia_009,V6,1,InferiorIschemia,-611,qR,1,0.0001,0,638,1,244,500,,,,,,,,,,1,2,-2.0,8,8,0.0,24,24,0.0,,,,43,39,8.0,44,55,-22.0,179,103,152.0,179,168,22.0,10.0,24.0,44.0,-130.0
InferiorIschemia_010,aVR,1,InferiorIschemia,-608,QS,1,0.0,0,642,1,247,500,,,,,,,,,,2,2,0.0,28,28,0.0,,,,,,,45,42,6.0,46,53,-14.0,181,127,108.0,181,171,20.0,6.0,20.0,34.0,-88.0
InferiorIschemia_010,I,1,InferiorIschemia,-608,R,1,0.0,0,642,1,247,500,,,,,,,,,,2,2,0.0,,,,13,33,-40.0,,,,45,42,6.0,46,53,-14.0,134,134,0.0,180,171,18.0,6.0,18.0,32.0,18.0
InferiorIschemia_010,aVL,1,InferiorIschemia,-608,RS,1,0.0,0,642,1,247,500,,,,,,,,,,2,2,0.0,,,,13,13,0.0,24,25,-2.0,45,42,6.0,46,52,-12.0,137,137,0.0,180,175,10.0,6.0,10.0,22.0,10.0
InferiorIschemia_010,aVF,1,InferiorIschemia,-608,qR,1,0.0,0,642,1,247,500,,,,,,,,,,2,2,0.0,12,13,-2.0,27,27,0.0,,,,45,42,6.0,46,53,-14.0,141,71,140.0,180,187,-14.0,6.0,-14.0,0.0,-154.0
InferiorIschemia_010,V1,1,InferiorIschemia,-608,rS,1,0.0002,0,642,1,247,500,,,,,,,,,,2,2,0.0,,26,,5,,,26,,,45,42,6.0,51,60,-18.0,144,144,0.0,180,171,18.0,6.0,18.0,36.0,18.0
InferiorIschemia_010,V2,1,InferiorIschemia,-608,QS,1,0.0002,0,642,1,247,500,,,,,,,,,,2,2,0.0,26,26,0.0,,,,,,,45,42,6.0,53,53,0.0,142,142,0.0,180,177,6.0,6.0,6.0,6.0,6.0
InferiorIschemia_010,V3,1,InferiorIschemia,-608,QS,1,0.0001,0,642,1,247,500,,,,,,,,,,2,2,0.0,13,13,0.0,,,,,,,45,42,6.0,56,65,-18.0,141,142,-2.0,179,171,16.0,6.0,16.0,34.0,18.0
InferiorIschemia_010,V4,1,InferiorIschemia,-608,QR,1,0.0001,0,642,1,247,500,,,,,,,,,,2,2,0.0,12,13,-2.0,29,29,0.0,,,,44,42,4.0,50,44,12.0,144,76,136.0,179,171,16.0,4.0,16.0,4.0,-120.0
InferiorIschemia_010,V5,1,InferiorIschemia,-608,qR,1,0.0,0,642,1,247,500,,,,,,,,,,2,2,0.0,9,10,-2.0,30,30,0.0,,,,45,42,6.0,46,69,-46.0,143,144,-2.0,182,171,22.0,6.0,22.0,68.0,24.0
InferiorIschemia_010,V6,1,InferiorIschemia,-608,R,1,0.0,0,642,1,247,500,,,,,,,,,,2,2,0.0,,,,32,32,0.0,,,,45,42,6.0,46,47,-2.0,150,99,102.0,181,171,20.0,6.0,20.0,22.0,-82.0
InferiorIschemia_010,II,1,InferiorIschemia,-608,qR,1,0.0,0,642,1,247,500,,,,,,,,,,2,2,0.0,12,13,-2.0,27,28,-2.0,,,,45,42,6.0,46,53,-14.0,181,111,140.0,181,171,20.0,6.0,20.0,34.0,-120.0
InferiorIschemia_010,III,1,InferiorIschemia,-608,qR,1,0.0,0,642,1,247,500,,,,,,,,,,2,2,0.0,12,13,-2.0,26,27,-2.0,,,,45,42,6.0,46,53,-14.0,139,139,0.0,180,171,18.0,6.0,18.0,32.0,18.0
AnteriorInfarction_001,I,1,AnteriorInfarction,-613,RS,1,0.0036,0,638,1,242,500,,,,,,,,,,2,0,4.0,,13,,7,30,-46.0,12,,,41,42,-2.0,57,46,22.0,162,161,2.0,255,249,12.0,-6.0,8.0,-10.0,10.0
AnteriorInfarction_001,III,1,AnteriorInfarction,-613,rS,1,0.0021,0,638,1,242,500,,,,,,,,,,2,0,4.0,,,,5,16,-22.0,30,30,0.0,41,42,-2.0,57,46,22.0,143,143,0.0,251,251,0.0,-6.0,-4.0,-22.0,0.0
AnteriorInfarction_001,aVR,1,AnteriorInfarction,-613,QS,1,0.0036,0,638,1,242,500,,,,,,,,,,2,0,4.0,23,23,0.0,,,,,,,39,42,-6.0,58,76,-36.0,140,140,0.0,257,255,4.0,-10.0,0.0,40.0,4.0
AnteriorInfarction_001,aVL,1,AnteriorInfarction,-613,rS,1,0.0031,0,638,1,242,500,,,,,,,,,,2,0,4.0,,14,,6,30,-48.0,14,,,41,42,-2.0,48,46,4.0,145,145,0.0,252,252,0.0,-6.0,-4.0,-4.0,0.0
AnteriorInfarction_001,aVF,1,AnteriorInfarction,-613,Rs,1,0.0005,0,638,1,242,500,,,,,,,,,,2,0,4.0,,,,16,23,-14.0,30,30,0.0,40,42,-4.0,59,46,26.0,142,143,-2.0,252,234,36.0,-8.0,32.0,10.0,38.0
AnteriorInfarction_001,V2,1,AnteriorInfarction,-613,rS,1,0.012,0,638,1,242,500,,,,,,,,,,2,0,4.0,,,,4,5,-2.0,19,19,0.0,40,42,-4.0,49,56,-14.0,140,140,0.0,252,262,-20.0,-8.0,-24.0,-6.0,-20.0
AnteriorInfarction_001,V3,1,AnteriorInfarction,-613,qR,1,0.0059,0,638,1,242,500,,,,,,,,,,2,0,4.0,8,8,0.0,25,25,0.0,,,,38,42,-8.0,58,139,-162.0,156,156,0.0,251,269,-36.0,-12.0,-40.0,126.0,-36.0
AnteriorInfarction_001,V4,1,AnteriorInfarction,-613,qR,1,0.003,0,638,1,242,500,,,,,,,,,,2,0,4.0,7,8,-2.0,23,23,0.0,,,,39,42,-6.0,59,46,26.0,130,133,-6.0,254,253,2.0,-10.0,-2.0,-24.0,8.0
AnteriorInfarction_001,V5,1,AnteriorInfarction,-613,qR,1,0.0022,0,638,1,242,500,,,,,,,,,,2,0,4.0,7,7,0.0,22,22,0.0,,,,38,42,-8.0,55,96,-82.0,152,152,0.0,259,251,16.0,-12.0,12.0,98.0,16.0
AnteriorInfarction_001,V6,1,AnteriorInfarction,-613,R,1,0.0014,0,638,1,242,500,,,,,,,,,,2,0,4.0,,5,,21,22,-2.0,,,,38,42,-8.0,57,46,22.0,147,147,0.0,257,252,10.0,-12.0,6.0,-12.0,10.0
AnteriorInfarction_001,II,1,AnteriorInfarction,-613,R,1,0.0005,0,638,1,242,500,,,,,,,,,,2,0,4.0,,,,23,23,0.0,,,,39,42,-6.0,56,46,20.0,142,142,0.0,253,172,162.0,-10.0,158.0,142.0,162.0
AnteriorInfarction_001,V1,1,AnteriorInfarction,-613,rS,1,0.0098,0,638,1,242,500,,,,,,,,,,2,0,4.0,,,,7,7,0.0,20,20,0.0,39,42,-6.0,49,46,6.0,141,142,-2.0,251,262,-22.0,-10.0,-26.0,-28.0,-20.0
AnteriorInfarction_002,V1,1,AnteriorInfarction,-603,rS,1,0.0041,0,636,1,252,500,,,,,,,,,,1,2,-2.0,,,,7,12,-10.0,33,33,0.0,62,57,10.0,63,66,-6.0,153,153,0.0,261,277,-32.0,12.0,-30.0,-26.0,-32.0
AnteriorInfarction_002,I,1,AnteriorInfarction,-603,R,1,0.0028,0,636,1,252,500,,,,,,,,,,1,2,-2.0,,,,8,34,-52.0,,,,62,57,10.0,79,143,-128.0,172,172,0.0,261,277,-32.0,12.0,-30.0,96.0,-32.0
AnteriorInfarction_002,II,1,AnteriorInfarction,-603,R,1,0.001,0,636,1,252,500,,,,,,,,,,1,2,-2.0,,,,11,12,-2.0,,,,65,57,16.0,77,61,32.0,145,145,0.0,263,281,-36.0,18.0,-34.0,-68.0,-36.0
AnteriorInfarction_002,III,1,AnteriorInfarction,-603,RS,1,0.0026,0,636,1,252,500,,,,,,,,,,1,2,-2.0,,,,11,12,-2.0,35,35,0.0,62,57,10.0,81,61,40.0,146,147,-2.0,262,281,-38.0,12.0,-36.0,-78.0,-36.0
AnteriorInfarction_002,aVR,1,AnteriorInfarction,-603,QS,1,0.0008,0,636,1,252,500,,,,,,,,,,1,2,-2.0,32,32,0.0,,,,,,,64,57,14.0,79,78,2.0,144,144,0.0,262,263,-2.0,16.0,0.0,-4.0,-2.0
AnteriorInfarction_002,aVL,1,AnteriorInfarction,-603,qRs,1,0.0032,0,636,1,252,500,,,,,,,,,,1,2,-2.0,12,12,0.0,35,35,0.0,61,56,10.0,61,57,8.0,77,61,32.0,149,149,0.0,261,283,-44.0,10.0,-42.0,-76.0,-44.0
AnteriorInfarction_002,aVF,1,AnteriorInfarction,-603,Rs,1,0.0012,0,636,1,252,500,,,,,,,,,,1,2,-2.0,,,,11,12,-2.0,35,36,-2.0,63,57,12.0,80,61,38.0,145,146,-2.0,262,279,-34.0,14.0,-32.0,-72.0,-32.0
AnteriorInfarction_002,V2,1,AnteriorInfarction,-603,rS,1,0.0033,0,636,1,252,500,,,,,,,,,,1,2,-2.0,,,,7,12,-10.0,33,33,0.0,61,57,8.0,62,65,-6.0,151,151,0.0,262,282,-40.0,10.0,-38.0,-34.0,-40.0
AnteriorInfarction_002,V3,1,AnteriorInfarction,-603,rS,1,0.0006,0,636,1,252,500,,,,,,,,,,1,2,-2.0,,,,7,12,-10.0,33,34,-2.0,64,57,14.0,65,155,-180.0,176,176,0.0,261,283,-44.0,16.0,-42.0,136.0,-44.0
AnteriorInfarction_002,V4,1,AnteriorInfarction,-603,RS,1,0.0006,0,636,1,252,500,,,,,,,,,,1,2,-2.0,,8,,4,42,-76.0,63,,,63,57,12.0,78,61,34.0,239,161,156.0,259,282,-46.0,14.0,-44.0,-80.0,-202.0
AnteriorInfarction_002,V5,1,AnteriorInfarction,-603,qR,1,0.0007,0,636,1,252,500,,,,,,,,,,1,2,-2.0,9,9,0.0,32,32,0.0,,,,65,57,16.0,66,61,10.0,140,156,-32.0,263,275,-24.0,18.0,-22.0,-34.0,8.0
AnteriorInfarction_002,V6,1,AnteriorInfarction,-603,qR,1,0.0011,0,636,1,252,500,,,,,,,,,,1,2,-2.0,8,8,0.0,26,26,0.0,,,,63,57,12.0,73,61,24.0,153,153,0.0,263,277,-28.0,14.0,-26.0,-52.0,-28.0
