record_id,lead,beat_id,disease_class,crop_start,qrs_pattern_pred,order_ok_pred,p_head_prob,seg_emits_p,qrs_anchor,anchor_in_qrs,window_end,read_end,p_onset_pred,p_onset_true,p_onset_err_ms,p_peak_pred,p_peak_true,p_peak_err_ms,p_offset_pred,p_offset_true,p_offset_err_ms,qrs_onset_pred,qrs_onset_true,qrs_onset_err_ms,q_peak_pred,q_peak_true,q_peak_err_ms,r_peak_pred,r_peak_true,r_peak_err_ms,s_peak_pred,s_peak_true,s_peak_err_ms,qrs_offset_pred,qrs_offset_true,qrs_offset_err_ms,t_onset_pred,t_onset_true,t_onset_err_ms,t_peak_pred,t_peak_true,t_peak_err_ms,t_offset_pred,t_offset_true,t_offset_err_ms,qrs_duration_err_ms,qt_interval_err_ms,t_duration_err_ms,t_peak_to_end_err_ms
AnteriorInfarction_003,V3,1,AnteriorInfarction,-606,qR,1,0.0004,0,628,1,249,500,,,,,,,,,,3,4,-2.0,8,9,-2.0,31,31,0.0,,,,51,44,14.0,76,49,54.0,162,162,0.0,279,248,62.0,16.0,64.0,8.0,62.0
AnteriorInfarction_003,I,1,AnteriorInfarction,-606,R,1,0.0003,0,628,1,249,500,,,,,,,,,,2,4,-4.0,,,,7,25,-36.0,,,,50,44,12.0,76,68,16.0,141,141,0.0,285,251,68.0,16.0,72.0,52.0,68.0
AnteriorInfarction_003,II,1,AnteriorInfarction,-606,R,1,0.0001,0,628,1,249,500,,,,,,,,,,3,4,-2.0,,,,10,24,-28.0,,,,50,44,12.0,74,68,12.0,142,143,-2.0,289,252,74.0,14.0,76.0,62.0,76.0
AnteriorInfarction_003,III,1,AnteriorInfarction,-606,RS,1,0.0015,0,628,1,249,500,,,,,,,,,,2,4,-4.0,,,,10,17,-14.0,31,31,0.0,51,44,14.0,75,49,52.0,143,143,0.0,292,250,84.0,18.0,88.0,32.0,84.0
AnteriorInfarction_003,aVR,1,AnteriorInfarction,-606,QS,1,0.0002,0,628,1,249,500,,,,,,,,,,2,4,-4.0,24,24,0.0,,,,,,,50,44,12.0,74,49,50.0,142,142,0.0,286,180,212.0,16.0,216.0,162.0,212.0
AnteriorInfarction_003,V1,1,AnteriorInfarction,-606,rS,1,0.0014,0,628,1,249,500,,,,,,,,,,2,4,-4.0,,20,,6,36,-60.0,20,48,-56.0,51,44,14.0,74,68,12.0,169,148,42.0,289,271,36.0,18.0,40.0,24.0,-6.0
AnteriorInfarction_003,V2,1,AnteriorInfarction,-606,qRs,1,0.0013,0,628,1,249,500,,,,,,,,,,2,4,-4.0,13,14,-2.0,31,31,0.0,51,50,2.0,51,44,14.0,74,87,-26.0,162,163,-2.0,287,257,60.0,18.0,64.0,86.0,62.0
AnteriorInfarction_003,V4,1,AnteriorInfarction,-606,qR,1,0.0003,0,628,1,249,500,,,,,,,,,,3,4,-2.0,8,8,0.0,28,28,0.0,,,,50,44,12.0,78,49,58.0,140,140,0.0,282,220,124.0,14.0,126.0,66.0,124.0
AnteriorInfarction_003,V5,1,AnteriorInfarction,-606,qR,1,0.0008,0,628,1,249,500,,,,,,,,,,2,4,-4.0,6,6,0.0,24,24,0.0,,,,50,44,12.0,78,100,-44.0,154,154,0.0,279,278,2.0,16.0,6.0,46.0,2.0
AnteriorInfarction_003,V6,1,AnteriorInfarction,-606,qRs,1,0.0002,0,628,1,249,500,,,,,,,,,,2,4,-4.0,6,6,0.0,24,24,0.0,32,32,0.0,50,44,12.0,77,79,-4.0,149,149,0.0,290,227,126.0,16.0,130.0,130.0,126.0
AnteriorInfarction_003,aVL,1,AnteriorInfarction,-606,qR,1,0.0006,0,628,1,249,500,,,,,,,,,,2,4,-4.0,14,14,0.0,30,30,0.0,,,,50,44,12.0,76,49,54.0,144,144,0.0,288,250,76.0,16.0,80.0,22.0,76.0
AnteriorInfarction_003,aVF,1,AnteriorInfarction,-606,RS,1,0.0002,0,628,1,249,500,,,,,,,,,,3,4,-2.0,,,,10,24,-28.0,31,31,0.0,51,44,14.0,75,49,52.0,143,143,0.0,290,249,82.0,16.0,84.0,30.0,82.0
AnteriorInfarction_004,V1,1,AnteriorInfarction,-604,rS,1,0.0023,0,637,1,251,500,,,,,,,,,,0,2,-4.0,,,,5,6,-2.0,21,21,0.0,49,46,6.0,56,46,20.0,151,152,-2.0,303,270,66.0,10.0,70.0,46.0,68.0
AnteriorInfarction_004,I,1,AnteriorInfarction,-604,R,1,0.0034,0,637,1,251,500,,,,,,,,,,0,2,-4.0,,,,8,30,-44.0,,51,,50,46,8.0,67,97,-60.0,139,169,-60.0,306,252,108.0,12.0,112.0,168.0,168.0
AnteriorInfarction_004,II,1,AnteriorInfarction,-604,R,1,0.0006,0,637,1,251,500,,,,,,,,,,0,2,-4.0,,,,20,20,0.0,,,,49,46,6.0,64,68,-8.0,142,143,-2.0,303,173,260.0,10.0,264.0,268.0,262.0
AnteriorInfarction_004,III,1,AnteriorInfarction,-604,rS,1,0.0018,0,637,1,251,500,,,,,,,,,,0,2,-4.0,,,,5,18,-26.0,34,33,2.0,49,46,6.0,67,51,32.0,147,147,0.0,303,269,68.0,10.0,72.0,36.0,68.0
AnteriorInfarction_004,aVR,1,AnteriorInfarction,-604,QS,1,0.0009,0,637,1,251,500,,,,,,,,,,0,2,-4.0,29,30,-2.0,,,,,,,50,46,8.0,67,75,-16.0,141,141,0.0,303,251,104.0,12.0,108.0,120.0,104.0
AnteriorInfarction_004,aVL,1,AnteriorInfarction,-604,QRS,1,0.0014,0,637,1,251,500,,,,,,,,,,0,2,-4.0,5,5,0.0,8,30,-44.0,50,51,-2.0,50,46,8.0,71,100,-58.0,154,154,0.0,304,265,78.0,12.0,82.0,136.0,78.0
AnteriorInfarction_004,aVF,1,AnteriorInfarction,-604,RS,1,0.0003,0,637,1,251,500,,,,,,,,,,0,2,-4.0,,,,6,19,-26.0,35,36,-2.0,50,46,8.0,66,74,-16.0,144,144,0.0,303,250,106.0,12.0,110.0,122.0,106.0
AnteriorInfarction_004,V2,1,AnteriorInfarction,-604,rS,1,0.0019,0,637,1,251,500,,,,,,,,,,0,2,-4.0,,,,4,12,-16.0,26,26,0.0,49,46,6.0,57,53,8.0,154,155,-2.0,302,262,80.0,10.0,84.0,72.0,82.0
AnteriorInfarction_004,V3,1,AnteriorInfarction,-604,QR,1,0.0012,0,637,1,251,500,,,,,,,,,,0,2,-4.0,9,10,-2.0,20,32,-24.0,,,,49,46,6.0,66,87,-42.0,143,175,-64.0,299,255,88.0,10.0,92.0,130.0,152.0
AnteriorInfarction_004,V4,1,AnteriorInfarction,-604,R,1,0.0016,0,637,1,251,500,,,,,,,,,,0,2,-4.0,,7,,31,31,0.0,,,,50,46,8.0,71,59,24.0,176,170,12.0,299,251,96.0,12.0,100.0,72.0,84.0
AnteriorInfarction_004,V5,1,AnteriorInfarction,-604,R,1,0.0006,0,637,1,251,500,,,,,,,,,,0,2,-4.0,,7,,26,26,0.0,,,,50,46,8.0,75,94,-38.0,148,148,0.0,299,251,96.0,12.0,100.0,134.0,96.0
AnteriorInfarction_004,V6,1,AnteriorInfarction,-604,Rs,1,0.0007,0,637,1,251,500,,,,,,,,,,0,2,-4.0,,4,,20,20,0.0,30,31,-2.0,50,46,8.0,72,62,20.0,144,144,0.0,299,251,96.0,12.0,100.0,76.0,96.0
AnteriorInfarction_005,V3,1,AnteriorInfarction,-605,QRs,1,0.0003,0,638,1,250,500,,,,,,,,,,3,5,-4.0,8,8,0.0,17,31,-28.0,50,,,50,48,4.0,74,89,-30.0,146,146,0.0,282,266,32.0,8.0,36.0,62.0,32.0
AnteriorInfarction_005,I,1,AnteriorInfarction,-605,R,1,0.0,0,638,1,250,500,,,,,,,,,,2,5,-6.0,,,,10,26,-32.0,,,,50,48,4.0,74,72,4.0,137,137,0.0,289,250,78.0,10.0,84.0,74.0,78.0
AnteriorInfarction_005,II,1,AnteriorInfarction,-605,R,1,0.0,0,638,1,250,500,,,,,,,,,,3,5,-4.0,,,,16,24,-16.0,,44,,50,48,4.0,73,50,46.0,142,142,0.0,286,267,38.0,8.0,42.0,-8.0,38.0
AnteriorInfarction_005,III,1,AnteriorInfarction,-605,RS,1,0.0004,0,638,1,250,500,,,,,,,,,,2,5,-6.0,,,,6,17,-22.0,31,31,0.0,50,48,4.0,74,70,8.0,147,148,-2.0,292,234,116.0,10.0,122.0,108.0,118.0
AnteriorInfarction_005,aVR,1,AnteriorInfarction,-605,QS,1,0.0,0,638,1,250,500,,,,,,,,,,2,5,-6.0,24,24,0.0,,,,,,,50,48,4.0,74,66,16.0,140,140,0.0,286,255,62.0,10.0,68.0,46.0,62.0
AnteriorInfarction_005,aVL,1,AnteriorInfarction,-605,qrS,1,0.0002,0,638,1,250,500,,,,,,,,,,2,5,-6.0,5,18,-26.0,8,31,-46.0,17,,,50,48,4.0,75,50,50.0,153,153,0.0,288,263,50.0,10.0,56.0,0.0,50.0
AnteriorInfarction_005,aVF,1,AnteriorInfarction,-605,R,1,0.0,0,638,1,250,500,,,,,,,,,,2,5,-6.0,,,,16,24,-16.0,,38,,50,48,4.0,74,52,44.0,144,144,0.0,289,262,54.0,10.0,60.0,10.0,54.0
AnteriorInfarction_005,V1,1,AnteriorInfarction,-605,rS,1,0.0004,0,638,1,250,500,,,,,,,,,,2,5,-6.0,,23,,5,33,-56.0,23,48,-50.0,50,48,4.0,72,100,-56.0,137,137,0.0,284,269,30.0,10.0,36.0,86.0,30.0
AnteriorInfarction_005,V2,1,AnteriorInfarction,-605,qRs,1,0.001,0,638,1,250,500,,,,,,,,,,2,5,-6.0,22,22,0.0,31,31,0.0,50,53,-6.0,50,48,4.0,72,87,-30.0,142,142,0.0,282,274,16.0,10.0,22.0,46.0,16.0
AnteriorInfarction_005,V4,1,AnteriorInfarction,-605,qR,1,0.0,0,638,1,250,500,,,,,,,,,,3,5,-4.0,8,8,0.0,29,29,0.0,,,,50,48,4.0,75,58,34.0,144,145,-2.0,282,263,38.0,8.0,42.0,4.0,40.0
AnteriorInfarction_005,V5,1,AnteriorInfarction,-605,qR,1,0.0,0,638,1,250,500,,,,,,,,,,2,5,-6.0,6,7,-2.0,24,25,-2.0,,,,50,48,4.0,76,101,-50.0,146,172,-52.0,285,254,62.0,10.0,68.0,112.0,114.0
AnteriorInfarction_005,V6,1,AnteriorInfarction,-605,R,1,0.0,0,638,1,250,500,,,,,,,,,,2,5,-6.0,,,,21,22,-2.0,,,,50,48,4.0,75,52,46.0,143,143,0.0,284,263,42.0,10.0,48.0,-4.0,42.0
AnteriorInfarction_006,V5,1,AnteriorInfarction,-611,R,1,0.0,0,627,1,244,500,,,,,,,,,,0,2,-4.0,,,,26,26,0.0,,,,46,43,6.0,63,98,-70.0,169,169,0.0,294,259,70.0,10.0,74.0,140.0,70.0
AnteriorInfarction_006,I,1,AnteriorInfarction,-611,R,1,0.0,0,627,1,244,500,,,,,,,,,,0,2,-4.0,,,,8,29,-42.0,,48,,46,43,6.0,52,102,-100.0,168,168,0.0,299,255,88.0,10.0,92.0,188.0,88.0
AnteriorInfarction_006,II,1,AnteriorInfarction,-611,R,1,0.0,0,627,1,244,500,,,,,,,,,,0,2,-4.0,,,,10,25,-30.0,,,,46,43,6.0,55,69,-28.0,140,141,-2.0,296,259,74.0,10.0,78.0,102.0,76.0
AnteriorInfarction_006,III,1,AnteriorInfarction,-611,RS,1,0.0,0,627,1,244,500,,,,,,,,,,0,2,-4.0,,,,10,10,0.0,29,29,0.0,47,43,8.0,58,50,16.0,142,142,0.0,296,248,96.0,12.0,100.0,80.0,96.0
AnteriorInfarction_006,aVR,1,AnteriorInfarction,-611,QS,1,0.0,0,627,1,244,500,,,,,,,,,,0,2,-4.0,25,25,0.0,,,,,,,46,43,6.0,54,62,-16.0,140,140,0.0,296,253,86.0,10.0,90.0,102.0,86.0
AnteriorInfarction_006,aVL,1,AnteriorInfarction,-611,qRs,1,0.0,0,627,1,244,500,,,,,,,,,,0,2,-4.0,10,10,0.0,23,29,-12.0,47,,,47,43,8.0,58,91,-66.0,146,146,0.0,297,254,86.0,12.0,90.0,152.0,86.0
AnteriorInfarction_006,aVF,1,AnteriorInfarction,-611,Rs,1,0.0,0,627,1,244,500,,,,,,,,,,0,2,-4.0,,,,10,10,0.0,29,29,0.0,47,43,8.0,58,50,16.0,141,141,0.0,294,252,84.0,12.0,88.0,68.0,84.0
AnteriorInfarction_006,V1,1,AnteriorInfarction,-611,rS,1,0.0,0,627,1,244,500,,,,,,,,,,0,2,-4.0,,,,9,9,0.0,23,24,-2.0,46,43,6.0,53,54,-2.0,148,148,0.0,298,266,64.0,10.0,68.0,66.0,64.0
AnteriorInfarction_006,V2,1,AnteriorInfarction,-611,RS,1,0.0,0,627,1,244,500,,,,,,,,,,0,2,-4.0,,,,10,11,-2.0,21,21,0.0,46,43,6.0,55,48,14.0,143,143,0.0,295,267,56.0,10.0,60.0,42.0,56.0
AnteriorInfarction_006,V3,1,AnteriorInfarction,-611,RS,1,0.0,0,627,1,244,500,,,,,,,,,,0,2,-4.0,,,,11,11,0.0,20,21,-2.0,46,43,6.0,54,70,-32.0,158,158,0.0,292,243,98.0,10.0,102.0,130.0,98.0
AnteriorInfarction_006,V4,1,AnteriorInfarction,-611,RS,1,0.0,0,627,1,244,500,,,,,,,,,,0,2,-4.0,,19,,11,27,-32.0,19,,,46,43,6.0,59,93,-68.0,154,154,0.0,294,248,92.0,10.0,96.0,160.0,92.0
AnteriorInfarction_006,V6,1,AnteriorInfarction,-611,R,1,0.0,0,627,1,244,500,,,,,,,,,,0,2,-4.0,,5,,22,22,0.0,,,,46,43,6.0,57,72,-30.0,147,147,0.0,295,247,96.0,10.0,100.0,126.0,96.0
AnteriorInfarction_007,V3,1,AnteriorInfarction,-608,qR,1,0.0001,0,637,1,247,500,,,,,,,,,,2,3,-2.0,9,9,0.0,27,27,0.0,,,,48,43,10.0,66,50,32.0,141,142,-2.0,277,262,30.0,12.0,32.0,-2.0,32.0
AnteriorInfarction_007,I,1,AnteriorInfarction,-608,qR,1,0.0,0,637,1,247,500,,,,,,,,,,2,3,-2.0,11,11,0.0,23,23,0.0,,,,48,43,10.0,71,48,46.0,165,165,0.0,279,250,58.0,12.0,60.0,12.0,58.0
AnteriorInfarction_007,II,1,AnteriorInfarction,-608,R,1,0.0,0,637,1,247,500,,,,,,,,,,2,3,-2.0,,,,18,22,-8.0,,,,48,43,10.0,69,70,-2.0,141,141,0.0,281,170,222.0,12.0,224.0,224.0,222.0
AnteriorInfarction_007,III,1,AnteriorInfarction,-608,Rs,1,0.0,0,637,1,247,500,,,,,,,,,,2,3,-2.0,,,,14,14,0.0,29,29,0.0,48,43,10.0,70,50,40.0,141,141,0.0,284,251,66.0,12.0,68.0,26.0,66.0
AnteriorInfarction_007,aVR,1,AnteriorInfarction,-608,QS,1,0.0,0,637,1,247,500,,,,,,,,,,2,3,-2.0,23,23,0.0,,,,,,,48,43,10.0,69,70,-2.0,141,141,0.0,279,250,58.0,12.0,60.0,60.0,58.0
AnteriorInfarction_007,aVL,1,AnteriorInfarction,-608,QRs,1,0.0,0,637,1,247,500,,,,,,,,,,2,3,-2.0,11,11,0.0,23,28,-10.0,48,,,48,43,10.0,73,94,-42.0,141,142,-2.0,282,250,64.0,12.0,66.0,106.0,66.0
AnteriorInfarction_007,aVF,1,AnteriorInfarction,-608,R,1,0.0,0,637,1,247,500,,,,,,,,,,2,3,-2.0,,,,17,17,0.0,,31,,48,43,10.0,71,70,2.0,141,141,0.0,280,262,36.0,12.0,38.0,34.0,36.0
AnteriorInfarction_007,V1,1,AnteriorInfarction,-608,rS,1,0.0002,0,637,1,247,500,,,,,,,,,,2,3,-2.0,,22,,4,33,-58.0,21,,,48,43,10.0,61,48,26.0,149,149,0.0,279,269,20.0,12.0,22.0,-6.0,20.0
AnteriorInfarction_007,V2,1,AnteriorInfarction,-608,qRs,1,0.0004,0,637,1,247,500,,,,,,,,,,2,3,-2.0,10,10,0.0,28,29,-2.0,48,,,48,43,10.0,63,87,-48.0,142,143,-2.0,279,269,20.0,12.0,22.0,68.0,22.0
AnteriorInfarction_007,V5,1,AnteriorInfarction,-608,qR,1,0.0,0,637,1,247,500,,,,,,,,,,2,3,-2.0,7,7,0.0,21,21,0.0,,,,48,43,10.0,73,78,-10.0,145,145,0.0,278,168,220.0,12.0,222.0,230.0,220.0
AnteriorInfarction_007,V6,1,AnteriorInfarction,-608,qR,1,0.0,0,637,1,247,500,,,,,,,,,,2,3,-2.0,6,7,-2.0,21,21,0.0,,,,48,43,10.0,72,50,44.0,145,145,0.0,276,257,38.0,12.0,40.0,-6.0,38.0
AnteriorInfarction_007,V4,1,AnteriorInfarction,-608,qR,1,0.0,0,637,1,247,500,,,,,,,,,,2,3,-2.0,9,9,0.0,25,25,0.0,,,,48,43,10.0,72,50,44.0,140,140,0.0,274,265,18.0,12.0,20.0,-26.0,18.0
AnteriorInfarction_008,V2,1,AnteriorInfarction,-610,rS,1,0.0016,0,637,1,245,500,,,,,,,,,,0,2,-4.0,,,,6,7,-2.0,23,24,-2.0,47,46,2.0,48,52,-8.0,144,144,0.0,304,254,100.0,6.0,104.0,108.0,100.0
AnteriorInfarction_008,I,1,AnteriorInfarction,-610,R,1,0.0009,0,637,1,245,500,,,,,,,,,,0,2,-4.0,,,,28,28,0.0,,,,48,46,4.0,49,100,-102.0,166,167,-2.0,309,252,114.0,8.0,118.0,216.0,116.0
AnteriorInfarction_008,II,1,AnteriorInfarction,-610,R,1,0.0006,0,637,1,245,500,,,,,,,,,,0,2,-4.0,,,,24,25,-2.0,,,,48,46,4.0,55,68,-26.0,143,143,0.0,308,246,124.0,8.0,128.0,150.0,124.0
AnteriorInfarction_008,III,1,AnteriorInfarction,-610,rS,1,0.0004,0,637,1,245,500,,,,,,,,,,0,2,-4.0,,,,10,18,-16.0,30,30,0.0,49,46,6.0,61,52,18.0,147,147,0.0,305,250,110.0,10.0,114.0,92.0,110.0
AnteriorInfarction_008,aVR,1,AnteriorInfarction,-610,QS,1,0.0017,0,637,1,245,500,,,,,,,,,,0,2,-4.0,25,25,0.0,,,,,,,48,46,4.0,62,62,0.0,141,141,0.0,307,263,88.0,8.0,92.0,88.0,88.0
AnteriorInfarction_008,aVF,1,AnteriorInfarction,-610,RS,1,0.0003,0,637,1,245,500,,,,,,,,,,0,2,-4.0,,,,10,19,-18.0,30,31,-2.0,49,46,6.0,63,52,22.0,144,145,-2.0,306,252,108.0,10.0,112.0,86.0,110.0
AnteriorInfarction_008,V3,1,AnteriorInfarction,-610,rS,1,0.0015,0,637,1,245,500,,,,,,,,,,0,2,-4.0,,12,,4,27,-46.0,12,,,48,46,4.0,49,52,-6.0,157,157,0.0,302,267,70.0,8.0,74.0,76.0,70.0
AnteriorInfarction_008,V4,1,AnteriorInfarction,-610,qR,1,0.0005,0,637,1,245,500,,,,,,,,,,1,2,-2.0,10,10,0.0,26,26,0.0,,,,49,46,6.0,66,100,-68.0,157,157,0.0,302,246,112.0,8.0,114.0,180.0,112.0
AnteriorInfarction_008,V5,1,AnteriorInfarction,-610,qR,1,0.0003,0,637,1,245,500,,,,,,,,,,0,2,-4.0,8,8,0.0,25,25,0.0,,,,48,46,4.0,72,100,-56.0,168,168,0.0,300,251,98.0,8.0,102.0,154.0,98.0
AnteriorInfarction_008,V6,1,AnteriorInfarction,-610,qR,1,0.0004,0,637,1,245,500,,,,,,,,,,0,2,-4.0,7,7,0.0,23,23,0.0,,,,48,46,4.0,71,75,-8.0,146,146,0.0,301,246,110.0,8.0,114.0,118.0,110.0
AnteriorInfarction_008,aVL,1,AnteriorInfarction,-610,qRs,1,0.0004,0,637,1,245,500,,,,,,,,,,0,2,-4.0,16,17,-2.0,29,29,0.0,49,,,49,46,6.0,70,52,36.0,152,153,-2.0,308,261,94.0,10.0,98.0,58.0,96.0
AnteriorInfarction_008,V1,1,AnteriorInfarction,-610,rS,1,0.0019,0,637,1,245,500,,,,,,,,,,0,2,-4.0,,,,7,8,-2.0,24,24,0.0,47,46,2.0,48,52,-8.0,146,146,0.0,307,262,90.0,6.0,94.0,98.0,90.0
AnteriorInfarction_009,V1,1,AnteriorInfarction,-612,rS,1,0.0,0,640,1,243,500,,,,,,,,,,0,2,-4.0,,,,5,9,-8.0,24,24,0.0,45,49,-8.0,53,54,-2.0,160,160,0.0,294,250,88.0,-4.0,92.0,90.0,88.0
AnteriorInfarction_009,I,1,AnteriorInfarction,-612,R,1,0.0,0,640,1,243,500,,,,,,,,,,0,2,-4.0,,,,27,27,0.0,,,,45,49,-8.0,65,99,-68.0,168,168,0.0,300,251,98.0,-4.0,102.0,166.0,98.0
AnteriorInfarction_009,II,1,AnteriorInfarction,-612,R,1,0.0,0,640,1,243,500,,,,,,,,,,0,2,-4.0,,,,10,25,-30.0,,35,,45,49,-8.0,70,71,-2.0,142,142,0.0,294,248,92.0,-4.0,96.0,94.0,92.0
AnteriorInfarction_009,III,1,AnteriorInfarction,-612,rS,1,0.0,0,640,1,243,500,,,,,,,,,,0,2,-4.0,,,,5,6,-2.0,29,30,-2.0,45,49,-8.0,64,92,-56.0,143,143,0.0,292,252,80.0,-4.0,84.0,136.0,80.0
AnteriorInfarction_009,aVR,1,AnteriorInfarction,-612,QS,1,0.0,0,640,1,243,500,,,,,,,,,,0,2,-4.0,26,26,0.0,,,,,,,45,49,-8.0,66,64,4.0,142,142,0.0,293,251,84.0,-4.0,88.0,80.0,84.0
AnteriorInfarction_009,aVL,1,AnteriorInfarction,-612,R,1,0.0,0,640,1,243,500,,,,,,,,,,0,2,-4.0,,,,29,29,0.0,,,,45,49,-8.0,68,96,-56.0,167,167,0.0,295,248,94.0,-4.0,98.0,150.0,94.0
AnteriorInfarction_009,aVF,1,AnteriorInfarction,-612,rS,1,0.0,0,640,1,243,500,,,,,,,,,,0,2,-4.0,,,,9,17,-16.0,30,30,0.0,45,49,-8.0,67,87,-40.0,143,143,0.0,291,243,96.0,-4.0,100.0,136.0,96.0
AnteriorInfarction_009,V2,1,AnteriorInfarction,-612,rS,1,0.0,0,640,1,243,500,,,,,,,,,,0,2,-4.0,,,,5,8,-6.0,22,22,0.0,45,49,-8.0,57,54,6.0,140,140,0.0,295,250,90.0,-4.0,94.0,84.0,90.0
AnteriorInfarction_009,V3,1,AnteriorInfarction,-612,rS,1,0.0,0,640,1,243,500,,,,,,,,,,0,2,-4.0,,,,8,8,0.0,21,22,-2.0,45,49,-8.0,61,56,10.0,138,138,0.0,293,222,142.0,-4.0,146.0,132.0,142.0
AnteriorInfarction_009,V4,1,AnteriorInfarction,-612,RS,1,0.0,0,640,1,243,500,,,,,,,,,,0,2,-4.0,,21,,8,28,-40.0,21,,,45,49,-8.0,68,64,8.0,138,138,0.0,294,246,96.0,-4.0,100.0,88.0,96.0
AnteriorInfarction_009,V5,1,AnteriorInfarction,-612,R,1,0.0,0,640,1,243,500,,,,,,,,,,0,2,-4.0,,,,26,26,0.0,,,,45,49,-8.0,75,81,-12.0,144,145,-2.0,291,170,242.0,-4.0,246.0,254.0,244.0
AnteriorInfarction_009,V6,1,AnteriorInfarction,-612,Rs,1,0.0,0,640,1,243,500,,,,,,,,,,0,2,-4.0,,,,22,22,0.0,34,34,0.0,45,49,-8.0,76,70,12.0,145,146,-2.0,294,237,114.0,-4.0,118.0,102.0,116.0
AnteriorInfarction_010,V2,1,AnteriorInfarction,-607,rS,1,0.0155,0,636,1,248,500,,,,,,,,,,1,2,-2.0,,,,4,4,0.0,22,23,-2.0,50,46,8.0,66,48,36.0,153,153,0.0,303,292,22.0,10.0,24.0,-14.0,22.0
AnteriorInfarction_010,I,1,AnteriorInfarction,-607,R,1,0.0016,0,636,1,248,500,,,,,,,,,,1,2,-2.0,,,,10,30,-40.0,,,,49,46,6.0,67,93,-52.0,165,165,0.0,319,252,134.0,8.0,136.0,186.0,134.0
AnteriorInfarction_010,II,1,AnteriorInfarction,-607,R,1,0.0027,0,636,1,248,500,,,,,,,,,,1,2,-2.0,,,,8,21,-26.0,,,,50,46,8.0,70,76,-12.0,143,143,0.0,315,271,88.0,10.0,90.0,100.0,88.0
AnteriorInfarction_010,III,1,AnteriorInfarction,-607,rS,1,0.0023,0,636,1,248,500,,,,,,,,,,1,2,-2.0,,,,6,19,-26.0,32,32,0.0,50,46,8.0,68,83,-30.0,148,148,0.0,314,251,126.0,10.0,128.0,156.0,126.0
AnteriorInfarction_010,aVR,1,AnteriorInfarction,-607,QS,1,0.0009,0,636,1,248,500,,,,,,,,,,1,2,-2.0,28,29,-2.0,,,,,,,49,46,6.0,69,70,-2.0,141,141,0.0,315,253,124.0,8.0,126.0,126.0,124.0
AnteriorInfarction_010,aVL,1,AnteriorInfarction,-607,QRS,1,0.0011,0,636,1,248,500,,,,,,,,,,1,2,-2.0,5,6,-2.0,10,32,-44.0,50,,,50,46,8.0,72,98,-52.0,154,155,-2.0,315,252,126.0,10.0,128.0,178.0,128.0
AnteriorInfarction_010,aVF,1,AnteriorInfarction,-607,RS,1,0.0005,0,636,1,248,500,,,,,,,,,,1,2,-2.0,,,,7,20,-26.0,33,33,0.0,50,46,8.0,70,72,-4.0,145,145,0.0,315,251,128.0,10.0,130.0,132.0,128.0
AnteriorInfarction_010,V3,1,AnteriorInfarction,-607,QR,1,0.0084,0,636,1,248,500,,,,,,,,,,1,2,-2.0,20,21,-2.0,31,32,-2.0,,,,50,46,8.0,68,96,-56.0,141,141,0.0,310,277,66.0,10.0,68.0,122.0,66.0
AnteriorInfarction_010,V4,1,AnteriorInfarction,-607,qR,1,0.0034,0,636,1,248,500,,,,,,,,,,1,2,-2.0,11,11,0.0,28,29,-2.0,,,,49,46,6.0,71,53,36.0,142,142,0.0,313,262,102.0,8.0,104.0,66.0,102.0
AnteriorInfarction_010,V6,1,AnteriorInfarction,-607,Rs,1,0.0021,0,636,1,248,500,,,,,,,,,,1,2,-2.0,,,,20,20,0.0,27,28,-2.0,49,46,6.0,77,74,6.0,144,144,0.0,309,273,72.0,8.0,74.0,66.0,72.0
AnteriorInfarction_010,V1,1,AnteriorInfarction,-607,rS,1,0.0076,0,636,1,248,500,,,,,,,,,,1,2,-2.0,,,,4,4,0.0,21,22,-2.0,50,46,8.0,63,47,32.0,151,151,0.0,315,269,92.0,10.0,94.0,60.0,92.0
AnteriorInfarction_010,V5,1,AnteriorInfarction,-607,qR,1,0.0003,0,636,1,248,500,,,,,,,,,,1,2,-2.0,7,7,0.0,24,24,0.0,,,,49,46,6.0,75,98,-46.0,148,148,0.0,311,251,120.0,8.0,122.0,166.0,120.0
AnteriorIschemia_001,V3,1,AnteriorIschemia,-613,qR,1,0.0059,0,638,1,242,500,,,,,,,,,,2,2,0.0,8,8,0.0,24,25,-2.0,,,,44,55,-22.0,51,72,-42.0,112,112,0.0,175,167,16.0,-22.0,16.0,58.0,16.0
AnteriorIschemia_001,I,1,AnteriorIschemia,-613,RS,1,0.0029,0,638,1,242,500,,,,,,,,,,2,2,0.0,,12,,7,23,-32.0,12,,,44,55,-22.0,49,55,-12.0,164,136,56.0,180,172,16.0,-22.0,16.0,28.0,-40.0
AnteriorIschemia_001,II,1,AnteriorIschemia,-613,R,1,0.0012,0,638,1,242,500,,,,,,,,,,2,2,0.0,,,,16,23,-14.0,,,,43,55,-24.0,52,64,-24.0,142,142,0.0,180,175,10.0,-24.0,10.0,34.0,10.0
AnteriorIschemia_001,III,1,AnteriorIschemia,-613,R,1,0.0038,0,638,1,242,500,,,,,,,,,,2,2,0.0,,,,5,22,-34.0,,62,,44,55,-22.0,45,86,-82.0,144,144,0.0,182,200,-36.0,-22.0,-36.0,46.0,-36.0
AnteriorIschemia_001,aVR,1,AnteriorIschemia,-613,QS,1,0.0018,0,638,1,242,500,,,,,,,,,,2,2,0.0,22,23,-2.0,,,,,,,43,55,-24.0,51,76,-50.0,141,141,0.0,181,172,18.0,-24.0,18.0,68.0,18.0
AnteriorIschemia_001,aVL,1,AnteriorIschemia,-613,qrS,1,0.0017,0,638,1,242,500,,,,,,,,,,2,2,0.0,4,14,-20.0,6,26,-40.0,14,34,-40.0,44,55,-22.0,50,98,-96.0,146,147,-2.0,183,178,10.0,-22.0,10.0,106.0,12.0
AnteriorIschemia_001,aVF,1,AnteriorIschemia,-613,R,1,0.0019,0,638,1,242,500,,,,,,,,,,2,2,0.0,,,,16,22,-12.0,,,,44,55,-22.0,53,68,-30.0,143,143,0.0,180,171,18.0,-22.0,18.0,48.0,18.0
AnteriorIschemia_001,V1,1,AnteriorIschemia,-613,rS,1,0.0033,0,638,1,242,500,,,,,,,,,,2,2,0.0,,,,7,7,0.0,20,19,2.0,43,55,-24.0,44,55,-22.0,135,135,0.0,178,171,14.0,-24.0,14.0,36.0,14.0
AnteriorIschemia_001,V2,1,AnteriorIschemia,-613,rS,1,0.0051,0,638,1,242,500,,,,,,,,,,2,2,0.0,,19,,4,,,19,,,43,55,-24.0,44,55,-22.0,129,129,0.0,177,168,18.0,-24.0,18.0,40.0,18.0
AnteriorIschemia_001,V4,1,AnteriorIschemia,-613,qR,1,0.0034,0,638,1,242,500,,,,,,,,,,2,2,0.0,7,8,-2.0,23,23,0.0,,,,44,55,-22.0,52,63,-22.0,128,129,-2.0,176,168,16.0,-22.0,16.0,38.0,18.0
AnteriorIschemia_001,V5,1,AnteriorIschemia,-613,R,1,0.0015,0,638,1,242,500,,,,,,,,,,2,2,0.0,,7,,22,22,0.0,,,,43,55,-24.0,58,87,-58.0,145,146,-2.0,178,172,12.0,-24.0,12.0,70.0,14.0
AnteriorIschemia_001,V6,1,AnteriorIschemia,-613,R,1,0.0008,0,638,1,242,500,,,,,,,,,,2,2,0.0,,,,21,22,-2.0,,,,43,55,-24.0,55,109,-108.0,146,147,-2.0,179,190,-22.0,-24.0,-22.0,86.0,-20.0
AnteriorIschemia_002,aVR,1,AnteriorIschemia,-604,QS,1,0.0,0,637,1,251,500,,,,,,,,,,2,2,0.0,32,32,0.0,,,,,,,53,55,-4.0,58,68,-20.0,144,144,0.0,184,194,-20.0,-4.0,-20.0,0.0,-20.0
AnteriorIschemia_002,I,1,AnteriorIschemia,-604,R,1,0.0,0,637,1,251,500,,,,,,,,,,2,2,0.0,,,,8,33,-50.0,,,,54,55,-2.0,55,60,-10.0,132,132,0.0,182,182,0.0,-2.0,0.0,10.0,0.0
AnteriorIschemia_002,II,1,AnteriorIschemia,-604,R,1,0.0,0,637,1,251,500,,,,,,,,,,2,2,0.0,,,,11,32,-42.0,,70,,55,55,0.0,56,97,-82.0,146,146,0.0,183,199,-32.0,0.0,-32.0,50.0,-32.0
AnteriorIschemia_002,III,1,AnteriorIschemia,-604,Rs,1,0.0,0,637,1,251,500,,,,,,,,,,2,2,0.0,,,,11,12,-2.0,54,74,-40.0,54,55,-2.0,55,120,-130.0,148,148,0.0,185,199,-28.0,-2.0,-28.0,102.0,-28.0
AnteriorIschemia_002,aVL,1,AnteriorIschemia,-604,QR,1,0.0,0,637,1,251,500,,,,,,,,,,2,2,0.0,12,12,0.0,34,35,-2.0,,,,54,55,-2.0,55,72,-34.0,151,100,102.0,186,186,0.0,-2.0,0.0,34.0,-102.0
AnteriorIschemia_002,aVF,1,AnteriorIschemia,-604,Rs,1,0.0,0,637,1,251,500,,,,,,,,,,2,2,0.0,,,,11,12,-2.0,54,72,-36.0,54,55,-2.0,60,109,-98.0,147,147,0.0,185,183,4.0,-2.0,4.0,102.0,4.0
AnteriorIschemia_002,V1,1,AnteriorIschemia,-604,rS,1,0.0,0,637,1,251,500,,,,,,,,,,2,2,0.0,,,,7,12,-10.0,32,32,0.0,53,55,-4.0,54,55,-2.0,177,105,144.0,182,174,16.0,-4.0,16.0,18.0,-128.0
AnteriorIschemia_002,V2,1,AnteriorIschemia,-604,RS,1,0.0,0,637,1,251,500,,,,,,,,,,2,2,0.0,,,,11,12,-2.0,31,31,0.0,53,55,-4.0,54,55,-2.0,181,126,110.0,181,178,6.0,-4.0,6.0,8.0,-104.0
AnteriorIschemia_002,V3,1,AnteriorIschemia,-604,RS,1,0.0,0,637,1,251,500,,,,,,,,,,2,2,0.0,,31,,12,42,-60.0,31,,,53,55,-4.0,60,64,-8.0,180,109,142.0,180,179,2.0,-4.0,2.0,10.0,-140.0
AnteriorIschemia_002,V4,1,AnteriorIschemia,-604,R,1,0.0,0,637,1,251,500,,,,,,,,,,2,2,0.0,,,,16,41,-50.0,,,,53,55,-4.0,60,79,-38.0,164,109,110.0,179,187,-16.0,-4.0,-16.0,22.0,-126.0
AnteriorIschemia_002,V5,1,AnteriorIschemia,-604,qR,1,0.0,0,637,1,251,500,,,,,,,,,,2,2,0.0,9,9,0.0,31,31,0.0,,,,53,55,-4.0,66,101,-70.0,156,156,0.0,179,180,-2.0,-4.0,-2.0,68.0,-2.0
AnteriorIschemia_002,V6,1,AnteriorIschemia,-604,qR,1,0.0,0,637,1,251,500,,,,,,,,,,2,2,0.0,8,8,0.0,26,26,0.0,,79,,53,55,-4.0,61,113,-104.0,153,153,0.0,181,182,-2.0,-4.0,-2.0,102.0,-2.0
AnteriorIschemia_003,I,1,AnteriorIschemia,-607,R,1,0.0,0,627,1,248,500,,,,,,,,,,2,2,0.0,,,,8,25,-34.0,,,,48,42,12.0,49,88,-78.0,143,143,0.0,176,171,10.0,12.0,10.0,88.0,10.0
AnteriorIschemia_003,III,1,AnteriorIschemia,-607,RS,1,0.0,0,627,1,248,500,,,,,,,,,,2,2,0.0,,,,10,19,-18.0,31,31,0.0,47,42,10.0,48,97,-98.0,143,144,-2.0,179,184,-10.0,10.0,-10.0,88.0,-8.0
AnteriorIschemia_003,aVR,1,AnteriorIschemia,-607,QS,1,0.0,0,627,1,248,500,,,,,,,,,,2,2,0.0,25,25,0.0,,,,,,,46,42,8.0,51,72,-42.0,143,143,0.0,178,181,-6.0,8.0,-6.0,36.0,-6.0
AnteriorIschemia_003,aVL,1,AnteriorIschemia,-607,qR,1,0.0,0,627,1,248,500,,,,,,,,,,2,2,0.0,10,10,0.0,31,31,0.0,,,,47,42,10.0,48,72,-48.0,143,144,-2.0,178,178,0.0,10.0,0.0,48.0,2.0
AnteriorIschemia_003,aVF,1,AnteriorIschemia,-607,Rs,1,0.0,0,627,1,248,500,,,,,,,,,,2,2,0.0,,,,10,22,-24.0,31,32,-2.0,46,42,8.0,53,93,-80.0,143,144,-2.0,179,181,-4.0,8.0,-4.0,76.0,-2.0
AnteriorIschemia_003,V1,1,AnteriorIschemia,-607,Qr,1,0.0,0,627,1,248,500,,,,,,,,,,2,2,0.0,18,19,-2.0,34,34,0.0,,,,46,42,8.0,47,76,-58.0,115,115,0.0,175,170,10.0,8.0,10.0,68.0,10.0
AnteriorIschemia_003,V2,1,AnteriorIschemia,-607,QR,1,0.0,0,627,1,248,500,,,,,,,,,,2,2,0.0,14,14,0.0,31,31,0.0,,,,47,42,10.0,48,87,-78.0,115,115,0.0,176,175,2.0,10.0,2.0,80.0,2.0
AnteriorIschemia_003,V3,1,AnteriorIschemia,-607,qR,1,0.0002,0,627,1,248,500,,,,,,,,,,2,2,0.0,9,9,0.0,28,28,0.0,,,,46,42,8.0,52,72,-40.0,175,112,126.0,175,174,2.0,8.0,2.0,42.0,-124.0
AnteriorIschemia_003,V4,1,AnteriorIschemia,-607,qR,1,0.0001,0,627,1,248,500,,,,,,,,,,2,2,0.0,8,9,-2.0,27,27,0.0,,,,46,42,8.0,52,80,-56.0,175,114,122.0,175,175,0.0,8.0,0.0,56.0,-122.0
AnteriorIschemia_003,V5,1,AnteriorIschemia,-607,qR,1,0.0,0,627,1,248,500,,,,,,,,,,2,2,0.0,6,6,0.0,25,24,2.0,,,,46,42,8.0,59,119,-120.0,152,153,-2.0,175,176,-2.0,8.0,-2.0,118.0,0.0
AnteriorIschemia_003,V6,1,AnteriorIschemia,-607,Rs,1,0.0,0,627,1,248,500,,,,,,,,,,2,2,0.0,,5,,20,24,-8.0,31,32,-2.0,46,42,8.0,55,72,-34.0,150,150,0.0,176,176,0.0,8.0,0.0,34.0,0.0
AnteriorIschemia_003,II,1,AnteriorIschemia,-607,R,1,0.0,0,627,1,248,500,,,,,,,,,,2,2,0.0,,,,10,22,-24.0,,65,,47,42,10.0,49,71,-44.0,143,143,0.0,178,225,-94.0,10.0,-94.0,-50.0,-94.0
AnteriorIschemia_004,I,1,AnteriorIschemia,-605,R,1,0.0002,0,637,1,250,500,,,,,,,,,,1,2,-2.0,,,,8,29,-42.0,,,,49,57,-16.0,50,57,-14.0,136,137,-2.0,179,172,14.0,-14.0,16.0,28.0,16.0
AnteriorIschemia_004,II,1,AnteriorIschemia,-605,R,1,0.0,0,637,1,250,500,,,,,,,,,,1,2,-2.0,,,,19,27,-16.0,,,,50,57,-14.0,62,64,-4.0,143,143,0.0,182,181,2.0,-12.0,4.0,6.0,2.0
AnteriorIschemia_004,III,1,AnteriorIschemia,-605,Rs,1,0.0005,0,637,1,250,500,,,,,,,,,,1,2,-2.0,,,,5,18,-26.0,50,70,-40.0,50,57,-14.0,63,117,-108.0,149,149,0.0,182,202,-40.0,-12.0,-38.0,68.0,-40.0
AnteriorIschemia_004,aVR,1,AnteriorIschemia,-605,QS,1,0.0001,0,637,1,250,500,,,,,,,,,,1,2,-2.0,29,27,4.0,,,,,,,49,57,-16.0,65,64,2.0,141,141,0.0,181,172,18.0,-14.0,20.0,16.0,18.0
AnteriorIschemia_004,aVL,1,AnteriorIschemia,-605,QRS,1,0.0004,0,637,1,250,500,,,,,,,,,,1,2,-2.0,5,17,-24.0,8,30,-44.0,17,,,50,57,-14.0,61,57,8.0,156,104,104.0,181,181,0.0,-12.0,2.0,-8.0,-104.0
AnteriorIschemia_004,aVF,1,AnteriorIschemia,-605,R,1,0.0001,0,637,1,250,500,,,,,,,,,,1,2,-2.0,,,,6,19,-26.0,,70,,50,57,-14.0,67,98,-62.0,145,146,-2.0,181,178,6.0,-12.0,8.0,68.0,8.0
AnteriorIschemia_004,V1,1,AnteriorIschemia,-605,rS,1,0.0003,0,637,1,250,500,,,,,,,,,,1,2,-2.0,,,,5,6,-2.0,22,22,0.0,48,57,-18.0,49,58,-18.0,121,121,0.0,179,189,-20.0,-16.0,-18.0,-2.0,-20.0
AnteriorIschemia_004,V2,1,AnteriorIschemia,-605,rS,1,0.0004,0,637,1,250,500,,,,,,,,,,1,2,-2.0,,,,5,12,-14.0,25,25,0.0,48,57,-18.0,49,64,-30.0,102,102,0.0,179,176,6.0,-16.0,8.0,36.0,6.0
AnteriorIschemia_004,V3,1,AnteriorIschemia,-605,QR,1,0.0006,0,637,1,250,500,,,,,,,,,,1,2,-2.0,9,10,-2.0,20,31,-22.0,,,,49,57,-16.0,56,64,-16.0,151,101,100.0,178,182,-8.0,-14.0,-6.0,8.0,-108.0
AnteriorIschemia_004,V4,1,AnteriorIschemia,-605,R,1,0.0002,0,637,1,250,500,,,,,,,,,,1,2,-2.0,,9,,30,30,0.0,,,,49,57,-16.0,65,57,16.0,178,144,68.0,178,176,4.0,-14.0,6.0,-12.0,-64.0
AnteriorIschemia_004,V5,1,AnteriorIschemia,-605,R,1,0.0,0,637,1,250,500,,,,,,,,,,1,2,-2.0,,7,,26,26,0.0,,,,48,57,-18.0,78,94,-32.0,147,147,0.0,179,175,8.0,-16.0,10.0,40.0,8.0
AnteriorIschemia_004,V6,1,AnteriorIschemia,-605,Rs,1,0.0,0,637,1,250,500,,,,,,,,,,1,2,-2.0,,4,,20,20,0.0,30,31,-2.0,49,57,-16.0,73,98,-50.0,145,145,0.0,179,175,8.0,-14.0,10.0,58.0,8.0
AnteriorIschemia_005,aVR,1,AnteriorIschemia,-608,QS,1,0.0076,0,643,1,247,500,,,,,,,,,,2,4,-4.0,23,24,-2.0,,,,,,,45,51,-12.0,57,51,12.0,141,141,0.0,185,176,18.0,-8.0,22.0,6.0,18.0
AnteriorIschemia_005,I,1,AnteriorIschemia,-608,R,1,0.0181,0,643,1,247,500,,,,,,,,,,2,4,-4.0,,,,9,24,-30.0,,,,45,51,-12.0,53,51,4.0,136,136,0.0,183,169,28.0,-8.0,32.0,24.0,28.0
AnteriorIschemia_005,II,1,AnteriorIschemia,-608,R,1,0.004,0,643,1,247,500,,,,,,,,,,2,4,-4.0,,,,16,24,-16.0,,,,44,51,-14.0,59,70,-22.0,143,143,0.0,185,177,16.0,-10.0,20.0,38.0,16.0
AnteriorIschemia_005,III,1,AnteriorIschemia,-608,R,1,0.0149,0,643,1,247,500,,,,,,,,,,2,4,-4.0,,,,6,23,-34.0,,67,,45,51,-12.0,54,102,-96.0,147,147,0.0,185,175,20.0,-8.0,24.0,116.0,20.0
AnteriorIschemia_005,aVL,1,AnteriorIschemia,-608,qrS,1,0.0138,0,643,1,247,500,,,,,,,,,,2,4,-4.0,5,6,-2.0,8,8,0.0,17,17,0.0,45,51,-12.0,53,51,4.0,152,152,0.0,185,174,22.0,-8.0,26.0,18.0,22.0
AnteriorIschemia_005,aVF,1,AnteriorIschemia,-608,R,1,0.0074,0,643,1,247,500,,,,,,,,,,2,4,-4.0,,,,16,23,-14.0,,,,45,51,-12.0,57,68,-22.0,145,145,0.0,185,176,18.0,-8.0,22.0,40.0,18.0
AnteriorIschemia_005,V1,1,AnteriorIschemia,-608,rS,1,0.0176,0,643,1,247,500,,,,,,,,,,2,4,-4.0,,22,,4,33,-58.0,22,,,45,51,-12.0,50,58,-16.0,103,104,-2.0,181,167,28.0,-8.0,32.0,44.0,30.0
AnteriorIschemia_005,V2,1,AnteriorIschemia,-608,QR,1,0.016,0,643,1,247,500,,,,,,,,,,2,4,-4.0,21,21,0.0,31,32,-2.0,,,,45,51,-12.0,51,51,0.0,102,103,-2.0,181,176,10.0,-8.0,14.0,10.0,12.0
AnteriorIschemia_005,V3,1,AnteriorIschemia,-608,QR,1,0.0137,0,643,1,247,500,,,,,,,,,,2,4,-4.0,8,8,0.0,16,27,-22.0,,,,45,51,-12.0,55,57,-4.0,103,103,0.0,180,173,14.0,-8.0,18.0,18.0,14.0
AnteriorIschemia_005,V5,1,AnteriorIschemia,-608,qR,1,0.0107,0,643,1,247,500,,,,,,,,,,2,4,-4.0,6,7,-2.0,24,24,0.0,,,,44,51,-14.0,72,51,42.0,146,146,0.0,182,175,14.0,-10.0,18.0,-28.0,14.0
AnteriorIschemia_005,V6,1,AnteriorIschemia,-608,R,1,0.0052,0,643,1,247,500,,,,,,,,,,2,4,-4.0,,,,22,22,0.0,,33,,44,51,-14.0,62,100,-76.0,145,145,0.0,184,174,20.0,-10.0,24.0,96.0,20.0
AnteriorIschemia_005,V4,1,AnteriorIschemia,-608,qR,1,0.0137,0,643,1,247,500,,,,,,,,,,2,4,-4.0,8,8,0.0,27,28,-2.0,,,,44,51,-14.0,56,58,-4.0,181,105,152.0,181,181,0.0,-10.0,4.0,4.0,-152.0
AnteriorIschemia_006,aVR,1,AnteriorIschemia,-612,QS,1,0.0008,0,628,1,243,500,,,,,,,,,,1,2,-2.0,24,24,0.0,,,,,,,44,59,-30.0,56,64,-16.0,139,139,0.0,182,175,14.0,-28.0,16.0,30.0,14.0
AnteriorIschemia_006,I,1,AnteriorIschemia,-612,R,1,0.0017,0,628,1,243,500,,,,,,,,,,1,2,-2.0,,,,8,24,-32.0,,,,44,59,-30.0,54,59,-10.0,135,135,0.0,181,167,28.0,-28.0,30.0,38.0,28.0
AnteriorIschemia_006,II,1,AnteriorIschemia,-612,R,1,0.0006,0,628,1,243,500,,,,,,,,,,1,2,-2.0,,,,10,25,-30.0,,,,44,59,-30.0,56,68,-24.0,141,141,0.0,180,176,8.0,-28.0,10.0,32.0,8.0
AnteriorIschemia_006,III,1,AnteriorIschemia,-612,Rs,1,0.0011,0,628,1,243,500,,,,,,,,,,1,2,-2.0,,,,10,10,0.0,21,68,-94.0,44,59,-30.0,54,111,-114.0,144,144,0.0,181,202,-42.0,-28.0,-40.0,72.0,-42.0
AnteriorIschemia_006,aVL,1,AnteriorIschemia,-612,qRs,1,0.0007,0,628,1,243,500,,,,,,,,,,1,2,-2.0,10,10,0.0,23,23,0.0,34,33,2.0,44,59,-30.0,55,59,-8.0,164,103,122.0,182,200,-36.0,-28.0,-34.0,-28.0,-158.0
AnteriorIschemia_006,aVF,1,AnteriorIschemia,-612,R,1,0.0006,0,628,1,243,500,,,,,,,,,,1,2,-2.0,,,,10,25,-30.0,,67,,44,59,-30.0,58,91,-66.0,142,142,0.0,180,182,-4.0,-28.0,-2.0,62.0,-4.0
AnteriorIschemia_006,V1,1,AnteriorIschemia,-612,rS,1,0.0012,0,628,1,243,500,,,,,,,,,,1,2,-2.0,,,,9,9,0.0,23,23,0.0,44,59,-30.0,51,60,-18.0,124,125,-2.0,179,168,22.0,-28.0,24.0,40.0,24.0
AnteriorIschemia_006,V2,1,AnteriorIschemia,-612,rS,1,0.002,0,628,1,243,500,,,,,,,,,,1,2,-2.0,,,,10,10,0.0,22,22,0.0,44,59,-30.0,52,64,-24.0,132,132,0.0,178,171,14.0,-28.0,16.0,38.0,14.0
AnteriorIschemia_006,V3,1,AnteriorIschemia,-612,RS,1,0.0025,0,628,1,243,500,,,,,,,,,,1,2,-2.0,,20,,11,30,-38.0,20,,,44,59,-30.0,57,59,-4.0,112,113,-2.0,176,168,16.0,-28.0,18.0,20.0,18.0
AnteriorIschemia_006,V4,1,AnteriorIschemia,-612,RS,1,0.0017,0,628,1,243,500,,,,,,,,,,1,2,-2.0,,19,,11,28,-34.0,19,,,44,59,-30.0,58,64,-12.0,112,112,0.0,177,176,2.0,-28.0,4.0,14.0,2.0
AnteriorIschemia_006,V5,1,AnteriorIschemia,-612,R,1,0.0006,0,628,1,243,500,,,,,,,,,,1,2,-2.0,,6,,25,25,0.0,,,,44,59,-30.0,60,79,-38.0,117,117,0.0,179,172,14.0,-28.0,16.0,52.0,14.0
AnteriorIschemia_006,V6,1,AnteriorIschemia,-612,R,1,0.0003,0,628,1,243,500,,,,,,,,,,1,2,-2.0,,5,,22,22,0.0,,,,44,59,-30.0,59,111,-104.0,147,148,-2.0,180,177,6.0,-28.0,8.0,110.0,8.0
AnteriorIschemia_007,V2,1,AnteriorIschemia,-610,qR,1,0.0,0,638,1,245,500,,,,,,,,,,2,3,-2.0,9,9,0.0,26,26,0.0,,,,44,54,-20.0,45,62,-34.0,172,108,128.0,172,168,8.0,-18.0,10.0,42.0,-120.0
AnteriorIschemia_007,I,1,AnteriorIschemia,-610,rS,1,0.0,0,638,1,245,500,,,,,,,,,,2,3,-2.0,,11,,7,23,-32.0,11,,,43,54,-22.0,48,62,-28.0,144,144,0.0,173,168,10.0,-20.0,12.0,38.0,10.0
AnteriorIschemia_007,II,1,AnteriorIschemia,-610,R,1,0.0,0,638,1,245,500,,,,,,,,,,2,3,-2.0,,,,20,21,-2.0,,,,42,54,-24.0,50,96,-92.0,142,143,-2.0,173,173,0.0,-22.0,2.0,92.0,2.0
AnteriorIschemia_007,III,1,AnteriorIschemia,-610,R,1,0.0001,0,638,1,245,500,,,,,,,,,,2,3,-2.0,,,,12,14,-4.0,,66,,43,54,-22.0,45,105,-120.0,142,142,0.0,174,175,-2.0,-20.0,0.0,118.0,-2.0
AnteriorIschemia_007,aVR,1,AnteriorIschemia,-610,QS,1,0.0,0,638,1,245,500,,,,,,,,,,2,3,-2.0,22,23,-2.0,,,,,,,42,54,-24.0,49,83,-68.0,142,143,-2.0,175,172,6.0,-22.0,8.0,74.0,8.0
AnteriorIschemia_007,aVL,1,AnteriorIschemia,-610,QR,1,0.0,0,638,1,245,500,,,,,,,,,,2,3,-2.0,11,11,0.0,22,23,-2.0,,,,43,54,-22.0,48,112,-128.0,142,142,0.0,175,172,6.0,-20.0,8.0,134.0,6.0
AnteriorIschemia_007,aVF,1,AnteriorIschemia,-610,R,1,0.0,0,638,1,245,500,,,,,,,,,,2,3,-2.0,,,,17,17,0.0,,70,,42,54,-24.0,51,99,-96.0,142,142,0.0,174,177,-6.0,-22.0,-4.0,90.0,-6.0
AnteriorIschemia_007,V1,1,AnteriorIschemia,-610,rS,1,0.0,0,638,1,245,500,,,,,,,,,,2,3,-2.0,,20,,4,31,-54.0,20,,,43,54,-22.0,44,55,-22.0,111,111,0.0,172,175,-6.0,-20.0,-4.0,16.0,-6.0
AnteriorIschemia_007,V3,1,AnteriorIschemia,-610,qR,1,0.0,0,638,1,245,500,,,,,,,,,,2,3,-2.0,9,9,0.0,26,26,0.0,,,,42,54,-24.0,48,71,-46.0,171,109,124.0,171,168,6.0,-22.0,8.0,52.0,-118.0
AnteriorIschemia_007,V4,1,AnteriorIschemia,-610,qR,1,0.0001,0,638,1,245,500,,,,,,,,,,2,3,-2.0,8,9,-2.0,24,24,0.0,,,,42,54,-24.0,50,75,-50.0,171,112,118.0,171,168,6.0,-22.0,8.0,56.0,-112.0
AnteriorIschemia_007,V5,1,AnteriorIschemia,-610,qR,1,0.0,0,638,1,245,500,,,,,,,,,,2,3,-2.0,6,7,-2.0,21,21,0.0,,,,42,54,-24.0,56,101,-90.0,146,146,0.0,171,172,-2.0,-22.0,0.0,88.0,-2.0
AnteriorIschemia_007,V6,1,AnteriorIschemia,-610,R,1,0.0,0,638,1,245,500,,,,,,,,,,2,3,-2.0,,6,,21,21,0.0,,93,,42,54,-24.0,53,115,-124.0,146,147,-2.0,172,171,2.0,-22.0,4.0,126.0,4.0
AnteriorIschemia_008,aVR,1,AnteriorIschemia,-610,QS,1,0.0009,0,636,1,245,500,,,,,,,,,,2,2,0.0,24,25,-2.0,,,,,,,46,58,-24.0,57,64,-14.0,140,140,0.0,183,172,22.0,-24.0,22.0,36.0,22.0
AnteriorIschemia_008,II,1,AnteriorIschemia,-610,R,1,0.0007,0,636,1,245,500,,,,,,,,,,2,2,0.0,,,,24,24,0.0,,,,46,58,-24.0,59,64,-10.0,144,144,0.0,182,175,14.0,-24.0,14.0,24.0,14.0
AnteriorIschemia_008,III,1,AnteriorIschemia,-610,RS,1,0.0032,0,636,1,245,500,,,,,,,,,,2,2,0.0,,,,18,18,0.0,29,28,2.0,47,58,-22.0,58,101,-86.0,149,150,-2.0,183,176,14.0,-22.0,14.0,100.0,16.0
AnteriorIschemia_008,I,1,AnteriorIschemia,-610,R,1,0.0019,0,636,1,245,500,,,,,,,,,,2,2,0.0,,,,25,25,0.0,,,,47,58,-22.0,56,62,-12.0,132,132,0.0,183,170,26.0,-22.0,26.0,38.0,26.0
AnteriorIschemia_008,aVL,1,AnteriorIschemia,-610,qR,1,0.0014,0,636,1,245,500,,,,,,,,,,2,2,0.0,17,17,0.0,27,27,0.0,,,,47,58,-22.0,57,66,-18.0,155,104,102.0,183,173,20.0,-22.0,20.0,38.0,-82.0
AnteriorIschemia_008,aVF,1,AnteriorIschemia,-610,R,1,0.0013,0,636,1,245,500,,,,,,,,,,2,2,0.0,,,,19,24,-10.0,,,,47,58,-22.0,60,102,-84.0,146,147,-2.0,182,178,8.0,-22.0,8.0,92.0,10.0
AnteriorIschemia_008,V1,1,AnteriorIschemia,-610,rS,1,0.0024,0,636,1,245,500,,,,,,,,,,2,2,0.0,,,,7,8,-2.0,23,24,-2.0,47,58,-22.0,52,59,-14.0,135,136,-2.0,180,178,4.0,-22.0,4.0,18.0,6.0
AnteriorIschemia_008,V2,1,AnteriorIschemia,-610,rS,1,0.0047,0,636,1,245,500,,,,,,,,,,2,2,0.0,,,,6,7,-2.0,23,24,-2.0,46,58,-24.0,52,60,-16.0,129,129,0.0,180,181,-2.0,-24.0,-2.0,14.0,-2.0
AnteriorIschemia_008,V3,1,AnteriorIschemia,-610,qR,1,0.0047,0,636,1,245,500,,,,,,,,,,2,2,0.0,13,12,2.0,26,26,0.0,,,,47,58,-22.0,58,66,-16.0,109,109,0.0,179,176,6.0,-22.0,6.0,22.0,6.0
AnteriorIschemia_008,V4,1,AnteriorIschemia,-610,qR,1,0.0028,0,636,1,245,500,,,,,,,,,,2,2,0.0,10,10,0.0,25,25,0.0,,,,46,58,-24.0,60,66,-12.0,110,111,-2.0,179,180,-2.0,-24.0,-2.0,10.0,0.0
AnteriorIschemia_008,V5,1,AnteriorIschemia,-610,qR,1,0.0006,0,636,1,245,500,,,,,,,,,,2,2,0.0,7,8,-2.0,24,25,-2.0,,,,46,58,-24.0,64,66,-4.0,146,146,0.0,181,176,10.0,-24.0,10.0,14.0,10.0
AnteriorIschemia_008,V6,1,AnteriorIschemia,-610,qR,1,0.0003,0,636,1,245,500,,,,,,,,,,2,2,0.0,7,7,0.0,23,23,0.0,,,,46,58,-24.0,60,91,-62.0,147,147,0.0,182,171,22.0,-24.0,22.0,84.0,22.0
AnteriorIschemia_009,V3,1,AnteriorIschemia,-612,rS,1,0.0011,0,639,1,243,500,,,,,,,,,,1,2,-2.0,,21,,5,31,-52.0,21,,,45,55,-20.0,58,59,-2.0,112,112,0.0,177,169,16.0,-18.0,18.0,18.0,16.0
AnteriorIschemia_009,I,1,AnteriorIschemia,-612,R,1,0.0011,0,639,1,243,500,,,,,,,,,,1,2,-2.0,,,,25,26,-2.0,,,,45,55,-20.0,57,55,4.0,128,129,-2.0,181,169,24.0,-18.0,26.0,20.0,26.0
AnteriorIschemia_009,II,1,AnteriorIschemia,-612,R,1,0.0005,0,639,1,243,500,,,,,,,,,,1,2,-2.0,,,,25,25,0.0,,,,45,55,-20.0,64,75,-22.0,143,143,0.0,180,169,22.0,-18.0,24.0,44.0,22.0
AnteriorIschemia_009,III,1,AnteriorIschemia,-612,rS,1,0.0023,0,639,1,243,500,,,,,,,,,,1,2,-2.0,,,,5,6,-2.0,27,27,0.0,46,55,-18.0,60,64,-8.0,147,103,88.0,179,169,20.0,-16.0,22.0,28.0,-68.0
AnteriorIschemia_009,aVR,1,AnteriorIschemia,-612,QS,1,0.0005,0,639,1,243,500,,,,,,,,,,1,2,-2.0,25,25,0.0,,,,,,,45,55,-20.0,62,64,-4.0,141,141,0.0,182,169,26.0,-18.0,28.0,30.0,26.0
AnteriorIschemia_009,aVL,1,AnteriorIschemia,-612,R,1,0.0015,0,639,1,243,500,,,,,,,,,,1,2,-2.0,,6,,12,27,-30.0,,,,46,55,-18.0,58,55,6.0,181,110,142.0,181,169,24.0,-16.0,26.0,18.0,-118.0
AnteriorIschemia_009,V4,1,AnteriorIschemia,-612,RS,1,0.0008,0,639,1,243,500,,,,,,,,,,1,2,-2.0,,20,,8,27,-38.0,20,,,45,55,-20.0,63,64,-2.0,129,130,-2.0,179,175,8.0,-18.0,10.0,10.0,10.0
AnteriorIschemia_009,V5,1,AnteriorIschemia,-612,R,1,0.0002,0,639,1,243,500,,,,,,,,,,1,2,-2.0,,,,26,26,0.0,,,,45,55,-20.0,73,70,6.0,144,144,0.0,180,169,22.0,-18.0,24.0,16.0,22.0
AnteriorIschemia_009,V6,1,AnteriorIschemia,-612,R,1,0.0001,0,639,1,243,500,,,,,,,,,,1,2,-2.0,,,,22,22,0.0,,,,45,55,-20.0,71,93,-44.0,146,147,-2.0,180,169,22.0,-18.0,24.0,66.0,24.0
AnteriorIschemia_009,aVF,1,AnteriorIschemia,-612,RS,1,0.0008,0,639,1,243,500,,,,,,,,,,1,2,-2.0,,,,10,18,-16.0,28,29,-2.0,46,55,-18.0,62,64,-4.0,145,145,0.0,179,169,20.0,-16.0,22.0,24.0,20.0
AnteriorIschemia_009,V1,1,AnteriorIschemia,-612,rS,1,0.0016,0,639,1,243,500,,,,,,,,,,1,2,-2.0,,23,,4,,,23,,,45,55,-20.0,54,64,-20.0,97,98,-2.0,179,169,20.0,-18.0,22.0,40.0,22.0
AnteriorIschemia_009,V2,1,AnteriorIschemia,-612,rS,1,0.0011,0,639,1,243,500,,,,,,,,,,1,2,-2.0,,,,5,5,0.0,21,22,-2.0,45,55,-20.0,55,64,-18.0,110,110,0.0,179,169,20.0,-18.0,22.0,38.0,20.0
AnteriorIschemia_010,aVR,1,AnteriorIschemia,-607,QS,1,0.0008,0,637,1,248,500,,,,,,,,,,2,2,0.0,27,27,0.0,,,,,,,49,38,22.0,54,64,-20.0,141,141,0.0,182,174,16.0,22.0,16.0,36.0,16.0
AnteriorIschemia_010,I,1,AnteriorIschemia,-607,R,1,0.0021,0,637,1,248,500,,,,,,,,,,2,2,0.0,,,,9,30,-42.0,,,,50,38,24.0,52,53,-2.0,134,134,0.0,182,174,16.0,24.0,16.0,18.0,16.0
AnteriorIschemia_010,II,1,AnteriorIschemia,-607,R,1,0.0004,0,637,1,248,500,,,,,,,,,,3,2,2.0,,,,8,27,-38.0,,,,48,38,20.0,54,70,-32.0,144,145,-2.0,182,174,16.0,18.0,14.0,48.0,18.0
AnteriorIschemia_010,III,1,AnteriorIschemia,-607,RS,1,0.004,0,637,1,248,500,,,,,,,,,,3,2,2.0,,,,6,27,-42.0,33,34,-2.0,50,38,24.0,51,98,-94.0,150,150,0.0,184,174,20.0,22.0,18.0,114.0,20.0
AnteriorIschemia_010,aVL,1,AnteriorIschemia,-607,qRS,1,0.0013,0,637,1,248,500,,,,,,,,,,2,2,0.0,5,18,-26.0,10,31,-42.0,18,,,48,38,20.0,53,82,-58.0,155,104,102.0,186,174,24.0,20.0,24.0,82.0,-78.0
AnteriorIschemia_010,aVF,1,AnteriorIschemia,-607,Rs,1,0.001,0,637,1,248,500,,,,,,,,,,3,2,2.0,,,,7,27,-40.0,49,,,49,38,22.0,58,68,-20.0,147,147,0.0,183,182,2.0,20.0,0.0,22.0,2.0
AnteriorIschemia_010,V1,1,AnteriorIschemia,-607,rS,1,0.0013,0,637,1,248,500,,,,,,,,,,2,2,0.0,,21,,4,,,21,,,49,38,22.0,50,49,2.0,146,146,0.0,179,174,10.0,22.0,10.0,8.0,10.0
AnteriorIschemia_010,V2,1,AnteriorIschemia,-607,Qr,1,0.0022,0,637,1,248,500,,,,,,,,,,2,2,0.0,21,21,0.0,50,,,,,,50,38,24.0,51,64,-26.0,109,110,-2.0,179,174,10.0,24.0,10.0,36.0,12.0
AnteriorIschemia_010,V3,1,AnteriorIschemia,-607,QR,1,0.0029,0,637,1,248,500,,,,,,,,,,2,2,0.0,18,19,-2.0,30,31,-2.0,,,,49,38,22.0,55,64,-18.0,179,107,144.0,179,174,10.0,22.0,10.0,28.0,-134.0
AnteriorIschemia_010,V6,1,AnteriorIschemia,-607,Rs,1,0.0005,0,637,1,248,500,,,,,,,,,,2,2,0.0,,,,20,20,0.0,29,29,0.0,48,38,20.0,58,95,-74.0,145,145,0.0,180,174,12.0,20.0,12.0,86.0,12.0
AnteriorIschemia_010,V4,1,AnteriorIschemia,-607,qR,1,0.0014,0,637,1,248,500,,,,,,,,,,2,2,0.0,10,11,-2.0,29,29,0.0,,,,49,38,22.0,55,64,-18.0,145,145,0.0,178,174,8.0,22.0,8.0,26.0,8.0
AnteriorIschemia_010,V5,1,AnteriorIschemia,-607,qR,1,0.0009,0,637,1,248,500,,,,,,,,,,2,2,0.0,7,7,0.0,24,24,0.0,,,,48,38,20.0,75,64,22.0,147,148,-2.0,179,174,10.0,20.0,10.0,-12.0,12.0
Healthy_001,V1,1,Healthy,-614,rS,1,0.0047,0,638,1,241,500,,,,,,,,,,2,2,0.0,,,,6,7,-2.0,19,19,0.0,43,44,-2.0,51,50,2.0,138,138,0.0,175,166,18.0,-2.0,18.0,16.0,18.0
Healthy_001,I,1,Healthy,-614,R,1,0.0037,0,638,1,241,500,,,,,,,,,,2,2,0.0,,,,9,14,-10.0,,28,,44,44,0.0,66,94,-56.0,145,145,0.0,177,166,22.0,0.0,22.0,78.0,22.0
Healthy_001,II,1,Healthy,-614,R,1,0.0012,0,638,1,241,500,,,,,,,,,,2,2,0.0,,,,22,22,0.0,,,,44,44,0.0,68,69,-2.0,143,144,-2.0,177,176,2.0,0.0,2.0,4.0,4.0
Healthy_001,III,1,Healthy,-614,R,1,0.0033,0,638,1,241,500,,,,,,,,,,2,2,0.0,,,,11,22,-22.0,,,,44,44,0.0,67,69,-4.0,141,141,0.0,178,181,-6.0,0.0,-6.0,-2.0,-6.0
Healthy_001,aVR,1,Healthy,-614,QS,1,0.0017,0,638,1,241,500,,,,,,,,,,2,2,0.0,22,22,0.0,,,,,,,44,44,0.0,68,69,-2.0,144,144,0.0,178,175,6.0,0.0,6.0,8.0,6.0
Healthy_001,aVL,1,Healthy,-614,qrS,1,0.0025,0,638,1,241,500,,,,,,,,,,2,2,0.0,4,11,-14.0,7,14,-14.0,23,23,0.0,44,44,0.0,68,69,-2.0,134,135,-2.0,179,182,-6.0,0.0,-6.0,-4.0,-4.0
Healthy_001,aVF,1,Healthy,-614,R,1,0.0016,0,638,1,241,500,,,,,,,,,,2,2,0.0,,,,11,22,-22.0,,,,45,44,2.0,69,69,0.0,143,143,0.0,178,185,-14.0,2.0,-14.0,-14.0,-14.0
Healthy_001,V2,1,Healthy,-614,rS,1,0.0074,0,638,1,241,500,,,,,,,,,,2,2,0.0,,22,,4,,,22,,,43,44,-2.0,52,52,0.0,137,138,-2.0,176,166,20.0,-2.0,20.0,20.0,22.0
Healthy_001,V3,1,Healthy,-614,QR,1,0.0067,0,638,1,241,500,,,,,,,,,,2,2,0.0,9,9,0.0,20,20,0.0,,,,44,44,0.0,59,60,-2.0,137,137,0.0,175,166,18.0,0.0,18.0,20.0,18.0
Healthy_001,V5,1,Healthy,-614,qR,1,0.0013,0,638,1,241,500,,,,,,,,,,2,2,0.0,6,,,22,22,0.0,,,,44,44,0.0,72,101,-58.0,149,149,0.0,176,166,20.0,0.0,20.0,78.0,20.0
Healthy_001,V6,1,Healthy,-614,qR,1,0.001,0,638,1,241,500,,,,,,,,,,2,2,0.0,5,,,21,22,-2.0,,,,44,44,0.0,72,69,6.0,149,149,0.0,176,171,10.0,0.0,10.0,4.0,10.0
Healthy_001,V4,1,Healthy,-614,qR,1,0.0047,0,638,1,241,500,,,,,,,,,,2,2,0.0,8,8,0.0,21,22,-2.0,,,,44,44,0.0,68,69,-2.0,138,138,0.0,175,166,18.0,0.0,18.0,20.0,18.0
Healthy_002,V2,1,Healthy,-608,rS,1,0.0412,0,640,1,247,500,,,,,,,,,,2,2,0.0,,,,6,6,0.0,24,24,0.0,52,64,-24.0,69,72,-6.0,141,141,0.0,182,173,18.0,-24.0,18.0,24.0,18.0
Healthy_002,I,1,Healthy,-608,R,1,0.0331,0,640,1,247,500,,,,,,,,,,2,2,0.0,,,,16,16,0.0,,,,53,64,-22.0,72,72,0.0,148,148,0.0,183,185,-4.0,-22.0,-4.0,-4.0,-4.0
Healthy_002,II,1,Healthy,-608,R,1,0.0211,0,640,1,247,500,,,,,,,,,,2,2,0.0,,,,10,27,-34.0,,,,53,64,-22.0,73,72,2.0,147,148,-2.0,183,187,-8.0,-22.0,-8.0,-10.0,-6.0
Healthy_002,III,1,Healthy,-608,RS,1,0.0392,0,640,1,247,500,,,,,,,,,,2,2,0.0,,16,,10,27,-34.0,16,,,53,64,-22.0,71,72,-2.0,158,158,0.0,183,187,-8.0,-22.0,-8.0,-6.0,-8.0
Healthy_002,aVR,1,Healthy,-608,QS,1,0.0243,0,640,1,247,500,,,,,,,,,,2,2,0.0,28,28,0.0,,,,,,,52,64,-24.0,72,72,0.0,148,148,0.0,183,193,-20.0,-24.0,-20.0,-20.0,-20.0
Healthy_002,aVL,1,Healthy,-608,qRs,1,0.0199,0,640,1,247,500,,,,,,,,,,2,2,0.0,9,9,0.0,16,16,0.0,37,38,-2.0,53,64,-22.0,74,72,4.0,148,148,0.0,184,187,-6.0,-22.0,-6.0,-10.0,-6.0
Healthy_002,aVF,1,Healthy,-608,Rs,1,0.0292,0,640,1,247,500,,,,,,,,,,2,2,0.0,,16,,10,27,-34.0,16,,,53,64,-22.0,74,72,4.0,145,146,-2.0,183,193,-20.0,-22.0,-20.0,-24.0,-18.0
Healthy_002,V1,1,Healthy,-608,rS,1,0.0291,0,640,1,247,500,,,,,,,,,,2,2,0.0,,,,6,6,0.0,25,25,0.0,52,64,-24.0,66,66,0.0,140,140,0.0,182,181,2.0,-24.0,2.0,2.0,2.0
Healthy_002,V3,1,Healthy,-608,rS,1,0.0406,0,640,1,247,500,,,,,,,,,,2,2,0.0,,20,,5,,,20,,,53,64,-22.0,71,66,10.0,140,141,-2.0,181,179,4.0,-22.0,4.0,-6.0,6.0
Healthy_002,V4,1,Healthy,-608,QR,1,0.0317,0,640,1,247,500,,,,,,,,,,2,2,0.0,17,17,0.0,29,42,-26.0,,,,53,64,-22.0,73,72,2.0,140,140,0.0,181,193,-24.0,-22.0,-24.0,-26.0,-24.0
Healthy_002,V6,1,Healthy,-608,qR,1,0.0249,0,640,1,247,500,,,,,,,,,,2,2,0.0,7,8,-2.0,26,26,0.0,,,,53,64,-22.0,75,126,-102.0,156,156,0.0,181,176,10.0,-22.0,10.0,112.0,10.0
Healthy_002,V5,1,Healthy,-608,qR,1,0.0305,0,640,1,247,500,,,,,,,,,,2,2,0.0,9,9,0.0,28,28,0.0,,,,53,64,-22.0,76,72,8.0,157,157,0.0,181,173,16.0,-22.0,16.0,8.0,16.0
Healthy_003,aVF,1,Healthy,-614,R,1,0.0,0,628,1,241,500,,,,,,,,,,2,2,0.0,,,,9,21,-24.0,,,,48,47,2.0,72,73,-2.0,142,142,0.0,178,182,-8.0,2.0,-8.0,-6.0,-8.0
Healthy_003,I,1,Healthy,-614,R,1,0.0,0,628,1,241,500,,,,,,,,,,2,2,0.0,,,,7,24,-34.0,,,,48,47,2.0,73,73,0.0,148,148,0.0,177,175,4.0,2.0,4.0,4.0,4.0
Healthy_003,II,1,Healthy,-614,R,1,0.0,0,628,1,241,500,,,,,,,,,,2,2,0.0,,,,9,21,-24.0,,,,48,47,2.0,71,73,-4.0,144,144,0.0,177,178,-2.0,2.0,-2.0,2.0,-2.0
Healthy_003,III,1,Healthy,-614,R,1,0.0,0,628,1,241,500,,,,,,,,,,2,2,0.0,,,,9,21,-24.0,,,,48,47,2.0,71,73,-4.0,139,139,0.0,178,179,-2.0,2.0,-2.0,2.0,-2.0
Healthy_003,aVR,1,Healthy,-614,QS,1,0.0,0,628,1,241,500,,,,,,,,,,2,2,0.0,21,21,0.0,,,,,,,48,47,2.0,71,73,-4.0,145,146,-2.0,177,178,-2.0,2.0,-2.0,2.0,0.0
Healthy_003,V1,1,Healthy,-614,rS,1,0.0,0,628,1,241,500,,,,,,,,,,2,2,0.0,,21,,4,,,22,,,48,47,2.0,50,51,-2.0,139,139,0.0,176,169,14.0,2.0,14.0,16.0,14.0
Healthy_003,V2,1,Healthy,-614,Qr,1,0.0001,0,628,1,241,500,,,,,,,,,,2,2,0.0,24,24,0.0,33,33,0.0,,,,47,47,0.0,52,56,-8.0,139,139,0.0,175,169,12.0,0.0,12.0,20.0,12.0
Healthy_003,V3,1,Healthy,-614,qR,1,0.0001,0,628,1,241,500,,,,,,,,,,2,2,0.0,8,8,0.0,19,19,0.0,,,,47,47,0.0,64,70,-12.0,144,144,0.0,175,169,12.0,0.0,12.0,24.0,12.0
Healthy_003,V5,1,Healthy,-614,qR,1,0.0,0,628,1,241,500,,,,,,,,,,2,2,0.0,6,6,0.0,24,24,0.0,,,,48,47,2.0,76,81,-10.0,153,153,0.0,175,169,12.0,2.0,12.0,22.0,12.0
Healthy_003,V6,1,Healthy,-614,qR,1,0.0,0,628,1,241,500,,,,,,,,,,2,2,0.0,5,,,23,24,-2.0,,,,48,47,2.0,75,76,-2.0,152,152,0.0,176,169,14.0,2.0,14.0,16.0,14.0
Healthy_003,V4,1,Healthy,-614,qR,1,0.0,0,628,1,241,500,,,,,,,,,,2,2,0.0,8,9,-2.0,21,22,-2.0,,,,47,47,0.0,72,73,-2.0,149,149,0.0,175,169,12.0,0.0,12.0,14.0,12.0
Healthy_003,aVL,1,Healthy,-614,QRs,1,0.0,0,628,1,241,500,,,,,,,,,,2,2,0.0,9,9,0.0,15,15,0.0,20,,,48,47,2.0,73,73,0.0,134,134,0.0,178,169,18.0,2.0,18.0,18.0,18.0
Healthy_004,V2,1,Healthy,-609,rS,1,0.0022,0,638,1,246,500,,,,,,,,,,1,2,-2.0,,22,,3,,,22,,,50,45,10.0,58,54,8.0,137,137,0.0,177,174,6.0,12.0,8.0,-2.0,6.0
Healthy_004,I,1,Healthy,-609,R,1,0.0003,0,638,1,246,500,,,,,,,,,,1,2,-2.0,,,,14,14,0.0,,,,51,45,12.0,68,64,8.0,143,143,0.0,178,174,8.0,14.0,10.0,0.0,8.0
Healthy_004,aVF,1,Healthy,-609,R,1,0.0003,0,638,1,246,500,,,,,,,,,,1,2,-2.0,,13,,6,26,-40.0,,,,51,45,12.0,70,70,0.0,148,148,0.0,179,174,10.0,14.0,12.0,10.0,10.0
Healthy_004,V1,1,Healthy,-609,rS,1,0.002,0,638,1,246,500,,,,,,,,,,1,2,-2.0,,21,,4,,,20,,,50,45,10.0,57,48,18.0,139,139,0.0,177,174,6.0,12.0,8.0,-12.0,6.0
Healthy_004,V3,1,Healthy,-609,QR,1,0.0015,0,638,1,246,500,,,,,,,,,,2,2,0.0,10,10,0.0,26,26,0.0,,,,50,45,10.0,64,64,0.0,131,132,-2.0,176,174,4.0,10.0,4.0,4.0,6.0
Healthy_004,V4,1,Healthy,-609,qR,1,0.0006,0,638,1,246,500,,,,,,,,,,2,2,0.0,10,10,0.0,27,27,0.0,,,,51,45,12.0,69,64,10.0,176,146,60.0,176,174,4.0,12.0,4.0,-6.0,-56.0
Healthy_004,II,1,Healthy,-609,R,1,0.0003,0,638,1,246,500,,,,,,,,,,1,2,-2.0,,,,9,26,-34.0,,,,51,45,12.0,68,64,8.0,144,145,-2.0,178,174,8.0,14.0,10.0,0.0,10.0
Healthy_004,III,1,Healthy,-609,rS,1,0.0008,0,638,1,246,500,,,,,,,,,,1,2,-2.0,,14,,5,26,-42.0,13,,,51,45,12.0,68,64,8.0,155,155,0.0,178,174,8.0,14.0,10.0,0.0,8.0
Healthy_004,aVR,1,Healthy,-609,QS,1,0.0002,0,638,1,246,500,,,,,,,,,,2,2,0.0,25,25,0.0,,,,,,,51,45,12.0,68,64,8.0,144,144,0.0,178,174,8.0,12.0,8.0,0.0,8.0
Healthy_004,aVL,1,Healthy,-609,Rs,1,0.0005,0,638,1,246,500,,,,,,,,,,1,2,-2.0,,,,14,14,0.0,26,27,-2.0,51,45,12.0,70,64,12.0,142,143,-2.0,179,174,10.0,14.0,12.0,-2.0,12.0
Healthy_004,V5,1,Healthy,-609,R,1,0.0001,0,638,1,246,500,,,,,,,,,,1,2,-2.0,,,,25,25,0.0,,,,51,45,12.0,72,64,16.0,150,150,0.0,176,174,4.0,14.0,6.0,-12.0,4.0
Healthy_004,V6,1,Healthy,-609,R,1,0.0002,0,638,1,246,500,,,,,,,,,,1,2,-2.0,,,,21,21,0.0,,30,,51,45,12.0,71,64,14.0,147,147,0.0,176,174,4.0,14.0,6.0,-10.0,4.0
Healthy_005,aVF,1,Healthy,-614,R,1,0.0001,0,627,1,241,500,,,,,,,,,,2,2,0.0,,,,6,23,-34.0,,,,47,37,20.0,71,71,0.0,146,146,0.0,177,185,-16.0,20.0,-16.0,-16.0,-16.0
Healthy_005,I,1,Healthy,-614,R,1,0.0001,0,627,1,241,500,,,,,,,,,,2,2,0.0,,,,14,14,0.0,,,,47,37,20.0,69,72,-6.0,142,142,0.0,177,169,16.0,20.0,16.0,22.0,16.0
Healthy_005,II,1,Healthy,-614,R,1,0.0001,0,627,1,241,500,,,,,,,,,,2,2,0.0,,,,22,23,-2.0,,,,46,37,18.0,71,71,0.0,145,145,0.0,176,172,8.0,18.0,8.0,8.0,8.0
Healthy_005,aVR,1,Healthy,-614,QS,1,0.0001,0,627,1,241,500,,,,,,,,,,2,2,0.0,22,23,-2.0,,,,,,,47,37,20.0,70,71,-2.0,143,144,-2.0,176,175,2.0,20.0,2.0,4.0,4.0
Healthy_005,aVL,1,Healthy,-614,Rs,1,0.0001,0,627,1,241,500,,,,,,,,,,2,2,0.0,,,,13,14,-2.0,23,24,-2.0,47,37,20.0,70,96,-52.0,157,158,-2.0,178,180,-4.0,20.0,-4.0,48.0,-2.0
Healthy_005,V1,1,Healthy,-614,QS,1,0.0006,0,627,1,241,500,,,,,,,,,,2,2,0.0,21,21,0.0,,,,,,,46,37,18.0,52,50,4.0,139,140,-2.0,176,169,14.0,18.0,14.0,10.0,16.0
Healthy_005,V2,1,Healthy,-614,QS,1,0.0005,0,627,1,241,500,,,,,,,,,,2,2,0.0,21,21,0.0,,,,,,,46,37,18.0,53,51,4.0,140,140,0.0,176,169,14.0,18.0,14.0,10.0,14.0
Healthy_005,V3,1,Healthy,-614,qRs,1,0.0013,0,627,1,241,500,,,,,,,,,,2,2,0.0,9,9,0.0,15,15,0.0,21,21,0.0,46,37,18.0,60,60,0.0,141,142,-2.0,175,178,-6.0,18.0,-6.0,-6.0,-4.0
Healthy_005,III,1,Healthy,-614,RS,1,0.0004,0,627,1,241,500,,,,,,,,,,2,2,0.0,,13,,5,23,-36.0,9,,,46,37,18.0,69,71,-4.0,150,151,-2.0,178,169,18.0,18.0,18.0,22.0,20.0
Healthy_005,V4,1,Healthy,-614,qR,1,0.0005,0,627,1,241,500,,,,,,,,,,2,2,0.0,8,8,0.0,15,28,-26.0,,,,46,37,18.0,70,71,-2.0,149,149,0.0,175,169,12.0,18.0,12.0,14.0,12.0
Healthy_005,V5,1,Healthy,-614,R,1,0.0,0,627,1,241,500,,,,,,,,,,2,2,0.0,,,,23,23,0.0,,,,47,37,20.0,73,71,4.0,150,150,0.0,175,169,12.0,20.0,12.0,8.0,12.0
Healthy_005,V6,1,Healthy,-614,R,1,0.0,0,627,1,241,500,,,,,,,,,,2,2,0.0,,,,21,21,0.0,,,,47,37,20.0,73,71,4.0,148,148,0.0,175,169,12.0,20.0,12.0,8.0,12.0
Healthy_006,V1,1,Healthy,-613,rS,1,0.0075,0,638,1,242,500,,,,,,,,,,1,2,-2.0,,,,8,8,0.0,21,22,-2.0,46,39,14.0,66,44,44.0,137,138,-2.0,177,166,22.0,16.0,24.0,-22.0,24.0
Healthy_006,I,1,Healthy,-613,R,1,0.0031,0,638,1,242,500,,,,,,,,,,1,2,-2.0,,,,14,14,0.0,,,,47,39,16.0,70,67,6.0,145,145,0.0,178,166,24.0,18.0,26.0,18.0,24.0
Healthy_006,II,1,Healthy,-613,R,1,0.0041,0,638,1,242,500,,,,,,,,,,1,2,-2.0,,,,10,24,-28.0,,,,46,39,14.0,70,67,6.0,142,142,0.0,178,174,8.0,16.0,10.0,2.0,8.0
Healthy_006,III,1,Healthy,-613,rS,1,0.0104,0,638,1,242,500,,,,,,,,,,1,2,-2.0,,14,,5,25,-40.0,14,,,46,39,14.0,70,67,6.0,131,131,0.0,179,174,10.0,16.0,12.0,4.0,10.0
Healthy_006,aVR,1,Healthy,-613,QS,1,0.0036,0,638,1,242,500,,,,,,,,,,1,2,-2.0,23,23,0.0,,,,,,,46,39,14.0,70,67,6.0,143,144,-2.0,178,179,-2.0,16.0,0.0,-8.0,0.0
Healthy_006,aVL,1,Healthy,-613,rS,1,0.0063,0,638,1,242,500,,,,,,,,,,1,2,-2.0,,,,7,14,-14.0,25,25,0.0,47,39,16.0,71,98,-54.0,146,146,0.0,179,166,26.0,18.0,28.0,80.0,26.0
Healthy_006,aVF,1,Healthy,-613,Rs,1,0.004,0,638,1,242,500,,,,,,,,,,1,2,-2.0,,14,,10,24,-28.0,14,,,46,39,14.0,71,67,8.0,138,139,-2.0,178,182,-8.0,16.0,-6.0,-16.0,-6.0
Healthy_006,V2,1,Healthy,-613,rS,1,0.015,0,638,1,242,500,,,,,,,,,,1,2,-2.0,,,,5,5,0.0,21,22,-2.0,46,39,14.0,67,53,28.0,138,138,0.0,177,166,22.0,16.0,24.0,-6.0,22.0
Healthy_006,V3,1,Healthy,-613,rS,1,0.0117,0,638,1,242,500,,,,,,,,,,1,2,-2.0,,22,,4,31,-54.0,21,,,46,39,14.0,70,55,30.0,136,137,-2.0,176,166,20.0,16.0,22.0,-10.0,22.0
Healthy_006,V4,1,Healthy,-613,RS,1,0.0099,0,638,1,242,500,,,,,,,,,,1,2,-2.0,,14,,4,28,-48.0,13,,,46,39,14.0,73,62,22.0,134,134,0.0,176,200,-48.0,16.0,-46.0,-70.0,-48.0
Healthy_006,V6,1,Healthy,-613,R,1,0.0021,0,638,1,242,500,,,,,,,,,,1,2,-2.0,,,,22,22,0.0,,,,47,39,16.0,72,68,8.0,149,149,0.0,176,167,18.0,18.0,20.0,10.0,18.0
Healthy_006,V5,1,Healthy,-613,R,1,0.0026,0,638,1,242,500,,,,,,,,,,1,2,-2.0,,,,17,24,-14.0,,,,46,39,14.0,74,67,14.0,152,152,0.0,176,166,20.0,16.0,22.0,6.0,20.0
Healthy_007,III,1,Healthy,-615,R,1,0.0006,0,640,1,240,500,,,,,,,,,,2,3,-2.0,,,,10,18,-16.0,,,,47,60,-26.0,60,74,-28.0,140,140,0.0,175,172,6.0,-24.0,8.0,34.0,6.0
Healthy_007,I,1,Healthy,-615,RS,1,0.0001,0,640,1,240,500,,,,,,,,,,2,3,-2.0,,11,,7,21,-28.0,10,,,47,60,-26.0,66,94,-56.0,147,148,-2.0,174,168,12.0,-24.0,14.0,68.0,14.0
Healthy_007,II,1,Healthy,-615,R,1,0.0001,0,640,1,240,500,,,,,,,,,,2,3,-2.0,,,,19,20,-2.0,,,,47,60,-26.0,63,76,-26.0,143,144,-2.0,174,168,12.0,-24.0,14.0,38.0,14.0
Healthy_007,aVR,1,Healthy,-615,QS,1,0.0001,0,640,1,240,500,,,,,,,,,,2,3,-2.0,20,20,0.0,,,,,,,47,60,-26.0,63,74,-22.0,145,145,0.0,174,172,4.0,-24.0,6.0,26.0,4.0
Healthy_007,aVL,1,Healthy,-615,QRs,1,0.0002,0,640,1,240,500,,,,,,,,,,2,3,-2.0,10,11,-2.0,22,22,0.0,28,28,0.0,48,60,-24.0,66,70,-8.0,136,136,0.0,176,168,16.0,-22.0,18.0,24.0,16.0
Healthy_007,V2,1,Healthy,-615,Qr,1,0.003,0,640,1,240,500,,,,,,,,,,2,3,-2.0,10,10,0.0,24,24,0.0,,,,47,60,-26.0,49,72,-46.0,139,139,0.0,173,174,-2.0,-24.0,0.0,44.0,-2.0
Healthy_007,V3,1,Healthy,-615,QR,1,0.0027,0,640,1,240,500,,,,,,,,,,2,3,-2.0,9,10,-2.0,23,24,-2.0,,,,46,60,-28.0,54,74,-40.0,144,144,0.0,172,168,8.0,-26.0,10.0,48.0,8.0
Healthy_007,V4,1,Healthy,-615,qR,1,0.0004,0,640,1,240,500,,,,,,,,,,2,3,-2.0,9,9,0.0,20,20,0.0,,,,47,60,-26.0,63,100,-74.0,149,148,2.0,172,168,8.0,-24.0,10.0,82.0,6.0
Healthy_007,V5,1,Healthy,-615,qR,1,0.0,0,640,1,240,500,,,,,,,,,,2,3,-2.0,6,,,20,20,0.0,,,,47,60,-26.0,69,96,-54.0,148,148,0.0,173,168,10.0,-24.0,12.0,64.0,10.0
Healthy_007,V6,1,Healthy,-615,qR,1,0.0,0,640,1,240,500,,,,,,,,,,2,3,-2.0,6,,,21,21,0.0,,,,47,60,-26.0,67,101,-68.0,149,149,0.0,173,168,10.0,-24.0,12.0,78.0,10.0
Healthy_007,V1,1,Healthy,-615,QS,1,0.0009,0,640,1,240,500,,,,,,,,,,2,3,-2.0,18,18,0.0,,32,,,,,46,60,-28.0,47,74,-54.0,138,138,0.0,173,172,2.0,-26.0,4.0,56.0,2.0
Healthy_007,aVF,1,Healthy,-615,R,1,0.0001,0,640,1,240,500,,,,,,,,,,2,3,-2.0,,,,10,19,-18.0,,,,48,60,-24.0,64,74,-20.0,142,142,0.0,175,168,14.0,-22.0,16.0,34.0,14.0
Healthy_008,II,1,Healthy,-613,R,1,0.0001,0,637,1,242,500,,,,,,,,,,1,2,-2.0,,,,8,23,-30.0,,,,48,47,2.0,67,72,-10.0,145,146,-2.0,176,171,10.0,4.0,12.0,20.0,12.0
Healthy_008,III,1,Healthy,-613,rS,1,0.0002,0,637,1,242,500,,,,,,,,,,1,2,-2.0,,14,,5,22,-34.0,13,,,48,47,2.0,64,82,-36.0,155,155,0.0,177,171,12.0,4.0,14.0,48.0,12.0
Healthy_008,aVR,1,Healthy,-613,QS,1,0.0001,0,637,1,242,500,,,,,,,,,,1,2,-2.0,23,23,0.0,,,,,,,48,47,2.0,68,72,-8.0,144,144,0.0,176,182,-12.0,4.0,-10.0,-4.0,-12.0
Healthy_008,aVL,1,Healthy,-613,Rs,1,0.0001,0,637,1,242,500,,,,,,,,,,1,2,-2.0,,,,14,14,0.0,19,20,-2.0,48,47,2.0,68,90,-44.0,142,143,-2.0,177,171,12.0,4.0,14.0,56.0,14.0
Healthy_008,aVF,1,Healthy,-613,rS,1,0.0,0,637,1,242,500,,,,,,,,,,1,2,-2.0,,14,,6,22,-32.0,13,,,48,47,2.0,68,70,-4.0,149,149,0.0,177,175,4.0,4.0,6.0,8.0,4.0
Healthy_008,V1,1,Healthy,-613,rS,1,0.0005,0,637,1,242,500,,,,,,,,,,1,2,-2.0,,21,,6,,,21,,,47,47,0.0,54,47,14.0,137,137,0.0,175,171,8.0,2.0,10.0,-6.0,8.0
Healthy_008,V2,1,Healthy,-613,rS,1,0.0008,0,637,1,242,500,,,,,,,,,,1,2,-2.0,,16,,4,,,16,,,47,47,0.0,55,55,0.0,137,137,0.0,174,182,-16.0,2.0,-14.0,-16.0,-16.0
Healthy_008,V3,1,Healthy,-613,QR,1,0.0006,0,637,1,242,500,,,,,,,,,,1,2,-2.0,13,14,-2.0,23,30,-14.0,,,,47,47,0.0,58,62,-8.0,135,135,0.0,174,171,6.0,2.0,8.0,14.0,6.0
Healthy_008,V4,1,Healthy,-613,qR,1,0.0003,0,637,1,242,500,,,,,,,,,,1,2,-2.0,12,11,2.0,23,23,0.0,,,,48,47,2.0,68,70,-4.0,134,134,0.0,174,175,-2.0,4.0,0.0,2.0,-2.0
Healthy_008,V5,1,Healthy,-613,qR,1,0.0,0,637,1,242,500,,,,,,,,,,1,2,-2.0,8,8,0.0,23,23,0.0,,,,48,47,2.0,72,96,-48.0,150,150,0.0,174,171,6.0,4.0,8.0,54.0,6.0
Healthy_008,V6,1,Healthy,-613,qR,1,0.0,0,637,1,242,500,,,,,,,,,,1,2,-2.0,6,,,22,23,-2.0,,,,48,47,2.0,71,87,-32.0,149,149,0.0,174,171,6.0,4.0,8.0,38.0,6.0
Healthy_008,I,1,Healthy,-613,R,1,0.0002,0,637,1,242,500,,,,,,,,,,1,2,-2.0,,,,14,14,0.0,,,,48,47,2.0,65,68,-6.0,143,144,-2.0,175,171,8.0,4.0,10.0,14.0,10.0
Healthy_009,V2,1,Healthy,-613,rS,1,0.0011,0,639,1,242,500,,,,,,,,,,1,2,-2.0,,21,,5,,,21,,,45,43,4.0,61,48,26.0,136,136,0.0,175,179,-8.0,6.0,-6.0,-34.0,-8.0
Healthy_009,I,1,Healthy,-613,R,1,0.0003,0,639,1,242,500,,,,,,,,,,0,2,-4.0,,,,15,23,-16.0,,,,46,43,6.0,69,76,-14.0,145,146,-2.0,179,168,22.0,10.0,26.0,36.0,24.0
Healthy_009,II,1,Healthy,-613,R,1,0.0007,0,639,1,242,500,,,,,,,,,,1,2,-2.0,,12,,6,23,-34.0,,,,45,43,4.0,69,68,2.0,143,144,-2.0,177,174,6.0,6.0,8.0,4.0,8.0
Healthy_009,III,1,Healthy,-613,rS,1,0.0008,0,639,1,242,500,,,,,,,,,,1,2,-2.0,,15,,5,,,15,,,45,43,4.0,68,72,-8.0,147,147,0.0,178,168,20.0,6.0,22.0,28.0,20.0
Healthy_009,aVR,1,Healthy,-613,QS,1,0.0006,0,639,1,242,500,,,,,,,,,,1,2,-2.0,23,23,0.0,,,,,,,46,43,6.0,69,72,-6.0,145,145,0.0,178,178,0.0,8.0,2.0,6.0,0.0
Healthy_009,aVL,1,Healthy,-613,R,1,0.0003,0,639,1,242,500,,,,,,,,,,0,2,-4.0,,,,15,15,0.0,,,,46,43,6.0,70,85,-30.0,146,146,0.0,180,168,24.0,10.0,28.0,54.0,24.0
Healthy_009,aVF,1,Healthy,-613,rS,1,0.0003,0,639,1,242,500,,,,,,,,,,1,2,-2.0,,15,,5,24,-38.0,14,,,46,43,6.0,69,72,-6.0,135,135,0.0,178,175,6.0,8.0,8.0,12.0,6.0
Healthy_009,V1,1,Healthy,-613,rS,1,0.0015,0,639,1,242,500,,,,,,,,,,1,2,-2.0,,,,8,7,2.0,22,22,0.0,45,43,4.0,59,52,14.0,134,134,0.0,176,168,16.0,6.0,18.0,2.0,16.0
Healthy_009,V3,1,Healthy,-613,rS,1,0.0013,0,639,1,242,500,,,,,,,,,,1,2,-2.0,,21,,4,31,-54.0,20,,,45,43,4.0,65,59,12.0,136,136,0.0,175,170,10.0,6.0,12.0,-2.0,10.0
Healthy_009,V4,1,Healthy,-613,rS,1,0.0007,0,639,1,242,500,,,,,,,,,,1,2,-2.0,,17,,4,27,-46.0,16,,,45,43,4.0,70,60,20.0,136,136,0.0,175,165,20.0,6.0,22.0,0.0,20.0
Healthy_009,V5,1,Healthy,-613,qR,1,0.0001,0,639,1,242,500,,,,,,,,,,0,2,-4.0,12,12,0.0,24,25,-2.0,,,,46,43,6.0,74,72,4.0,145,146,-2.0,175,172,6.0,10.0,10.0,2.0,8.0
Healthy_009,V6,1,Healthy,-613,qR,1,0.0001,0,639,1,242,500,,,,,,,,,,0,2,-4.0,7,7,0.0,22,23,-2.0,,,,46,43,6.0,73,81,-16.0,149,149,0.0,176,168,16.0,10.0,20.0,32.0,16.0
Healthy_010,V1,1,Healthy,-615,rS,1,0.0004,0,644,1,240,500,,,,,,,,,,2,2,0.0,,21,,4,,,21,,,52,50,4.0,60,51,18.0,142,142,0.0,176,173,6.0,4.0,6.0,-12.0,6.0
Healthy_010,I,1,Healthy,-615,R,1,0.0001,0,644,1,240,500,,,,,,,,,,2,2,0.0,,,,14,14,0.0,,,,54,50,8.0,67,72,-10.0,142,142,0.0,177,176,2.0,8.0,2.0,12.0,2.0
Healthy_010,II,1,Healthy,-615,R,1,0.0001,0,644,1,240,500,,,,,,,,,,2,2,0.0,,,,7,27,-40.0,,,,53,50,6.0,63,72,-18.0,146,146,0.0,177,184,-14.0,6.0,-14.0,4.0,-14.0
Healthy_010,III,1,Healthy,-615,rS,1,0.0002,0,644,1,240,500,,,,,,,,,,2,2,0.0,,13,,5,27,-44.0,13,,,53,50,6.0,65,76,-22.0,156,156,0.0,178,182,-8.0,6.0,-8.0,14.0,-8.0
Healthy_010,aVR,1,Healthy,-615,QS,1,0.0001,0,644,1,240,500,,,,,,,,,,2,2,0.0,22,22,0.0,,,,,,,53,50,6.0,65,72,-14.0,143,144,-2.0,177,185,-16.0,6.0,-16.0,-2.0,-14.0
Healthy_010,aVL,1,Healthy,-615,Rs,1,0.0001,0,644,1,240,500,,,,,,,,,,2,2,0.0,,,,13,14,-2.0,27,27,0.0,54,50,8.0,67,87,-40.0,140,140,0.0,178,175,6.0,8.0,6.0,46.0,6.0
Healthy_010,aVF,1,Healthy,-615,rS,1,0.0001,0,644,1,240,500,,,,,,,,,,2,2,0.0,,13,,6,27,-42.0,13,,,54,50,8.0,66,72,-12.0,151,152,-2.0,177,179,-4.0,8.0,-4.0,8.0,-2.0
Healthy_010,V2,1,Healthy,-615,QS,1,0.0004,0,644,1,240,500,,,,,,,,,,2,2,0.0,19,19,0.0,,,,,,,53,50,6.0,61,50,22.0,139,140,-2.0,176,173,6.0,6.0,6.0,-16.0,8.0
Healthy_010,V3,1,Healthy,-615,Qr,1,0.0003,0,644,1,240,500,,,,,,,,,,2,2,0.0,14,14,0.0,29,34,-10.0,,,,52,50,4.0,66,68,-4.0,136,136,0.0,176,172,8.0,4.0,8.0,12.0,8.0
Healthy_010,V5,1,Healthy,-615,qR,1,0.0001,0,644,1,240,500,,,,,,,,,,2,2,0.0,8,7,2.0,23,23,0.0,,,,53,50,6.0,70,83,-26.0,150,150,0.0,175,173,4.0,6.0,4.0,30.0,4.0
Healthy_010,V6,1,Healthy,-615,Rs,1,0.0001,0,644,1,240,500,,,,,,,,,,2,2,0.0,,,,20,20,0.0,29,29,0.0,53,50,6.0,67,72,-10.0,147,147,0.0,176,173,6.0,6.0,6.0,16.0,6.0
Healthy_010,V4,1,Healthy,-615,qR,1,0.0003,0,644,1,240,500,,,,,,,,,,2,2,0.0,12,13,-2.0,28,28,0.0,,,,53,50,6.0,66,68,-4.0,146,146,0.0,175,173,4.0,6.0,4.0,8.0,4.0
InferiorInfarction_001,aVR,1,InferiorInfarction,-614,QS,1,0.0,0,626,1,241,500,,,,,,,,,,1,2,-2.0,23,23,0.0,,,,,,,50,50,0.0,52,109,-114.0,171,171,0.0,288,279,18.0,2.0,20.0,132.0,18.0
InferiorInfarction_001,I,1,InferiorInfarction,-614,R,1,0.0,0,626,1,241,500,,,,,,,,,,1,2,-2.0,,11,,7,14,-14.0,,18,,49,50,-2.0,56,103,-94.0,162,162,0.0,287,286,2.0,0.0,4.0,96.0,2.0
InferiorInfarction_001,II,1,InferiorInfarction,-614,R,1,0.0,0,626,1,241,500,,,,,,,,,,1,2,-2.0,,,,11,23,-24.0,,,,48,50,-4.0,49,119,-140.0,173,173,0.0,293,281,24.0,-2.0,26.0,164.0,24.0
InferiorInfarction_001,III,1,InferiorInfarction,-614,QR,1,0.0,0,626,1,241,500,,,,,,,,,,1,2,-2.0,6,6,0.0,11,23,-24.0,,,,50,50,0.0,51,103,-104.0,175,175,0.0,296,258,76.0,2.0,78.0,180.0,76.0
InferiorInfarction_001,aVL,1,InferiorInfarction,-614,rS,1,0.0,0,626,1,241,500,,,,,,,,,,1,2,-2.0,,,,6,6,0.0,23,23,0.0,49,50,-2.0,56,89,-66.0,177,177,0.0,289,261,56.0,0.0,58.0,122.0,56.0
InferiorInfarction_001,aVF,1,InferiorInfarction,-614,qR,1,0.0,0,626,1,241,500,,,,,,,,,,1,2,-2.0,6,,,11,23,-24.0,,,,50,50,0.0,52,101,-98.0,174,174,0.0,294,266,56.0,2.0,58.0,154.0,56.0
InferiorInfarction_001,V1,1,InferiorInfarction,-614,RS,1,0.0,0,626,1,241,500,,,,,,,,,,1,2,-2.0,,,,6,7,-2.0,19,19,0.0,48,50,-4.0,49,51,-4.0,139,140,-2.0,289,255,68.0,-2.0,70.0,72.0,70.0
InferiorInfarction_001,V2,1,InferiorInfarction,-614,rS,1,0.0,0,626,1,241,500,,,,,,,,,,1,2,-2.0,,24,,5,,,24,,,49,50,-2.0,50,51,-2.0,139,139,0.0,289,263,52.0,0.0,54.0,54.0,52.0
InferiorInfarction_001,V3,1,InferiorInfarction,-614,qRs,1,0.0,0,626,1,241,500,,,,,,,,,,1,2,-2.0,9,9,0.0,20,20,0.0,28,28,0.0,49,50,-2.0,54,51,6.0,138,139,-2.0,289,255,68.0,0.0,70.0,62.0,70.0
InferiorInfarction_001,V4,1,InferiorInfarction,-614,qRs,1,0.0,0,626,1,241,500,,,,,,,,,,1,2,-2.0,8,8,0.0,21,22,-2.0,33,,,49,50,-2.0,59,51,16.0,140,141,-2.0,289,251,76.0,0.0,78.0,60.0,78.0
InferiorInfarction_001,V5,1,InferiorInfarction,-614,qR,1,0.0,0,626,1,241,500,,,,,,,,,,1,2,-2.0,7,,,27,27,0.0,,,,49,50,-2.0,61,51,20.0,169,169,0.0,285,277,16.0,0.0,18.0,-4.0,16.0
InferiorInfarction_001,V6,1,InferiorInfarction,-614,R,1,0.0,0,626,1,241,500,,,,,,,,,,1,2,-2.0,,,,29,29,0.0,,,,49,50,-2.0,59,91,-64.0,145,145,0.0,289,281,16.0,0.0,18.0,80.0,16.0
InferiorInfarction_002,V6,1,InferiorInfarction,-604,qRs,1,0.0008,0,642,1,251,500,,,,,,,,,,2,2,0.0,9,9,0.0,36,35,2.0,59,,,59,57,4.0,73,62,22.0,144,144,0.0,298,291,14.0,4.0,14.0,-8.0,14.0
InferiorInfarction_002,I,1,InferiorInfarction,-604,R,1,0.0016,0,642,1,251,500,,,,,,,,,,2,2,0.0,,,,9,16,-14.0,,72,,58,57,2.0,68,87,-38.0,144,145,-2.0,301,286,30.0,2.0,30.0,68.0,32.0
InferiorInfarction_002,III,1,InferiorInfarction,-604,qR,1,0.0046,0,642,1,251,500,,,,,,,,,,2,2,0.0,8,16,-16.0,27,28,-2.0,,,,58,57,2.0,68,75,-14.0,140,141,-2.0,309,277,64.0,2.0,64.0,78.0,66.0
InferiorInfarction_002,aVR,1,InferiorInfarction,-604,QS,1,0.0006,0,642,1,251,500,,,,,,,,,,2,2,0.0,31,32,-2.0,,,,,,,58,57,2.0,68,76,-16.0,151,151,0.0,303,294,18.0,2.0,18.0,34.0,18.0
InferiorInfarction_002,aVL,1,InferiorInfarction,-604,RS,1,0.0024,0,642,1,251,500,,,,,,,,,,2,2,0.0,,,,8,16,-16.0,26,27,-2.0,58,57,2.0,68,94,-52.0,142,142,0.0,304,283,42.0,2.0,42.0,94.0,42.0
InferiorInfarction_002,aVF,1,InferiorInfarction,-604,QR,1,0.001,0,642,1,251,500,,,,,,,,,,2,2,0.0,7,8,-2.0,12,31,-38.0,,,,58,57,2.0,69,101,-64.0,158,183,-50.0,307,279,56.0,2.0,56.0,120.0,106.0
InferiorInfarction_002,V1,1,InferiorInfarction,-604,rS,1,0.002,0,642,1,251,500,,,,,,,,,,2,2,0.0,,,,7,7,0.0,31,31,0.0,59,57,4.0,60,68,-16.0,142,143,-2.0,299,277,44.0,4.0,44.0,60.0,46.0
InferiorInfarction_002,V2,1,InferiorInfarction,-604,rS,1,0.0053,0,642,1,251,500,,,,,,,,,,2,2,0.0,,,,7,7,0.0,31,31,0.0,58,57,2.0,64,64,0.0,142,143,-2.0,294,281,26.0,2.0,26.0,26.0,28.0
InferiorInfarction_002,V3,1,InferiorInfarction,-604,rS,1,0.0042,0,642,1,251,500,,,,,,,,,,2,2,0.0,,,,6,6,0.0,32,32,0.0,58,57,2.0,69,58,22.0,142,142,0.0,291,282,18.0,2.0,18.0,-4.0,18.0
InferiorInfarction_002,V4,1,InferiorInfarction,-604,QrS,1,0.0018,0,642,1,251,500,,,,,,,,,,2,2,0.0,17,17,0.0,28,,,35,,,58,57,2.0,70,74,-8.0,142,142,0.0,291,283,16.0,2.0,16.0,24.0,16.0
InferiorInfarction_002,V5,1,InferiorInfarction,-604,qR,1,0.0002,0,642,1,251,500,,,,,,,,,,2,2,0.0,11,11,0.0,31,30,2.0,,,,58,57,2.0,75,64,22.0,159,160,-2.0,296,251,90.0,2.0,90.0,68.0,92.0
InferiorInfarction_002,II,1,InferiorInfarction,-604,R,1,0.0003,0,642,1,251,500,,,,,,,,,,2,2,0.0,,,,12,32,-40.0,,,,58,57,2.0,69,68,2.0,156,182,-52.0,308,238,140.0,2.0,140.0,138.0,192.0
InferiorInfarction_003,V2,1,InferiorInfarction,-614,rS,1,0.0,0,628,1,241,500,,,,,,,,,,1,2,-2.0,,25,,4,,,25,,,54,51,6.0,55,55,0.0,140,140,0.0,291,267,48.0,8.0,50.0,48.0,48.0
InferiorInfarction_003,I,1,InferiorInfarction,-614,R,1,0.0,0,628,1,241,500,,,,,,,,,,1,2,-2.0,,,,7,30,-46.0,,,,54,51,6.0,56,64,-16.0,172,173,-2.0,292,281,22.0,8.0,24.0,38.0,24.0
InferiorInfarction_003,II,1,InferiorInfarction,-614,R,1,0.0,0,628,1,241,500,,,,,,,,,,1,2,-2.0,,,,9,21,-24.0,,64,,54,51,6.0,55,98,-86.0,173,173,0.0,295,275,40.0,8.0,42.0,126.0,40.0
InferiorInfarction_003,III,1,InferiorInfarction,-614,R,1,0.0,0,628,1,241,500,,,,,,,,,,1,2,-2.0,,,,9,21,-24.0,,,,55,51,8.0,57,66,-18.0,143,143,0.0,299,243,112.0,10.0,114.0,130.0,112.0
InferiorInfarction_003,aVR,1,InferiorInfarction,-614,QS,1,0.0,0,628,1,241,500,,,,,,,,,,1,2,-2.0,21,21,0.0,,,,,,,54,51,6.0,55,82,-54.0,173,173,0.0,290,279,22.0,8.0,24.0,76.0,22.0
InferiorInfarction_003,aVL,1,InferiorInfarction,-614,rS,1,0.0,0,628,1,241,500,,,,,,,,,,1,2,-2.0,,21,,6,33,-54.0,20,,,55,51,8.0,57,54,6.0,142,142,0.0,292,269,46.0,10.0,48.0,40.0,46.0
InferiorInfarction_003,aVF,1,InferiorInfarction,-614,R,1,0.0,0,628,1,241,500,,,,,,,,,,1,2,-2.0,,,,9,21,-24.0,,,,55,51,8.0,56,55,2.0,143,174,-62.0,296,262,68.0,10.0,70.0,66.0,130.0
InferiorInfarction_003,V1,1,InferiorInfarction,-614,rS,1,0.0,0,628,1,241,500,,,,,,,,,,1,2,-2.0,,,,5,5,0.0,22,21,2.0,54,51,6.0,55,55,0.0,140,140,0.0,292,255,74.0,8.0,76.0,74.0,74.0
InferiorInfarction_003,V3,1,InferiorInfarction,-614,qRs,1,0.0,0,628,1,241,500,,,,,,,,,,1,2,-2.0,8,8,0.0,19,19,0.0,37,37,0.0,53,51,4.0,62,80,-36.0,144,144,0.0,294,251,86.0,6.0,88.0,122.0,86.0
InferiorInfarction_003,V4,1,InferiorInfarction,-614,qRs,1,0.0,0,628,1,241,500,,,,,,,,,,1,2,-2.0,8,8,0.0,21,22,-2.0,39,,,53,51,4.0,62,81,-38.0,148,148,0.0,293,253,80.0,6.0,82.0,118.0,80.0
InferiorInfarction_003,V5,1,InferiorInfarction,-614,qR,1,0.0,0,628,1,241,500,,,,,,,,,,1,2,-2.0,8,8,0.0,30,30,0.0,,,,53,51,4.0,59,70,-22.0,143,143,0.0,290,275,30.0,6.0,32.0,52.0,30.0
InferiorInfarction_003,V6,1,InferiorInfarction,-614,qRs,1,0.0,0,628,1,241,500,,,,,,,,,,1,2,-2.0,5,6,-2.0,32,32,0.0,53,,,53,51,4.0,58,55,6.0,145,145,0.0,292,269,46.0,6.0,48.0,40.0,46.0
InferiorInfarction_004,V6,1,InferiorInfarction,-609,Rs,1,0.0,0,622,1,246,500,,,,,,,,,,2,2,0.0,,,,33,33,0.0,52,,,52,48,8.0,53,55,-4.0,168,168,0.0,291,275,32.0,8.0,32.0,36.0,32.0
InferiorInfarction_004,I,1,InferiorInfarction,-609,R,1,0.0,0,622,1,246,500,,,,,,,,,,2,2,0.0,,,,14,14,0.0,,62,,52,48,8.0,53,93,-80.0,141,141,0.0,292,281,22.0,8.0,22.0,102.0,22.0
InferiorInfarction_004,II,1,InferiorInfarction,-609,R,1,0.0,0,622,1,246,500,,,,,,,,,,2,2,0.0,,,,26,27,-2.0,,64,,51,48,6.0,52,103,-102.0,176,176,0.0,293,269,48.0,6.0,48.0,150.0,48.0
InferiorInfarction_004,III,1,InferiorInfarction,-609,qR,1,0.0,0,622,1,246,500,,,,,,,,,,2,2,0.0,7,7,0.0,26,26,0.0,,,,51,48,6.0,52,48,8.0,139,139,0.0,294,254,80.0,6.0,80.0,72.0,80.0
InferiorInfarction_004,aVR,1,InferiorInfarction,-609,QS,1,0.0,0,622,1,246,500,,,,,,,,,,2,2,0.0,27,27,0.0,,,,,,,51,48,6.0,52,51,2.0,144,176,-64.0,289,279,20.0,6.0,20.0,18.0,84.0
InferiorInfarction_004,aVL,1,InferiorInfarction,-609,RS,1,0.0,0,622,1,246,500,,,,,,,,,,2,2,0.0,,,,8,14,-12.0,25,26,-2.0,52,48,8.0,54,50,8.0,140,140,0.0,288,277,22.0,8.0,22.0,14.0,22.0
InferiorInfarction_004,aVF,1,InferiorInfarction,-609,qR,1,0.0,0,622,1,246,500,,,,,,,,,,2,2,0.0,7,7,0.0,26,26,0.0,,,,52,48,8.0,53,66,-26.0,176,176,0.0,294,253,82.0,8.0,82.0,108.0,82.0
InferiorInfarction_004,V1,1,InferiorInfarction,-609,rS,1,0.0,0,622,1,246,500,,,,,,,,,,2,2,0.0,,21,,4,,,21,,,50,48,4.0,51,50,2.0,142,142,0.0,292,268,48.0,4.0,48.0,46.0,48.0
InferiorInfarction_004,V2,1,InferiorInfarction,-609,QS,1,0.0,0,622,1,246,500,,,,,,,,,,2,2,0.0,25,25,0.0,,,,,,,51,48,6.0,52,50,4.0,140,140,0.0,293,263,60.0,6.0,60.0,56.0,60.0
InferiorInfarction_004,V3,1,InferiorInfarction,-609,QRS,1,0.0,0,622,1,246,500,,,,,,,,,,2,2,0.0,10,10,0.0,24,23,2.0,33,33,0.0,52,48,8.0,53,50,6.0,138,139,-2.0,288,275,26.0,8.0,26.0,20.0,28.0
InferiorInfarction_004,V4,1,InferiorInfarction,-609,qRs,1,0.0001,0,622,1,246,500,,,,,,,,,,2,2,0.0,9,10,-2.0,26,26,0.0,39,35,8.0,51,48,6.0,60,50,20.0,144,144,0.0,290,266,48.0,6.0,48.0,28.0,48.0
InferiorInfarction_004,V5,1,InferiorInfarction,-609,R,1,0.0,0,622,1,246,500,,,,,,,,,,2,2,0.0,,,,32,32,0.0,,,,51,48,6.0,56,50,12.0,138,139,-2.0,288,277,22.0,6.0,22.0,10.0,24.0
InferiorInfarction_005,aVF,1,InferiorInfarction,-608,R,1,0.0,0,621,1,247,500,,,,,,,,,,2,2,0.0,,8,,23,23,0.0,,,,51,48,6.0,52,101,-98.0,172,173,-2.0,294,269,50.0,6.0,50.0,148.0,52.0
InferiorInfarction_005,I,1,InferiorInfarction,-608,R,1,0.0,0,621,1,247,500,,,,,,,,,,2,2,0.0,,,,10,32,-44.0,,64,,51,48,6.0,52,107,-110.0,247,171,152.0,294,275,38.0,6.0,38.0,148.0,-114.0
InferiorInfarction_005,II,1,InferiorInfarction,-608,R,1,0.0,0,621,1,247,500,,,,,,,,,,2,2,0.0,,,,23,23,0.0,,,,51,48,6.0,52,105,-106.0,172,172,0.0,295,275,40.0,6.0,40.0,146.0,40.0
InferiorInfarction_005,III,1,InferiorInfarction,-608,qR,1,0.0,0,621,1,247,500,,,,,,,,,,2,2,0.0,8,8,0.0,23,23,0.0,,,,51,48,6.0,52,50,4.0,150,151,-2.0,295,248,94.0,6.0,94.0,90.0,96.0
InferiorInfarction_005,aVR,1,InferiorInfarction,-608,QS,1,0.0,0,621,1,247,500,,,,,,,,,,2,2,0.0,24,23,2.0,,,,,,,51,48,6.0,52,53,-2.0,172,172,0.0,293,275,36.0,6.0,36.0,38.0,36.0
InferiorInfarction_005,aVL,1,InferiorInfarction,-608,RS,1,0.0,0,621,1,247,500,,,,,,,,,,2,2,0.0,,,,9,8,2.0,23,22,2.0,51,48,6.0,53,53,0.0,151,152,-2.0,291,265,52.0,6.0,52.0,52.0,54.0
InferiorInfarction_005,V1,1,InferiorInfarction,-608,rS,1,0.0,0,621,1,247,500,,,,,,,,,,2,2,0.0,,,,6,6,0.0,23,23,0.0,50,48,4.0,51,55,-8.0,141,141,0.0,292,268,48.0,4.0,48.0,56.0,48.0
InferiorInfarction_005,V2,1,InferiorInfarction,-608,rS,1,0.0,0,621,1,247,500,,,,,,,,,,1,2,-2.0,,24,,6,,,24,,,50,48,4.0,51,50,2.0,141,141,0.0,292,268,48.0,6.0,50.0,46.0,48.0
InferiorInfarction_005,V3,1,InferiorInfarction,-608,qRS,1,0.0001,0,621,1,247,500,,,,,,,,,,2,2,0.0,9,9,0.0,15,15,0.0,25,25,0.0,51,48,6.0,52,50,4.0,142,142,0.0,291,267,48.0,6.0,48.0,44.0,48.0
InferiorInfarction_005,V4,1,InferiorInfarction,-608,qRs,1,0.0,0,621,1,247,500,,,,,,,,,,2,2,0.0,8,9,-2.0,15,15,0.0,37,37,0.0,51,48,6.0,53,54,-2.0,146,147,-2.0,292,269,46.0,6.0,46.0,48.0,48.0
InferiorInfarction_005,V5,1,InferiorInfarction,-608,R,1,0.0,0,621,1,247,500,,,,,,,,,,2,2,0.0,,,,31,30,2.0,,,,52,48,8.0,53,50,6.0,142,142,0.0,288,275,26.0,8.0,26.0,20.0,26.0
InferiorInfarction_005,V6,1,InferiorInfarction,-608,Rs,1,0.0,0,621,1,247,500,,,,,,,,,,2,2,0.0,,,,31,32,-2.0,52,,,52,48,8.0,53,55,-4.0,146,146,0.0,292,273,38.0,8.0,38.0,42.0,38.0
InferiorInfarction_006,V6,1,InferiorInfarction,-611,Rs,1,0.0,0,626,1,244,500,,,,,,,,,,1,2,-2.0,,,,28,28,0.0,53,,,53,48,10.0,59,49,20.0,167,167,0.0,291,274,34.0,12.0,36.0,14.0,34.0
InferiorInfarction_006,I,1,InferiorInfarction,-611,R,1,0.0,0,626,1,244,500,,,,,,,,,,1,2,-2.0,,,,14,14,0.0,,,,52,48,8.0,53,49,8.0,144,144,0.0,293,277,32.0,10.0,34.0,24.0,32.0
InferiorInfarction_006,II,1,InferiorInfarction,-611,R,1,0.0,0,626,1,244,500,,,,,,,,,,1,2,-2.0,,,,10,24,-28.0,,,,52,48,8.0,53,49,8.0,173,173,0.0,294,270,48.0,10.0,50.0,40.0,48.0
InferiorInfarction_006,III,1,InferiorInfarction,-611,rS,1,0.0,0,626,1,244,500,,,,,,,,,,1,2,-2.0,,14,,9,24,-30.0,14,,,52,48,8.0,53,49,8.0,173,173,0.0,299,264,70.0,10.0,72.0,62.0,70.0
InferiorInfarction_006,aVR,1,InferiorInfarction,-611,QS,1,0.0,0,626,1,244,500,,,,,,,,,,1,2,-2.0,24,24,0.0,,,,,,,52,48,8.0,53,49,8.0,142,142,0.0,291,273,36.0,10.0,38.0,28.0,36.0
InferiorInfarction_006,aVL,1,InferiorInfarction,-611,rS,1,0.0,0,626,1,244,500,,,,,,,,,,1,2,-2.0,,,,7,14,-14.0,24,24,0.0,52,48,8.0,53,49,8.0,147,147,0.0,293,265,56.0,10.0,58.0,48.0,56.0
InferiorInfarction_006,aVF,1,InferiorInfarction,-611,R,1,0.0,0,626,1,244,500,,,,,,,,,,1,2,-2.0,,14,,10,24,-28.0,,,,53,48,10.0,54,55,-2.0,173,173,0.0,296,260,72.0,12.0,74.0,74.0,72.0
InferiorInfarction_006,V1,1,InferiorInfarction,-611,rS,1,0.0,0,626,1,244,500,,,,,,,,,,1,2,-2.0,,,,8,8,0.0,22,22,0.0,51,48,6.0,52,49,6.0,140,140,0.0,292,271,42.0,8.0,44.0,36.0,42.0
InferiorInfarction_006,V2,1,InferiorInfarction,-611,rS,1,0.0,0,626,1,244,500,,,,,,,,,,1,2,-2.0,,,,5,5,0.0,21,22,-2.0,52,48,8.0,53,49,8.0,140,140,0.0,292,265,54.0,10.0,56.0,46.0,54.0
InferiorInfarction_006,V3,1,InferiorInfarction,-611,rS,1,0.0001,0,626,1,244,500,,,,,,,,,,1,2,-2.0,,,,4,5,-2.0,26,25,2.0,53,48,10.0,58,49,18.0,139,139,0.0,291,267,48.0,12.0,50.0,30.0,48.0
InferiorInfarction_006,V4,1,InferiorInfarction,-611,rS,1,0.0,0,626,1,244,500,,,,,,,,,,1,2,-2.0,,8,,4,17,-26.0,33,33,0.0,53,48,10.0,59,49,20.0,139,139,0.0,288,274,28.0,12.0,30.0,8.0,28.0
InferiorInfarction_006,V5,1,InferiorInfarction,-611,R,1,0.0011,0,626,1,244,500,,,,,,,,,,1,2,-2.0,,,,17,24,-14.0,,,,54,48,12.0,65,49,32.0,250,137,226.0,286,242,88.0,14.0,90.0,56.0,-138.0
InferiorInfarction_007,V2,1,InferiorInfarction,-612,QrS,1,0.0,0,629,1,243,500,,,,,,,,,,2,2,0.0,11,11,0.0,23,24,-2.0,29,28,2.0,49,48,2.0,50,49,2.0,140,140,0.0,287,273,28.0,2.0,28.0,26.0,28.0
InferiorInfarction_007,I,1,InferiorInfarction,-612,RS,1,0.0003,0,629,1,243,500,,,,,,,,,,3,2,2.0,,11,,7,29,-44.0,11,,,50,48,4.0,52,49,6.0,142,142,0.0,291,275,32.0,2.0,30.0,26.0,32.0
InferiorInfarction_007,II,1,InferiorInfarction,-612,R,1,0.0,0,629,1,243,500,,,,,,,,,,2,2,0.0,,,,20,20,0.0,,,,49,48,2.0,50,49,2.0,172,172,0.0,290,273,34.0,2.0,34.0,32.0,34.0
InferiorInfarction_007,III,1,InferiorInfarction,-612,qR,1,0.0,0,629,1,243,500,,,,,,,,,,2,2,0.0,6,,,19,19,0.0,,,,50,48,4.0,52,49,6.0,148,148,0.0,291,259,64.0,4.0,64.0,58.0,64.0
InferiorInfarction_007,aVR,1,InferiorInfarction,-612,QS,1,0.0,0,629,1,243,500,,,,,,,,,,3,2,2.0,23,24,-2.0,,,,,,,49,48,2.0,51,50,2.0,172,172,0.0,290,269,42.0,0.0,40.0,40.0,42.0
InferiorInfarction_007,aVF,1,InferiorInfarction,-612,qR,1,0.0,0,629,1,243,500,,,,,,,,,,3,2,2.0,6,,,19,20,-2.0,,,,49,48,2.0,54,49,10.0,172,172,0.0,289,273,32.0,0.0,30.0,22.0,32.0
InferiorInfarction_007,V1,1,InferiorInfarction,-612,rS,1,0.0,0,629,1,243,500,,,,,,,,,,2,2,0.0,,19,,5,,,18,,,48,48,0.0,49,49,0.0,139,139,0.0,288,267,42.0,0.0,42.0,42.0,42.0
InferiorInfarction_007,V3,1,InferiorInfarction,-612,qRs,1,0.0,0,629,1,243,500,,,,,,,,,,3,2,2.0,10,10,0.0,23,23,0.0,35,36,-2.0,49,48,2.0,55,49,12.0,142,143,-2.0,289,263,52.0,0.0,50.0,40.0,54.0
InferiorInfarction_007,V4,1,InferiorInfarction,-612,qR,1,0.0,0,629,1,243,500,,,,,,,,,,3,2,2.0,9,10,-2.0,23,23,0.0,,,,49,48,2.0,55,49,12.0,150,150,0.0,288,260,56.0,0.0,54.0,44.0,56.0
InferiorInfarction_007,V5,1,InferiorInfarction,-612,qR,1,0.0,0,629,1,243,500,,,,,,,,,,3,2,2.0,9,9,0.0,24,28,-8.0,,,,48,48,0.0,54,49,10.0,141,141,0.0,290,269,42.0,-2.0,40.0,32.0,42.0
InferiorInfarction_007,V6,1,InferiorInfarction,-612,qR,1,0.0001,0,629,1,243,500,,,,,,,,,,3,2,2.0,10,10,0.0,28,28,0.0,,,,50,48,4.0,52,49,6.0,141,142,-2.0,291,269,44.0,2.0,42.0,38.0,46.0
InferiorInfarction_007,aVL,1,InferiorInfarction,-612,rS,1,0.0,0,629,1,243,500,,,,,,,,,,3,2,2.0,,17,,7,37,-60.0,17,,,49,48,2.0,54,49,10.0,146,146,0.0,288,226,124.0,0.0,122.0,114.0,124.0
InferiorInfarction_008,II,1,InferiorInfarction,-612,R,1,0.0,0,623,1,243,500,,,,,,,,,,1,2,-2.0,,,,10,23,-26.0,,,,50,50,0.0,51,62,-22.0,173,174,-2.0,295,265,60.0,2.0,62.0,82.0,62.0
InferiorInfarction_008,I,1,InferiorInfarction,-612,R,1,0.0,0,623,1,243,500,,,,,,,,,,1,2,-2.0,,,,7,14,-14.0,,,,50,50,0.0,51,66,-30.0,142,142,0.0,297,267,60.0,2.0,62.0,90.0,60.0
InferiorInfarction_008,III,1,InferiorInfarction,-612,qR,1,0.0,0,623,1,243,500,,,,,,,,,,2,2,0.0,13,14,-2.0,23,24,-2.0,,,,50,50,0.0,51,59,-16.0,141,141,0.0,295,246,98.0,0.0,98.0,114.0,98.0
InferiorInfarction_008,aVR,1,InferiorInfarction,-612,QS,1,0.0,0,623,1,243,500,,,,,,,,,,1,2,-2.0,23,23,0.0,,,,,,,50,50,0.0,51,62,-22.0,174,174,0.0,293,269,48.0,2.0,50.0,70.0,48.0
InferiorInfarction_008,aVL,1,InferiorInfarction,-612,RS,1,0.0,0,623,1,243,500,,,,,,,,,,1,2,-2.0,,10,,7,14,-14.0,23,24,-2.0,52,50,4.0,53,83,-60.0,141,142,-2.0,289,255,68.0,6.0,70.0,128.0,70.0
InferiorInfarction_008,aVF,1,InferiorInfarction,-612,qR,1,0.0,0,623,1,243,500,,,,,,,,,,1,2,-2.0,13,14,-2.0,23,23,0.0,,,,51,50,2.0,52,55,-6.0,173,173,0.0,291,253,76.0,4.0,78.0,82.0,76.0
InferiorInfarction_008,V1,1,InferiorInfarction,-612,rS,1,0.0,0,623,1,243,500,,,,,,,,,,1,2,-2.0,,,,6,7,-2.0,21,21,0.0,49,50,-2.0,50,51,-2.0,140,140,0.0,295,251,88.0,0.0,90.0,90.0,88.0
InferiorInfarction_008,V2,1,InferiorInfarction,-612,rS,1,0.0,0,623,1,243,500,,,,,,,,,,1,2,-2.0,,16,,5,,,16,,,50,50,0.0,51,51,0.0,139,139,0.0,295,248,94.0,2.0,96.0,94.0,94.0
InferiorInfarction_008,V3,1,InferiorInfarction,-612,QRs,1,0.0,0,623,1,243,500,,,,,,,,,,1,2,-2.0,13,14,-2.0,22,22,0.0,34,34,0.0,51,50,2.0,53,51,4.0,138,138,0.0,292,269,46.0,4.0,48.0,42.0,46.0
InferiorInfarction_008,V4,1,InferiorInfarction,-612,qRs,1,0.0,0,623,1,243,500,,,,,,,,,,1,2,-2.0,11,11,0.0,23,23,0.0,38,39,-2.0,50,50,0.0,55,51,8.0,139,139,0.0,292,257,70.0,2.0,72.0,62.0,70.0
InferiorInfarction_008,V5,1,InferiorInfarction,-612,qR,1,0.0,0,623,1,243,500,,,,,,,,,,2,2,0.0,9,9,0.0,23,23,0.0,,,,51,50,2.0,53,51,4.0,173,173,0.0,290,238,104.0,2.0,104.0,100.0,104.0
InferiorInfarction_008,V6,1,InferiorInfarction,-612,qR,1,0.0,0,623,1,243,500,,,,,,,,,,1,2,-2.0,8,,,30,31,-2.0,,,,50,50,0.0,55,51,8.0,144,144,0.0,295,275,40.0,2.0,42.0,32.0,40.0
InferiorInfarction_009,V1,1,InferiorInfarction,-611,rS,1,0.0032,0,638,1,244,500,,,,,,,,,,1,2,-2.0,,,,8,7,2.0,24,24,0.0,49,46,6.0,50,50,0.0,140,140,0.0,296,268,56.0,8.0,58.0,56.0,56.0
InferiorInfarction_009,I,1,InferiorInfarction,-611,R,1,0.0049,0,638,1,244,500,,,,,,,,,,1,2,-2.0,,,,15,27,-24.0,,66,,51,46,10.0,53,94,-82.0,144,144,0.0,300,275,50.0,12.0,52.0,132.0,50.0
InferiorInfarction_009,II,1,InferiorInfarction,-611,R,1,0.0015,0,638,1,244,500,,,,,,,,,,1,2,-2.0,,,,9,25,-32.0,,68,,50,46,8.0,51,97,-92.0,173,173,0.0,297,279,36.0,10.0,38.0,128.0,36.0
InferiorInfarction_009,III,1,InferiorInfarction,-611,Qrs,1,0.0001,0,638,1,244,500,,,,,,,,,,1,2,-2.0,14,15,-2.0,20,19,2.0,30,30,0.0,50,46,8.0,51,92,-82.0,143,143,0.0,293,260,66.0,10.0,68.0,148.0,66.0
InferiorInfarction_009,aVR,1,InferiorInfarction,-611,QS,1,0.0036,0,638,1,244,500,,,,,,,,,,1,2,-2.0,25,25,0.0,,,,,,,50,46,8.0,51,52,-2.0,144,145,-2.0,294,275,38.0,10.0,40.0,40.0,40.0
InferiorInfarction_009,aVL,1,InferiorInfarction,-611,R,1,0.0011,0,638,1,244,500,,,,,,,,,,1,2,-2.0,,,,15,15,0.0,,19,,50,46,8.0,58,72,-28.0,143,144,-2.0,294,273,42.0,10.0,44.0,70.0,44.0
InferiorInfarction_009,aVF,1,InferiorInfarction,-611,qR,1,0.0003,0,638,1,244,500,,,,,,,,,,1,2,-2.0,14,14,0.0,25,25,0.0,,,,51,46,10.0,52,50,4.0,172,172,0.0,292,260,64.0,12.0,66.0,60.0,64.0
InferiorInfarction_009,V2,1,InferiorInfarction,-611,rS,1,0.0042,0,638,1,244,500,,,,,,,,,,1,2,-2.0,,,,8,7,2.0,24,23,2.0,49,46,6.0,50,50,0.0,140,140,0.0,294,268,52.0,8.0,54.0,52.0,52.0
InferiorInfarction_009,V3,1,InferiorInfarction,-611,rS,1,0.0069,0,638,1,244,500,,,,,,,,,,1,2,-2.0,,22,,4,,,22,,,50,46,8.0,56,50,12.0,139,140,-2.0,291,269,44.0,10.0,46.0,32.0,46.0
InferiorInfarction_009,V4,1,InferiorInfarction,-611,rS,1,0.0039,0,638,1,244,500,,,,,,,,,,1,2,-2.0,,14,,4,25,-42.0,35,35,0.0,50,46,8.0,61,70,-18.0,140,140,0.0,288,273,30.0,10.0,32.0,48.0,30.0
InferiorInfarction_009,V5,1,InferiorInfarction,-611,qR,1,0.001,0,638,1,244,500,,,,,,,,,,1,2,-2.0,7,,,24,25,-2.0,,,,50,46,8.0,57,72,-30.0,147,147,0.0,285,172,226.0,10.0,228.0,256.0,226.0
InferiorInfarction_009,V6,1,InferiorInfarction,-611,qR,1,0.0032,0,638,1,244,500,,,,,,,,,,1,2,-2.0,7,7,0.0,25,25,0.0,,,,50,46,8.0,59,68,-18.0,170,171,-2.0,292,273,38.0,10.0,40.0,56.0,40.0
InferiorInfarction_010,aVR,1,InferiorInfarction,-608,QS,1,0.0013,0,639,1,247,500,,,,,,,,,,3,2,2.0,28,28,0.0,,,,,,,49,46,6.0,50,48,4.0,175,175,0.0,296,275,42.0,4.0,40.0,38.0,42.0
InferiorInfarction_010,I,1,InferiorInfarction,-608,R,1,0.0011,0,639,1,247,500,,,,,,,,,,3,2,2.0,,,,13,32,-38.0,,,,49,46,6.0,50,64,-28.0,139,139,0.0,301,275,52.0,4.0,50.0,80.0,52.0
InferiorInfarction_010,II,1,InferiorInfarction,-608,qR,1,0.0008,0,639,1,247,500,,,,,,,,,,3,2,2.0,12,13,-2.0,27,27,0.0,,,,49,46,6.0,50,48,4.0,175,176,-2.0,301,273,56.0,4.0,54.0,52.0,58.0
InferiorInfarction_010,III,1,InferiorInfarction,-608,qR,1,0.0009,0,639,1,247,500,,,,,,,,,,3,2,2.0,13,13,0.0,26,27,-2.0,,,,49,46,6.0,50,48,4.0,139,139,0.0,299,277,44.0,4.0,42.0,40.0,44.0
InferiorInfarction_010,aVL,1,InferiorInfarction,-608,RS,1,0.0,0,639,1,247,500,,,,,,,,,,2,2,0.0,,,,13,13,0.0,24,24,0.0,51,46,10.0,52,83,-62.0,139,139,0.0,295,255,80.0,10.0,80.0,142.0,80.0
InferiorInfarction_010,aVF,1,InferiorInfarction,-608,qR,1,0.0005,0,639,1,247,500,,,,,,,,,,3,2,2.0,12,13,-2.0,27,27,0.0,,,,51,46,10.0,52,48,8.0,139,139,0.0,299,269,60.0,8.0,58.0,52.0,60.0
InferiorInfarction_010,V1,1,InferiorInfarction,-608,QS,1,0.0015,0,639,1,247,500,,,,,,,,,,3,2,2.0,26,27,-2.0,,,,,,,49,46,6.0,50,48,4.0,142,143,-2.0,296,269,54.0,4.0,52.0,50.0,56.0
InferiorInfarction_010,V2,1,InferiorInfarction,-608,QS,1,0.0007,0,639,1,247,500,,,,,,,,,,3,2,2.0,26,26,0.0,,,,,,,49,46,6.0,50,48,4.0,141,141,0.0,294,263,62.0,4.0,60.0,58.0,62.0
InferiorInfarction_010,V3,1,InferiorInfarction,-608,Qr,1,0.0018,0,639,1,247,500,,,,,,,,,,3,2,2.0,14,14,0.0,50,,,,,,50,46,8.0,51,48,6.0,140,140,0.0,294,269,50.0,6.0,48.0,44.0,50.0
InferiorInfarction_010,V4,1,InferiorInfarction,-608,QRs,1,0.0022,0,639,1,247,500,,,,,,,,,,3,2,2.0,12,13,-2.0,29,29,0.0,38,38,0.0,51,46,10.0,52,80,-56.0,141,141,0.0,296,273,46.0,8.0,44.0,102.0,46.0
InferiorInfarction_010,V5,1,InferiorInfarction,-608,qR,1,0.0008,0,639,1,247,500,,,,,,,,,,3,2,2.0,9,10,-2.0,30,30,0.0,,,,51,46,10.0,52,51,2.0,141,141,0.0,291,275,32.0,8.0,30.0,30.0,32.0
InferiorInfarction_010,V6,1,InferiorInfarction,-608,Rs,1,0.0011,0,639,1,247,500,,,,,,,,,,3,2,2.0,,,,31,32,-2.0,51,,,51,46,10.0,52,54,-4.0,145,145,0.0,293,275,36.0,8.0,34.0,40.0,36.0
InferiorIschemia_001,aVF,1,InferiorIschemia,-614,qR,1,0.0005,0,642,1,241,500,,,,,,,,,,2,2,0.0,6,,,11,23,-24.0,,,,43,40,6.0,50,53,-6.0,180,119,122.0,180,180,0.0,6.0,0.0,6.0,-122.0
InferiorIschemia_001,I,1,InferiorIschemia,-614,R,1,0.0005,0,642,1,241,500,,,,,,,,,,2,2,0.0,,11,,7,14,-14.0,,18,,43,40,6.0,44,62,-36.0,165,116,98.0,178,172,12.0,6.0,12.0,48.0,-86.0
InferiorIschemia_001,II,1,InferiorIschemia,-614,R,1,0.0002,0,642,1,241,500,,,,,,,,,,2,2,0.0,,,,23,23,0.0,,,,42,40,4.0,43,53,-20.0,178,119,118.0,178,175,6.0,4.0,6.0,26.0,-112.0
InferiorIschemia_001,III,1,InferiorIschemia,-614,QR,1,0.0011,0,642,1,241,500,,,,,,,,,,2,2,0.0,6,,,11,23,-24.0,,,,43,40,6.0,44,54,-20.0,180,122,116.0,180,179,2.0,6.0,2.0,22.0,-114.0
InferiorIschemia_001,aVR,1,InferiorIschemia,-614,QS,1,0.0004,0,642,1,241,500,,,,,,,,,,2,2,0.0,22,22,0.0,,,,,,,42,40,4.0,49,59,-20.0,178,119,118.0,178,181,-6.0,4.0,-6.0,14.0,-124.0
InferiorIschemia_001,aVL,1,InferiorIschemia,-614,rS,1,0.0007,0,642,1,241,500,,,,,,,,,,2,2,0.0,,,,6,6,0.0,23,23,0.0,42,40,4.0,50,59,-18.0,180,133,94.0,180,183,-6.0,4.0,-6.0,12.0,-100.0
InferiorIschemia_001,V1,1,InferiorIschemia,-614,rS,1,0.0015,0,642,1,241,500,,,,,,,,,,2,2,0.0,,,,6,7,-2.0,19,19,0.0,42,40,4.0,43,59,-32.0,140,140,0.0,176,174,4.0,4.0,4.0,36.0,4.0
InferiorIschemia_001,V2,1,InferiorIschemia,-614,rS,1,0.0025,0,642,1,241,500,,,,,,,,,,1,2,-2.0,,24,,5,,,23,,,43,40,6.0,44,57,-26.0,139,139,0.0,176,172,8.0,8.0,10.0,34.0,8.0
InferiorIschemia_001,V6,1,InferiorIschemia,-614,R,1,0.0004,0,642,1,241,500,,,,,,,,,,2,2,0.0,,,,28,28,0.0,,,,42,40,4.0,51,41,20.0,177,101,152.0,177,167,20.0,4.0,20.0,0.0,-132.0
InferiorIschemia_001,V3,1,InferiorIschemia,-614,qRs,1,0.0027,0,642,1,241,500,,,,,,,,,,2,2,0.0,9,9,0.0,20,20,0.0,27,,,42,40,4.0,50,59,-18.0,139,139,0.0,175,167,16.0,4.0,16.0,34.0,16.0
InferiorIschemia_001,V4,1,InferiorIschemia,-614,qR,1,0.0015,0,642,1,241,500,,,,,,,,,,2,2,0.0,8,8,0.0,21,22,-2.0,,,,42,40,4.0,51,59,-16.0,140,141,-2.0,175,167,16.0,4.0,16.0,32.0,18.0
InferiorIschemia_001,V5,1,InferiorIschemia,-614,qR,1,0.0005,0,642,1,241,500,,,,,,,,,,2,2,0.0,7,,,24,24,0.0,,,,42,40,4.0,52,59,-14.0,176,114,124.0,176,167,18.0,4.0,18.0,32.0,-106.0
InferiorIschemia_002,I,1,InferiorIschemia,-604,R,1,0.0025,0,643,1,251,500,,,,,,,,,,2,2,0.0,,,,16,16,0.0,,,,54,51,6.0,55,57,-4.0,141,141,0.0,185,183,4.0,6.0,4.0,8.0,4.0
InferiorIschemia_002,II,1,InferiorIschemia,-604,R,1,0.0017,0,643,1,251,500,,,,,,,,,,2,2,0.0,,7,,12,32,-40.0,,,,54,51,6.0,55,69,-28.0,184,122,124.0,184,184,0.0,6.0,0.0,28.0,-124.0
InferiorIschemia_002,III,1,InferiorIschemia,-604,qR,1,0.0054,0,643,1,251,500,,,,,,,,,,2,2,0.0,15,16,-2.0,28,28,0.0,,,,54,51,6.0,55,69,-28.0,142,104,76.0,186,183,6.0,6.0,6.0,34.0,-70.0
InferiorIschemia_002,aVR,1,InferiorIschemia,-604,QS,1,0.0026,0,643,1,251,500,,,,,,,,,,2,2,0.0,31,32,-2.0,,,,,,,55,51,8.0,56,69,-26.0,136,136,0.0,183,185,-4.0,8.0,-4.0,22.0,-4.0
InferiorIschemia_002,aVL,1,InferiorIschemia,-604,RS,1,0.0026,0,643,1,251,500,,,,,,,,,,2,2,0.0,,,,9,16,-14.0,27,27,0.0,54,51,6.0,59,101,-84.0,141,141,0.0,187,182,10.0,6.0,10.0,94.0,10.0
InferiorIschemia_002,aVF,1,InferiorIschemia,-604,qR,1,0.0035,0,643,1,251,500,,,,,,,,,,2,2,0.0,15,16,-2.0,31,31,0.0,,,,55,51,8.0,57,54,6.0,186,108,156.0,186,187,-2.0,8.0,-2.0,-8.0,-158.0
InferiorIschemia_002,V1,1,InferiorIschemia,-604,rS,1,0.0083,0,643,1,251,500,,,,,,,,,,2,2,0.0,,,,7,7,0.0,31,31,0.0,54,51,6.0,55,76,-42.0,144,144,0.0,182,172,20.0,6.0,20.0,62.0,20.0
InferiorIschemia_002,V2,1,InferiorIschemia,-604,rS,1,0.0075,0,643,1,251,500,,,,,,,,,,2,2,0.0,,,,7,7,0.0,31,31,0.0,54,51,6.0,55,72,-34.0,143,144,-2.0,181,172,18.0,6.0,18.0,52.0,20.0
InferiorIschemia_002,V3,1,InferiorIschemia,-604,rS,1,0.0079,0,643,1,251,500,,,,,,,,,,2,2,0.0,,,,6,7,-2.0,32,32,0.0,54,51,6.0,60,69,-18.0,143,143,0.0,179,178,2.0,6.0,2.0,20.0,2.0
InferiorIschemia_002,V4,1,InferiorIschemia,-604,Qrs,1,0.0065,0,643,1,251,500,,,,,,,,,,2,2,0.0,17,17,0.0,28,42,-28.0,35,,,54,51,6.0,61,74,-26.0,143,143,0.0,179,185,-12.0,6.0,-12.0,14.0,-12.0
InferiorIschemia_002,V5,1,InferiorIschemia,-604,qR,1,0.0022,0,643,1,251,500,,,,,,,,,,2,2,0.0,10,11,-2.0,31,31,0.0,,,,54,51,6.0,62,69,-14.0,159,159,0.0,181,191,-20.0,6.0,-20.0,-6.0,-20.0
InferiorIschemia_002,V6,1,InferiorIschemia,-604,qR,1,0.0015,0,643,1,251,500,,,,,,,,,,2,2,0.0,11,10,2.0,35,36,-2.0,,,,54,51,6.0,60,55,10.0,145,92,106.0,183,185,-4.0,6.0,-4.0,-14.0,-110.0
InferiorIschemia_003,aVR,1,InferiorIschemia,-614,QS,1,0.0001,0,628,1,241,500,,,,,,,,,,1,2,-2.0,21,21,0.0,,,,,,,44,43,2.0,45,57,-24.0,175,124,102.0,175,180,-10.0,4.0,-8.0,14.0,-112.0
InferiorIschemia_003,I,1,InferiorIschemia,-614,R,1,0.0001,0,628,1,241,500,,,,,,,,,,1,2,-2.0,,,,7,28,-42.0,,,,44,43,2.0,45,49,-8.0,175,118,114.0,175,169,12.0,4.0,14.0,20.0,-102.0
InferiorIschemia_003,II,1,InferiorIschemia,-614,R,1,0.0,0,628,1,241,500,,,,,,,,,,1,2,-2.0,,,,9,21,-24.0,,,,44,43,2.0,45,50,-10.0,175,126,98.0,175,179,-8.0,4.0,-6.0,2.0,-106.0
InferiorIschemia_003,III,1,InferiorIschemia,-614,R,1,0.0005,0,628,1,241,500,,,,,,,,,,1,2,-2.0,,,,9,21,-24.0,,,,45,43,4.0,46,57,-22.0,142,143,-2.0,177,175,4.0,6.0,6.0,26.0,6.0
InferiorIschemia_003,aVL,1,InferiorIschemia,-614,rS,1,0.0003,0,628,1,241,500,,,,,,,,,,1,2,-2.0,,21,,6,31,-50.0,21,,,44,43,2.0,46,62,-32.0,147,147,0.0,177,180,-6.0,4.0,-4.0,26.0,-6.0
InferiorIschemia_003,aVF,1,InferiorIschemia,-614,R,1,0.0001,0,628,1,241,500,,,,,,,,,,1,2,-2.0,,,,9,21,-24.0,,,,45,43,4.0,46,57,-22.0,134,134,0.0,176,178,-4.0,6.0,-2.0,18.0,-4.0
InferiorIschemia_003,V1,1,InferiorIschemia,-614,rS,1,0.0007,0,628,1,241,500,,,,,,,,,,1,2,-2.0,,,,5,5,0.0,22,21,2.0,44,43,2.0,45,64,-38.0,141,141,0.0,174,178,-8.0,4.0,-6.0,30.0,-8.0
InferiorIschemia_003,V2,1,InferiorIschemia,-614,rS,1,0.0012,0,628,1,241,500,,,,,,,,,,1,2,-2.0,,9,,4,19,-30.0,25,25,0.0,44,43,2.0,45,66,-42.0,141,141,0.0,174,176,-4.0,4.0,-2.0,38.0,-4.0
InferiorIschemia_003,V3,1,InferiorIschemia,-614,qRs,1,0.0016,0,628,1,241,500,,,,,,,,,,1,2,-2.0,8,8,0.0,19,19,0.0,31,,,43,43,0.0,50,68,-36.0,144,144,0.0,173,169,8.0,2.0,10.0,44.0,8.0
InferiorIschemia_003,V4,1,InferiorIschemia,-614,qR,1,0.0007,0,628,1,241,500,,,,,,,,,,1,2,-2.0,8,8,0.0,21,22,-2.0,,,,43,43,0.0,48,80,-64.0,147,148,-2.0,173,172,2.0,2.0,4.0,66.0,4.0
InferiorIschemia_003,V6,1,InferiorIschemia,-614,qR,1,0.0002,0,628,1,241,500,,,,,,,,,,1,2,-2.0,6,6,0.0,30,31,-2.0,,,,44,43,2.0,46,47,-2.0,152,100,104.0,174,169,10.0,4.0,12.0,12.0,-94.0
InferiorIschemia_003,V5,1,InferiorIschemia,-614,qR,1,0.0002,0,628,1,241,500,,,,,,,,,,1,2,-2.0,7,8,-2.0,29,30,-2.0,,,,43,43,0.0,49,57,-16.0,174,113,122.0,174,169,10.0,2.0,12.0,26.0,-112.0
InferiorIschemia_004,aVR,1,InferiorIschemia,-609,QS,1,0.0008,0,642,1,246,500,,,,,,,,,,1,2,-2.0,27,27,0.0,,,,,,,45,44,2.0,46,49,-6.0,176,128,96.0,176,175,2.0,4.0,4.0,8.0,-94.0
InferiorIschemia_004,II,1,InferiorIschemia,-609,R,1,0.0006,0,642,1,246,500,,,,,,,,,,1,2,-2.0,,,,10,27,-34.0,,,,44,44,0.0,45,54,-18.0,175,118,114.0,175,176,-2.0,2.0,0.0,16.0,-116.0
InferiorIschemia_004,III,1,InferiorIschemia,-609,qR,1,0.0038,0,642,1,246,500,,,,,,,,,,1,2,-2.0,13,14,-2.0,26,26,0.0,,,,44,44,0.0,45,48,-6.0,139,85,108.0,176,175,2.0,2.0,4.0,8.0,-106.0
InferiorIschemia_004,aVL,1,InferiorIschemia,-609,RS,1,0.0017,0,642,1,246,500,,,,,,,,,,1,2,-2.0,,,,8,14,-12.0,25,26,-2.0,44,44,0.0,45,78,-66.0,138,138,0.0,177,179,-4.0,2.0,-2.0,62.0,-4.0
InferiorIschemia_004,aVF,1,InferiorIschemia,-609,qR,1,0.0013,0,642,1,246,500,,,,,,,,,,1,2,-2.0,7,,,26,26,0.0,,,,45,44,2.0,46,49,-6.0,176,102,148.0,176,177,-2.0,4.0,0.0,4.0,-150.0
InferiorIschemia_004,V1,1,InferiorIschemia,-609,rS,1,0.0038,0,642,1,246,500,,,,,,,,,,1,2,-2.0,,,,4,5,-2.0,21,21,0.0,44,44,0.0,45,60,-30.0,143,144,-2.0,175,175,0.0,2.0,2.0,30.0,2.0
InferiorIschemia_004,V2,1,InferiorIschemia,-609,rS,1,0.0034,0,642,1,246,500,,,,,,,,,,1,2,-2.0,,25,,3,,,25,,,44,44,0.0,45,61,-32.0,142,142,0.0,174,175,-2.0,2.0,0.0,30.0,-2.0
InferiorIschemia_004,V3,1,InferiorIschemia,-609,QRs,1,0.0024,0,642,1,246,500,,,,,,,,,,1,2,-2.0,10,10,0.0,24,25,-2.0,33,33,0.0,44,44,0.0,49,65,-32.0,141,141,0.0,173,175,-4.0,2.0,-2.0,28.0,-4.0
InferiorIschemia_004,V4,1,InferiorIschemia,-609,qR,1,0.002,0,642,1,246,500,,,,,,,,,,1,2,-2.0,9,10,-2.0,26,26,0.0,,,,45,44,2.0,47,97,-100.0,80,152,-144.0,173,175,-4.0,4.0,-2.0,96.0,140.0
InferiorIschemia_004,V5,1,InferiorIschemia,-609,R,1,0.0009,0,642,1,246,500,,,,,,,,,,1,2,-2.0,,,,31,31,0.0,,,,44,44,0.0,49,87,-76.0,174,117,114.0,174,175,-2.0,2.0,0.0,74.0,-116.0
InferiorIschemia_004,I,1,InferiorIschemia,-609,R,1,0.001,0,642,1,246,500,,,,,,,,,,1,2,-2.0,,,,14,14,0.0,,,,44,44,0.0,45,46,-2.0,135,136,-2.0,176,175,2.0,2.0,4.0,4.0,4.0
InferiorIschemia_004,V6,1,InferiorIschemia,-609,R,1,0.0006,0,642,1,246,500,,,,,,,,,,1,2,-2.0,,,,32,32,0.0,,,,45,44,2.0,47,46,2.0,174,100,148.0,174,175,-2.0,4.0,0.0,-4.0,-150.0
InferiorIschemia_005,III,1,InferiorIschemia,-611,qR,1,0.0036,0,624,1,244,500,,,,,,,,,,2,2,0.0,8,8,0.0,23,23,0.0,,,,42,40,4.0,43,44,-2.0,150,150,0.0,173,168,10.0,4.0,10.0,12.0,10.0
InferiorIschemia_005,I,1,InferiorIschemia,-611,R,1,0.0004,0,624,1,244,500,,,,,,,,,,2,2,0.0,,,,11,11,0.0,,,,42,40,4.0,43,59,-32.0,129,129,0.0,172,168,8.0,4.0,8.0,40.0,8.0
InferiorIschemia_005,II,1,InferiorIschemia,-611,R,1,0.0007,0,624,1,244,500,,,,,,,,,,2,2,0.0,,,,23,23,0.0,,,,42,40,4.0,43,44,-2.0,172,124,96.0,172,168,8.0,4.0,8.0,10.0,-88.0
InferiorIschemia_005,aVR,1,InferiorIschemia,-611,QS,1,0.0011,0,624,1,244,500,,,,,,,,,,2,2,0.0,23,23,0.0,,,,,,,42,40,4.0,43,46,-6.0,172,127,90.0,172,176,-8.0,4.0,-8.0,-2.0,-98.0
InferiorIschemia_005,aVL,1,InferiorIschemia,-611,RS,1,0.0014,0,624,1,244,500,,,,,,,,,,2,2,0.0,,,,10,11,-2.0,23,23,0.0,42,40,4.0,43,42,2.0,151,152,-2.0,173,176,-6.0,4.0,-6.0,-8.0,-4.0
InferiorIschemia_005,aVF,1,InferiorIschemia,-611,R,1,0.0015,0,624,1,244,500,,,,,,,,,,2,2,0.0,,8,,23,23,0.0,,,,42,40,4.0,43,49,-12.0,173,121,104.0,173,174,-2.0,4.0,-2.0,10.0,-106.0
InferiorIschemia_005,V1,1,InferiorIschemia,-611,rS,1,0.0068,0,624,1,244,500,,,,,,,,,,2,2,0.0,,,,6,6,0.0,21,21,0.0,42,40,4.0,43,62,-38.0,142,143,-2.0,171,168,6.0,4.0,6.0,44.0,8.0
InferiorIschemia_005,V2,1,InferiorIschemia,-611,rS,1,0.0072,0,624,1,244,500,,,,,,,,,,2,2,0.0,,24,,6,,,24,,,42,40,4.0,43,70,-54.0,142,142,0.0,171,168,6.0,4.0,6.0,60.0,6.0
InferiorIschemia_005,V3,1,InferiorIschemia,-611,qRs,1,0.0074,0,624,1,244,500,,,,,,,,,,2,2,0.0,9,9,0.0,15,15,0.0,25,25,0.0,43,40,6.0,44,72,-56.0,143,144,-2.0,171,179,-16.0,6.0,-16.0,40.0,-14.0
InferiorIschemia_005,V4,1,InferiorIschemia,-611,qR,1,0.0039,0,624,1,244,500,,,,,,,,,,2,2,0.0,8,8,0.0,15,15,0.0,,,,43,40,6.0,44,94,-100.0,147,147,0.0,170,168,4.0,6.0,4.0,104.0,4.0
InferiorIschemia_005,V6,1,InferiorIschemia,-611,R,1,0.0008,0,624,1,244,500,,,,,,,,,,2,2,0.0,,,,13,29,-32.0,,,,43,40,6.0,44,49,-10.0,172,103,138.0,172,175,-6.0,6.0,-6.0,4.0,-144.0
InferiorIschemia_005,V5,1,InferiorIschemia,-611,R,1,0.0013,0,624,1,244,500,,,,,,,,,,2,2,0.0,,,,15,30,-30.0,,,,43,40,6.0,44,49,-10.0,171,112,118.0,171,168,6.0,6.0,6.0,16.0,-112.0
InferiorIschemia_006,aVR,1,InferiorIschemia,-611,QS,1,0.0038,0,626,1,244,500,,,,,,,,,,1,2,-2.0,24,24,0.0,,,,,,,47,39,16.0,52,51,2.0,132,132,0.0,174,175,-2.0,18.0,0.0,-4.0,-2.0
InferiorIschemia_006,II,1,InferiorIschemia,-611,R,1,0.004,0,626,1,244,500,,,,,,,,,,1,2,-2.0,,,,10,24,-28.0,,,,47,39,16.0,48,51,-6.0,173,126,94.0,173,177,-8.0,18.0,-6.0,-2.0,-102.0
InferiorIschemia_006,III,1,InferiorIschemia,-611,rS,1,0.0164,0,626,1,244,500,,,,,,,,,,1,2,-2.0,,14,,9,24,-30.0,14,,,47,39,16.0,48,55,-14.0,174,112,124.0,174,178,-8.0,18.0,-6.0,6.0,-132.0
InferiorIschemia_006,aVL,1,InferiorIschemia,-611,rS,1,0.0058,0,626,1,244,500,,,,,,,,,,1,2,-2.0,,,,7,14,-14.0,24,24,0.0,47,39,16.0,48,41,14.0,138,87,102.0,175,166,18.0,18.0,20.0,4.0,-84.0
InferiorIschemia_006,aVF,1,InferiorIschemia,-611,R,1,0.0094,0,626,1,244,500,,,,,,,,,,1,2,-2.0,,14,,10,25,-30.0,,,,48,39,18.0,54,55,-2.0,175,118,114.0,175,176,-2.0,20.0,0.0,0.0,-116.0
InferiorIschemia_006,V1,1,InferiorIschemia,-611,rS,1,0.011,0,626,1,244,500,,,,,,,,,,1,2,-2.0,,,,8,8,0.0,22,22,0.0,45,39,12.0,46,59,-26.0,142,142,0.0,172,176,-8.0,14.0,-6.0,18.0,-8.0
InferiorIschemia_006,V2,1,InferiorIschemia,-611,rS,1,0.0094,0,626,1,244,500,,,,,,,,,,1,2,-2.0,,,,5,8,-6.0,21,22,-2.0,46,39,14.0,47,55,-16.0,141,141,0.0,172,181,-18.0,16.0,-16.0,-2.0,-18.0
InferiorIschemia_006,V3,1,InferiorIschemia,-611,rS,1,0.0082,0,626,1,244,500,,,,,,,,,,1,2,-2.0,,,,4,5,-2.0,21,21,0.0,47,39,16.0,59,66,-14.0,140,141,-2.0,171,168,6.0,18.0,8.0,20.0,8.0
InferiorIschemia_006,V4,1,InferiorIschemia,-611,RS,1,0.0077,0,626,1,244,500,,,,,,,,,,1,2,-2.0,,8,,4,24,-40.0,33,33,0.0,47,39,16.0,59,72,-26.0,141,141,0.0,171,167,8.0,18.0,10.0,34.0,8.0
InferiorIschemia_006,V5,1,InferiorIschemia,-611,R,1,0.0065,0,626,1,244,500,,,,,,,,,,1,2,-2.0,,,,17,24,-14.0,,,,47,39,16.0,58,76,-36.0,171,119,104.0,171,168,6.0,18.0,8.0,42.0,-98.0
InferiorIschemia_006,V6,1,InferiorIschemia,-611,R,1,0.0052,0,626,1,244,500,,,,,,,,,,1,2,-2.0,,,,27,27,0.0,,,,47,39,16.0,57,51,12.0,173,101,144.0,173,166,14.0,18.0,16.0,2.0,-130.0
InferiorIschemia_006,I,1,InferiorIschemia,-611,R,1,0.0032,0,626,1,244,500,,,,,,,,,,1,2,-2.0,,,,14,14,0.0,,,,47,39,16.0,48,51,-6.0,135,135,0.0,174,166,16.0,18.0,18.0,22.0,16.0
InferiorIschemia_007,III,1,InferiorIschemia,-612,qR,1,0.0004,0,629,1,243,500,,,,,,,,,,3,3,0.0,7,7,0.0,19,20,-2.0,,,,43,43,0.0,44,52,-16.0,145,146,-2.0,174,167,14.0,0.0,14.0,30.0,16.0
InferiorIschemia_007,II,1,InferiorIschemia,-612,qR,1,0.0001,0,629,1,243,500,,,,,,,,,,2,3,-2.0,6,,,20,24,-8.0,,,,43,43,0.0,44,52,-16.0,172,107,130.0,172,167,10.0,2.0,12.0,26.0,-120.0
InferiorIschemia_007,V3,1,InferiorIschemia,-612,qRs,1,0.002,0,629,1,243,500,,,,,,,,,,2,3,-2.0,10,10,0.0,23,23,0.0,35,,,44,43,2.0,46,101,-110.0,143,144,-2.0,170,167,6.0,4.0,8.0,116.0,8.0
InferiorIschemia_007,I,1,InferiorIschemia,-612,RS,1,0.0002,0,629,1,243,500,,,,,,,,,,2,3,-2.0,,11,,7,24,-34.0,11,,,43,43,0.0,44,52,-16.0,149,103,92.0,173,167,12.0,2.0,14.0,28.0,-80.0
InferiorIschemia_007,aVR,1,InferiorIschemia,-612,QS,1,0.0003,0,629,1,243,500,,,,,,,,,,2,3,-2.0,23,24,-2.0,,,,,,,43,43,0.0,44,52,-16.0,172,105,134.0,172,167,10.0,2.0,12.0,26.0,-124.0
InferiorIschemia_007,aVL,1,InferiorIschemia,-612,rS,1,0.0003,0,629,1,243,500,,,,,,,,,,2,3,-2.0,,,,7,7,0.0,18,18,0.0,43,43,0.0,44,52,-16.0,147,147,0.0,174,167,14.0,2.0,16.0,30.0,14.0
InferiorIschemia_007,aVF,1,InferiorIschemia,-612,qR,1,0.0002,0,629,1,243,500,,,,,,,,,,3,3,0.0,7,7,0.0,20,20,0.0,,,,44,43,2.0,45,52,-14.0,174,109,130.0,174,167,14.0,2.0,14.0,28.0,-116.0
InferiorIschemia_007,V1,1,InferiorIschemia,-612,rS,1,0.0013,0,629,1,243,500,,,,,,,,,,2,3,-2.0,,19,,5,,,19,,,43,43,0.0,44,52,-16.0,140,141,-2.0,171,167,8.0,2.0,10.0,24.0,10.0
InferiorIschemia_007,V2,1,InferiorIschemia,-612,Qrs,1,0.0018,0,629,1,243,500,,,,,,,,,,2,3,-2.0,10,11,-2.0,22,23,-2.0,28,28,0.0,43,43,0.0,44,52,-16.0,141,141,0.0,171,167,8.0,2.0,10.0,24.0,8.0
InferiorIschemia_007,V4,1,InferiorIschemia,-612,qR,1,0.0012,0,629,1,243,500,,,,,,,,,,2,3,-2.0,9,10,-2.0,23,23,0.0,,,,44,43,2.0,45,52,-14.0,97,98,-2.0,170,167,6.0,4.0,8.0,20.0,8.0
InferiorIschemia_007,V5,1,InferiorIschemia,-612,qR,1,0.0005,0,629,1,243,500,,,,,,,,,,2,3,-2.0,10,10,0.0,24,25,-2.0,,,,44,43,2.0,45,52,-14.0,148,104,88.0,170,167,6.0,4.0,8.0,20.0,-82.0
InferiorIschemia_007,V6,1,InferiorIschemia,-612,qR,1,0.0003,0,629,1,243,500,,,,,,,,,,2,3,-2.0,10,10,0.0,27,27,0.0,,,,44,43,2.0,45,52,-14.0,145,101,88.0,171,167,8.0,4.0,10.0,22.0,-80.0
InferiorIschemia_008,I,1,InferiorIschemia,-612,R,1,0.0,0,637,1,243,500,,,,,,,,,,1,2,-2.0,,,,14,14,0.0,,,,43,41,4.0,44,53,-18.0,135,135,0.0,177,171,12.0,6.0,14.0,30.0,12.0
InferiorIschemia_008,aVR,1,InferiorIschemia,-612,QS,1,0.0,0,637,1,243,500,,,,,,,,,,1,2,-2.0,23,23,0.0,,,,,,,45,41,8.0,46,53,-14.0,176,129,94.0,176,175,2.0,10.0,4.0,16.0,-92.0
InferiorIschemia_008,V3,1,InferiorIschemia,-612,QRs,1,0.0002,0,637,1,243,500,,,,,,,,,,1,2,-2.0,13,14,-2.0,22,22,0.0,34,,,44,41,6.0,50,64,-28.0,139,139,0.0,173,171,4.0,8.0,6.0,32.0,4.0
InferiorIschemia_008,V4,1,InferiorIschemia,-612,qR,1,0.0001,0,637,1,243,500,,,,,,,,,,1,2,-2.0,11,11,0.0,23,23,0.0,,,,43,41,4.0,49,66,-34.0,139,139,0.0,174,171,6.0,6.0,8.0,40.0,6.0
InferiorIschemia_008,II,1,InferiorIschemia,-612,R,1,0.0,0,637,1,243,500,,,,,,,,,,1,2,-2.0,,,,23,23,0.0,,,,43,41,4.0,44,53,-18.0,176,117,118.0,176,171,10.0,6.0,12.0,28.0,-108.0
InferiorIschemia_008,III,1,InferiorIschemia,-612,QR,1,0.0002,0,637,1,243,500,,,,,,,,,,1,2,-2.0,13,14,-2.0,23,23,0.0,,,,43,41,4.0,44,53,-18.0,140,79,122.0,177,171,12.0,6.0,14.0,30.0,-110.0
InferiorIschemia_008,aVL,1,InferiorIschemia,-612,RS,1,0.0001,0,637,1,243,500,,,,,,,,,,1,2,-2.0,,,,13,14,-2.0,23,24,-2.0,43,41,4.0,44,53,-18.0,138,138,0.0,177,171,12.0,6.0,14.0,30.0,12.0
InferiorIschemia_008,aVF,1,InferiorIschemia,-612,qR,1,0.0,0,637,1,243,500,,,,,,,,,,1,2,-2.0,13,14,-2.0,23,23,0.0,,,,44,41,6.0,45,53,-16.0,177,106,142.0,177,171,12.0,8.0,14.0,28.0,-130.0
InferiorIschemia_008,V1,1,InferiorIschemia,-612,rS,1,0.0003,0,637,1,243,500,,,,,,,,,,1,2,-2.0,,,,6,7,-2.0,21,21,0.0,43,41,4.0,44,53,-18.0,141,141,0.0,175,171,8.0,6.0,10.0,26.0,8.0
InferiorIschemia_008,V2,1,InferiorIschemia,-612,rS,1,0.0003,0,637,1,243,500,,,,,,,,,,1,2,-2.0,,16,,5,,,16,,,43,41,4.0,44,53,-18.0,140,140,0.0,174,171,6.0,6.0,8.0,24.0,6.0
InferiorIschemia_008,V5,1,InferiorIschemia,-612,qR,1,0.0,0,637,1,243,500,,,,,,,,,,1,2,-2.0,8,9,-2.0,23,23,0.0,,,,44,41,6.0,50,53,-6.0,174,112,124.0,174,171,6.0,8.0,8.0,12.0,-118.0
InferiorIschemia_008,V6,1,InferiorIschemia,-612,qR,1,0.0,0,637,1,243,500,,,,,,,,,,1,2,-2.0,7,8,-2.0,29,30,-2.0,,,,44,41,6.0,45,53,-16.0,175,101,148.0,175,171,8.0,8.0,10.0,24.0,-140.0
InferiorIschemia_009,I,1,InferiorIschemia,-611,R,1,0.0047,0,638,1,244,500,,,,,,,,,,1,2,-2.0,,,,15,25,-20.0,,,,43,39,8.0,49,76,-54.0,138,138,0.0,173,168,10.0,10.0,12.0,64.0,10.0
InferiorIschemia_009,V3,1,InferiorIschemia,-611,rS,1,0.006,0,638,1,244,500,,,,,,,,,,1,2,-2.0,,17,,4,,,21,,,43,39,8.0,54,68,-28.0,141,141,0.0,171,175,-8.0,10.0,-6.0,20.0,-8.0
InferiorIschemia_009,V4,1,InferiorIschemia,-611,rS,1,0.0044,0,638,1,244,500,,,,,,,,,,1,2,-2.0,,14,,4,26,-44.0,14,35,-42.0,43,39,8.0,52,62,-20.0,141,141,0.0,171,168,6.0,10.0,8.0,26.0,6.0
InferiorIschemia_009,V5,1,InferiorIschemia,-611,qR,1,0.0026,0,638,1,244,500,,,,,,,,,,1,2,-2.0,11,11,0.0,24,25,-2.0,,,,43,39,8.0,53,70,-34.0,146,146,0.0,171,168,6.0,10.0,8.0,40.0,6.0
InferiorIschemia_009,II,1,InferiorIschemia,-611,R,1,0.0011,0,638,1,244,500,,,,,,,,,,1,2,-2.0,,,,9,25,-32.0,,,,44,39,10.0,46,55,-18.0,172,120,104.0,172,168,8.0,12.0,10.0,26.0,-96.0
InferiorIschemia_009,III,1,InferiorIschemia,-611,Qrs,1,0.0114,0,638,1,244,500,,,,,,,,,,1,2,-2.0,14,15,-2.0,20,19,2.0,29,29,0.0,44,39,10.0,46,55,-18.0,141,141,0.0,174,168,12.0,12.0,14.0,30.0,12.0
InferiorIschemia_009,aVR,1,InferiorIschemia,-611,QS,1,0.0015,0,638,1,244,500,,,,,,,,,,1,2,-2.0,25,25,0.0,,,,,,,43,39,8.0,50,55,-10.0,134,134,0.0,173,168,10.0,10.0,12.0,20.0,10.0
InferiorIschemia_009,aVL,1,InferiorIschemia,-611,R,1,0.0057,0,638,1,244,500,,,,,,,,,,1,2,-2.0,,,,14,15,-2.0,,41,,43,39,8.0,49,55,-12.0,139,139,0.0,174,168,12.0,10.0,14.0,24.0,12.0
InferiorIschemia_009,aVF,1,InferiorIschemia,-611,qR,1,0.0031,0,638,1,244,500,,,,,,,,,,1,2,-2.0,14,14,0.0,25,25,0.0,,,,43,39,8.0,50,55,-10.0,173,92,162.0,173,168,10.0,10.0,12.0,20.0,-152.0
InferiorIschemia_009,V1,1,InferiorIschemia,-611,rS,1,0.0094,0,638,1,244,500,,,,,,,,,,1,2,-2.0,,,,8,9,-2.0,24,24,0.0,43,39,8.0,48,55,-14.0,142,143,-2.0,172,168,8.0,10.0,10.0,22.0,10.0
InferiorIschemia_009,V2,1,InferiorIschemia,-611,rS,1,0.0068,0,638,1,244,500,,,,,,,,,,1,2,-2.0,,,,5,7,-4.0,23,23,0.0,43,39,8.0,50,55,-10.0,142,142,0.0,172,168,8.0,10.0,10.0,18.0,8.0
InferiorIschemia_009,V6,1,InferiorIschemia,-611,qR,1,0.0017,0,638,1,244,500,,,,,,,,,,1,2,-2.0,8,8,0.0,24,24,0.0,,,,43,39,8.0,51,55,-8.0,172,103,138.0,172,168,8.0,10.0,10.0,16.0,-130.0
InferiorIschemia_010,aVR,1,InferiorIschemia,-608,QS,1,0.0006,0,642,1,247,500,,,,,,,,,,2,2,0.0,28,28,0.0,,,,,,,45,42,6.0,46,53,-14.0,180,127,106.0,180,171,18.0,6.0,18.0,32.0,-88.0
InferiorIschemia_010,I,1,InferiorIschemia,-608,R,1,0.0012,0,642,1,247,500,,,,,,,,,,2,2,0.0,,,,13,33,-40.0,,,,44,42,4.0,45,53,-16.0,134,134,0.0,180,171,18.0,4.0,18.0,34.0,18.0
InferiorIschemia_010,aVL,1,InferiorIschemia,-608,RS,1,0.0008,0,642,1,247,500,,,,,,,,,,2,2,0.0,,,,13,13,0.0,24,25,-2.0,44,42,4.0,45,52,-14.0,137,137,0.0,181,175,12.0,4.0,12.0,26.0,12.0
InferiorIschemia_010,aVF,1,InferiorIschemia,-608,qR,1,0.0005,0,642,1,247,500,,,,,,,,,,2,2,0.0,12,13,-2.0,27,27,0.0,,,,45,42,6.0,46,53,-14.0,141,71,140.0,181,187,-12.0,6.0,-12.0,2.0,-152.0
InferiorIschemia_010,V1,1,InferiorIschemia,-608,rS,1,0.0025,0,642,1,247,500,,,,,,,,,,2,2,0.0,,26,,5,,,26,,,44,42,4.0,45,60,-30.0,144,144,0.0,179,171,16.0,4.0,16.0,46.0,16.0
InferiorIschemia_010,V2,1,InferiorIschemia,-608,QS,1,0.0019,0,642,1,247,500,,,,,,,,,,2,2,0.0,26,26,0.0,,,,,,,44,42,4.0,45,53,-16.0,142,142,0.0,178,177,2.0,4.0,2.0,18.0,2.0
InferiorIschemia_010,V3,1,InferiorIschemia,-608,QS,1,0.0019,0,642,1,247,500,,,,,,,,,,2,2,0.0,13,13,0.0,,,,,,,45,42,6.0,47,65,-36.0,141,142,-2.0,177,171,12.0,6.0,12.0,48.0,14.0
InferiorIschemia_010,V4,1,InferiorIschemia,-608,QR,1,0.0014,0,642,1,247,500,,,,,,,,,,2,2,0.0,12,13,-2.0,29,29,0.0,,,,45,42,6.0,47,44,6.0,144,76,136.0,177,171,12.0,6.0,12.0,6.0,-124.0
InferiorIschemia_010,V5,1,InferiorIschemia,-608,qR,1,0.0005,0,642,1,247,500,,,,,,,,,,2,2,0.0,9,10,-2.0,30,30,0.0,,,,44,42,4.0,49,69,-40.0,143,144,-2.0,178,171,14.0,4.0,14.0,54.0,16.0
InferiorIschemia_010,V6,1,InferiorIschemia,-608,R,1,0.0005,0,642,1,247,500,,,,,,,,,,2,2,0.0,,,,32,32,0.0,,,,45,42,6.0,46,47,-2.0,150,99,102.0,178,171,14.0,6.0,14.0,16.0,-88.0
InferiorIschemia_010,II,1,InferiorIschemia,-608,qR,1,0.0004,0,642,1,247,500,,,,,,,,,,2,2,0.0,12,13,-2.0,27,28,-2.0,,,,44,42,4.0,45,53,-16.0,179,111,136.0,179,171,16.0,4.0,16.0,32.0,-120.0
InferiorIschemia_010,III,1,InferiorIschemia,-608,qR,1,0.0013,0,642,1,247,500,,,,,,,,,,2,2,0.0,12,13,-2.0,26,27,-2.0,,,,44,42,4.0,45,53,-16.0,139,139,0.0,181,171,20.0,4.0,20.0,36.0,20.0
AnteriorInfarction_001,I,1,AnteriorInfarction,-613,RS,1,0.0174,0,638,1,242,500,,,,,,,,,,1,0,2.0,,13,,7,30,-46.0,12,,,48,42,12.0,60,46,28.0,162,161,2.0,315,249,132.0,10.0,130.0,104.0,130.0
AnteriorInfarction_001,III,1,AnteriorInfarction,-613,rS,1,0.0149,0,638,1,242,500,,,,,,,,,,1,0,2.0,,,,5,16,-22.0,30,30,0.0,48,42,12.0,61,46,30.0,143,143,0.0,306,251,110.0,10.0,108.0,80.0,110.0
AnteriorInfarction_001,aVR,1,AnteriorInfarction,-613,QS,1,0.0166,0,638,1,242,500,,,,,,,,,,1,0,2.0,23,23,0.0,,,,,,,47,42,10.0,59,76,-34.0,140,140,0.0,311,255,112.0,8.0,110.0,146.0,112.0
AnteriorInfarction_001,aVL,1,AnteriorInfarction,-613,QRs,1,0.016,0,638,1,242,500,,,,,,,,,,1,0,2.0,14,14,0.0,30,30,0.0,44,,,48,42,12.0,64,46,36.0,145,145,0.0,308,252,112.0,10.0,110.0,76.0,112.0
AnteriorInfarction_001,aVF,1,AnteriorInfarction,-613,Rs,1,0.0052,0,638,1,242,500,,,,,,,,,,1,0,2.0,,,,16,23,-14.0,30,30,0.0,47,42,10.0,62,46,32.0,142,143,-2.0,306,234,144.0,8.0,142.0,112.0,146.0
AnteriorInfarction_001,V2,1,AnteriorInfarction,-613,rS,1,0.0442,0,638,1,242,500,,,,,,,,,,1,0,2.0,,,,4,5,-2.0,19,19,0.0,48,42,12.0,50,56,-12.0,140,140,0.0,310,262,96.0,10.0,94.0,108.0,96.0
AnteriorInfarction_001,V3,1,AnteriorInfarction,-613,qR,1,0.0315,0,638,1,242,500,,,,,,,,,,1,0,2.0,8,8,0.0,25,25,0.0,,,,48,42,12.0,59,139,-160.0,156,156,0.0,309,269,80.0,10.0,78.0,240.0,80.0
AnteriorInfarction_001,V4,1,AnteriorInfarction,-613,qR,1,0.0178,0,638,1,242,500,,,,,,,,,,1,0,2.0,7,8,-2.0,23,23,0.0,,,,47,42,10.0,65,46,38.0,130,133,-6.0,311,253,116.0,8.0,114.0,78.0,122.0
AnteriorInfarction_001,V5,1,AnteriorInfarction,-613,qR,1,0.0102,0,638,1,242,500,,,,,,,,,,1,0,2.0,7,7,0.0,22,22,0.0,,,,47,42,10.0,66,96,-60.0,152,152,0.0,304,251,106.0,8.0,104.0,166.0,106.0
AnteriorInfarction_001,V6,1,AnteriorInfarction,-613,R,1,0.0091,0,638,1,242,500,,,,,,,,,,1,0,2.0,,5,,21,22,-2.0,,,,47,42,10.0,64,46,36.0,147,147,0.0,311,252,118.0,8.0,116.0,82.0,118.0
AnteriorInfarction_001,II,1,AnteriorInfarction,-613,R,1,0.0059,0,638,1,242,500,,,,,,,,,,1,0,2.0,,,,23,23,0.0,,,,47,42,10.0,57,46,22.0,142,142,0.0,308,172,272.0,8.0,270.0,250.0,272.0
AnteriorInfarction_001,V1,1,AnteriorInfarction,-613,rS,1,0.0383,0,638,1,242,500,,,,,,,,,,1,0,2.0,,,,7,7,0.0,20,20,0.0,48,42,12.0,50,46,8.0,141,142,-2.0,311,262,98.0,10.0,96.0,90.0,100.0
AnteriorInfarction_002,V1,1,AnteriorInfarction,-603,rS,1,0.0197,0,636,1,252,500,,,,,,,,,,0,2,-4.0,,,,7,12,-10.0,33,33,0.0,58,57,2.0,84,66,36.0,153,153,0.0,310,277,66.0,6.0,70.0,30.0,66.0
AnteriorInfarction_002,I,1,AnteriorInfarction,-603,R,1,0.0169,0,636,1,252,500,,,,,,,,,,0,2,-4.0,,,,8,34,-52.0,,,,58,57,2.0,88,143,-110.0,172,172,0.0,316,277,78.0,6.0,82.0,188.0,78.0
AnteriorInfarction_002,II,1,AnteriorInfarction,-603,R,1,0.0096,0,636,1,252,500,,,,,,,,,,0,2,-4.0,,,,11,12,-2.0,,,,58,57,2.0,89,61,56.0,145,145,0.0,300,281,38.0,6.0,42.0,-18.0,38.0
AnteriorInfarction_002,III,1,AnteriorInfarction,-603,RS,1,0.0147,0,636,1,252,500,,,,,,,,,,0,2,-4.0,,,,11,12,-2.0,35,35,0.0,58,57,2.0,87,61,52.0,146,147,-2.0,304,281,46.0,6.0,50.0,-6.0,48.0
AnteriorInfarction_002,aVR,1,AnteriorInfarction,-603,QS,1,0.0053,0,636,1,252,500,,,,,,,,,,0,2,-4.0,32,32,0.0,,,,,,,58,57,2.0,89,78,22.0,144,144,0.0,307,263,88.0,6.0,92.0,66.0,88.0
AnteriorInfarction_002,aVL,1,AnteriorInfarction,-603,qRs,1,0.0152,0,636,1,252,500,,,,,,,,,,0,2,-4.0,12,12,0.0,35,35,0.0,58,56,4.0,58,57,2.0,88,61,54.0,149,149,0.0,305,283,44.0,6.0,48.0,-10.0,44.0
AnteriorInfarction_002,aVF,1,AnteriorInfarction,-603,Rs,1,0.0077,0,636,1,252,500,,,,,,,,,,0,2,-4.0,,,,11,12,-2.0,35,36,-2.0,58,57,2.0,88,61,54.0,145,146,-2.0,302,279,46.0,6.0,50.0,-8.0,48.0
AnteriorInfarction_002,V2,1,AnteriorInfarction,-603,RS,1,0.0168,0,636,1,252,500,,,,,,,,,,0,2,-4.0,,,,7,12,-10.0,33,33,0.0,58,57,2.0,84,65,38.0,151,151,0.0,302,282,40.0,6.0,44.0,2.0,40.0
AnteriorInfarction_002,V3,1,AnteriorInfarction,-603,RS,1,0.006,0,636,1,252,500,,,,,,,,,,0,2,-4.0,,,,7,12,-10.0,33,34,-2.0,58,57,2.0,86,155,-138.0,176,176,0.0,299,283,32.0,6.0,36.0,170.0,32.0
AnteriorInfarction_002,V4,1,AnteriorInfarction,-603,R,1,0.0075,0,636,1,252,500,,,,,,,,,,0,2,-4.0,,8,,4,42,-76.0,,,,58,57,2.0,91,61,60.0,160,161,-2.0,300,282,36.0,6.0,40.0,-24.0,38.0
AnteriorInfarction_002,V5,1,AnteriorInfarction,-603,qR,1,0.0068,0,636,1,252,500,,,,,,,,,,0,2,-4.0,9,9,0.0,32,32,0.0,,,,58,57,2.0,93,61,64.0,158,156,4.0,299,275,48.0,6.0,52.0,-16.0,44.0
AnteriorInfarction_002,V6,1,AnteriorInfarction,-603,qR,1,0.0098,0,636,1,252,500,,,,,,,,,,0,2,-4.0,8,8,0.0,26,26,0.0,,,,58,57,2.0,91,61,60.0,153,153,0.0,300,277,46.0,6.0,50.0,-14.0,46.0
